OBJECTID,PRECINCT,LEGISDIST,CONGDIST,SENDIST,COMMDIST,SCHOOLDIST,COUNDIST,FORMERPREC,COMMENTS,SHAPE_LENG,GlobalID,SHAPE_Length,SHAPE_Area
1,O142,44,3,10,C,4,14,A122, ,0,{4C97BEA1-A110-4C43-BDED-94E384A8B0AC},0.187290282171932,0.000791177890521831
2,A130,28,3,10,C,5,14, , ,0,{7A55611B-9B09-498A-8C49-7CD2BB090F58},0.303654212078795,0.00176010141387319
3,A121,28,3,10,C,4,14, , ,0,{8969D6F9-642C-46CC-BAA7-1CBC0E882B81},0.073246614864837,0.000258310956550866
4,A142,28,3,10,C,5,14,J139p, ,0,{1247D570-1A36-4E9A-9939-058F6F474C5B},0.0292556946865466,4.22899546899138e-05
5,I154,37,3,38,B,5,23,Q133, ,0,{8372EC3D-6F17-4A31-B55E-787BE86BCC94},0.0675698229486428,0.000114441828789274
6,J138,38,3,37,C,4,25, , ,0,{206FBC53-7A93-42DF-A9E7-9A18E5A60476},0.0367930460814287,5.22160535204999e-05
7,I152,37,3,38,B,5,23,Q128, ,0,{41538F9A-F432-4A19-930F-409B22E824C6},0.0628956678765628,0.000188621736510155
8,B173,29,3,38,B,7,22,B167, ,0,{3111E241-BB6D-4899-A500-C7DB2BF4FC80},0.174622108954756,0.00102591116396812
9,I141,37,3,38,B,5,13,B131p, ,0,{A57E318A-AB71-40B1-AFF9-E8A97D783CBC},0.101807667899391,0.000374388064568488
10,B177,29,3,14,B,7,20, , ,0,{94B96A4D-5574-4876-AEDC-85B7004C445F},0.175315502010262,0.000744830018130381
11,H162,35,3,38,B,5,24,H145p, ,0,{280A4350-AF43-480F-9874-03AD04BE2B58},0.0539139705450721,9.44928092362886e-05
12,A140,28,3,37,C,4,25,B119/J138p, ,0,{D7AE1FE3-AA41-4F05-AE97-5078980DA932},0.0749385893286932,0.000170243320593649
13,A139,28,3,10,C,5,25,A129p, ,0,{03CBF85B-6CAF-4A74-9222-19D27DF07E69},0.0561664693261212,0.0001351307401337
14,I148,37,3,38,B,7,23,B180, ,0,{BAA7FFA2-87B1-4983-B046-92393A99A9D3},0.123085746528763,0.000590165128838101
15,I153,37,3,38,B,7,23,Q129, ,0,{63C3AF33-DE6E-4E42-B2B6-D682088C5FF6},0.0679411635521268,0.000206757357552947
16,I145,37,3,38,B,5,13,B127, ,0,{F3BE13BF-DD4C-4798-8833-2575FE8ADA2E},0.0774593751228833,8.46464256875238e-05
17,J145,38,3,37,C,4,25,A137,Dry,0,{921FE331-18D9-4542-952E-9C04B827F3D2},0.0477601061669301,0.000125031424382558
18,A119,28,3,37,C,4,14, ,pDry,0,{E2AFD100-58C6-4A50-9120-3256F782BFA0},0.0498323438976626,0.000138090819134323
19,O134,44,3,10,C,4,14, , ,0,{0DED4475-408A-4C95-A9EF-4D047FBC71FE},0.150542058590756,0.000926530603759303
20,H148,35,3,38,B,5,24, , ,0,{F5BCA0D4-23B0-414D-A4A7-FE414A18164F},0.093508913791761,0.000292071302952371
21,I133,37,3,38,C,5,13, , ,0,{2382609A-2A6B-45FE-9B59-58CD1C4E371F},0.254615514284047,0.000626442711814124
22,A127,28,3,37,C,4,25, , ,0,{0EFDF163-E776-4C1B-B333-D9FF5214EE5A},0.044783797922165,0.000113989999008514
23,J137,38,3,37,C,4,25, ,pDry,0,{46ECDC31-D4D0-4371-98A9-DED8D98947F7},0.0776792631785296,0.000192808754933341
24,A128,28,3,37,C,4,25,A126p/A127p, ,0,{7CAC2D75-C22F-48C3-B696-90EAEBC613FD},0.0641244232591895,0.000196897168096002
25,Q131,46,3,38,B,5,24, , ,0,{D7CAC462-250B-40D4-8345-313281565396},0.0744967707356506,0.000136730809874744
26,E177,32,3,20,A,7,18,E166p, ,0,{B34376A2-A1D5-449C-B5E2-D75FE79F1E6E},0.0307756268548743,3.67900803021184e-05
27,O143,44,3,37,C,4,14,A115p/A138,SM/Dry,0,{342DF782-A46A-43B3-93D3-4D0AC03EFBB5},0.03138470514701,4.4078491499312e-05
28,A113,28,3,37,C,4,14, , ,0,{EBB9DB60-09A1-469F-BBCF-2B208144189C},0.0462992609148932,0.000112252512720729
29,O141,44,3,37,C,4,14, ,NV,0,{81F07C6A-6206-41A4-831E-4A3EDF5D69C3},0.0157573882402893,1.07871719447571e-05
30,I146,37,3,38,B,7,13,B130, ,0,{BB91DED6-83C2-491E-860C-0854A91AD241},0.0722355196583781,0.000218931148281162
31,J141,38,3,38,C,5,13,B143p, ,0,{EC2ED3A3-E678-410F-883F-541A9E7D10EC},0.203922682749579,0.00122089976971295
32,H155,35,3,37,B,6,21,H134p, ,0,{936CB156-9AED-4341-9901-095F6ADBF26E},0.0232299055859546,2.74858700102271e-05
33,A129,28,3,10,C,5,14,B125p, ,0,{18FF5979-7E22-461D-AC12-C50139EF1619},0.0855127195670372,0.000139804403042111
34,A143,28,3,37,C,4,14,B179,SM,0,{6720C9B8-6DB9-4BDA-9974-6E88B093565C},0.00669617740169212,2.71154810580373e-06
35,H153,35,3,19,B,6,15,H114p,NV,0,{EF83706A-FFD9-48AD-BE61-FCB4E49FD61A},0.0261735988876353,4.00174282058468e-05
36,K141,40,3,35,B,6,15,I104/K134p, ,0,{54E4772D-BFEE-45CD-B29C-AFBCB77F0416},0.0665165883767977,0.000139878819437331
37,I140,37,3,37,B,5,15,I110p,SM,0,{57133EE2-2A7D-405D-8EC4-F234B7F07F12},0.025538133892189,1.7551657915881e-05
38,J140,38,3,37,B,5,25,J117p, ,0,{C593625F-0EDC-421F-8C41-8BDBA749E509},0.0216285471418618,2.19930472328005e-05
39,B134,29,3,38,B,7,22, , ,0,{C43E03D3-8F67-48CD-A6AA-6908F466792F},0.136210459826573,0.00072069621832968
40,A115,28,3,37,C,4,14, ,pDry,0,{94105FB4-C1EF-44B2-9D49-27D985F1ADE5},0.0515896101625317,0.00012429164928821
41,J153,38,3,37,C,5,13,I129p, ,0,{2F671CC7-3B53-4A92-A2E8-272F2A026953},0.0339143460251252,4.76703789985131e-05
42,Q119,46,3,19,B,6,23, , ,0,{C1E5706C-92C5-4A86-830C-FF1E8AEDE75B},0.101189757660855,0.000353512921677619
43,Q126,46,3,19,B,6,23, , ,0,{561D4350-7B18-49F8-B160-348527A4531B},0.0520444635016239,0.000124278026004282
44,I130,37,3,37,C,5,13,I129p, ,0,{8E8F2EE9-3E71-4938-87D4-772744B4DA4F},0.0846039003552947,0.000249561511804962
45,Q115,46,3,19,B,6,23, , ,0,{E4861F1A-A3BC-4329-8FC4-FE8FF4ACB207},0.0420887143909442,9.55010697101732e-05
46,B169,29,3,38,B,6,23, , ,0,{D0B306A3-9126-40C2-BFE2-5A4ABEBED557},0.0576600309496858,0.000168826259735085
47,Q117,46,3,19,B,6,23, , ,0,{2FB24940-5E03-4335-BDC0-59EA4EC0690B},0.0516366728033132,0.000110444390684183
48,A126,28,3,37,C,4,25,A128p,Dry,0,{69D8B34A-DE13-4063-94A4-D91CF92B1E7B},0.0563737806171247,0.000136802798213462
49,A114,28,3,37,C,4,14, , ,0,{13BBFA80-AE4D-4326-B52D-EDF502E76410},0.0480932875676735,0.000127564066795056
50,H144,35,3,35,B,5,24, , ,0,{31818B32-3A2F-428B-97FB-13068591E508},0.0500434028952252,0.000154171430721455
51,B158,29,3,38,B,7,22, , ,0,{87F57ECD-5D5E-42E4-8F3E-E85EB57571E4},0.0858147248880581,0.000231418802780847
52,I150,37,3,35,B,5,13,H149, ,0,{2F21B911-2EFF-43D7-B0F6-3B816030DF38},0.0842330644528169,0.000221390955091478
53,I138,37,3,37,B,5,13, ,SM,0,{0BC15C1A-F5A1-489F-A0C7-A36D61E009E4},0.108669260733854,0.0003778913607432
54,B162,29,3,38,B,7,22, , ,0,{52E4256D-8083-4498-86FE-ED72886D0AEB},0.146133575959025,0.000709945189855569
55,B124,29,3,38,B,6,23, , ,0,{4D444799-6B8A-4F20-8865-E57A5F46AEC7},0.0425732716648957,0.000102366502896063
56,J152,38,3,38,C,5,13,I125p, ,0,{0D520CB5-C6D0-4BFD-9D97-8AEEF17579B3},0.129436590074768,0.000353506548833288
57,I149,37,3,37,B,5,13,H140,NV,0,{3547B369-9BD8-478D-BE80-1E510E079DA3},0.0110137531274925,6.06099162897641e-06
58,Q132,46,3,19,B,6,23, , ,0,{3773582B-4586-49F7-AB13-B85C5AECE16E},0.041584788263344,9.80931328151358e-05
59,Q125,46,3,19,B,6,23, , ,0,{F4AE4826-8AA7-4DBE-AF1D-2D61C5813586},0.0534907733447246,0.0001636460359355
60,H147,35,3,37,B,5,24, , ,0,{7B084527-E330-445F-B5E0-026D6FD89852},0.0365649149088831,7.89735561201237e-05
61,Q112,46,3,37,B,5,24, , ,0,{A9FB2A4C-FFCC-4347-8390-36A4DE53810C},0.0540990825423909,0.000154008148575278
62,Q114,46,3,19,B,6,23, , ,0,{B181A97D-9D19-401E-8415-DC4FF684685B},0.0517700608732729,0.000139284640800631
63,Q113,46,3,35,B,6,24, , ,0,{BC22A6AB-37C7-49B6-9528-5BF1D6FD8163},0.0374525358915075,8.08096988415914e-05
64,B149,29,3,38,B,6,22, , ,0,{C460A811-D8A1-44B2-92E3-462C7EFBBFFE},0.0756945269643594,0.000171528340639172
65,B175,29,3,38,B,6,22, , ,0,{6D554175-3815-42C3-920B-409357B4435F},0.0836531400544481,0.000311897019272148
66,A111,28,3,37,C,4,14, , ,0,{EC9148DF-E49F-407C-BA23-26D10D7C1189},0.0477315794132425,0.000105091780224812
67,A136,28,3,37,C,4,14, , ,0,{1A8E3620-8B07-4441-A729-D79F5FB0DDB4},0.0306426448909776,4.58540329785584e-05
68,J150,38,3,37,C,5,13,I122p/I123p, ,0,{2732B2EA-0BAE-430C-B8DC-9E57EBE92C6F},0.0481688290993294,6.64447788997044e-05
69,A108,28,3,37,C,4,14, , ,0,{D046FB1B-3105-4ADA-AD8A-7E5C0D912DA2},0.0703553731455799,0.000123581250915167
70,A107,28,3,37,C,4,12, , ,0,{49E8D97B-5921-4300-B272-4B1393DD64A2},0.039244191388715,7.68793383907097e-05
71,H146,35,3,37,B,6,13,H134p, ,0,{1E00623B-D4B8-4CC7-9813-FF0EB04204B2},0.0828783965479228,0.000306033301620146
72,B160,29,3,19,B,6,22, , ,0,{A0090AD2-CA14-4C23-A97F-6DE61B91D1CB},0.0364210515100996,5.55049364194254e-05
73,B154,29,3,14,B,7,22, , ,0,{6F88E22F-0FA5-4AC0-9114-D4143320D51F},0.0573051835609046,9.55875131181715e-05
74,B133,29,3,19,B,6,23, , ,0,{9FE48AAE-0B0C-4E3A-921D-3B3D349B211A},0.0774798711673858,0.000204441900659447
75,Q105,46,3,35,B,6,24, , ,0,{65C08F8F-9731-463A-9B05-C0A90388860B},0.0900424400449299,0.000268742630082492
76,B163,29,3,14,B,6,22, , ,0,{5EC43AC3-4E06-44CA-865A-7AF13D848D04},0.0446602671568015,0.000111071972066568
77,J135,38,3,37,C,5,25, , ,0,{CDCDD34A-DF00-4C24-9874-67C9E4AFDF74},0.0869738885995868,0.000166588769859432
78,Q104,46,3,37,B,6,24, , ,0,{CF3291F5-2C82-4053-A20C-8DDE4EE681BA},0.054819228696332,0.000160734199296677
79,A124,28,3,37,C,4,25,A125p, ,0,{5BC92D56-CC85-48FF-B6E2-E30FAF946932},0.0944767015378693,0.000376576884659806
80,Q103,46,3,35,B,6,24, , ,0,{EC9DFDAC-8CE5-4AE9-9ECF-A24273FBBA9F},0.0841941649213899,0.000102724242558299
81,J120,38,3,37,B,5,25, , ,0,{1DED7E74-B6C0-4046-B248-2664CF543802},0.0482675533370135,9.54431157493606e-05
82,I124,37,3,37,C,5,13, , ,0,{53978217-8798-400C-A9AE-14C3468F3466},0.0850277723301176,0.00030911583806986
83,O129,44,3,37,C,4,12, , ,0,{A52301B6-A506-40EA-9E6A-1AF6EE2E5B25},0.0572810030939718,0.000121395222121175
84,B156,29,3,19,B,6,23, , ,0,{01E67487-055F-42FB-A34B-F807AD2CA884},0.0577297243387917,0.000148370590407923
85,B166,29,3,14,B,6,22, , ,0,{87035737-BB11-4EF1-9F4C-D757D53D0805},0.0447008570535276,8.99100922816562e-05
86,Q101,46,3,35,B,6,2, , ,0,{E562F815-FFCD-471A-81EA-85AD9FF1E5EE},0.0492097949562013,0.000122196938171023
87,B168,29,3,14,B,7,22, , ,0,{2100AD6F-8C31-4888-A885-A24700093F30},0.0618599206700854,0.000157983493825397
88,B132,29,3,19,B,6,23, , ,0,{DDDB1496-7A54-4F59-AA49-5DBB51812B42},0.0553412503201308,0.000137284424226832
89,O137,44,3,37,C,4,12, , ,0,{28892C06-E369-407E-A9A4-D2A655071B75},0.0576840791450083,9.72556444794063e-05
90,B185,29,3,19,B,6,22,Q130, ,0,{7F38E63F-8784-484B-A346-2500A61DBE9B},0.0282835793924209,4.35788406641948e-05
91,J117,38,3,37,B,5,21, , ,0,{A0C98868-3AE8-4FE7-9B47-B208F4082836},0.0429709559841744,6.59782629344676e-05
92,K128,40,3,37,C,4,12, , ,0,{0255CE92-D728-45AD-BE1D-296F2BF9B9CB},0.0563043747105461,0.00019293554731007
93,Q134,46,3,35,B,6,2, , ,0,{AFC86C2E-0100-4C83-9578-66E166B2FC02},0.0626236299458506,0.000105480394740428
94,I123,37,3,37,C,5,13, , ,0,{9400A669-38A2-4BEF-BA5D-7210E3BF14D5},0.0854085680596228,0.000222320238166336
95,Q122,46,3,35,B,6,2, , ,0,{8616F86A-B976-4E30-837B-EA3D36EDC93D},0.068803275754341,0.00019902893305142
96,B159,29,3,14,B,7,22, , ,0,{FDA400D2-0E42-420C-A9BB-39FB2B99189F},0.16105290805149,0.000664905389178035
97,K146,40,3,37,C,4,12,J128, ,0,{07E34713-F687-458A-965D-F0A8636240A8},0.0580412347825781,0.000155768081453975
98,K147,40,3,37,C,4,12,J129, ,0,{2321D187-3DDD-4D51-8C1E-F92C1BD34E04},0.0779283631818378,0.000271643057302295
99,O128,44,3,37,C,4,12, , ,0,{1739CA6F-E44B-4045-ABC5-4D4CE69705D6},0.0524205854894044,0.000106180764193582
100,C113,30,3,35,B,6,2, , ,0,{4F5B6806-1D97-4675-985D-06F9B2787330},0.0520147832101669,0.000108773673890694
101,J114,38,3,37,B,5,21,I120p, ,0,{39FB0EBC-7A25-4518-B4EE-2289388AD145},0.0691284612661363,0.000144749120858688
102,Q138,46,3,19,B,7,22,C140, ,0,{49E78663-60FA-4F6C-ADD3-C99063ECEE33},0.050829819551904,0.000126081389558371
103,O139,44,3,37,C,4,12, ,SM,0,{9D2DDE3F-061D-4A1B-9AD8-A16DCD5435E2},0.116043411439004,0.000627268137478089
104,K127,40,3,37,C,4,12, , ,0,{42A96B07-FEBF-49CE-8E8A-7309C1D6B1B4},0.055298968427326,0.000157822621707207
105,C108,30,3,35,B,6,2, , ,0,{028F942B-D07F-45C8-9C44-29CF1D464596},0.0405179781290424,8.0387493027864e-05
106,Q127,46,3,35,B,6,24, , ,0,{EB35737D-FC4E-49E4-A665-1FEE561AC0CF},0.0858565267406319,0.00036711360820877
107,H161,35,3,35,B,6,21,Q136p,SM,0,{E51AA780-D5A9-46E6-B078-BCDE11647D2B},0.056466158131874,0.000120984766736867
108,I142,37,3,37,B,6,13,H134p,SM,0,{D85B5EB9-AAB9-4CC8-B900-39AE01259326},0.158503159599438,0.00108370444164298
109,B157,29,3,19,B,7,22, , ,0,{06B93651-BC61-4664-8C22-6DB15F715B01},0.0801551401436368,0.00017951570667285
110,Q123,46,3,35,B,6,2, , ,0,{8054831A-DA3C-44FE-A8AB-091B6868804D},0.0381466116997565,8.74273915601828e-05
111,I120,37,3,37,B,5,21, , ,0,{9757E124-F02B-4F27-A986-55B3B5AE368F},0.0574005723115028,0.000175693376619486
112,D126,31,3,14,B,7,20, , ,0,{B03BE2EE-B604-4457-A482-0592F3E09452},0.0620558614035278,0.000157363701112587
113,O115,44,3,37,C,4,12, , ,0,{AB5382B4-71FC-4298-ADA5-6B1F4348E1F5},0.0511212465633722,9.01898938673447e-05
114,C142,30,3,35,B,6,2, , ,0,{C26B975E-7839-4A2A-883A-510AF50AC696},0.0626946201788926,0.000182374883397703
115,C109,30,3,35,B,6,2, , ,0,{56589B43-D579-4BCD-8A96-7715071886F0},0.0363132883874047,7.35380038053845e-05
116,J149,38,3,37,B,5,21,I117, ,0,{E5370FC8-8535-4148-9D08-AA04CADB4055},0.0362050117844096,6.12092196330442e-05
117,J113,38,3,37,B,5,21, , ,0,{BCFF230F-6495-4E65-A191-E68AF0995A51},0.0524638649450469,8.6637306407538e-05
118,K145,40,3,33,C,4,12,J127, ,0,{153408BB-9F69-4480-A161-BAB18F99A99A},0.0712949123132401,0.000217052008317961
119,B172,29,3,14,B,7,20, , ,0,{5E699315-BE5C-4082-90D8-4FE37BA9E714},0.120960028150641,0.000711468646762726
120,K126,40,3,33,C,4,3, , ,0,{466FEDFE-6D00-4F70-8C3E-BBBBF4DF878C},0.0323910510031764,5.78812130074793e-05
121,O131,44,3,37,C,4,12, , ,0,{A391493E-FA05-441E-8EAD-388A2268E8A1},0.0491545699328457,9.75172128559985e-05
122,Q137,46,3,19,B,6,22,C139p, ,0,{5AB25FD8-0B18-4320-A729-6C773F9B8AD0},0.06118351821673,0.000147654754730392
123,O114,44,3,37,C,4,12, , ,0,{00886031-77EC-4E7E-98DC-366AAB294791},0.0622454608716923,8.85889836372854e-05
124,B151,29,3,14,A,7,20, , ,0,{D5EFA78A-7DD3-473C-887D-304CDB455332},0.0752050075542792,0.000321446245506301
125,O130,44,3,37,C,4,1, , ,0,{2A03503D-3FAC-4FCA-874A-1D2FE64AFE5B},0.0673013761286745,0.00010646422271986
126,B155,29,3,19,B,7,22, , ,0,{36C02D6C-2FFE-4340-8ADF-94086250EC7A},0.0684444056594273,0.000139146026028931
127,C104,30,3,35,B,6,2, , ,0,{D408966E-1735-4133-AADE-0FA428007B69},0.040727471379186,8.66358896322871e-05
128,J111,38,3,33,B,5,15, , ,0,{1EA1DAFA-82D5-42CA-9980-E0C948F4DC50},0.0382021968993477,6.01584487573498e-05
129,D137,31,3,20,B,7,11, ,Dry,0,{A96B58A3-8518-48E0-B8CA-FDB66625288C},0.051709395132269,7.5396236191286e-05
130,K144,40,3,33,C,4,15,J110, ,0,{97659DEE-C144-470C-95B1-618670BD108C},0.0350032015470804,6.62221448188486e-05
131,J148,38,3,37,B,5,21,I114 & I115P, ,0,{1CF15492-DF78-4AC8-9A88-D344100E40B5},0.0396136184776478,7.13652510061231e-05
132,I115,37,3,37,B,5,21, , ,0,{2CA16884-BA7D-4464-8EA6-FC586B4ED390},0.052422783372135,0.000131966451458609
133,D140,31,3,19,B,7,11, , ,0,{84D635AE-E1D8-420A-9CE5-17A4AF9E3E0B},0.0471386856730539,0.000120495845525456
134,B170,29,3,20,A,7,20, , ,0,{E0E61BC5-6A38-4745-B2EB-84FEC5E85056},0.0488938652182074,5.27124689132109e-05
135,J104,38,3,35,C,5,15, , ,0,{737A670C-B5DF-40F0-B2EC-D89C5AA10789},0.0513910892138507,9.98054909375012e-05
136,K137,40,3,33,C,4,3,K118p, ,0,{23EBBB98-CB71-412B-9E64-C9F97A5533E4},0.0546098021368803,6.51114694795514e-05
137,D136,31,3,19,B,7,11, , ,0,{2B33F440-80BA-449D-A515-80DE4C7F6460},0.0685734940880216,0.000156954185829917
138,J147,38,3,37,B,5,15,I105/I106p, ,0,{B3D9B69A-F644-499C-91AB-0E2013E110AA},0.0388751717971889,6.7139014307824e-05
139,O124,44,3,33,C,4,3, , ,0,{14855BCF-95C0-443D-AB3E-0A19609360C5},0.0653598817832587,9.1904520498635e-05
140,J108,38,3,37,B,5,21, , ,0,{3DA0FECB-DF06-41EE-8AEA-7C7E63071BB1},0.0459364893547943,0.000101981106087493
141,C111,30,3,35,B,6,2, , ,0,{CABD9E66-DF16-4016-85E2-796CD5B68C3E},0.0591348746975668,0.000144498215253467
142,B182,29,3,20,A,7,11,D143p, ,0,{6D858DFA-0D0A-48C5-B66C-0ACA01CB25CC},0.0520076249486555,7.31142161249673e-05
143,O126,44,3,33,C,4,3, , ,0,{23648F13-1B76-4004-8FA5-1829651CEB7F},0.0468523466578937,9.46852917232583e-05
144,C115,30,3,35,B,6,2, , ,0,{052DE17A-EC67-4EC9-A2F6-CB24217813F7},0.0628829375158962,0.00017333694380979
145,O113,44,3,33,C,4,1, , ,0,{30BE4E42-82A3-4B64-B348-0FA519BF7384},0.039884499798346,8.00889122293592e-05
146,B183,29,3,20,A,7,20,F143, ,0,{41130B14-1410-45F4-BB51-17C6B8923D9D},0.0676530311396387,0.000221572173612788
147,K119,40,3,33,C,4,15, , ,0,{09A38993-C59A-4DD9-B661-0E1A8E82FE25},0.0344974533827025,6.20129981632136e-05
148,C141,30,3,35,B,6,2, , ,0,{103C54F7-2729-482D-995D-C5FBC3B2DD90},0.035625957403613,4.63643602851317e-05
149,J107,38,3,33,B,5,15, , ,0,{BA4AD3C9-0376-4396-9369-1F85DE234C9E},0.0583057492152053,9.83241952230993e-05
150,I111,37,3,37,B,5,21, , ,0,{00846EAA-8157-4041-8252-D0E9185948A8},0.0521745463154996,8.78459025415441e-05
151,I110,37,3,37,B,5,21, , ,0,{4EC16985-314C-468B-AAF8-A4632559AAEB},0.0342408398337622,2.29891774771819e-05
152,C105,30,3,35,B,6,2, , ,0,{140CAE05-C08D-4CEC-A40E-A1A93B7EE591},0.0320728358761847,5.29589109549027e-05
153,O111,44,3,33,C,4,1,O107p, ,0,{D3A1593A-DD2B-4EBC-A933-F0078A9204BE},0.061474845247321,0.000103690006862029
154,V101,36,3,20,A,7,20,B152, ,0,{13071F2C-84A3-4F97-BBC2-9DE44780CCE5},0.0465063225534007,0.000100319439658064
155,H154,35,3,35,B,6,21,H127p, ,0,{0B75F199-8877-4D11-A61C-6CEFAB05F9C7},0.04543325061119,8.95588321179241e-05
156,O123,44,3,33,C,4,3, , ,0,{1F5BF0B0-4F52-4DAE-B4A6-0B52BC3814DA},0.0527555204856491,9.93028045600251e-05
157,D122,31,3,20,A,7,20, , ,0,{2543CDEC-E991-4BB2-8243-24BB9C594000},0.0565782777815229,0.000108685775901545
158,D141,31,3,20,B,7,11, , ,0,{6DA749C2-CB98-499A-86CB-469840E2B318},0.034306461824401,6.38570388009383e-05
159,C106,30,3,35,B,6,2, , ,0,{B03B7E44-8474-44C8-8FE1-D7FA1EED06FD},0.0902220236047571,0.000398274237619484
160,C133,30,3,35,B,7,22, , ,0,{12A1C971-D18D-4CE4-9AB8-BF99612BFB7A},0.0753548944784819,0.000192143023204886
161,V106,36,3,20,A,7,20,B171, ,0,{02B0CFEE-274D-47DE-A5AD-4D8ECD24D785},0.0574748809734547,8.95735490043597e-05
162,C134,30,3,35,B,6,10, ,Dry,0,{FE047917-71E1-4019-9230-477EB9F49186},0.0675357293646032,0.000109718442444812
163,K131,40,3,33,C,4,3, , ,0,{515AB3B4-F886-4C9C-9725-E738EC6F2DB3},0.0728450999830022,0.000124466444747667
164,I109,37,3,37,B,5,15, , ,0,{34754825-C5EC-44B9-AEEC-7B41044BDD60},0.0285715207883056,4.67082874949516e-05
165,O109,44,3,33,C,4,1,O107p, ,0,{105709A8-D251-4CC5-B10B-4A96A50E24B6},0.0526050001833618,0.00013519086418693
166,O121,44,3,33,C,4,3, , ,0,{B24BBC8E-A173-4AA8-91DD-28A623D24C65},0.0462162553132511,7.64243857405861e-05
167,D116,31,3,20,A,7,11,D142p, ,0,{25B597A3-E986-485B-9074-D81325929877},0.0657055954472202,0.000122673374285697
168,V105,36,4,20,B,7,20,B165, ,0,{4DCDD952-4B59-4A12-B959-6D3D0B0CE87F},0.419873512386285,0.00436555714635428
169,K117,40,3,37,B,5,15,I107p, ,0,{C1D38F36-DA69-4D7F-B1D4-CBECEB0E1736},0.0437170827900173,7.24023841942391e-05
170,K142,40,3,35,B,5,15,I127,NV,0,{F02DBED9-9E57-4738-9B3B-393FF96A716B},0.0334646486174341,3.83287779147591e-05
171,C136,30,3,19,B,2,11, , ,0,{2721ACE1-A6C1-4D5B-A2F8-8EB2CC531A25},0.0277667828364211,3.42773536918467e-05
172,K116,40,3,35,B,5,15, , ,0,{F7EDE716-857B-41BF-9444-94CBAFDC2B79},0.0250315947007427,2.1696670599023e-05
173,C103,30,3,35,B,2,10, , ,0,{9DB82C98-33EC-4E9B-8510-8E43697DE192},0.0825085123389997,0.000219266096468801
174,O112,44,3,37,C,4,1,O140p, ,0,{9F37B60D-2BBB-4182-BEAE-9CDAFC83F7B3},0.141780413995046,0.000778332182343422
175,C137,30,3,19,B,2,10, , ,0,{48EB995C-3463-4123-ABE0-9CB13E8440AD},0.0635405073142532,0.000106347218578759
176,D113,31,3,35,B,7,26, , ,0,{B40158CA-ED8A-4172-8EE1-51C7C94379DB},0.0434452278463809,5.82880431737166e-05
177,H121,35,3,19,B,6,10, , ,0,{A88ABE22-E5A3-4C01-8CCF-64A5B0F56923},0.0422945908194627,8.03909874194856e-05
178,J130,38,3,35,B,5,15, , ,0,{B85DBF50-55C4-4CBB-8730-1960DEE23FF7},0.0282528406719843,2.6186141755789e-05
179,C102,30,3,35,B,2,10, , ,0,{89A55D23-D577-4A58-982C-7ED190C90179},0.0282327303748531,4.00113150776696e-05
180,C135,30,3,35,B,2,26, , ,0,{2EDEF5F3-5438-496F-914A-75C5E39E2F40},0.0348586104464893,5.0270578832526e-05
181,K130,40,3,33,C,4,3, , ,0,{AD38EDBD-F038-4263-9A22-E42DF32B56C3},0.0239455148393607,3.37820106164689e-05
182,O119,44,3,33,C,4,3, , ,0,{66644909-CC8C-4B1B-A2C1-1F2ABF8C49E6},0.0386159753217769,8.61217191634701e-05
183,V112,36,3,20,B,7,20,F111,SM,0,{D0F4C18D-764B-449F-821A-99126352EB41},0.0670045193023929,0.000240922211271938
184,H120,35,3,19,B,6,10, , ,0,{F4F2F3C5-CCC5-46FA-A351-C96499EBFBDD},0.0692949394275474,0.000171209759431108
185,V107,36,4,20,B,7,20,B174, ,0,{6DFBC755-31A3-49CE-866E-2132B975F2C4},0.223039703650707,0.00224653887808564
186,H114,35,3,19,B,6,21, ,SM,0,{36F734FA-EF8F-44E0-9779-D1C3AFCBCC5A},0.085815218177033,0.000254903006097278
187,C138,30,3,19,A,2,26, , ,0,{99E40B42-53B8-4424-839D-FA13B7CF9231},0.0310806927123652,3.80229608217798e-05
188,D132,31,3,19,A,2,11, , ,0,{641C8DF5-6BDC-4C48-B241-5A90CE1AE44E},0.0621367731955031,0.000122561122819604
189,O117,44,3,33,C,4,3, , ,0,{9A480B44-1EAD-48F3-99F9-014B71821660},0.0450382852274829,7.5499381982782e-05
190,D120,31,3,20,A,7,11, , ,0,{EFD352AB-8FEE-4510-8B82-D91CA357AAFB},0.0733538328497274,0.00016857478492283
191,K140,40,3,35,B,5,15,I103, ,0,{063A0491-0B70-4F94-86EB-3071EDACD30D},0.0488170627639432,5.01447394557496e-05
192,K125,40,3,35,C,5,3, , ,0,{81A49258-5289-4345-8CE2-B0885066ABA6},0.0513020058324383,6.35435449674151e-05
193,H115,35,3,19,B,6,21, , ,0,{0EDDFCA3-EF86-4F32-B4C4-7F7FE6E762C0},0.0247381120868418,2.78558358129242e-05
194,C126,30,3,35,B,2,10, , ,0,{9F7F3217-21B6-42FE-9ADA-21936DDA46B0},0.0447412334017289,6.31068320518494e-05
195,D114,31,3,19,A,2,11, , ,0,{B1A3902F-CA65-4C14-8E5A-F2EA8516DF08},0.0371910685840638,6.25262711148452e-05
196,O105,44,3,33,C,4,1, , ,0,{0A8EB445-11E8-4822-BB7B-8CB955198F4A},0.0930953987296104,0.000237849589235263
197,H117,35,3,19,B,6,10, , ,0,{7E7DFD25-F004-4EC6-8985-B11650E3737D},0.0442657209198446,8.79677248213557e-05
198,D139,31,3,19,A,2,11, , ,0,{3E6A3F9D-59BE-4C8F-A3FE-9A80668915B7},0.0518955146062244,9.22729429823981e-05
199,H118,35,3,19,B,6,10, , ,0,{F3362346-D2CF-40CE-84E3-90BF99BFDFB3},0.0432068435527529,6.66323268079503e-05
200,C129,30,3,19,A,2,26,G155p, ,0,{611238DA-C819-4412-B94C-C52DBF4F4753},0.0605185461863101,0.000127030893641027
201,H113,35,3,19,B,2,10, , ,0,{1AFF1187-D7DD-495D-AB56-7E6B62056C28},0.0495963500390231,8.37206806110808e-05
202,K111,40,3,35,B,5,6, , ,0,{01DF46DE-0846-4250-A6D3-D7881C1F8806},0.0256204861854721,3.16391759522298e-05
203,K149,40,3,35,B,6,21,I139,SM,0,{31C14154-C473-4B6D-8E47-281C14C741C6},0.0715880224095977,0.000158745162743331
204,K114,40,3,35,B,5,6, , ,0,{ADB46DFE-F8BC-4620-86D0-708748666A54},0.0376099136289112,6.45514186824928e-05
205,K134,40,3,19,B,6,15, , ,0,{F753F7B9-E3A2-45DD-89B2-031A681BBA2D},0.0364129788167388,4.79710908963067e-05
206,D117,31,3,19,A,2,11, , ,0,{E6B36E3D-4946-4C42-9164-0BB3ABA76E5C},0.0410176251495348,9.13040825381053e-05
207,H116,35,3,19,B,6,10, , ,0,{E2A97AEF-CAED-47CC-B5ED-3356C64BA291},0.0388336989763636,5.29355056479239e-05
208,C122,30,3,19,A,2,26, , ,0,{6554296A-2C0F-4B8C-A859-75D9B9ADAA6B},0.0323341272385307,5.1295511735906e-05
209,E166,32,3,20,A,7,11, , ,0,{DEE6ECEA-03CB-43BE-823F-026D57C96AFA},0.0371184001240235,4.68812442950403e-05
210,G121,34,3,19,B,2,8, , ,0,{DD11CD4E-E182-405D-BD68-1A51AA0DCA0B},0.044426275549055,7.61614204438362e-05
211,K123,40,3,33,C,4,3, , ,0,{034E4266-73F7-4E5B-B96E-3D1BDFA3F9CE},0.0728991547715792,0.000196386357448112
212,M173,42,3,33,C,4,3,O116, ,0,{D7A5710F-9305-4BD5-8CEE-1E797EF8747C},0.0460562691411785,0.000107198982255799
213,D131,31,3,19,A,2,26, , ,0,{EC263B6E-50C5-4AB4-8FD9-FBB9B61B0CBC},0.0342017467329574,4.60298659451226e-05
214,G119,34,3,19,B,2,8, , ,0,{83F7891F-3789-4DB0-B0D0-1FCA66255B5C},0.0316623033517515,3.96630506847371e-05
215,D115,31,3,19,A,2,11, , ,0,{1AB2C1D0-C95E-4F01-AB2D-A3C2384D79EA},0.0748718782416192,0.000210966602598367
216,G122,34,3,19,B,2,8, , ,0,{CAC4EF17-8166-4A08-AC75-52C3C503E70B},0.0309312894891581,3.30550726980807e-05
217,G129,34,3,19,A,2,26, , ,0,{4E667D5F-6285-43C7-B008-9B42645DF878},0.035468950355284,3.4771173647475e-05
218,V115,36,3,20,A,7,11,F149, ,0,{59A473D1-9F8D-4E02-A9A3-02F619348596},0.0792749596972039,0.000260978458781378
219,K135,40,3,35,B,1,15,K112p,SM,0,{400778EC-EEF9-475B-AB6C-372F6DFEED6D},0.041581008244686,8.0860853006579e-05
220,G154,34,3,19,A,2,26,D130p/G165p, ,0,{A3932C32-361B-4427-A54C-40A9399D58D6},0.0439868117365569,5.64565220173348e-05
221,D130,31,3,19,A,2,26, , ,0,{63A3ECC9-3B3B-4815-8C7B-C6ADC32B2975},0.0481100850705053,5.59303461745975e-05
222,G123,34,3,19,B,2,8, , ,0,{8F88B05A-5F3C-4218-99B6-52F875D53C81},0.0185501294732487,1.50640298855862e-05
223,K113,40,3,35,B,1,6, , ,0,{70173ADF-67AC-4AAB-9973-EBB92BBBC058},0.0217228556938141,2.15180960547979e-05
224,D109,31,3,19,A,2,11, , ,0,{D8A9C50D-9881-4441-AD8E-F20ECEBBCC4B},0.0401307859673656,5.02762710674338e-05
225,K122,40,3,35,C,1,3, , ,0,{676910CC-910D-4AD0-9982-D349D78231A8},0.0838402376644261,0.000240477271886956
226,G151,34,3,19,A,2,8, , ,0,{B4FDA02D-BC35-4D28-A8C6-8FD355A4BDA3},0.0358376800109683,3.81368282031157e-05
227,H111,35,3,19,B,6,10, , ,0,{CFF57C3B-291E-4C0C-93F1-852EEA01FAA7},0.0562986815294279,0.000104735823116497
228,K129,40,3,19,B,6,15, , ,0,{BA2F5759-765D-40AD-8A2C-CD1636A59342},0.0284428504182593,4.259589666722e-05
229,G147,34,3,19,A,2,8, , ,0,{A9D7A235-628D-45B4-8B0F-D49AE9977598},0.0376309296528332,4.70517859849009e-05
230,M171,42,3,33,C,1,3,K121, ,0,{7A093D2C-3AAA-4031-A45E-A41E0F55D1CF},0.0889346979801254,0.000169457356281342
231,H110,35,3,19,B,6,10, , ,0,{895D2099-E4DC-47FF-B55E-A06090540D51},0.0429688938886447,7.38321233861778e-05
232,G117,34,3,19,B,2,8, , ,0,{F478C134-BE47-47E4-884C-B9FE3A51502C},0.0512176672904793,0.000105529679550791
233,G120,34,3,19,B,2,8, , ,0,{180B231E-8621-418C-B7C1-542F04F61020},0.0315088173428552,4.55555939016082e-05
234,K110,40,3,35,C,1,6, , ,0,{27E9CC7C-677E-42C0-A08F-B7A8F7D7E44E},0.0418621801953587,8.67454953868838e-05
235,E159,32,3,36,A,2,18, , ,0,{3F655091-ACE3-4A52-8A43-5A3615E6A167},0.0437425160158587,6.25398868619727e-05
236,M145,42,3,19,C,6,10, ,SM,0,{3BBF84E9-0247-45E2-8728-D58CE3A1701D},0.00604204144543101,2.07619704196427e-06
237,M148,42,3,33,C,1,3, , ,0,{0BD4E272-6AC1-44E2-83FD-00D40EC920A2},0.0335883972147025,3.83065388009243e-05
238,D129,31,3,19,A,2,26,D101p, ,0,{F7C1CAEF-F477-4941-B40E-CEC0D28EF759},0.0549611407259994,7.29251685571721e-05
239,N112,43,3,33,C,1,5, , ,0,{8805AFCB-AFD8-4D77-B576-9AE0AA112D18},0.0238309193716764,3.11429817126185e-05
240,L146,41,3,26,A,2,9, , ,0,{D93CF8E1-8D7C-41A3-BD57-EC864275EDB4},0.0368497882319625,4.5781334437858e-05
241,G163,34,3,36,A,2,9, , ,0,{8519004E-5529-4E5C-967E-CA18BF976BAE},0.0415473237861658,4.94560465279329e-05
242,N111,43,3,33,C,1,1, , ,0,{84F0DFCF-CCC5-4B9A-A65C-7360CEAB7499},0.0238591101289876,2.80322790152532e-05
243,L138,41,3,26,A,2,9, , ,0,{6EE64B5A-0D59-47CF-9E82-582232496ECE},0.0697063577686824,5.86243867671535e-05
244,L145,41,3,33,C,1,6, , ,0,{C779C8DE-0D7D-4934-8FAA-CA5060318B3F},0.0328292679110621,6.42971636000316e-05
245,N110,43,3,33,C,1,5, , ,0,{1980475B-62E1-4391-A497-51F61C4A7DCD},0.0381519799428199,6.4403491991442e-05
246,G150,34,3,26,A,2,9,G142p/G162p, ,0,{2C51E040-11B9-4C4B-B0B8-A9E8965EFAB1},0.0493874841086291,6.84799309722432e-05
247,F163,33,3,36,A,3,19, , ,0,{176878E9-1DC2-4C55-A745-D5A3D7349AE7},0.0486883567799647,7.93495876784355e-05
248,L136,41,3,26,A,2,9, , ,0,{6AC1999D-4D41-4CBE-8387-95F13DB58E07},0.0444127050181826,5.37183479702484e-05
249,V110,36,4,36,A,7,19,F109, ,0,{430856F7-C356-4C2D-B707-F50AEA4C964B},0.104194792899065,0.00042113825945441
250,G141,34,3,26,A,2,9,L139p, ,0,{C1A589B5-B0CF-4074-8558-C52CB3943DCA},0.047456859622168,5.91272234265574e-05
251,E160,32,3,36,A,3,18, , ,0,{C8320826-451B-4936-BE31-D874B23391A6},0.0453395017622601,8.74750846182046e-05
252,H106,35,3,19,B,6,10, , ,0,{389D500D-5EF0-41D2-99FB-9885A2101AD0},0.0327601046054341,4.39666153386753e-05
253,H105,35,3,19,B,6,10, , ,0,{119FFD75-04F0-4923-B3D2-394DF98FF402},0.0374784848177852,3.84962564100266e-05
254,M170,42,3,35,C,1,3,K108, ,0,{8CE32FDB-F034-457C-ADA5-95F6731490CC},0.0458296558755025,7.65896953346639e-05
255,G116,34,3,19,B,2,8, , ,0,{1DD77469-4C21-47C6-BBC0-9B1EB697047F},0.0313719579485808,4.42295240246782e-05
256,D106,31,3,19,A,2,26, , ,0,{6C3E8507-3FDD-48EF-8D13-145E58F9A9D9},0.053407666196585,8.08380591999068e-05
257,K105,40,3,35,C,1,6, , ,0,{00BF06EC-E074-4B66-8E50-60555C57FC90},0.0566720124923706,0.000142193405343536
258,V119,36,3,20,A,7,20,F162, ,0,{161569A8-A912-43D2-BD33-7B1CB92B3636},0.177623985273131,0.000960552592170642
259,E158,32,3,19,A,2,18, , ,0,{FC8EB558-7173-4490-9873-9E51169DC992},0.037238498746915,5.69571471286336e-05
260,M169,42,3,33,C,1,3,K107, ,0,{FAFBCDD6-AF00-4A79-88E0-F447832332C3},0.0247820320763552,3.38518810362354e-05
261,G146,34,3,19,A,2,8, , ,0,{7FB3EFCF-8CB1-4FA4-B8EE-035085A658E2},0.0449668205991769,6.06165069680665e-05
262,G161,34,3,19,A,2,8, , ,0,{66DA9E40-5532-4F2C-B8AE-24F30D0B70A0},0.0335057683900495,4.14320360993168e-05
263,K104,40,3,35,C,1,6, , ,0,{605A0F10-64E4-452E-9A00-CD6784C3BB72},0.0347177502693139,6.04224511720346e-05
264,G111,34,3,19,B,2,8, , ,0,{EE82D5D8-463D-4183-8BEA-7A33090BF376},0.0292795583737994,3.1361346090552e-05
265,M131,42,3,35,C,1,4, , ,0,{D628CD6A-FBD8-41B1-9AE8-D9BC76E98274},0.0387393164653898,7.54615933617194e-05
266,M166,42,3,35,C,1,6,K103/K104p, ,0,{9C792E37-F492-416C-854F-F36254912C5E},0.0561521333165085,0.000130321986094009
267,E178,32,3,36,A,3,18,F160, ,0,{F4D1DC68-005C-43D4-99C8-87EA2AD0E612},0.0642196698837415,0.000146604137235649
268,E180,32,3,36,A,3,18,F173, ,0,{9220A4D7-BD89-45F4-B6BD-EA85F0EDE05F},0.0355423629153757,5.2279782912431e-05
269,M133,42,3,33,C,1,3, , ,0,{3E49F67B-4B09-4BB8-A911-87D9EAE784AC},0.0377054747378239,6.8243612942908e-05
270,M144,42,3,19,C,6,10, , ,0,{0EA54AEE-614D-4910-9C1D-A2B815FB3B1A},0.0204544804174662,1.71898863485182e-05
271,H103,35,3,19,B,6,8, , ,0,{103B4D72-533D-4243-AA0F-92F72E373BEA},0.0498019561076783,9.17825298116807e-05
272,V117,36,3,36,A,3,20,F157, ,0,{94498F60-8380-47AE-8B02-0DC11A473FB1},0.0413071050021349,9.3759499974191e-05
273,M102,42,3,33,C,1,1, , ,0,{CCD232BB-9194-435C-8D03-CC7E9B90C965},0.0389862859052429,8.21576160837404e-05
274,G108,34,3,19,A,2,8, , ,0,{75C61810-C39D-49F6-8E3C-2111FA8691FF},0.0209276368059745,2.18244277790558e-05
275,G144,34,3,19,A,2,8, , ,0,{26E8785B-5EBB-4385-8893-EAA3F64C6B50},0.0379441407185671,5.33826115718741e-05
276,M149,42,3,33,C,4,1,O105p/O107p, ,0,{13CCAF97-12EE-461C-87D2-AF12949A5F26},0.205582679480514,0.00126263518758763
277,M124,42,3,35,C,1,6, , ,0,{9FBE22E2-AB3D-42A3-A36C-271E2F8712E5},0.0276058091649733,4.67387360394629e-05
278,M123,42,3,35,C,1,6, , ,0,{97D47CAA-CE04-4A56-B3A9-98E35731C45F},0.0344743703992591,3.87819023711383e-05
279,G145,34,3,19,A,2,8,G162p, ,0,{FB21F4FB-4824-4CBC-B6EA-489A024D2728},0.0975147127886532,0.000120555162179177
280,H102,35,3,19,B,6,10, , ,0,{7BE63FC3-DFA8-4158-9C6A-AC37A20EA558},0.046622657972863,6.0720486022262e-05
281,V121,36,4,36,A,7,19,F174, ,0,{849C7BA5-5BDC-4938-957E-DA7D2BF7F7AA},0.0833369330156806,0.000215773069200933
282,E169,32,3,36,A,2,18, , ,0,{A19D81D4-5B38-41AD-90B0-886E564D685F},0.0889888823144952,0.000226270737190118
283,D108,31,3,19,A,2,18, , ,0,{D275010E-C682-4BA6-BD0A-7BBF858CFFB8},0.0536811461642954,9.35364692561894e-05
284,G109,34,3,19,A,2,8, , ,0,{BF5D6AE5-26B0-43FE-9949-B2167E1AB600},0.0300285966256539,3.47225788508546e-05
285,G143,34,3,19,A,2,8, , ,0,{E061A690-7D3A-4140-AFA5-88103301C51A},0.032986375795202,4.40515635508499e-05
286,M147,42,3,19,C,6,4, , ,0,{98B8646B-5B23-4013-9CD8-87AE3A0377D6},0.0319836775764383,4.14294503920432e-05
287,M104,42,3,33,C,1,1, ,pDry,0,{90E61069-9260-4409-B480-8EE2665B93A7},0.0345174786518705,5.74476449102657e-05
288,M105,42,3,33,C,1,3, , ,0,{5331DC2B-E943-4247-B4E3-4529A8AF22AE},0.0257954168336797,3.49821954603244e-05
289,L143,41,3,35,C,1,6, , ,0,{D2CACAE5-BF0A-4CB1-9969-098463FCBEA2},0.0194115868790291,2.25053842931984e-05
290,V113,36,4,20,A,7,20,F126, ,0,{F5E24F17-BAE8-4682-A5AE-606696C14E7B},0.174677785277476,0.000833649156194291
291,M146,42,3,35,C,1,4, , ,0,{2E117254-674C-4970-B09B-1BB72488A107},0.0351768057277317,4.99797789570774e-05
292,G107,34,3,35,A,2,8, , ,0,{6722B461-9164-4B4E-9C35-F664920B463E},0.0267568615536557,3.81231297760852e-05
293,E164,32,3,36,A,3,18, , ,0,{0D6B8C28-BB57-4E6E-BA9C-E2777690A35A},0.0619481275970186,0.000171265875065303
294,H131,35,3,35,C,6,4, , ,0,{D714FD54-EBD1-4E50-9D26-FB7C7A8BEAD6},0.0307310678674634,2.44775390805004e-05
295,H132,35,3,35,B,6,8, , ,0,{43462B92-AFAA-4E03-AC6A-68E4C8E1F412},0.0154852585679128,1.07926286564382e-05
296,L156,41,3,35,C,1,6,M120p, ,0,{44AA377B-5B6E-44DE-BCA0-29249F8A23AD},0.0287673184172715,4.11704317917219e-05
297,F161,33,3,36,A,3,19, , ,0,{55AF5B66-354A-4C73-8E0D-F2E3B7713587},0.0505645805358229,8.11787459801635e-05
298,M110,42,3,33,C,1,6,L145p/M154p, ,0,{014964E9-9CAE-433B-A2D4-0A0A2AC805BA},0.0294646891797869,4.79230525595009e-05
299,M103,42,3,33,C,1,1,M102p, ,0,{669272EA-D9A5-49B6-9763-69CC72C01B97},0.122405318566368,0.000308745444519527
300,E163,32,3,36,A,3,18, , ,0,{101EE9E2-7FB2-4C60-A6A4-389B5F073F05},0.0709033033031954,0.000119936032104069
301,G160,34,3,19,A,2,9, , ,0,{D7099FEC-8005-472C-BB79-60D6B05C30C3},0.0279428881170812,4.85666092612946e-05
302,E139,32,3,36,A,2,26, , ,0,{CE3EE4D6-879A-40C5-9E50-E2B78994A238},0.0417661795063799,8.67875430369488e-05
303,F156,33,3,36,A,3,19, , ,0,{A24C6BE3-76AE-4645-B1E2-E7C8C4DDBCBE},0.0485599706124483,8.42060422947545e-05
304,G103,34,3,35,B,2,8, , ,0,{0D936D23-9767-4E70-9A7C-FB142445FB0B},0.0362680372144467,5.10355825698721e-05
305,E179,32,3,36,A,3,18,F165, ,0,{4D493815-18F6-4BC3-BC1C-8E770C2D1E9B},0.0542808532020262,7.79866422215733e-05
306,L142,41,3,33,C,1,4, , ,0,{B8205F1E-4960-465D-84F5-5CE1A2C5AEFF},0.0233126955565776,3.33685012833523e-05
307,E165,32,3,36,A,3,18, , ,0,{56A42CD5-AC6A-4014-BCEE-7D11E650F633},0.0545270236811172,0.000121064267163816
308,G157,34,3,26,A,2,9,G159p, ,0,{E161DB72-256D-433E-9F52-FC47C368212E},0.0616887664961925,0.000127371765581041
309,L154,41,3,33,C,1,1,M106, ,0,{2748494C-6AE1-41C2-99F4-B32517743F01},0.0333984583903595,5.03335014404173e-05
310,L157,41,3,33,C,1,1,M132p, ,0,{CE8EB377-FF47-462B-8E82-4CC2C209F0A7},0.0489879728644603,7.562010473524e-05
311,G164,34,3,36,A,2,26,E143p, ,0,{460B76F7-1DBE-4D95-B8CB-314316770963},0.0502589597151797,9.99916392339922e-05
312,E168,32,3,36,A,3,18, , ,0,{1B1D3E24-7F19-4598-AA34-DA7B5440AB47},0.0865303103948784,0.000128744470656197
313,G159,34,3,26,A,2,9, ,NV,0,{3212F527-4EBF-4CD7-8EF1-C2477441E43F},0.0919427683335277,0.000262343201488254
314,G165,34,3,26,A,2,9, , ,0,{2DD76B33-0571-4B48-B458-34355C41783F},0.0231323818637204,3.08501569677606e-05
315,G156,34,3,19,A,2,9,G162p, ,0,{E3ACC808-07E2-41DF-9FA0-1E09A930BC58},0.0486239748122134,0.000104133416856463
316,G142,34,3,19,A,2,8,G150, ,0,{9167EB2F-CD6C-40B7-9E73-03EEEFAD168F},0.0915051295924287,0.000205318674581415
317,G158,34,3,26,A,2,26, , ,0,{103155A0-527E-4443-9B39-3794845CE8B4},0.0610487931742628,6.76761589899581e-05
318,E162,32,3,36,A,3,18, , ,0,{B4CCD25E-7F7D-4E88-A542-B946DC6974A9},0.0827942437045986,0.000302868903029047
319,L148,41,3,35,C,1,6,M129p, ,0,{42982070-440C-4102-8983-DDDEF5115E45},0.0606493223066977,0.000183435803426083
320,L115,41,3,35,C,1,4, ,SM,0,{EF469591-1441-4AF4-8BA9-1CD0CAADB998},0.0192215000646242,1.52269711894527e-05
321,L147,41,3,33,C,1,6, , ,0,{01A33897-E300-42F7-AC36-8328C00A2983},0.046426716026982,9.10626045853056e-05
322,F169,33,3,36,A,3,18, , ,0,{BF985EC6-C46E-4997-85DC-589740F37C39},0.0249168152936991,2.15858315348482e-05
323,M150,42,3,19,A,2,9,G140p, ,0,{1AA19B90-D3DE-479E-B8FB-9FFF547C9264},0.0463075946110434,5.83014750188938e-05
324,F170,33,3,36,A,3,19, , ,0,{FF6516F7-C561-42DA-B59D-435478ECA694},0.0298103886834062,2.19356208476447e-05
325,L150,41,3,33,C,1,4,L140p,SM,0,{190E0B15-6E32-4A33-9008-139448B410E7},0.028947912353138,4.36110439396412e-05
326,M163,42,3,35,A,2,8,G104p, ,0,{F663E0A8-78D8-4D24-A85E-E9ED01018F53},0.0592658256811022,0.000149651069681379
327,D101,31,3,19,A,2,26, , ,0,{130B21AF-C307-43D1-B933-A7C0F670697D},0.0877694750806066,0.000232664675238393
328,L159,41,3,33,C,1,6,M155, ,0,{D7885C9D-55B4-43D7-A527-E9489FB06823},0.0294427373669082,5.08190471664416e-05
329,L111,41,3,35,C,1,4, , ,0,{7CC309DB-C94C-4809-8180-1712B54B96AF},0.0526601401441979,0.000121956147078653
330,M140,42,3,35,C,1,4, , ,0,{C2E0F8D9-2BD3-4575-9C9D-3448164A04F5},0.0241184293413867,2.27287758547586e-05
331,F153,33,3,36,A,3,19, , ,0,{37802C6F-8D0C-4E8E-AC6D-B51D90FB0306},0.0652876930117427,0.000130542655139122
332,L141,41,3,33,C,1,4, , ,0,{D1EE6A6A-FD4A-46C9-BD6D-9588393B5B87},0.0284807719270067,4.77163436847161e-05
333,N109,43,3,33,C,1,5, ,Dry,0,{E156A640-DB3A-494D-BA9E-7A263E864300},0.0271198793880238,4.19661328006104e-05
334,M143,42,3,33,C,1,9, , ,0,{4119A190-3B7F-4D56-BEEA-62CFD2755C74},0.093138527185633,0.000107887238388499
335,L152,41,3,36,A,2,7,E141p, ,0,{E66F108F-1699-4B56-AB55-AFB0A5D432BE},0.0243201114004688,3.05727550712043e-05
336,N148,43,3,33,C,1,4,L107, ,0,{8666BCC2-8AA0-4122-9D2D-3FF3DE43E51A},0.0370829359957674,5.14570399608882e-05
337,N108,43,3,33,C,1,5, , ,0,{C4A87511-46C2-4E17-9A00-2E98D2F6F946},0.0317981737426839,5.82880931041294e-05
338,V124,36,3,36,A,7,19,S147, ,0,{64B44FAD-4B89-4850-A584-1AF2BA8BB2CD},0.0906034999653768,0.000380100852926292
339,L113,41,3,35,C,1,4, , ,0,{3C6671BE-41EA-4F27-97B4-2BD3BB5F4F88},0.069975734191886,0.000100173992650987
340,L158,41,3,33,C,1,5,M153, ,0,{1DA7BDE9-0F20-4AFD-B866-E057BBE4FCBC},0.0373019357143247,5.31877164223581e-05
341,L151,41,3,36,A,2,9,E107, ,0,{42126791-C214-4BC2-B8DC-FDC54E287223},0.042882164635184,7.93853391232852e-05
342,M142,42,3,33,C,1,9, , ,0,{D1027C15-E38B-4CF4-B6DD-89452B660884},0.0534461659866092,7.47948556312359e-05
343,F152,33,3,36,A,3,18, , ,0,{CC305550-8D42-45D6-8400-F1014E1C1606},0.0492604417608208,0.000142568362271132
344,E142,32,3,36,A,3,7, , ,0,{F0ED4B27-B5C9-4D29-BE2C-923F581FF68E},0.0471098798380314,9.52637383738652e-05
345,M138,42,3,26,A,2,9, , ,0,{508BFCE3-2008-4864-949D-1AF649FBB731},0.0378270127825864,6.65705683247667e-05
346,E144,32,3,36,A,3,7,E157p, ,0,{B1642399-D33C-449F-9EE6-595753825AA6},0.0515363168690002,0.000113289969718289
347,M137,42,3,26,A,2,9, , ,0,{F873B9A0-B8DD-4007-B421-EA50ED8AAEFD},0.0249143939959839,3.62949538720716e-05
348,N107,43,3,33,C,1,5, ,Dry,0,{73BAD3C4-9E0F-4C01-BBDC-1912284B7902},0.0423325609954656,5.72404553948197e-05
349,F164,33,3,36,A,3,18, , ,0,{35B9D2BC-2B91-42EB-BA2D-39E23EEF6CE9},0.0377678120486177,6.79927556628353e-05
350,L104,41,3,33,C,1,4, , ,0,{C1F51E36-72A6-4544-946E-6ADF2F67E270},0.0391374322591033,7.29568185913495e-05
351,V108,36,4,20,A,7,19,B176, ,0,{2E60AD18-426F-49A7-AA45-5B23308DD49F},0.216232016860311,0.00130421695410216
352,E145,32,3,36,A,3,18, , ,0,{639793F9-86E2-4566-9F8A-2C59891C0CBB},0.0512515021786458,0.000122218446453582
353,N144,43,3,36,A,3,7,E151p, ,0,{177BFB37-5C4F-41D4-9CB8-2EED9E9515D2},0.0376100967924628,6.29762757841908e-05
354,L144,41,3,33,C,1,4, , ,0,{2F25A554-F855-4803-88E8-FA635A4C1053},0.0210552838152947,2.65869197521787e-05
355,L139,41,3,26,A,2,9, , ,0,{876AE56F-4657-4655-A65D-D7AA15C64D65},0.063853292232171,0.000166791543207471
356,L134,41,3,26,A,2,9, , ,0,{89EA8D50-698F-4E80-8FF8-7B3F10D74D9D},0.0389453944424608,4.82341297380881e-05
357,N106,43,3,33,C,1,5, , ,0,{DA78FA3A-4056-4E50-BEEB-90BF8B21A91E},0.0374438993130219,5.35436718749611e-05
358,V111,36,4,36,A,7,19,F110,Dry,0,{5E82461F-70D6-495D-BC48-CE68A83EF971},0.339971657209385,0.00130079026315953
359,V125,36,4,36,A,7,19,S149, ,0,{22C437ED-3D5B-4AB4-A47C-F1312B795B3D},0.071946393723336,0.000175496493616871
360,N128,43,3,33,C,1,5, , ,0,{43152734-E555-4DC7-83F4-F499825D0AFC},0.0683798725777066,9.21459639995048e-05
361,F154,33,3,36,A,3A,17, , ,0,{F13841EF-CB0B-4785-847D-25C80952DD42},0.0945550179672211,0.000296123058456747
362,V114,36,3,36,A,7,19,F138, ,0,{5300EE17-AF0C-482A-82E9-00C3C0EDFC9D},0.0767133496752775,0.000204261627302154
363,V104,36,4,36,A,7,19,B164, ,0,{35F72CF7-52BC-41FB-91B8-C78F3417F311},0.179772774227191,0.000835193501849076
364,N117,43,3,33,C,1,5, , ,0,{9AF4A3BD-D45F-4497-81D4-5A776ECC1DEC},0.0583777996569101,0.000121351979659227
365,F180,33,3,36,A,3,18,E174, ,0,{E1DEBB6D-A8D6-4C22-8600-A679A823B4EA},0.061900520442871,0.00011393919162211
366,E173,32,3,36,A,3,7, , ,0,{E7DBD19C-64A5-477F-B023-9CD16E598875},0.0314325112333077,4.38838517597133e-05
367,F151,33,3,36,A,3,18, , ,0,{64159B0F-974F-42E1-9921-95D8B5E52B1C},0.105028616504022,0.000401988163915643
368,F171,33,3,36,A,3,18, , ,0,{3904AC7E-8089-43FF-BE14-A21FF7FC5CE2},0.0456382477828844,8.72777090472802e-05
369,N125,43,3,26,A,2,7, , ,0,{F48E9971-76D8-406B-82A7-B082EA2AA9BF},0.053421949571678,0.000104100262132049
370,E155,32,3,36,A,3,7, , ,0,{2A4A3FE6-7135-4EC3-B6B1-9768AED7242A},0.0394509598928949,8.86231849442655e-05
371,N134,43,3,33,C,1,4, , ,0,{B4FE9767-9B67-41A6-B908-CFE2666435A9},0.0880539659007099,0.00038115859898503
372,N105,43,3,33,C,1,5, ,Dry,0,{1A8E6B2D-A01E-4637-9BAE-ADB8D8CD2641},0.0419926614407708,7.32760450732105e-05
373,N103,43,3,33,C,1,5, , ,0,{6C465168-EDBB-40CC-99FD-D53ECB7F3748},0.0358824055544561,4.97157455042357e-05
374,F167,33,3,36,A,7,19, , ,0,{4DF008EB-E1D7-455B-8EEA-B505D02641A6},0.0907195867011681,0.000187729544813543
375,N136,43,3,33,C,1,4,L104p/N134p, ,0,{C411116C-F8F0-4921-81AA-914FFCDF523E},0.0973419556498804,0.000327566447459062
376,V131,36,4,36,A,7,19,S163, ,0,{8DF0C886-9B5D-415D-8E3E-97203C3B95DA},0.0901492433077459,0.000242231985048323
377,N104,43,3,33,C,1,5, ,Dry,0,{F99809E2-15CA-4AA8-BBE2-30414B265309},0.0415350194225045,5.70233291338056e-05
378,N115,43,3,33,C,1,5, , ,0,{5BE5BEBB-5406-4F0E-A30D-DE96A5A7DC61},0.0518389279593947,9.77053089877658e-05
379,F179,33,3,36,A,3,7,E172, ,0,{BF511322-3F4B-4950-AA63-57D43FE1B193},0.054322623531979,0.000142990748610356
380,E175,32,3,36,A,3,7, , ,0,{FCBE2C74-3C63-421D-A196-2460F1554D7B},0.0286844322840694,4.23708148342627e-05
381,E154,32,3,36,A,3,7, , ,0,{5E762C3E-D73F-4A7B-91EC-CC9DDBAD144C},0.036235708050999,7.91152353489986e-05
382,F183,33,3,36,A,3A,17,S148, ,0,{F90777A7-D20D-4EEA-80FE-3911D4B1BF06},0.087898083732487,0.000289693304710379
383,N142,43,3,26,A,3,7,E149, ,0,{EC9103F0-E3E0-4B94-9255-E0534D524039},0.0533711177246748,0.000134426642464989
384,F182,33,3,36,A,3,7,S133, ,0,{7011C7A1-E2F0-4DAD-85B2-CAD7C3E8942B},0.0475225135897737,0.000114951717721098
385,N143,43,3,26,A,3,7,E150, ,0,{C9BCC8BC-EB0E-4A0A-889D-999D1F4F9550},0.0819842014435627,0.00014632725845659
386,N126,43,3,26,A,2,7, , ,0,{FBBAAD5C-353E-4ADE-91C2-2ED9DE40E75E},0.0831449614591259,0.000178478002079927
387,N141,43,3,26,A,3,7,E147, ,0,{C4517973-7B2D-49C2-9370-464F72B2C02D},0.0448799974127356,6.8502473161676e-05
388,E171,32,3,36,A,3,7, , ,0,{E40975D2-288C-45EE-8ABD-2871996B59BC},0.0504313846953549,0.000100157935806957
389,S146,48,3,36,A,3,17, , ,0,{D17FE997-893D-4C49-B0A0-372E467E41BD},0.0399145770254918,7.07252017743894e-05
390,N101,43,3,33,C,1,5, , ,0,{4747015D-D48A-4E4D-BA61-38F7094D890E},0.140614164456671,0.000558924710590549
391,V129,36,4,36,A,7,19,S158, ,0,{2108FB2A-0478-4C14-BF8B-385B64EE595E},0.182675759339323,0.00092204828933089
392,V127,36,3,36,A,7,19,S154, ,0,{68EF6FB2-B091-48D3-B9BD-87F9E0744D49},0.168336627371684,0.000905546484593419
393,E183,32,3,36,A,3,7,S145p, ,0,{9C3755B1-0F73-4C58-BE08-3B33297C8A41},0.051707924672957,0.000123628824818853
394,S131,48,3,36,A,3,17, , ,0,{1724AFD4-3F4A-4915-A0D0-29237C8AF9DB},0.0321832516615203,5.77411137833815e-05
395,E148,32,3,26,A,3,16, , ,0,{9D2D315D-F2F3-4AA3-92F6-2774333D855D},0.0513518032822544,0.000148276049780435
396,N102,43,3,33,C,1,5, , ,0,{A02B11B1-6728-40D2-BE00-2CC53E56CDEF},0.117335615517359,0.00063459838132072
397,S119,48,3,36,A,3,7,S145p, ,0,{7268EAC2-C1C0-4AD0-8B61-079F3CA91444},0.0663497466317395,0.000161725446227306
398,F106,33,3,36,A,3,17, , ,0,{A5899898-6A66-4FE0-9032-940B3E4A4640},0.0974156369652375,0.00032432298518372
399,N131,43,3,26,A,2,7, , ,0,{78F90CEF-557F-4EE5-8EE4-70B0AAB4431E},0.113076963804604,0.000544158682647649
400,E181,32,3,26,A,3,16,S117, ,0,{48694192-234D-442C-9445-E0622CCECBE9},0.0439236454798503,7.42614422476194e-05
401,V130,36,3,36,A,7,17,S159, ,0,{B7CF11EC-90B6-48FF-B352-9E329419A1E7},0.041646409220331,4.16133928494222e-05
402,F145,33,3,36,A,3,17, , ,0,{F58D5150-5DBD-46FD-A00F-EDB4D6A893EC},0.113545061242189,0.000330880753704652
403,V126,36,3,36,A,7,17,S151, ,0,{25F860A5-1391-45EC-82FC-B4569577F9A7},0.085414284708242,0.000189777921775423
404,S152,48,3,36,A,3,17, , ,0,{7844F81D-446D-4E2B-B4B3-F5AA5A2E0D5E},0.0439747423415096,8.35597532982174e-05
405,S142,48,3,36,A,3,7, , ,0,{94D2E6BB-2806-44E6-BECF-69705552D8FB},0.0912512018162108,0.000322776002034722
406,E184,32,3,26,A,3,16,S162, ,0,{9734187C-1423-4962-86CF-0EDBE3BCB69C},0.0645013895978737,7.25575282229472e-05
407,S130,48,3,36,A,3,7, , ,0,{8227B303-FBE2-4A64-B598-92BBE8BF4A60},0.043554695508435,8.53763558462468e-05
408,S166,48,3,26,A,3,7,N132, ,0,{BBF321A3-2567-4D0B-8EBE-C474203FEA22},0.1030042857366,0.00028970270971228
409,V128,36,3,36,A,7,17,S155, ,0,{3123BD39-DAEB-4613-B590-6F5F9EA773E5},0.0691027747341195,0.000113784169313544
410,S165,48,3,36,A,3,17,F175, ,0,{E156F2C2-1964-4C53-806C-A6F47572E22C},0.0489492996931112,9.52155111236832e-05
411,S118,48,3,26,A,3,16, , ,0,{BA8CD954-819B-45E5-8C10-4496C3298915},0.0551324874288906,0.000116511378770438
412,S135,48,3,36,A,7,17, , ,0,{E6E15C12-E140-4A81-81D8-E3BF2A92CBF7},0.0565517330506191,0.000124305949397081
413,S164,48,3,36,A,3,17,F101, ,0,{2ADB4ACB-7148-4F7D-ACC8-AE1B6940D528},0.0768778376036554,0.000161235810562321
414,F184,33,3,36,A,7,17,S157, ,0,{1880BCD3-85AE-4C4C-93EB-BBF0D94FCECB},0.119854161031508,0.000611783108740644
415,S156,48,3,36,A,3,17, , ,0,{068935C5-2F81-47A6-9ADA-42905E98913C},0.0380146808222364,7.07993896321919e-05
416,F185,33,3,36,A,3,17,T101, ,0,{179D4AE4-566A-47CD-BE97-C46F4D036B97},0.0460039095795468,8.03443707748921e-05
417,S161,48,3,26,A,3,16, , ,0,{492506CE-129B-4A05-A5A6-6DD71B278FE0},0.0544965196357495,9.43977344970899e-05
418,S129,48,3,26,A,3,16, , ,0,{8CB8211A-ABB5-4F0C-BF6B-3DAFA12F4EF5},0.0715071366578822,0.000216961034698855
419,S132,48,3,36,A,3,17, , ,0,{1089EC15-5C89-4AA9-AAD9-3243409B770B},0.0765679927060871,0.000137276841082006
420,F186,33,3,36,A,7,16,T102, ,0,{EABFA07A-407B-449B-AB74-3918E4E9C841},0.051250499046245,0.000114100117251998
421,S140,48,3,26,A,3,16, , ,0,{C5D93443-B510-4923-8C55-7A2D3E67E3CA},0.0686521075550306,0.000174099954364348
422,E182,32,3,26,A,3,16,S137, ,0,{467E2ACB-A364-49C7-90B0-C81DD0F07D5F},0.109289141904213,0.000322235361588278
423,S168,48,3,26,A,3,16,T103, ,0,{29180441-D32C-4D02-A5C8-AAA88813BB98},0.0534805672498365,0.000120219749809105
424,S116,48,3,26,A,3,16, , ,0,{1162466D-79EE-4578-92FD-E48244902F20},0.127392789080548,0.000704792980292343
425,S128,48,3,26,A,3,16, , ,0,{B0D22461-7E5F-4A17-B023-8047CA0BB25D},0.082774456277355,0.000162961921439053
426,S160,48,3,26,A,3,16, , ,0,{E9AFBAEA-96AD-4762-84F8-02B3FE224A95},0.0727242394565072,0.000273273489368251
427,S144,48,3,26,A,3,16, , ,0,{98AF49D0-EC9A-409D-8F97-11AC18173586},0.0673954263202535,0.000136229990082556
428,S126,48,3,26,A,3,16, , ,0,{A5FB4CB0-FEE6-44AF-9FE9-27A070D37DB9},0.0973785492881437,0.000206480476839478
429,S153,48,3,26,A,3,16, , ,0,{67EE3514-EC5E-4B13-96C0-25F200E6105D},0.207037848197949,0.000917013097953575
430,S143,48,3,26,A,3,16, , ,0,{57AA6C46-345B-4A1C-A454-3ED2C5AABF4C},0.107314581000764,0.000394768672075627
431,S125,48,3,26,A,3,16, , ,0,{153C045C-7A65-4219-BAD6-BC41E6469F36},0.153061540412567,0.00120149933092307
432,L160,41,3,33,C,1,1,M107p/M161/N140, ,0,{1533EC1E-444E-4F36-BA4F-548C6AD40DE0},0.0441827532654576,4.05340216556493e-05
433,O127,44,3,37,C,4,1, , ,0,{CC8FA2F6-F13D-45BF-B616-08C485B6AED7},0.0734234851129761,0.000239354649127676
434,L162,41,3,33,C,1,5,M157,SM,0,{9D550B36-02AE-4E65-B4B4-F1986132560D},0.00618410118832641,2.37186403136934e-06
435,H127,35,3,35,B,6,2, , ,0,{CDA86870-F759-4134-8854-0BF86D6B57DA},0.0493672383951632,6.18836105663723e-05
436,Q124,46,3,35,B,6,2, , ,0,{85B60E77-4D40-4E1B-8838-A77354F9AA7E},0.0461310033941668,0.000100145212662605
437,K136,40,3,35,B,1,3,K113p, ,0,{40CDDFF6-0855-449B-8B57-CC57BDE8C819},0.0176986138675671,1.87244608027516e-05
438,K118,40,3,33,C,4,15, , ,0,{C8FCD2A2-D9E8-4353-BB30-0E93AD4D3394},0.0370147605337486,5.04781123039407e-05
439,K138,40,3,33,C,4,12,K126p, ,0,{BA52CCE9-A1B9-44B4-9636-4460AA930917},0.0246291178839042,3.34153697597101e-05
440,M130,42,3,35,C,1,3, , ,0,{631A5B40-1300-4D70-8EB4-F45D7C439E3A},0.0301952798606139,3.54921239888201e-05
441,M160,42,3,19,C,6,10,M144p, ,0,{6E169A49-5557-4738-9A91-E8B3E7D04E00},0.0120379683238086,8.04491819637813e-06
442,M159,42,3,19,C,6,4,M144p,SM,0,{30C82E6D-463C-4BAC-A36A-2A1887BBA20A},0.0125857229619875,9.46314835396396e-06
443,K112,40,3,35,B,1,6, , ,0,{F86BFF59-0680-40DF-898E-2705A124CD27},0.0292791873039338,4.82610233818604e-05
444,L140,41,3,33,C,1,6, , ,0,{00E69168-16D1-46B4-A74C-19C7D3D2CCFA},0.0195944135884831,2.30244580142126e-05
445,C128,30,3,19,A,2,10, , ,0,{B8CEB5FA-C52A-4EDD-9D8E-5CA3327A2433},0.0232409695205377,1.64437695997185e-05
446,C130,30,3,19,A,2,10, ,SM,0,{1F0698C3-4726-416F-A251-387962F1907F},0.0126407101126557,6.08196331402294e-06
447,C144,30,3,19,B,2,26, ,SM,0,{3F6E7495-52A7-4323-8683-647F87DF4D3E},0.0105621164696616,6.07725041469072e-06
448,D145,31,3,35,B,7,11,D113p, ,0,{4001D0C0-4964-410B-8C43-AEA4EB42D12A},0.0248776262063515,3.30698479437385e-05
449,V109,36,3,20,B,7,20,B178,SM,0,{75EE909E-D468-4E91-A98C-11722923134E},0.0573041669733138,0.000164120739411381
450,V123,36,4,36,A,7,19,F178,SM,0,{E3B2DF71-3DB5-44D0-BE76-50252E8A1540},0.0223129315318514,1.7118848629709e-05
451,C131,30,3,19,B,2,10, , ,0,{EC6A8055-4382-4CA1-B482-01D9981C17A3},0.0565865847972648,5.5510634138125e-05
452,K139,40,3,37,C,4,25,A124p,NV,0,{0912AD77-8BF5-4490-B13C-D478522C34A8},0.00653079271544,1.64446953644186e-06
453,J143,38,3,37,C,4,25,A123p,SM,0,{70D347A2-EAF5-43A2-B663-5EBE269C741E},0.0461156001828392,5.48041088115961e-05
454,H156,35,3,38,B,5,13,B131p,NV,0,{E06A907C-7171-477A-81E0-85D779AB01C3},0.000796782589014834,1.47442632312408e-08
455,C146,30,3,19,B,7,22,B155p,SM,0,{6A18304A-FAF6-43D2-A076-9F573A19F07D},0.0129819741899337,1.77106623245486e-06
456,I147,37,3,38,B,7,22,B173p,SM,0,{8941C10D-44BF-4F3C-9523-29C061EA2279},0.0520308456532592,0.000115915621717111
457,G168,34,3,19,A,2,26,D101p,SM,0,{DED202FF-A404-41E9-B12B-FF8E39E5D9F3},0.014260188690417,7.54306134180643e-06
458,C147,30,3,35,B,7,26,D113p,SM,0,{C78112AB-0AD8-4029-841F-7D454D350980},0.00359173306744654,8.22197342487723e-07
459,C139,30,3,19,B,6,22, ,SM,0,{76F004DF-7853-4FC9-B1A3-FA998E9A5769},0.0287090721951804,3.94326177444177e-05
460,C148,30,3,19,B,7,11,D136p,SM,0,{AB644543-E85C-4C4D-978E-7333B38E83B1},0.0142437954442162,2.92775199228455e-06
461,C150,30,3,19,B,7,11,D136p,SM,0,{E6400FC6-7515-4945-9CFB-6C9649D7FA34},0.00543664738854732,1.74975514090944e-06
462,C149,30,3,19,B,7,11,D136p,SM,0,{85A6DAAE-8002-48C2-8065-5D18B3809D80},0.0120711824968278,6.45395861021318e-06
463,B181,29,3,20,B,7,11,D137p,SM/Dry,0,{CB11BB11-3EF1-4C6E-9F02-5D391D52DA75},0.024017971304023,1.49124044387424e-05
464,E141,32,3,36,A,2,7, , ,0,{0D1466DF-D36D-4521-ACEE-73F1D6F243E5},0.0232421124095935,2.82999098552051e-05
465,L153,41,3,36,A,3,7,E151p,SM,0,{46E05CCB-E4AC-47A5-AEB7-C87F92F8EAB6},0.0234659765913959,2.36279454636015e-05
466,F181,33,3,36,A,3,7,E175p & S122, ,0,{1126469A-C854-49DD-9507-F7C5E4A7E705},0.071585773958727,0.000132428173086765
467,I144,37,3,38,B,5,24,H148p,SM,0,{95BF2D3A-4EB0-49FE-8680-117B3C124211},0.0277756462904491,3.68450223421324e-05
468,K143,40,3,35,C,5,15,J104p,NV,0,{64BF0FF4-595D-44A4-8D8A-0CA8E7477FF2},0.00687741093012706,6.022456908052e-07
469,G104,34,3,35,A,2,8, , ,0,{ED47EF5A-E3E0-469B-A30C-85C7174C4154},0.0236886919952986,2.4327785725854e-05
470,M172,42,3,35,C,1,4,L111p/ L113p, ,0,{2B162B2D-0AA8-4A94-BA37-02969202E86A},0.0258441556600526,2.80867259100744e-05
471,K150,40,3,35,B,5,15,J130p,NV,0,{5D562B07-59A1-41D5-A2E2-B44502B01850},0.00658630515814847,2.17847048685164e-06
472,L149,41,3,33,C,1,4, ,SM,0,{A96D8B7B-3641-496A-A650-D1A2F3C39315},0.0111229731268667,7.40716475441856e-06
473,L155,41,3,33,C,1,9,L117p,SM,0,{C1506DE8-3122-48B3-8FA0-B562EC00095D},0.00804927439363744,3.53003020331197e-06
474,N147,43,3,33,C,1,4,L144p, ,0,{12BAF723-2231-49F9-8766-88F7A9F9856E},0.019641573519766,2.09379176541585e-05
475,L135,41,3,26,A,2,9, , ,0,{743B3F8E-8DF0-46C8-8964-B0E3B9DA2A73},0.0398341055241591,5.90450023534495e-05
476,D142,31,3,20,A,7,11,D143p, ,0,{EF8BAC97-85B0-41F7-A74E-FD69218F5CA1},0.0556871507640768,0.000103196615207578
477,B184,29,3,19,B,6,23,Q119p,SM,0,{9C871BF7-1C69-41BF-A09A-E0B169CEF864},0.0161199464140561,1.62483334143761e-05
478,N149,43,3,33,C,1,1,M103p/M132p,SM,0,{736BCAA0-AFA5-43B1-8FD7-84AA8DD05EB7},0.0164289652638931,1.0359798752309e-05
479,H158,35,3,19,B,6,15,K129p,NV,0,{AE76BE53-C3DC-4D34-A7E6-61B42E555074},0.00364250114520468,7.24703996976156e-07
480,K151,40,3,35,C,4,15,J104p,NV,0,{386BFA7E-0633-41C1-8D76-6A39E3EB4AA1},0.00216258553970461,1.90466208300792e-07
481,J154,38,3,33,C,4,15,K118p,NV,0,{4B036412-AEF3-4FD2-A251-3D1823D48771},0.00848468199704906,3.17832436177439e-06
482,I125,37,3,38,C,5,13, , ,0,{FB990DDA-8811-4AA4-B1DA-9BED49609907},0.0588108717831145,0.00016729679533436
483,C124,30,3,19,A,2,26,C122p/C124p, ,0,{BB49AA0A-CA70-415F-9AEB-822783A7B4A5},0.0509914639565826,7.77155705600984e-05
484,G169,34,3,19,A,2,9,G150p, ,0,{9F641B17-5C18-41AE-9606-E8E466C45EDA},0.0291702163100412,3.60939616768093e-05
485,J151,38,3,37,C,5,13,I123p,SM,0,{09F7FE3B-44C7-4702-B36B-527D707E0F6C},0.0275479262218013,4.33981440020782e-05
486,M165,42,3,19,A,2,8,G142p,NV,0,{508150C1-A222-45A6-8473-6F5B20C5E951},0.00766767247648435,2.21460094977774e-06
487,M164,42,3,19,A,2,9,G140p,SM,0,{1A19F38F-D493-4391-8C87-898BD463C14F},0.0105245466178309,2.94396583544491e-06
488,A141,28,3,37,C,4,25,K132p,SM,0,{296E9D16-74B9-4149-BFE3-FFC0B971D807},0.00978962931934299,5.18287432948653e-06
489,K132,40,3,37,C,4,25, , ,0,{910B3192-6A36-4A55-B1FD-8827BB56F8A4},0.0308366916397081,4.80862927355607e-05
490,M167,42,3,37,C,4,1,O140p,NV,0,{F42FCD60-72E2-46E2-83CB-A05E964BAAB6},0.017458250642537,1.65908684578395e-05
491,I107,37,3,37,B,5,15,I106p, ,0,{34E8CE1F-22D5-4337-8386-A2A6B1CA2C8F},0.0367389529057182,6.13960402397589e-05
492,D121,31,3,19,B,7,22, ,Dry,0,{9D627745-0DA2-4823-A394-08A640D4B80E},0.0397509707859026,7.05644913140211e-05
493,M141,42,3,33,C,1,9, , ,0,{89073DFF-DA96-4C77-9493-98BD0A534897},0.0284459971166707,3.56453391217098e-05
494,L163,41,3,35,C,1,4,L110p, ,0,{5AEC93EB-EDE0-4280-A2B6-95118EACF378},0.00680869342279217,2.79230993813484e-06
495,C151,30,3,35,A,2,26,C124p,SM,0,{D45C794B-ADAA-449A-9E2E-C185502B3D5A},0.00907409885545856,1.86682110588814e-06
496,J146,38,3,35,C,4,15,K118p,NV,0,{DFA8A8ED-E1BB-41F4-8B4B-8FE345FA9AFC},0.000748275491657484,1.71208235002876e-08
497,H145,35,3,38,B,5,24, , ,0,{3FBAECC7-E453-499F-9682-8303DB6C7176},0.032248324360735,5.72022114500078e-05
498,Q139,46,3,19,B,6,23,Q119p, ,0,{C810136B-376C-4E61-8C04-DEA72645F4AC},0.0768958952824271,0.000133318558160857
499,I135,37,3,38,C,5,13,B143p, ,0,{75D9A91A-1799-4C4B-8C0C-CF64839046DE},0.351260990746964,0.00205797768165372
500,G106,34,3,35,A,2,8, , ,0,{B10ACD90-BE26-42F0-8D99-4D1779BE268C},0.0215421343858449,2.38220004424357e-05
501,C110,30,3,35,B,6,2, , ,0,{F89B6A1F-9210-4FAE-9F56-A68B7623870A},0.0405303312158452,5.13725185239731e-05
502,C123,30,3,19,B,2,10, , ,0,{82E295C8-6F53-478D-A87A-0BCCAE037496},0.0244270157393445,3.23031036187849e-05
503,C145,30,3,35,B,6,10, , ,0,{4E589C8B-F107-490C-8EC0-11DC8F4F88DF},0.0344985316637948,2.09587315314214e-05
504,D110,31,3,19,A,2,26, , ,0,{5E30550B-D8CE-4DFD-94EB-755299114944},0.0350809657631946,3.161828744553e-05
505,D144,31,3,19,A,2,26,D109p/D130p, ,0,{33E79062-B99B-4B3D-BA4A-4C3F395F2196},0.0456594023771874,4.84695805344768e-05
506,E157,32,3,36,A,3,7, , ,0,{45EE8EA1-D59E-4944-85E9-04D6DA3B99B7},0.0263009308266819,3.52940042235011e-05
507,E176,32,3,36,A,3,18,E157p, ,0,{EFD71918-3EBB-4E8C-BBCF-0C1A50C681D9},0.0387880359082168,5.6529811311134e-05
508,E161,32,3,36,A,3,18, , ,0,{4E3A0E4E-1211-400D-A59A-D14149F212DE},0.0538943153654362,6.06187209098907e-05
509,F155,33,3,36,A,3A,17, , ,0,{EE4509F9-5654-4A64-A80E-5622CF44BA63},0.0884197268595357,0.000250618147408068
510,F158,33,3,36,A,3,19, , ,0,{FABE01BD-154B-465B-9A05-EF8A87D15DD1},0.0435498820613431,6.17842513488452e-05
511,G149,34,3,19,A,2,26, , ,0,{2C22A5CF-E3C5-4939-9634-B96C9507D0E4},0.0263411249833182,2.41653929629953e-05
512,G162,34,3,19,A,2,8, ,SM,0,{05FC4087-E5CB-4EF9-93D6-2D9E9772BA3B},0.0616154521505024,7.44855171569978e-05
513,G148,34,3,19,A,2,8, , ,0,{C30E1DB7-84B2-40DB-AC80-AB3706C3B9F3},0.0369721792995547,3.38577800704648e-05
514,G166,34,3,19,A,2,8,G129p, ,0,{39B45401-A156-49F6-93F1-55B7B9F34281},0.0150685316315581,1.09962084394696e-05
515,I126,37,3,38,C,5,13, , ,0,{E9B68B0F-F1C3-4AF4-B85A-8A6C05A72B7F},0.0689346034238405,0.000204482605308685
516,M175,42,3,33,A,2,9,G140p,NV,0,{534CA0C1-5539-479E-BD09-A70EDA0907DF},0.00207019505513709,1.53378337719852e-07
517,M174,42,3,19,C,1,9,M143p,SM,0,{66D72B97-3C3B-42DA-808C-F2F27C1198E5},0.00155927794209046,1.10479406316396e-07
518,L108,41,3,33,C,1,4,L149p, ,0,{FAA74AE1-AC0B-4B24-A44A-941B015C80A3},0.0357706498572892,6.22433004067446e-05
519,L110,41,3,33,C,1,4, ,SM,0,{A601CDD8-5CDD-4D1B-8A71-6CD5846184B3},0.0285789979515788,2.36553269369127e-05
520,O138,44,3,37,C,4,1, , ,0,{9888F5B6-5169-461A-8333-EC017E0EBD1B},0.034896242350264,5.73069855682513e-05
521,A105,28,3,37,C,4,12, , ,0,{432918AE-B685-4EF6-8B29-9589BAE74F06},0.0771042943766358,0.000290765751850841
522,N113,43,3,33,C,1,5, , ,0,{D9687CA6-443D-462F-B9A7-CEF0EE07E112},0.0181154096943018,2.01046524354402e-05
523,N124,43,3,33,C,1,5, ,SM,0,{FB0080CB-4F3E-4692-B5EF-E3F5693AF41A},0.00416503800800213,9.68403942263477e-07
524,N127,43,3,33,C,1,5, ,SM,0,{046A111C-A607-4505-A663-0C4519EA0B18},0.0464699386536378,3.0071514103264e-05
525,N137,43,3,33,C,1,5, , ,0,{0C692C74-4BC4-4C93-B442-22FF10D8C0AF},0.0375747155461777,6.19439968782017e-05
526,N138,43,3,33,C,1,5,N111p,SM,0,{4AA7A739-142D-4FBA-9F99-F78F1B6CD27D},0.0119658018976268,7.19116645364085e-06
527,N150,43,3,33,C,1,5,M158,SM,0,{B1AA5298-F351-4D8C-8C68-4CA6F4E65397},0.00496602087190133,1.47050970270748e-06
528,M107,42,3,33,C,1,1, , ,0,{7DF4731E-4940-44F0-B647-4112D7340A46},0.0256857839426441,4.08867529564381e-05
529,M168,42,3,35,C,1,6,K105p, ,0,{9DFF6D7B-27B2-43AB-AA86-3EC71D28F319},0.01041163494953,6.12787001704347e-06
530,L112,41,3,35,C,1,4, , ,0,{F5DAA999-D6A8-44FD-A79E-AED90DCC19CE},0.0347432458073087,4.37327196186976e-05
531,H133,35,3,19,B,6,10, ,SM,0,{B967DD26-7FB2-4E01-BB7E-D0B67930E6C6},0.0102945939266717,5.54169837060908e-06
532,H152,35,3,19,B,6,8,H102p, ,0,{1856EBFD-F3F9-4D29-A404-3DC3730A6694},0.0133578109420853,1.10983443336013e-05
533,H109,35,3,19,B,6,10, , ,0,{C0B0811A-B9EC-44C6-A134-1F73C0BABBA6},0.0201053054826804,2.32299633244756e-05
534,H125,35,3,37,B,6,21, , ,0,{17B54DFF-CFE1-4A4D-9DD6-FE8F54269799},0.043481194157537,4.87620789166265e-05
535,H159,35,3,38,B,5,24,Q118p, ,0,{3443C0A9-6DF5-4D34-A902-338723D66A99},0.0265280033804682,2.61673210155321e-05
536,H123,35,3,35,B,6,21, , ,0,{4CC193BB-826D-4C9A-9571-43AE69A37FBA},0.124664063533726,0.000329909060760976
537,H126,35,3,35,B,6,21, , ,0,{405809D4-6D39-4100-9784-D6D1AE7EAF10},0.0310519170130311,5.37979647310497e-05
538,H150,35,3,19,B,6,10, ,SM,0,{13E6A146-B0EF-4F35-AE95-2C0AB1C19438},0.0125118769560486,2.65388298317748e-06
539,E185,32,3,36,A,3,7,E151p/E155p, ,0,{386D0ABC-EC2D-4E58-8118-070B2DFD6D3B},0.0206246248258067,2.18630453421134e-05
540,K148,40,3,33,C,4,15,J131, ,0,{F0A67C82-F3FA-4BFB-9FF0-182C4D766896},0.0348457472481522,6.39838513834447e-05
541,V103,36,4,14,B,7,20,B161p, ,0,{1AFFF48B-26F4-405D-B088-06D9AFEF8013},0.308676326725032,0.00283662463128798
542,B161,29,4,14,B,7,20, ,SM,0,{C868B459-A806-4AF2-A6B7-72884AD23FCC},0.216721033062266,0.000865491946922172
543,O136,44,3,37,C,4,12, , ,0,{E81FD2E0-E4AB-4A1F-98AC-532B0632B07D},0.0716064983765173,0.00021433393493703
544,B153,29,3,14,B,7,20, ,SM,0,{F4004A38-9137-4268-83AC-FE7B8CA23220},0.161585660243809,0.000792009893165782
545,G167,34,3,19,A,2,26,C122p/C124p, ,0,{E98E25B3-2425-4616-A990-19D567854748},0.0277114259799025,3.30606117129686e-05
546,E167,32,3,20,A,7,18, , ,0,{FEA38EED-D490-4851-8928-D6187ADF8E12},0.110076512635455,0.00032522819654692
547,G155,34,3,19,A,2,26,C129p/G154p, ,0,{78B7A0BB-EE11-44B4-AAF8-FCE27CF67E3F},0.0749854065587337,0.000101301483223811
548,E143,32,3,36,A,2,26, , ,0,{AEB5ECE6-84A7-4875-B5DD-39485C9621E4},0.0581289865998017,0.000108019794801351
549,G140,34,3,19,A,2,9, , ,0,{E000B8A8-7A4B-4620-A4F1-B2CF6A0504C3},0.0265809848443119,4.02569728619337e-05
550,M162,42,3,35,B,2,8,G103p, ,0,{7A6B41BB-3E2C-4C7C-B6AB-31135CC9A896},0.0199028571042694,1.81257360195889e-05
551,G124,34,3,19,B,2,8, , ,0,{A060761C-36FD-4EE7-9821-B82E8485F854},0.0447908642880465,7.3268046407779e-05
552,A118,28,3,37,C,4,14, ,Dry,0,{F2422CB6-0097-484A-B800-F63046D82718},0.0494033340493291,9.09423625685461e-05
553,C125,30,3,35,B,2,10, , ,0,{CB60CFDA-7C5D-4299-AD94-04EA89811D0C},0.034239444189307,4.86361429772183e-05
554,C143,30,3,35,B,6,21, , ,0,{990EFC89-F16D-4DCC-9DC0-85EB28A3E9A9},0.049493740399453,0.000100642039697026
555,D138,31,3,19,B,7,11, , ,0,{84DB988A-717A-4EE3-9BF3-BF48A11A5FFA},0.0543365942240905,0.000123312828566592
556,D135,31,3,19,A,2,26, , ,0,{0951C336-1FEC-4132-8080-D31FBCE916AD},0.0522409163668128,6.07201265378293e-05
557,D104,31,3,19,A,2,26, , ,0,{E43DE646-383E-45AB-AD6C-21FE2FBB9A8B},0.0437093063674828,7.17077855241483e-05
558,F172,33,3,36,A,3,17, , ,0,{AC43358E-3928-4C44-93C7-9BDB95101958},0.0448910914421282,7.79913006331901e-05
559,G112,34,3,19,B,2,8, , ,0,{7B86E1B6-6D80-46A9-AA64-F6A79BBF1986},0.0466749419791812,5.87130822911176e-05
560,H151,35,3,19,B,6,10, ,SM,0,{9A69144B-6511-4E33-96C3-8D1DB8426F56},0.010964278968522,5.1757339185192e-06
561,I112,37,3,37,B,5,21, , ,0,{DE929300-4A55-434F-A72D-CE581054A4CB},0.0406543718426109,0.000101411007704118
562,O135,44,3,37,C,4,12, , ,0,{2978BBE9-A477-4CC6-8286-6A043125C4B6},0.124415855102268,0.000656115163365789
563,Q107,46,3,35,B,6,24, , ,0,{60F95A3F-23A5-4CA6-9037-8BE7977518A4},0.100932869654752,0.000270418647014838
564,S167,48,3,26,A,3,16,N133, ,0,{994A73D1-58B5-4E09-B255-E8EA68A57352},0.121750393365069,0.0008421939813348
565,L119,41,3,33,A,1,9, , ,0,{4AF7C13B-F519-4749-9FA4-4ED16E48ED6F},0.0327183568557034,4.62976549671144e-05
566,L117,41,3,33,C,1,9, , ,0,{11744135-2E57-4444-BEC9-8B265F02B3C8},0.0424646071195713,6.5568083916301e-05
567,M129,42,3,35,C,1,6, , ,0,{2041ECEA-B4B9-4B67-AC05-D95DD8393E37},0.0641875744733566,0.000110959023643469
568,L164,41,3,33,C,1,9,L117p, ,0,{5CE65764-28A5-4389-A993-51ED5E49673C},0.0755235559640323,0.000171557950313803
569,N135,43,3,33,C,1,9,L117p, ,0,{E7C14D25-1BD1-46D3-A782-B5D233847CAA},0.0932635204731511,0.000274099455223117
570,N130,43,3,26,A,2,9, , ,0,{151380CE-C84A-457C-BC52-F1522A3A4984},0.0862552544775085,0.00024082844336044
571,S141,48,3,36,A,3,17, , ,0,{CC5880C7-EC57-42EF-A179-58709BC5353A},0.0531507133310246,0.000143275540751235
572,S139,48,3,26,A,3,16, , ,0,{09B554EA-E676-4475-B20A-3384FDA6D691},0.0923751933752442,0.000213277398503443
573,G126,34,3,19,B,2,8, , ,0,{0BF7CE3C-0536-44C6-B09E-2A3D5ACD84FB},0.0368751342575891,6.77894806174512e-05
574,O133,44,3,37,C,4,14, , ,0,{B3F1FC84-4693-499D-9165-7D522B6682E0},0.0790303852526396,0.000269633694499957
575,I143,37,3,38,B,5,24,H145p,SM,0,{A4B5AF1B-531E-43B5-BE58-96CE3BCBD619},0.0309066615296335,4.05903046347249e-05
576,V116,36,3,20,A,7,11,F150, ,0,{1192B1C8-960E-4826-9D29-8814B916A1F6},0.176025867981659,0.000888440175174266
577,F176,33,3,36,A,3,19, , ,0,{EC55D2A5-B696-4895-A60B-C732A112E781},0.0476107957290689,0.000106583159190679
578,I155,37,3,38,B,5,23,Q135,SM,0,{F6BF40EB-3E8E-46C3-854E-0FDCC2C8BCCF},0.0156474048881633,7.2323856631466e-06
579,L118,41,3,26,A,2,9, , ,0,{81129967-1A53-465B-9E40-FD5B417D11E8},0.0665803965179199,0.000127040997251452
580,J142,38,3,37,C,4,25,A128p,SM,0,{423EDF97-845B-4CD3-AAE5-B0C758B54274},0.0115777371709989,1.75926528851626e-06
581,H130,35,3,35,B,6,21, ,NV,0,{B50AD9C3-FD10-4A04-9AE5-005BF780766B},0.114938560378905,0.000450256650902099
582,I156,37,3,38,C,5,13,I125p, ,0,{4879EFF8-3F88-444A-8C78-D59F77B94DB4},0.0355521689742126,6.34380407054746e-05
583,H124,35,3,37,B,6,21, , ,0,{05AA82F7-A29F-4B41-9B00-BCF34634F157},0.0673906172551382,0.000153299942484158
584,A135,28,3,37,C,4,25, ,pDry,0,{1C66148F-50D4-4415-A3DF-9020E4019EF1},0.0579576451397306,0.000107575042620985
585,J122,38,3,37,C,5,13, , ,0,{F5A027CE-D595-42E8-8BBD-F5D8B9611BA5},0.0796341543808994,0.000341551332615216
586,J155,38,3,10,C,5,14,B125p/J139p,pDry,0,{921521AB-3C69-4623-A920-E005399AD7D9},0.207054155263775,0.00174543317865054
587,A134,28,3,10,C,5,14, , ,0,{494F1795-D0EF-4C22-942E-1A9BA40AEB56},0.0849168479902437,0.000212670674677087
588,J123,38,3,38,C,5,14, ,pDry,0,{60ACA29F-CE0A-4C95-8B65-415C5D60C1A3},0.160923870489674,0.000413962174941978
589,A131,28,3,37,C,4,25, , ,0,{3A9B20AE-9F4D-4F2F-88A4-BCFFDC090B4F},0.111369766362943,0.000255954633867411
590,I122,37,3,37,C,5,13, , ,0,{15C3CC53-9291-4D46-AF09-58F51FF5D375},0.0406471492894688,5.37121710023507e-05
591,I151,37,3,38,B,5,24,Q118p, ,0,{F215304E-58EB-43E7-9057-4F80EF671A02},0.054322483134135,0.000128095685525191
592,Q116,46,3,35,B,5,24, , ,0,{19856DC0-7F17-41DB-9296-2BA0622A7314},0.0469118636619862,0.000124283871606085
593,H138,35,3,35,B,5,24, , ,0,{9E4A93D8-364C-482E-B9AB-E878C9F30D1B},0.0641950003179624,0.00018344298709801
594,Q109,46,3,19,B,6,23, , ,0,{EB9FE036-0F3B-4F8C-8922-C7C101C336A0},0.0668744781696447,0.000218543470958842
595,A123,28,3,37,C,4,25, , ,0,{86136E73-317E-4311-8A40-E011017F7FC9},0.133513311122936,0.000374154257517026
596,J105,38,3,33,B,5,15, , ,0,{25CBAAEC-1A5D-4C9F-8A4F-41D83FF229F8},0.110614693480987,0.000423328737554609
597,J101,38,3,35,C,5,15, , ,0,{569E007E-E5FF-4295-8492-C3E2236BD665},0.0465678607752208,6.85103350234866e-05
598,K133,40,3,35,B,6,15, , ,0,{A77C3CFC-E34D-4876-A7D8-2F6493F9E8EC},0.0331172409118624,4.35929431076424e-05
599,H141,35,3,19,B,6,10, , ,0,{1BA97F33-2E31-4902-9CC5-6449A038BD22},0.0541452497224133,4.78112798605043e-05
600,F166,33,3,36,A,3,19, , ,0,{9FF649C4-6044-4C66-BB3D-43FE315CAABD},0.0635582278208596,0.000112655790403942
601,V120,36,3,36,A,7,19,F168, ,0,{3D7DE342-8051-43E2-B2B2-1520A0E3AF31},0.0983521634227357,0.000369411372275536
602,M139,42,3,35,C,6,4, , ,0,{C0D3CE91-A4E0-4342-B518-6A13AF0EBA08},0.0555167822815395,5.96281987930962e-05
603,L161,41,3,33,C,1,5,N119, ,0,{B05523BB-5533-4138-B32D-FA8250B26661},0.0406646223973203,6.89378851176909e-05
604,N146,43,3,26,A,2,9,L135p, ,0,{150E6F53-B41A-4FB9-AE72-68066DE0F7CB},0.0397586829031492,6.39032317187785e-05
605,E152,32,3,26,A,3,16, , ,0,{79C5525C-C3FE-4241-93F5-998FAE5D9816},0.0652458025975244,0.000162658426444591
606,S150,48,3,36,A,3,17, , ,0,{DF65CC17-0F9B-40CB-A948-A067F0A31346},0.0636463443332549,0.000165086689217638
607,F187,33,3,36,A,3,16,T104, ,0,{3EB61181-3D74-49B5-A63B-62DA5F994605},0.0357605791013752,6.82282039148351e-05
608,N139,43,3,33,C,1,1,N113p,SM,0,{ECD02937-A0D8-4817-99FC-38B828E5E01D},0.0139619774256069,9.00108308178627e-06
609,V122,36,4,20,A,7,20,F177,NV,0,{D17798BD-535D-4209-9FC2-28A7F2BAC0A1},0.0120689273926935,5.22931099443252e-06
610,V118,36,3,36,A,3,19,F158p/F159, ,0,{CD7176AD-C835-40A8-BA31-32115F2638C2},0.069697007125935,0.000143479105590315
611,O107,44,3,33,C,4,1, , ,0,{FD8FAD24-3106-4D15-B6D7-56CDE20E01B9},0.0826258344062529,0.000187495395017054
612,H160,35,3,38,B,5,24,Q131p, ,0,{4CD0DF15-CC7C-41AA-9F31-0EA13CF54BA3},0.0554392521655983,0.000141649898429195
613,H157,35,3,19,B,2,8,G111p,SM,0,{7842037D-D72D-49E7-92F6-B3AC4510C268},0.00637360356065878,2.04129900193408e-06
614,H112,35,3,19,B,6,10,G111p, ,0,{879E6CBA-C45D-453C-8340-7F5BAC50F890},0.160835764992163,0.000365390991830936
615,V132,36,3,14,B,7,20,B153p, ,0,{F1A23A7A-E627-45CF-9A4C-F2EA319A2E32},0.0377180914188901,4.93152328228418e-05
616,M121,42,3,35,C,1,6,M120p, ,0,{52FBF77C-1647-4EDD-BC8A-6C5A292905FB},0.0378510446765796,5.78524091451293e-05
617,A125,28,3,37,C,4,25,A124p, ,0,{A8F471D4-2FF4-4A21-A2BC-D221A49E5C52},0.134070138367378,0.000360931926615146
618,C101,30,3,35,B,6,10, , ,0,{4335C6D2-080A-458E-A5A4-9E2E1F155F62},0.125145147342561,0.000608240218105015
619,V102,36,3,14,B,7,20,B153p, ,0,{3ABEBEEC-C5B5-40ED-B490-2EBD6079FD67},0.115791887583359,0.000455796358924282
620,J144,38,3,37,C,4,25,A125p, ,0,{E8C8ADE9-E729-4FED-A8BD-3ED8BC35D306},0.0731966135367073,0.00013174020001622
621,J119,38,3,37,B,5,25, , ,0,{F0C217FA-64A6-4167-8BA5-D62F6DF02169},0.0387935297301664,7.69511750857452e-05
622,N145,43,3,33,C,1,4,L107, ,0,{3B3BEBD0-59FA-42A8-9152-A01A7737D264},0.0339215604266543,3.58665865241911e-05
623,Q136,46,3,35,B,6,21,Q124p, ,0,{6433337C-AF6A-4466-912D-FDB5C2561C1A},0.0499027566765317,0.000104210416979646
