County,Voter Registration #,Last Name,First Name,Middle Name,Suffix,Street #,Street Name,Apt/Unit,City,State,Zip Code,Mailing Street #,Mailing Street Name,Mailing Apt/Unit,Mailing City,Mailing State,Mailing Zip Code,Application Status,Ballot Status,Status Reason,Application Date,Ballot Issued Date,Ballot Return Date,Ballot Style,Ballot Assisted,Challenged/Provisional,ID Required,Municipal Precinct,County Precinct,CNG,SEN,HOUSE	,JUD,Combo #,Vote Center ID,Ballot ID,Post #,Party
ATKINSON,00572275,SIRMANS,ROWAN,,,606,COLUMBUS RD, ,PEARSON,GA,31642-3742,606,COLUMBUS RD,,PEARSON,GA,31642-3742,A,,,08/26/2020,09/18/2020,,MAILED,NO,NO,NO,,0001,008,007,176,ALAP,00003,,00043,227,
ATKINSON,00574632,BRUCE,EMORY,,,299,GEORGE PAULK LN, ,WILLACOOCHEE,GA,31650-4634,299,GEORGE PAULK LN,,WILLACOOCHEE,GA,31650-4634,A,,,02/28/2019,09/18/2020,,MAILED,NO,NO,NO,,0003,008,007,176,ALAP,00012,,00001,54,
ATKINSON,00574093,MCKINNON,SHIRLEY,PITTMAN,,1364,WH WALKER CIR, ,PEARSON,GA,31642-3627,1364,WH WALKER CIR,,PEARSON,GA,31642-3627,A,,,08/19/2020,09/18/2020,,MAILED,NO,NO,NO,,0001,008,007,176,ALAP,00003,,00017,113,
ATKINSON,00572427,TUCKER,HERMAN,IVEY,,3699,ICE PLANT RD, ,WILLACOOCHEE,GA,31650-6763,3699,ICE PLANT RD,,WILLACOOCHEE,GA,31650-6763,A,,,08/25/2020,09/18/2020,,MAILED,NO,NO,NO,,0003,008,007,176,ALAP,00012,,00008,164,
ATKINSON,00572674,DAY,LORENE,FLOYD,,483,MAIN ST N, ,PEARSON,GA,31642,483,MAIN ST N,,PEARSON,GA,31642,A,,,08/28/2020,09/18/2020,,MAILED,NO,NO,NO,PE,0004,008,007,176,ALAP,00004,,00001,12,
ATKINSON,00571993,LASHLEY,FLORENCE,TAFT,,7255,HWY 441 N, ,PEARSON,GA,31642,7255,HWY 441 N,,PEARSON,GA,31642,A,,,08/26/2020,09/18/2020,,MAILED,NO,NO,NO,,0001,008,007,176,ALAP,00003,,00013,101,
ATKINSON,00572623,BURCH,LOUNELL,WHITE,,7084,ATKINSON BLVD E, ,AXSON,GA,31624,7084,ATKINSON BLVD E,,AXSON,GA,31624,A,,,08/19/2020,09/18/2020,,MAILED,NO,NO,NO,,0002,008,007,176,ALAP,00008,,00003,56,
ATKINSON,00571631,CORBITT,MILDRED,HARRELL,,84,FELTON CIR, ,PEARSON,GA,31642,84,FELTON CIR,,PEARSON,GA,31642,A,,,05/19/2020,,,MAILED,NO,NO,NO,,0001,008,007,176,ALAP,00005,,,,
ATKINSON,07096442,MILLER,ELAINE,CATHERINE,,331,GEORGE PAULK LN, ,WILLACOOCHEE,GA,31650-4662,331,GEORGE PAULK LN,,WILLACOOCHEE,GA,31650-4662,A,,,02/28/2019,09/18/2020,,MAILED,NO,NO,NO,,0003,008,007,176,ALAP,00012,,00007,115,
ATKINSON,00572170,NIXON,GWENDOLYN,ANN,,121,BYRON ST,UNIT 121,PEARSON,GA,31642,121,BYRON ST,UNIT 121,PEARSON,GA,31642,A,,,08/28/2020,09/18/2020,,MAILED,NO,NO,NO,PE,0004,008,007,176,ALAP,00004,,00003,30,
ATKINSON,05775103,PAULK,NIXON,JULIUS,,4272,ICE PLANT RD, ,WILLACOOCHEE,GA,31650-6421,4272,ICE PLANT RD,,WILLACOOCHEE,GA,31650-6421,A,,,08/19/2020,09/18/2020,,MAILED,NO,NO,NO,,0003,008,007,176,ALAP,00003,,00003,133,
ATKINSON,00572268,SIRMANS,CORENE,MORGAN,,5000,LIVE OAK CHURCH RD, ,PEARSON,GA,31642-5850,5000,LIVE OAK CHURCH RD,,PEARSON,GA,31642-5850,A,,,05/19/2020,,,MAILED,NO,NO,NO,,0001,008,007,176,ALAP,00003,,,,
ATKINSON,00571501,BENNETT,HORACE,JOHN,,7686,HWY 441 S, ,PEARSON,GA,31642,7686,HWY 441 S,,PEARSON,GA,31642,A,,,08/19/2020,09/18/2020,,MAILED,NO,NO,NO,,0001,008,007,176,ALAP,00008,,00010,47,
ATKINSON,00571721,DELK,EMMALINE,MURRAY,,106,PINE AVE, ,PEARSON,GA,31642-7463,106,PINE AVE,,PEARSON,GA,31642-7463,A,,,05/19/2020,,,MAILED,NO,NO,NO,PE,0004,008,007,176,ALAP,00004,,,,
ATKINSON,12387490,FOMBELLIDA,MANUEL,JOSE,JR,4441,CALAS FARM RD, ,AXSON,GA,31624,4441,CALLAS FARM,,AXSON,GA,31624,A,,,09/03/2020,09/18/2020,,MAILED,NO,NO,NO,,0002,008,007,176,ALAP,00008,,00026,203,
ATKINSON,00942983,CARTER,HELEN,PATRICIA,,4380,ATKINSON BLVD W, ,PEARSON,GA,31642-5257,4380,ATKINSON BLVD W,,PEARSON,GA,31642-5257,A,,,08/19/2020,09/18/2020,,MAILED,NO,NO,NO,,0001,008,007,176,ALAP,00003,,00005,60,
ATKINSON,05334273,MATHIS,SHIRL,DENISE,,101,HERITAGE HILL RD, ,WILLACOOCHEE,GA,31650,,PO BOX 391,,WILLACOOCHEE,GA,31650-0039,A,,,09/02/2020,09/18/2020,,MAILED,NO,NO,NO,,0001,008,007,176,ALAP,00003,,00033,187,
ATKINSON,11195477,BEAUCHAMP,LINDA,LOU,,140,BEAVER HUT LN, ,PEARSON,GA,31642,140,BEAVER HUT LN,,PEARSON,GA,31642,A,,,08/19/2020,09/18/2020,,MAILED,NO,NO,NO,,0001,008,007,176,ALAP,00003,,00004,44,
ATKINSON,00572909,BELL,POMPIE,DELOUIS,,192,BELL LN, ,WILLACOOCHEE,GA,31650,,PO BOX 567,,WILLACOOCHEE,GA,31650-0056,A,,,08/19/2020,09/18/2020,,MAILED,NO,NO,NO,,0003,008,007,176,ALAP,00003,,00001,45,
ATKINSON,07570122,COLSON,CLIFFORD,VINSON,JR,409,AUSTIN AVE EXT, ,PEARSON,GA,31642-8256,409,AUSTIN AVE EXT,,PEARSON,GA,31642-8256,A,,,05/19/2020,09/18/2020,,MAILED,NO,NO,NO,,0001,008,007,176,ALAP,00005,,00028,184,
ATKINSON,02300452,LEWIS,CYNTHIA,STRICKLAND,,346,BARBARA STRICKLAND LN, ,AXSON,GA,31624-4616,,PO BOX 96,,PEARSON,GA,31642-0009,A,,,09/08/2020,09/18/2020,,MAILED,NO,NO,NO,,0002,008,007,176,ALAP,00008,,00031,230,
ATKINSON,00573982,DAY,LINDA,CORE,,77,PHILIP LN, ,PEARSON,GA,31642-8302,,PO BOX 1122,,PEARSON,GA,31642-0112,A,,,08/27/2020,09/18/2020,,MAILED,NO,NO,NO,PE,0004,008,007,176,ALAP,00002,,00004,5,
ATKINSON,00573378,PAULK,BETH,DEEN,,364,WINNES PAULK RD, ,WILLACOOCHEE,GA,31650-5106,364,WINNES PAULK RD,,WILLACOOCHEE,GA,31650-5106,A,,,08/26/2020,09/18/2020,,MAILED,NO,NO,NO,,0003,008,007,176,ALAP,00012,,00010,179,
ATKINSON,00573525,WILLIAMS,EVELYN,JACKSON,,38,PEGGY HILL/DELMAR ST, ,WILLACOOCHEE,GA,31650,,301 MORRISON DR,,ST MARYS,GA,31558,A,,,08/19/2020,09/18/2020,,MAILED,NO,NO,NO,WL,0003,008,007,176,ALAP,00001,,00029,175,
ATKINSON,00572530,WILLIAMS,MARGARET,,,1445,WILL LEWIS RD, ,PEARSON,GA,31642-4434,1445,WILL LEWIS RD,,PEARSON,GA,31642-4434,A,,,08/19/2020,09/18/2020,,MAILED,NO,NO,NO,,0001,008,007,176,ALAP,00003,,00031,176,
ATKINSON,00573414,RELIFORD,MARY,ELLEN,,137,LOWTHER ST, ,WILLACOOCHEE,GA,31650-2256,137,LOWTHER ST,,WILLACOOCHEE,GA,31650-2256,A,,,08/26/2020,09/18/2020,,MAILED,NO,NO,NO,WL,0003,008,007,176,ALAP,00001,,00030,178,
ATKINSON,00572420,TILLMAN,ISAAC,LEE,,115,STONE CIR, ,PEARSON,GA,31642-8309,,PO BOX 727,,PEARSON,GA,31642-0072,A,,,08/28/2020,09/18/2020,,MAILED,NO,NO,NO,PE,0004,008,007,176,ALAP,00002,,00010,24,
ATKINSON,00572390,TANNER,JOHN,WESLEY,,671,AXSON RD, ,PEARSON,GA,31642-4948,671,AXSON RD,,PEARSON,GA,31642-4948,A,,,08/25/2020,09/18/2020,,MAILED,NO,NO,NO,,0001,008,007,176,ALAP,00005,,00025,157,
ATKINSON,05906961,VEST,JAMES,VANCE,,121,FELICIA AVE, ,PEARSON,GA,31642,121,FELICIA AVE,,PEARSON,GA,31642,A,,,09/03/2020,09/18/2020,,MAILED,NO,NO,NO,PE,0004,008,007,176,ALAP,00004,,00012,209,
ATKINSON,06117656,HARRELL,ANTHONY,,,254,PEBBLE LN, ,PEARSON,GA,31642-2268,254,PEBBLE LN,,PEARSON,GA,31642-2268,A,,,09/04/2020,09/18/2020,,MAILED,NO,NO,NO,,0001,008,007,176,ALAP,00003,,00041,212,
ATKINSON,04524875,CORE,ANGELA,PRESTER,,520,SPIKES RD,LOT 19,PEARSON,GA,31642-6557,,PO BOX 485,,PEARSON,GA,31642-0048,A,,,09/02/2020,09/18/2020,,MAILED,NO,NO,NO,,0001,008,007,176,ALAP,00008,,00020,191,
ATKINSON,00574815,MOBLEY,JANICE,BROWN,,7094,OLD DOUGLAS HWY, ,PEARSON,GA,31642-2452,7094,OLD DOUGLAS HWY,,PEARSON,GA,31642-2452,A,,,08/25/2020,09/18/2020,,MAILED,NO,NO,NO,,0001,008,007,176,ALAP,00003,,00019,123,
ATKINSON,00573277,MCCRANIE,IMOGENE,PURVIS,,2141,HWY 90, ,WILLACOOCHEE,GA,31650-7128,2141,HWY 90,,WILLACOOCHEE,GA,31650-7128,A,,,08/19/2020,09/18/2020,,MAILED,NO,NO,NO,,0003,008,007,176,ALAP,00012,,00006,108,
ATKINSON,00571836,GILLIS,LONNIE,NEAL,SR,1213,MEEKS RD, ,PEARSON,GA,31642-4907,1213,MEEKS RD,,PEARSON,GA,31642-4907,A,,,08/25/2020,09/18/2020,,MAILED,NO,NO,NO,,0001,008,007,176,ALAP,00005,,00016,79,
ATKINSON,04825996,DAVIS,MELVIN,HUGH,,140,DALE EARNHARDT LN, ,PEARSON,GA,31642-6812,140,DALE EARNHARDT LN,,PEARSON,GA,31642-6812,A,,,08/25/2020,09/18/2020,,MAILED,NO,NO,NO,,0001,008,007,176,ALAP,00008,,00013,70,
ATKINSON,00571852,GUESS,BOBBY,JOE,SR,63,BYRON ST, ,PEARSON,GA,31642-7605,63,BYRON ST,,PEARSON,GA,31642-7605,A,,,08/25/2020,09/18/2020,,MAILED,NO,NO,NO,PE,0004,008,007,176,ALAP,00004,,00006,80,
ATKINSON,04304432,PARK,RAY,LAMAR,,531,EDGAR RD, ,AXSON,GA,31624-3829,531,EDGAR RD,,AXSON,GA,31624-3829,A,,,08/25/2020,09/18/2020,,MAILED,NO,NO,NO,,0002,008,007,176,ALAP,00008,,00016,131,
ATKINSON,00573500,VICKERS,GAIL,RUSS,,361,PETERSON ST S, ,WILLACOOCHEE,GA,31650-2343,361,PETERSON ST S,,WILLACOOCHEE,GA,31650-2343,A,,,08/25/2020,09/18/2020,,MAILED,NO,NO,NO,WL,0003,008,007,176,ALAP,00001,,00028,166,
ATKINSON,00572004,MCDONALD,RUTH,,,1721,HOLY FAMILY CHURCH RD, ,PEARSON,GA,31642-2963,1721,HOLY FAMILY CHURCH RD,,PEARSON,GA,31642-2963,A,,,09/11/2020,09/18/2020,,MAILED,NO,NO,NO,,0001,008,007,176,ALAP,00003,,00048,239,
ATKINSON,06772501,KING,VICTORIA,ANN,,291,HUBERT RD, ,PEARSON,GA,31642-2311,4127,SEDGWYCK LN,,VALDOSTA,GA,31605,A,,,09/09/2020,09/18/2020,,MAILED,NO,NO,NO,,0001,008,007,176,ALAP,00003,,00045,234,
ATKINSON,00571668,CRIBBS,WILLIE,LESTER,,8000,HWY 441 S, ,PEARSON,GA,31642-6612,8000,HWY 441 S,,PEARSON,GA,31642-6612,A,,,08/19/2020,09/18/2020,,MAILED,NO,NO,NO,,0001,008,007,176,ALAP,00008,,00003,18,
ATKINSON,00952054,MCRAE,TRINA,DENISE,,109,RONALD MCRAE LN, ,PEARSON,GA,31642-6219,109,RONALD MCRAE LN,,PEARSON,GA,31642-6219,A,,,09/09/2020,09/18/2020,,MAILED,NO,NO,NO,,0001,008,007,176,ALAP,00005,,00034,235,
ATKINSON,04108634,MCCRIMON,JAMES,CHARLES,,577,PAULK AVE E, ,WILLACOOCHEE,GA,31650,577,PAULK AVE E,,WILLACOOCHEE,GA,31650,A,,,08/18/2020,09/18/2020,,MAILED,NO,NO,NO,WL,0003,008,007,176,ALAP,00001,,00017,109,
ATKINSON,00945146,RUSS,ELIZABETH,H,,353,PETERSON ST S, ,WILLACOOCHEE,GA,31650-2343,353,PETERSON ST S,,WILLACOOCHEE,GA,31650-2343,A,,,08/25/2020,09/18/2020,,MAILED,NO,NO,NO,WL,0003,008,007,176,ALAP,00001,,00026,141,
ATKINSON,04758377,ODUM,ANNIE,RUTH,,127,BOLDEN AVE, ,PEARSON,GA,31642,127,BOLDEN AVE,,PEARSON,GA,31642,A,,,08/26/2020,09/18/2020,,MAILED,NO,NO,NO,PE,0004,008,007,176,ALAP,00002,,00008,22,
ATKINSON,11195487,BEAUCHAMP,JAMES,ALFRED,,140,BEAVER HUT LN, ,PEARSON,GA,31642,140,BEAVER HUT LN,,PEARSON,GA,31642,A,,,08/19/2020,09/18/2020,,MAILED,NO,NO,NO,,0001,008,007,176,ALAP,00003,,00003,43,
ATKINSON,00573323,MILLS,JAMES,DARRELL,,279,FLEETWOOD AVE W, ,WILLACOOCHEE,GA,31650-2209,,PO BOX 398,,WILLACOOCHEE,GA,31650-0039,A,,,08/25/2020,09/18/2020,,MAILED,NO,NO,NO,WL,0003,008,007,176,ALAP,00001,,00020,116,
ATKINSON,00571458,ARNOLD,LOUDELL,VINING,,351,MARION LOOP, ,PEARSON,GA,31642-5609,351,MARION LOOP,,PEARSON,GA,31642-5609,A,,,08/19/2020,09/18/2020,,MAILED,NO,NO,NO,,0001,008,007,176,ALAP,00005,,00007,41,
ATKINSON,00574839,ADAMS,PRESTON,GRAHAM,,114,LILY LN, ,AXSON,GA,31624,114,LILY LN,,AXSON,GA,31624,A,,,08/27/2020,09/18/2020,,MAILED,NO,NO,NO,,0001,008,007,176,ALAP,00005,,00001,1,
ATKINSON,00573416,ROBERTS,JIMMY,,JR,73,JOHNSON ST, ,WILLACOOCHEE,GA,31650-2628,,PO BOX 526,,WILLACOOCHEE,GA,31650-0052,A,,,06/01/2020,,,MAILED,NO,NO,NO,WL,0003,008,007,176,ALAP,00001,,,,
ATKINSON,00573984,CRAWFORD,JENNIE,VEE,,133,MORNING DEW CIR, ,PEARSON,GA,31642-6708,133,MORNING DEW CIR,,PEARSON,GA,31642-6708,A,,,05/19/2020,,,MAILED,NO,NO,NO,,0001,008,007,176,ALAP,00005,,,,
ATKINSON,00573251,LUKE,OTTIS,,,361,MARSHALL AVE W, ,WILLACOOCHEE,GA,31650-2135,,PO BOX 634,,WILLACOOCHEE,GA,31650-0063,A,,,08/25/2020,09/18/2020,,MAILED,NO,NO,NO,WL,0003,008,007,176,ALAP,00001,,00015,104,
ATKINSON,04968570,TOLENTINO,CONNIE,D,,1434,CROSSROAD CHURCH RD, ,PEARSON,GA,31642-3548,205,COFFEE AVE N,,DOUGLAS,GA,31533,A,,,09/09/2020,09/18/2020,,MAILED,NO,NO,NO,,0001,008,007,176,ALAP,00003,,00047,237,
ATKINSON,07603432,GOMEZ,ELIZABETH,CRYSTAL,,108,PAULK ST, ,PEARSON,GA,31642,108,PAULK ST,,PEARSON,GA,31642,A,,,08/28/2020,09/18/2020,,MAILED,NO,NO,NO,PE,0004,008,007,176,ALAP,00004,,00002,13,
ATKINSON,00572207,PITTMAN,GLENDA,MEEKS,,1182,HWY 64 E, ,PEARSON,GA,31642-9481,1182,HWY 64 E,,PEARSON,GA,31642-9481,A,,,08/25/2020,09/18/2020,,MAILED,NO,NO,NO,,0001,008,007,176,ALAP,00005,,00003,14,
ATKINSON,05334261,WALL,AMANTHA,,,201,AMANTHA WALL LN, ,WILLACOOCHEE,GA,31650-7905,,PO BOX 597,,WILLACOOCHEE,GA,31650-0059,A,,,09/02/2020,09/18/2020,,MAILED,NO,NO,NO,,0003,008,007,176,ALAP,00003,,00004,182,
ATKINSON,07181786,LAWRENCE,CHERRIE,PALMER,,2635,HWY 441 N,APT 1,PEARSON,GA,31642,2635,HWY 441 N,APT 1,PEARSON,GA,31642,A,,,09/02/2020,09/18/2020,,MAILED,NO,NO,NO,,0001,008,007,176,ALAP,00005,,00029,192,
ATKINSON,03729773,KUNBERGER,BONNIE,MYERS,,63,FLEETWOOD AVE W, ,WILLACOOCHEE,GA,31650,,PO BOX 568,,WILLACOOCHEE,GA,31650-0056,A,,,08/25/2020,09/18/2020,,MAILED,NO,NO,NO,WL,0003,008,007,176,ALAP,00001,,00013,100,
ATKINSON,00575129,BROWN,VINDERLYNN,,,169,CASE LN, ,PEARSON,GA,31642,,PO BOX 242,,PEARSON,GA,31642-0024,A,,,08/28/2020,09/18/2020,,MAILED,NO,NO,NO,,0001,008,007,176,ALAP,00008,,00006,36,
ATKINSON,00571658,CRAWFORD,JOE,,JR,133,MORNING DEW CIR, ,PEARSON,GA,31642-6708,133,MORNING DEW CIR,,PEARSON,GA,31642-6708,A,,,05/19/2020,,,MAILED,NO,NO,NO,,0001,008,007,176,ALAP,00005,,,,
ATKINSON,01196842,BENNETT,HUBERT,LEE,,405,HUBERT BENNETT LN, ,MILLWOOD,GA,31552-9616,405,HUBERT BENNETT LN,,MILLWOOD,GA,31552-9616,A,,,08/19/2020,09/18/2020,,MAILED,NO,NO,NO,,0002,008,007,176,ALAP,00008,,00002,46,
ATKINSON,07792843,ODOM,CATHERINE,JONES,,96,SPIKES RD, ,PEARSON,GA,31642-6501,96,SPIKES RD,,PEARSON,GA,31642-6501,A,,,08/19/2020,09/18/2020,,MAILED,NO,NO,NO,,0001,008,007,176,ALAP,00008,,00015,128,
ATKINSON,00573789,TAFT,ELIZABETH,BENNETT,,225,LILY LN, ,AXSON,GA,31624-3118,,PO BOX 743,,PEARSON,GA,31642-0074,A,,,08/25/2020,09/18/2020,,MAILED,NO,NO,NO,,0001,008,007,176,ALAP,00005,,00023,151,
ATKINSON,00572821,TANNER,HERBERT,ADAIR,JR,8392,HWY 64 E, ,AXSON,GA,31624-9761,8392,HWY 64 E,,AXSON,GA,31624-9761,A,,,08/25/2020,09/18/2020,,MAILED,NO,NO,NO,,0002,008,007,176,ALAP,00008,,00018,156,
ATKINSON,05107644,SPIVEY,GEROME,NEAL,,1495,HWY 135 S, ,WILLACOOCHEE,GA,31650,1495,HWY 135 S,,WILLACOOCHEE,GA,31650,A,,,09/08/2020,09/18/2020,,MAILED,NO,NO,NO,,0003,008,007,176,ALAP,00012,,00012,222,
ATKINSON,00571872,HAMILTON,HARVEY,HENRY,,7428,OLD DOUGLAS HWY, ,PEARSON,GA,31642-2461,7428,OLD DOUGLAS HWY,,PEARSON,GA,31642-2461,A,,,08/25/2020,09/18/2020,,MAILED,NO,NO,NO,,0001,008,007,176,ALAP,00003,,00012,85,
ATKINSON,00572504,WHITE,KENNETH,D,,827,THOMAS DAVIS RD, ,AXSON,GA,31624,827,THOMAS DAVIS RD,,AXSON,GA,31624,A,,,08/19/2020,09/18/2020,,MAILED,NO,NO,NO,,0002,008,007,176,ALAP,00008,,00019,170,
ATKINSON,08870832,DAY,RONALD,,,77,PHILIP LN, ,PEARSON,GA,31642-8302,77,PHILIP LN,,PEARSON,GA,31642-8302,A,,,08/27/2020,09/18/2020,,MAILED,NO,NO,NO,PE,0004,008,007,176,ALAP,00002,,00003,4,
ATKINSON,03730018,SIRMANS,REBECCA,A,,606,COLUMBUS RD, ,PEARSON,GA,31642-3742,606,COLUMBUS RD,,PEARSON,GA,31642-3742,A,,,08/19/2020,09/18/2020,,MAILED,NO,NO,NO,,0001,008,007,176,ALAP,00003,,00024,142,
ATKINSON,05156878,ROBERTSON,WOODROW,L,,85,BEAVER HUT LN, ,PEARSON,GA,31642-2777,85,BEAVER HUT LN,,PEARSON,GA,31642-2777,A,,,08/19/2020,09/18/2020,,MAILED,NO,NO,NO,,0001,008,007,176,ALAP,00003,,00023,138,
ATKINSON,00571682,DANIELS,JOHN,RALPH,,3796,HWY 441 N, ,PEARSON,GA,31642-4132,3796,HWY 441 N,,PEARSON,GA,31642-4132,A,,,08/25/2020,09/18/2020,,MAILED,NO,NO,NO,,0001,008,007,176,ALAP,00005,,00012,65,
ATKINSON,10358255,JACKSON,CAROLYN,SUE,,226,ARMADILLO LN, ,AXSON,GA,31624,226,ARMADILLO LN,,AXSON,GA,31624,A,,,08/19/2020,09/18/2020,,MAILED,NO,NO,NO,,0002,008,007,176,ALAP,00008,,00009,92,
ATKINSON,10948157,HALL,DONNIE,NEAL,,2686,AXSON RD, ,PEARSON,GA,31642,2686,AXSON RD,,PEARSON,GA,31642,A,,,09/08/2020,09/18/2020,,MAILED,NO,NO,NO,,0001,008,007,176,ALAP,00005,,00030,225,
ATKINSON,03422985,AUSLEY,MECHELLE,ANTOINETTE,,157,AUSLEY LN, ,PEARSON,GA,31642-5122,157,AUSLEY LN,,PEARSON,GA,31642-5122,A,,,09/03/2020,09/18/2020,,MAILED,NO,NO,NO,,0001,008,007,176,ALAP,00003,,00036,200,
ATKINSON,00572403,THIGPEN,ERMA,LEE,,1851,O'BRIEN RD, ,PEARSON,GA,31642-9466,1851,O'BRIEN RD,,PEARSON,GA,31642-9466,A,,,08/19/2020,09/18/2020,,MAILED,NO,NO,NO,,0001,008,007,176,ALAP,00003,,00028,161,
ATKINSON,06046648,GUTHRIE,ANNA,LOIS,,180,CHARITY RD, ,PEARSON,GA,31642-5502,180,CHARITY RD,,PEARSON,GA,31642-5502,A,,,08/25/2020,09/18/2020,,MAILED,NO,NO,NO,,0001,008,007,176,ALAP,00005,,00017,82,
ATKINSON,00572106,MITCHELL,SYBLE,CLEMENT,,123,BULLARD AVE E, ,PEARSON,GA,31642-7831,123,BULLARD AVE E,,PEARSON,GA,31642-7831,A,,,01/30/2019,09/18/2020,,MAILED,NO,NO,NO,PE,0004,008,007,176,ALAP,00004,,00007,118,
ATKINSON,00573290,MCDONALD,SALLY,A,,301,FLEETWOOD AVE W, ,WILLACOOCHEE,GA,31650-2212,301,FLEETWOOD AVE W,,WILLACOOCHEE,GA,31650-2212,A,,,08/19/2020,09/18/2020,,MAILED,NO,NO,NO,WL,0003,008,007,176,ALAP,00001,,00019,112,
ATKINSON,00573948,GASKIN,ANNIE REE,JONES,,199,OLD FLORIDA RD, ,WILLACOOCHEE,GA,31650-4159,,PO BOX 453,,WILLACOOCHEE,GA,31650-0045,A,,,08/19/2020,09/18/2020,,MAILED,NO,NO,NO,WL,0003,008,007,176,ALAP,00001,,00008,73,
ATKINSON,00572237,ROBERTS,GLADYS,MAE,,266,OLD HWY 64, ,PEARSON,GA,31642,266,OLD HWY 64,,PEARSON,GA,31642,A,,,09/02/2020,09/18/2020,,MAILED,NO,NO,NO,PE,0004,008,007,176,ALAP,00002,,00027,190,
ATKINSON,00571973,WADE,KATE,ETHEL,,132,AUSTIN AVE EXT, ,PEARSON,GA,31642-9322,,PO BOX 1156,,PEARSON,GA,31642,A,,,08/19/2020,09/18/2020,,MAILED,NO,NO,NO,PE,0004,008,007,176,ALAP,00002,,00024,167,
ATKINSON,00572543,CORE,CORA,LEE,,15,BROUGHTON ST, ,PEARSON,GA,31642,15,BROUGHTON ST,,PEARSON,GA,31642,A,,,08/28/2020,09/18/2020,,MAILED,NO,NO,NO,PE,0004,008,007,176,ALAP,00002,,00011,34,
ATKINSON,00572861,WHITE,NANCY,BURCH,,16,WREN RD, ,AXSON,GA,31624-5952,16,WREN RD,,AXSON,GA,31624-5952,A,,,08/19/2020,09/18/2020,,MAILED,NO,NO,NO,,0002,008,007,176,ALAP,00008,,00021,172,
ATKINSON,12258156,MATHIS,RODERICK,TYKEVUS,,101,HERITAGE HILL RD, ,WILLACOOCHEE,GA,31650,101,HERITAGE HILL RD,,WILLACOOCHEE,GA,31650,A,,,09/02/2020,09/18/2020,,MAILED,NO,NO,NO,,0001,008,007,176,ALAP,00003,,00034,188,
ATKINSON,00572392,TANNER,NELVA,PELZ,,671,AXSON RD, ,PEARSON,GA,31642-4948,671,AXSON RD,,PEARSON,GA,31642-4948,A,,,08/25/2020,09/18/2020,,MAILED,NO,NO,NO,,0001,008,007,176,ALAP,00005,,00026,158,
ATKINSON,00571612,PRESCOTT,CANDACY,CORBITT,,4124,HWY 221, ,PEARSON,GA,31642-5953,4124,HWY 221,,PEARSON,GA,31642-5953,A,,,08/25/2020,09/18/2020,,MAILED,NO,NO,NO,,0001,008,007,176,ALAP,00003,,00022,134,
ATKINSON,00574816,MOBLEY,WILLIS,MAURICE,,7094,OLD DOUGLAS HWY, ,PEARSON,GA,31642-2452,7094,OLD DOUGLAS HWY,,PEARSON,GA,31642-2452,A,,,08/25/2020,09/18/2020,,MAILED,NO,NO,NO,,0001,008,007,176,ALAP,00003,,00020,125,
ATKINSON,00571696,DAVIS,JANICE,VICKERS,,143,LONNIE RD, ,PEARSON,GA,31642-4915,143,LONNIE RD,,PEARSON,GA,31642-4915,A,,,08/19/2020,09/18/2020,,MAILED,NO,NO,NO,,0001,008,007,176,ALAP,00005,,00014,68,
ATKINSON,00571532,BROWN,CANDACE,ROBERTS,,145,MAIN ST S, ,PEARSON,GA,31642,,PO BOX 95,,PEARSON,GA,31642-0009,A,,,08/19/2020,09/18/2020,,MAILED,NO,NO,NO,PE,0004,008,007,176,ALAP,00002,,00014,49,
ATKINSON,00573402,PERKINS,TIMOTHY,JEROME,,125,PERKINS AVE, ,WILLACOOCHEE,GA,31650-2356,125,PERKINS AVE,,WILLACOOCHEE,GA,31650-2356,A,,,05/19/2020,,,MAILED,NO,NO,NO,WL,0003,008,007,176,ALAP,00001,,,,
ATKINSON,12473072,CONTRERAS,BRENDA,YAZMIN,,324,OLD FLORIDA RD, ,WILLACOOCHEE,GA,31650,6100,"IOWA AVE, BLDG 6102",,FORT LEONARD ,MO,65473-1091,A,,,09/02/2020,09/02/2020,,MAILED,NO,NO,NO,WL,0003,008,007,176,ALAP,00001,,00035,198,
ATKINSON,07859861,TILLMAN,SANDRA,DENISE,,115,STONE CIR, ,PEARSON,GA,31642,115,STONE CIR,,PEARSON,GA,31642,A,,,08/28/2020,09/18/2020,,MAILED,NO,NO,NO,PE,0004,008,007,176,ALAP,00002,,00009,23,
ATKINSON,00571834,GILLIS,LAURELLE,GRIFFIS,,1213,MEEKS RD, ,PEARSON,GA,31642-4907,1213,MEEKS RD,,PEARSON,GA,31642-4907,A,,,08/25/2020,09/18/2020,,MAILED,NO,NO,NO,,0001,008,007,176,ALAP,00005,,00015,78,
ATKINSON,00572626,BURCH,MELVIN,,,7084,ATKINSON BLVD E, ,AXSON,GA,31624,7084,ATKINSON BLVD E,,AXSON,GA,31624,A,,,08/19/2020,09/18/2020,,MAILED,NO,NO,NO,,0002,008,007,176,ALAP,00008,,00004,58,
ATKINSON,04036139,POPE,OSTELLA,S,,236,KING ST S, ,PEARSON,GA,31642-7915,,PO BOX 313,,PEARSON,GA,31642-0031,A,,,08/28/2020,09/18/2020,,MAILED,NO,NO,NO,PE,0004,008,007,176,ALAP,00002,,00006,20,
ATKINSON,02221881,ROWE,JOYCE,DOWDY,,455,MCCRANIE AVE W, ,WILLACOOCHEE,GA,31650-2048,455,MCCRANIE AVE W,,WILLACOOCHEE,GA,31650-2048,A,,,08/25/2020,09/18/2020,,MAILED,NO,NO,NO,WL,0003,008,007,176,ALAP,00001,,00025,140,
ATKINSON,00572624,BURCH,MARGARET,,,174,LOTT AVE E, ,PEARSON,GA,31642,174,LOTT AVE E,,PEARSON,GA,31642,A,,,08/19/2020,09/18/2020,,MAILED,NO,NO,NO,PE,0004,008,007,176,ALAP,00004,,00004,57,
ATKINSON,08106953,STEPHENS,RONALD,G,SR,6725,LIVE OAK CHURCH RD, ,PEARSON,GA,31642,6725,LIVE OAK CHURCH RD,,PEARSON,GA,31642,A,,,08/26/2020,09/18/2020,,MAILED,NO,NO,NO,,0001,008,007,176,ALAP,00003,,00040,207,
ATKINSON,12473037,CHAVEZ,DELIA,,,151,MCNEAL AVE E,LOT 24,PEARSON,GA,31642,,PO BOX 707,,PEARSON,GA,31642-0707,A,,,09/02/2020,09/18/2020,,MAILED,NO,NO,NO,PE,0004,008,007,176,ALAP,00004,,00010,195,
ATKINSON,00572317,SPIKES,JUANITA,TYSON,,613,AUSTIN AVE E, ,PEARSON,GA,31642-8258,613,AUSTIN AVE E,,PEARSON,GA,31642-8258,A,,,08/19/2020,09/18/2020,,MAILED,NO,NO,NO,PE,0004,008,007,176,ALAP,00002,,00022,149,
ATKINSON,00572375,TAFT,FRED,ETHRIDGE,,225,LILY LN, ,AXSON,GA,31624-3118,,PO BOX 743,,PEARSON,GA,31642-0074,A,,,08/25/2020,09/18/2020,,MAILED,NO,NO,NO,,0001,008,007,176,ALAP,00005,,00024,153,
ATKINSON,00574606,SMITH,MAXINE,,,2176,O'BRIEN RD, ,PEARSON,GA,31642-9229,2176,O'BRIEN RD,,PEARSON,GA,31642-9229,A,,,08/26/2020,09/18/2020,,MAILED,NO,NO,NO,,0001,008,007,176,ALAP,00003,,00042,226,
ATKINSON,10942240,BACILIO,JUANA,,,42,HOMAN CIRCLE, ,AXSON,GA,31624,42,HOMAN CIRCLE,,AXSON,GA,31624,A,,,09/02/2020,09/18/2020,,MAILED,NO,NO,NO,,0002,008,007,176,ALAP,00008,,00024,181,
ATKINSON,00574735,BRYANT,DEMETRIA,BONITA BELL,,280,WILCOX ST N, ,WILLACOOCHEE,GA,31650,,PO BOX 567,,WILLACOOCHEE,GA,31650-0567,A,,,09/02/2020,09/18/2020,,MAILED,NO,NO,NO,WL,0003,008,007,176,ALAP,00001,,00034,196,
ATKINSON,00571890,HASKINS,LAWANNA,MATHIS,,335,JOYCE RD, ,PEARSON,GA,31642-5449,335,JOYCE RD,,PEARSON,GA,31642-5449,A,,,08/19/2020,09/18/2020,,MAILED,NO,NO,NO,,0001,008,007,176,ALAP,00005,,00020,90,
ATKINSON,04473378,FOWLER,DIANNE,PERKINS,,125,PERKINS AVE, ,WILLACOOCHEE,GA,31650,125,PERKINS AVE,,WILLACOOCHEE,GA,31650,A,,,08/27/2020,09/18/2020,,MAILED,NO,NO,NO,WL,0003,008,007,176,ALAP,00001,,00004,9,
ATKINSON,04825988,DAVIS,ALICE,FAYE,,140,DALE EARNHARDT LN, ,PEARSON,GA,31642-6812,140,DALE EARNHARDT LN,,PEARSON,GA,31642-6812,A,,,08/19/2020,09/18/2020,,MAILED,NO,NO,NO,,0001,008,007,176,ALAP,00008,,00012,67,
ATKINSON,00571700,DAVIS,LINDA,HARRELL,,411,WESLEY HARRELL LN, ,PEARSON,GA,31642-3258,411,WESLEY HARRELL LN,,PEARSON,GA,31642-3258,A,,,08/25/2020,09/18/2020,,MAILED,NO,NO,NO,,0001,008,007,176,ALAP,00003,,00007,69,
ATKINSON,10357465,FOREMAN,MITCHELL,DUANE,,145,COLLINS ST, ,PEARSON,GA,31642,145,COLLINS ST,,PEARSON,GA,31642,A,,,08/27/2020,09/18/2020,,MAILED,NO,NO,NO,PE,0004,008,007,176,ALAP,00002,,00002,3,
ATKINSON,12569845,PARKS,FRANKIE,M,,266,OLD FLORIDA RD, ,WILLACOOCHEE,GA,31650,266,OLD FLORIDA RD,,WILLACOOCHEE,GA,31650,A,,,09/02/2020,09/18/2020,,MAILED,NO,NO,NO,WL,0003,008,007,176,ALAP,00001,,00033,194,
ATKINSON,00572994,CRIBB,MARY,LOU,,194,JOBY LN, ,WILLACOOCHEE,GA,31650-4702,194,JOBY LN,,WILLACOOCHEE,GA,31650-4702,A,,,08/25/2020,09/18/2020,,MAILED,NO,NO,NO,,0003,008,007,176,ALAP,00012,,00004,64,
ATKINSON,00571482,BATTEN,BILLIE,JANE,,185,BULLARD AVE E, ,PEARSON,GA,31642,185,BULLARD AVE E,,PEARSON,GA,31642,A,,,08/25/2020,09/18/2020,,MAILED,NO,NO,NO,PE,0004,008,007,176,ALAP,00002,,00013,42,
ATKINSON,00574723,ANDREWS,VERDIE,LEE,,161,MORNING DEW CIR, ,PEARSON,GA,31642-6224,161,MORNING DEW CIR,,PEARSON,GA,31642-6224,A,,,08/28/2020,09/18/2020,,MAILED,NO,NO,NO,,0001,008,007,176,ALAP,00005,,00005,25,
ATKINSON,05104602,KINNER,DANIEL,W,,139,MOORE ST N, ,WILLACOOCHEE,GA,31650-2429,,PO BOX 299,,WILLACOOCHEE,GA,31650-0029,A,,,08/25/2020,09/18/2020,,MAILED,NO,NO,NO,WL,0003,008,007,176,ALAP,00001,,00012,98,
ATKINSON,00574511,SPIKES,FRANCES,BOOKOUT,,378,SPIKES RD, ,PEARSON,GA,31642-6506,378,SPIKES RD,,PEARSON,GA,31642-6506,A,,,08/25/2020,09/18/2020,,MAILED,NO,NO,NO,,0001,008,007,176,ALAP,00008,,00018,148,
ATKINSON,11699848,SELVAGGIO,BENJAMIN,JACOB,,1437,COGDELL HWY, ,PEARSON,GA,31642,,PO BOX 1108,,PEARSON,GA,31642-1108,A,,,06/01/2020,,,MAILED,NO,NO,NO,,0001,008,007,176,ALAP,00005,,,,
ATKINSON,01714465,MIZELL,HARLEY,FRANKLIN,,2170,BOONE RD, ,AXSON,GA,31624-6510,2170,BOONE RD,,AXSON,GA,31624-6510,A,,,08/19/2020,09/18/2020,,MAILED,NO,NO,NO,,0002,008,007,176,ALAP,00008,,00013,119,
ATKINSON,08743765,DAVIS,J,C,JR,520,SPIKES RD,LOT 6,PEARSON,GA,31642-6556,,PO BOX 113,,PEARSON,GA,31642-0011,A,,,08/28/2020,09/18/2020,,MAILED,NO,NO,NO,,0001,008,007,176,ALAP,00008,,00005,33,
ATKINSON,00571761,FAVORS,DAISY,T,,69,JOSEPH ST, ,PEARSON,GA,31642-7100,,PO BOX 57,,PEARSON,GA,31642-0005,A,,,08/19/2020,09/18/2020,,MAILED,NO,NO,NO,PE,0004,008,007,176,ALAP,00002,,00016,72,
ATKINSON,00573885,MEEKS,BARBARA,LOTT,,1173,BOBWHITE LN, ,AXSON,GA,31624-6146,1173,BOBWHITE LN,,AXSON,GA,31624-6146,A,,,09/04/2020,09/18/2020,,MAILED,NO,NO,NO,,0002,008,007,176,ALAP,00008,,00029,214,
ATKINSON,06960472,TURNER,PEGGY,SUE,,41,INDIAN TRL, ,AXSON,GA,31624-3102,41,INDIAN TRL,,AXSON,GA,31624-3102,A,,,08/28/2020,09/18/2020,,MAILED,NO,NO,NO,,0001,008,007,176,ALAP,00005,,00006,35,
ATKINSON,00572485,WEST,RONALD,SMITH,,151,FELICIA AVE, ,PEARSON,GA,31642-7556,,PO BOX 922,,PEARSON,GA,31642-0092,A,,,08/19/2020,09/18/2020,,MAILED,NO,NO,NO,PE,0004,008,007,176,ALAP,00004,,00009,169,
ATKINSON,00574322,HAMILTON,BARBARA,WILLIAMS,,7428,OLD DOUGLAS HWY, ,PEARSON,GA,31642-2461,7428,OLD DOUGLAS HWY,,PEARSON,GA,31642-2461,A,,,08/25/2020,09/18/2020,,MAILED,NO,NO,NO,,0001,008,007,176,ALAP,00003,,00010,83,
ATKINSON,00571666,CRIBBS,JACKIE,WILLARD,,8000,HWY 441 S, ,PEARSON,GA,31642,8000,HWY 441 S,,PEARSON,GA,31642,A,,,08/19/2020,09/18/2020,,MAILED,NO,NO,NO,,0001,008,007,176,ALAP,00008,,00002,17,
ATKINSON,00574443,SMITH,BETTY,ANNE,,2431,HWY 441 S, ,PEARSON,GA,31642,2431,HWY 441 S,,PEARSON,GA,31642,A,,,08/19/2020,09/18/2020,,MAILED,NO,NO,NO,,0001,008,007,176,ALAP,00011,,00002,144,
ATKINSON,00573085,GASKINS,LAWANNA,YOUMANS,,44,CECIL GASKINS RD, ,WILLACOOCHEE,GA,31650-5002,44,CECIL GASKINS RD,,WILLACOOCHEE,GA,31650-5002,A,,,08/25/2020,09/18/2020,,MAILED,NO,NO,NO,,0003,008,007,176,ALAP,00012,,00005,74,
ATKINSON,00572352,STRICKLAND,JOYCE,DIANA,,5350,ATKINSON BLVD W, ,PEARSON,GA,31642-9761,,3632 COLEBROOKE ,,JACKSONVILLE,FL,32210,A,,,09/15/2020,09/18/2020,,MAILED,NO,NO,NO,,0001,008,007,176,ALAP,00003,,00049,242,
ATKINSON,00616452,TANNER,PATRICIA,L,,5473,ANTIOCH CHURCH RD, ,PEARSON,GA,31642-2866,5473,ANTIOCH CHURCH RD,,PEARSON,GA,31642-2866,A,,,09/03/2020,09/18/2020,,MAILED,NO,NO,NO,,0003,008,007,176,ALAP,00003,,00006,204,
ATKINSON,12749837,DAVIS,LARRY T,,,7825,ATKINSON BLVD E, ,AXSON,GA,31624,7825,ATKINSON BLVD E,,AXSON,GA,31624,A,,,09/03/2020,09/18/2020,,MAILED,NO,NO,NO,,0002,008,007,176,ALAP,00008,,00027,210,
ATKINSON,05584440,YOUNGBLOOD,LINDA,SUE,,207,FISHER LN, ,PEARSON,GA,31642-5920,207,FISHER LN,,PEARSON,GA,31642-5920,A,,,09/08/2020,09/18/2020,,MAILED,NO,NO,NO,,0001,008,007,176,ALAP,00003,,00044,228,
ATKINSON,05990979,MCDONALD,OTTIS,,JR,301,FLEETWOOD AVE W, ,WILLACOOCHEE,GA,31650-2212,301,FLEETWOOD AVE W,,WILLACOOCHEE,GA,31650-2212,A,,,08/19/2020,09/18/2020,,MAILED,NO,NO,NO,WL,0003,008,007,176,ALAP,00001,,00018,111,
ATKINSON,00572175,NUGENT,DOROTHY,CLEMENTS,,416,MAIN ST S, ,PEARSON,GA,31642-7953,,PO BOX 297,,PEARSON,GA,31642-0029,A,,,08/25/2020,09/18/2020,,MAILED,NO,NO,NO,PE,0004,008,007,176,ALAP,00002,,00019,127,
ATKINSON,00572872,WHITE,WILFORD,RAY,,1600,FIDDLER GREEN RD, ,AXSON,GA,31624-7126,1600,FIDDLER GREEN RD,,AXSON,GA,31624-7126,A,,,08/19/2020,09/18/2020,,MAILED,NO,NO,NO,,0002,008,007,176,ALAP,00008,,00022,173,
ATKINSON,00571720,DELK,DAVID,PATRICK,,8395,AXSON RD, ,AXSON,GA,31624-6043,8395,AXSON RD,,AXSON,GA,31624-6043,A,,,08/28/2020,09/18/2020,,MAILED,NO,NO,NO,,0002,008,007,176,ALAP,00008,,00001,32,
ATKINSON,11486622,GARNER,DEBORAH,J,,760,PETERSON ST S,APT 104E,WILLACOOCHEE,GA,31650,760,PETERSON ST S,APT 104E,WILLACOOCHEE,GA,31650,A,,,09/04/2020,09/18/2020,,MAILED,NO,NO,NO,WL,0003,008,007,176,ALAP,00001,,00036,213,
ATKINSON,00572946,CARTER,HELEN,NUGENT,,3580,BRIDGETOWN RD, ,WILLACOOCHEE,GA,31650-5248,3580,BRIDGETOWN RD,,WILLACOOCHEE,GA,31650-5248,A,,,08/19/2020,09/18/2020,,MAILED,NO,NO,NO,,0003,008,007,176,ALAP,00012,,00003,59,
ATKINSON,01366381,OUTLAW,HILDA,KINNON,,425,MCCRANIE AVE W, ,WILLACOOCHEE,GA,31650-2230,,PO BOX 71,,WILLACOOCHEE,GA,31650-0007,A,,,08/25/2020,09/18/2020,,MAILED,NO,NO,NO,WL,0003,008,007,176,ALAP,00001,,00022,130,
ATKINSON,05528842,HARRELL,MINNIE,MARGIE,,180,DAISEY STONE RD, ,PEARSON,GA,31642-4058,,P.O. BOX 72,,AXSON,GA,31624,A,,,09/11/2020,09/18/2020,,MAILED,NO,NO,NO,,0001,008,007,176,ALAP,00005,,00035,241,
ATKINSON,00571540,BROWN,NELLIE,RUTH,,169,CASE LN, ,PEARSON,GA,31642,169,CASE LN,,PEARSON,GA,31642,A,,,08/28/2020,09/18/2020,,MAILED,NO,NO,NO,,0001,008,007,176,ALAP,00008,,00007,37,
ATKINSON,00572472,WALKER,WANDA,CADY,,1714,WH WALKER CIR, ,PEARSON,GA,31642-3635,1714,WH WALKER CIR,,PEARSON,GA,31642-3635,A,,,08/25/2020,09/18/2020,,MAILED,NO,NO,NO,,0001,008,007,176,ALAP,00003,,00030,168,
ATKINSON,04304441,PARK,JO,JOHNSON,,531,EDGAR RD, ,AXSON,GA,31624-3829,531,EDGAR RD,,AXSON,GA,31624-3829,A,,,08/28/2020,09/18/2020,,MAILED,NO,NO,NO,,0002,008,007,176,ALAP,00008,,00017,132,
ATKINSON,00571506,BENNETT,JOAN,BILLINGS,,7686,HWY 441 S, ,PEARSON,GA,31642,7686,HWY 441 S,,PEARSON,GA,31642,A,,,08/19/2020,09/18/2020,,MAILED,NO,NO,NO,,0001,008,007,176,ALAP,00008,,00011,48,
ATKINSON,00573088,GASKINS,SHEILA,HODGES,,933,PETERSON ST S, ,WILLACOOCHEE,GA,31650-3108,,PO BOX 1030,,WILLACOOCHEE,GA,31650-0103,A,,,08/25/2020,09/18/2020,,MAILED,NO,NO,NO,WL,0003,008,007,176,ALAP,00001,,00009,75,
ATKINSON,00572284,SMITH,BETTY,FUTCH,,1233,RICKETSON RD, ,PEARSON,GA,31642-4827,1233,RICKETSON RD,,PEARSON,GA,31642-4827,A,,,08/19/2020,09/18/2020,,MAILED,NO,NO,NO,,0001,008,007,176,ALAP,00005,,00021,145,
ATKINSON,00574757,SPIVEY,CYNTHIA,B,,1495,HWY 135 S, ,WILLACOOCHEE,GA,31650,1495,HWY 135 S,,WILLACOOCHEE,GA,31650,A,,,09/08/2020,09/18/2020,,MAILED,NO,NO,NO,,0003,008,007,176,ALAP,00012,,00013,223,
ATKINSON,01118847,HARRELL,BOBBIE,LAVON,,6146,AXSON RD, ,AXSON,GA,31624-5204,6146,AXSON RD,,AXSON,GA,31624-5204,A,,,08/25/2020,09/18/2020,,MAILED,NO,NO,NO,,0002,008,007,176,ALAP,00008,,00007,87,
ATKINSON,04839587,CARTER,PAUL,WILLFORD,,1086,MARY BATTEN RD, ,PEARSON,GA,31642-2721,1086,MARY BATTEN RD,,PEARSON,GA,31642-2721,A,,,08/19/2020,09/18/2020,,MAILED,NO,NO,NO,,0001,008,007,176,ALAP,00003,,00006,61,
ATKINSON,00572116,MIZELL,HENRY,STANLEY,,200,HWY 221, ,PEARSON,GA,31642,,PO BOX 1105,,PEARSON,GA,31642-0110,A,,,08/19/2020,09/18/2020,,MAILED,NO,NO,NO,,0001,008,007,176,ALAP,00008,,00014,120,
ATKINSON,00573573,LOTT,SERENA,KIM,,130,COURT ST N, ,PEARSON,GA,31642-7611,130,COURT ST N,,PEARSON,GA,31642-7611,A,,,05/19/2020,,,MAILED,NO,NO,NO,PE,0004,008,007,176,ALAP,00004,,,,
ATKINSON,00571877,HARRELL,BENNIE,RONALD,,988,ELAM CIR, ,PEARSON,GA,31642-4052,988,ELAM CIR,,PEARSON,GA,31642-4052,A,,,08/25/2020,09/18/2020,,MAILED,NO,NO,NO,,0001,008,007,176,ALAP,00005,,00018,86,
ATKINSON,00575285,THIGPEN,LEON,,,39,VIRGIL MCKINNON RD, ,PEARSON,GA,31642-3135,39,VIRGIL MCKINNON RD,,PEARSON,GA,31642-3135,A,,,08/19/2020,09/18/2020,,MAILED,NO,NO,NO,,0001,008,007,176,ALAP,00003,,00029,162,
ATKINSON,00572511,WILKINSON,JOE,KIMBLE,,512,PEARSON ST, ,PEARSON,GA,31642-7630,,PO BOX 793,,PEARSON,GA,31642-0079,A,,,08/25/2020,09/18/2020,,MAILED,NO,NO,NO,PE,0004,008,007,176,ALAP,00002,,00025,174,
ATKINSON,03729835,RELIFORD,LEROY,,,105,FLEETWOOD AVE W, ,WILLACOOCHEE,GA,31650-2205,,PO BOX 268,,WILLACOOCHEE,GA,31650-0026,A,,,08/25/2020,09/18/2020,,MAILED,NO,NO,NO,WL,0003,008,007,176,ALAP,00001,,00023,137,
ATKINSON,12035406,MARTINEZ,MARIO,CAPETILLO,,27,LEE ST, ,WILLACOOCHEE,GA,31650,,P.O. BOX 1132,,WILLACOOCHEE,GA,31650,A,,,08/19/2020,09/18/2020,,MAILED,NO,NO,NO,WL,0003,008,007,176,ALAP,00001,,00016,107,
ATKINSON,00575249,JONES,MARY,MARGARET,,235,BOSTWICK ST, ,WILLACOOCHEE,GA,31650-2807,,PO BOX 515,,WILLACOOCHEE,GA,31650-0051,A,,,08/19/2020,09/18/2020,,MAILED,NO,NO,NO,WL,0003,008,007,176,ALAP,00001,,00011,97,
ATKINSON,00571822,GIDDENS,MARVIN,HAMPTON,JR,38,SUNNYSIDE CHURCH RD, ,PEARSON,GA,31642-5335,38,SUNNYSIDE CHURCH RD,,PEARSON,GA,31642-5335,A,,,08/19/2020,09/18/2020,,MAILED,NO,NO,NO,,0001,008,007,176,ALAP,00003,,00008,77,
ATKINSON,00571888,HASKINS,JULIAN,ROY,,335,JOYCE RD, ,PEARSON,GA,31642-5449,335,JOYCE RD,,PEARSON,GA,31642-5449,A,,,08/19/2020,,,MAILED,NO,NO,NO,,0001,008,007,176,ALAP,00005,,,,
ATKINSON,12409678,FOWLER,MAYA,ANISSIA,,125,PERKINS AVE, ,WILLACOOCHEE,GA,31650,125,PERKINS AVE,,WILLACOOCHEE,GA,31650,A,,,08/27/2020,09/18/2020,,MAILED,NO,NO,NO,WL,0003,008,007,176,ALAP,00001,,00003,8,
ATKINSON,08368540,BAZA-ALEMAN,JUAN,,,151,GENES ST, ,WILLACOOCHEE,GA,31650,151,GENES ST,,WILLACOOCHEE,GA,31650,A,,,08/28/2020,09/18/2020,,MAILED,NO,NO,NO,WL,0003,008,007,176,ALAP,00001,,00005,27,
ATKINSON,04252304,TATUM,ANNETTE,MARIE,,24,SPRINGHEAD CHURCH RD, ,WILLACOOCHEE,GA,31650-3132,,PO BOX 496,,WILLACOOCHEE,GA,31650-0049,A,,,08/25/2020,09/18/2020,,MAILED,NO,NO,NO,WL,0003,008,007,176,ALAP,00001,,00027,159,
ATKINSON,06066878,MEEKS,ELISHA,LESLIE,,1173,BOBWHITE LN, ,AXSON,GA,31624-6146,1173,BOBWHITE LN,,AXSON,GA,31624-6146,A,,,09/04/2020,09/18/2020,,MAILED,NO,NO,NO,,0002,008,007,176,ALAP,00008,,00030,215,
ATKINSON,00572468,SANDERS,MARY,ELLEN,,785,PETERSON ST S,A1,WILLACOOCHEE,GA,31650,,P.O. BOX 24,,WILLACOOCHEE,GA,31650,A,,,09/08/2020,09/18/2020,,MAILED,NO,NO,NO,WL,0003,008,007,176,ALAP,00001,,00038,224,
ATKINSON,00571684,DARLEY,THELMA,NEUGENT,,3394,ATKINSON BLVD W, ,PEARSON,GA,31642-5239,3394,ATKINSON BLVD W,,PEARSON,GA,31642-5239,A,,,09/03/2020,09/03/2020,,MAILED,NO,NO,NO,,0001,008,007,176,ALAP,00003,,00038,202,
ATKINSON,11945455,STUDSTILL,JANACE,RUTH,,116,PITTMAN ST,D-27,PEARSON,GA,31642,116,PITTMAN ST,D-27,PEARSON,GA,31642,A,,,09/11/2020,09/18/2020,,MAILED,NO,NO,NO,PE,0004,008,007,176,ALAP,00002,,00032,240,
ATKINSON,04413390,TAYLOR,CHARLES,EDWARD,,1708,TAYLOR CHAPEL RD, ,MILLWOOD,GA,31552-3135,1708,TAYLOR CHAPEL RD,,MILLWOOD,GA,31552-3135,A,,,09/02/2020,09/18/2020,,MAILED,NO,NO,NO,,0002,008,007,176,ALAP,00008,,00025,199,
ATKINSON,00573585,KIRKLAND,PATSY,WALKER,,1874,COGDELL HWY, ,PEARSON,GA,31642,1874,COGDELL HWY,,PEARSON,GA,31642,A,,,08/19/2020,09/18/2020,,MAILED,NO,NO,NO,,0001,008,007,176,ALAP,00011,,00001,99,
ATKINSON,00573404,PERKINS,WILLIE,LEE,,79,PERKINS AVE, ,WILLACOOCHEE,GA,31650-2353,,PO BOX 103,,WILLACOOCHEE,GA,31650-0010,A,,,05/19/2020,09/18/2020,,MAILED,NO,NO,NO,WL,0003,008,007,176,ALAP,00001,,00002,7,
ATKINSON,05409982,CHRISTMAN,TINY,CONGER,,423,PAULK AVE W, ,WILLACOOCHEE,GA,31650,423,PAULK AVE W,,WILLACOOCHEE,GA,31650,A,,,09/02/2020,09/18/2020,,MAILED,NO,NO,NO,WL,0003,008,007,176,ALAP,00001,,00032,186,
ATKINSON,00572279,SKINNER,SHELTON,,JR,75,PAULK ST, ,PEARSON,GA,31642-7456,,PO BOX 574,,PEARSON,GA,31642-0057,A,,,08/19/2020,09/18/2020,,MAILED,NO,NO,NO,PE,0004,008,007,176,ALAP,00004,,00008,143,
ATKINSON,00573109,GRIFFIN,WANDA JEAN,ROBERTS,,96,WILCOX ST N, ,WILLACOOCHEE,GA,31650,,PO BOX 55,,WILLACOOCHEE,GA,31650-0005,A,,,08/28/2020,09/18/2020,,MAILED,NO,NO,NO,WL,0003,008,007,176,ALAP,00001,,00006,28,
ATKINSON,00572422,TOMLINSON,BEULAH,,,1795,HWY 441 N, ,PEARSON,GA,31642,1795,HWY 441 N,,PEARSON,GA,31642,A,,,08/19/2020,09/18/2020,,MAILED,NO,NO,NO,,0001,008,007,176,ALAP,00005,,00027,163,
ATKINSON,00573338,MOORE,ZACK,,JR,155,OLD FLORIDA RD, ,WILLACOOCHEE,GA,31650-2915,,PO BOX 344,,WILLACOOCHEE,GA,31650-0034,A,,,08/19/2020,09/18/2020,,MAILED,NO,NO,NO,WL,0003,008,007,176,ALAP,00001,,00021,124,
ATKINSON,00573590,ZIMMERMAN,JUDY,ROYALS,,446,LAWRENCE RD, ,AXSON,GA,31624,446,LAWRENCE RD,,AXSON,GA,31624,A,,,02/27/2020,09/18/2020,,MAILED,NO,NO,NO,,0002,008,007,176,ALAP,00008,,00023,177,
ATKINSON,03752944,GRAHAM,DONALD,ESCHOL,,219,MORRIS RD, ,WILLACOOCHEE,GA,31650-5805,219,MORRIS RD,,WILLACOOCHEE,GA,31650-5805,A,,,08/28/2020,09/18/2020,,MAILED,NO,NO,NO,,0001,008,007,176,ALAP,00003,,00002,31,
ATKINSON,00581963,ROWE,JAMES,E,,455,MCCRANIE AVE W, ,WILLACOOCHEE,GA,31650-3305,455,MCCRANIE AVE W,,WILLACOOCHEE,GA,31650-3305,A,,,08/25/2020,09/18/2020,,MAILED,NO,NO,NO,WL,0003,008,007,176,ALAP,00001,,00024,139,
ATKINSON,07004027,HASTINGS,MICHAEL,ANDREW,,469,GARDIE MERRITT LN, ,WILLACOOCHEE,GA,31650,6114,GA HWY 32 W,LOT 6,DOUGLAS,GA,31533,A,,,09/07/2020,09/18/2020,,MAILED,NO,NO,NO,,0003,008,007,176,ALAP,00003,,00008,220,
ATKINSON,00573498,TUCKER,KATHERINE,GASKINS,,77,DARRELL TUCKER RD, ,WILLACOOCHEE,GA,31650-6116,77,DARRELL TUCKER RD,,WILLACOOCHEE,GA,31650-6116,A,,,08/25/2020,09/18/2020,,MAILED,NO,NO,NO,,0003,008,007,176,ALAP,00012,,00009,165,
ATKINSON,00572187,ODOM,JOHN,W,,96,SPIKES RD, ,PEARSON,GA,31642-6501,96,SPIKES RD,,PEARSON,GA,31642-6501,A,,,08/25/2020,09/18/2020,,MAILED,NO,NO,NO,,0001,008,007,176,ALAP,00008,,00016,129,
ATKINSON,11416744,ANDREWS,KEANU,RASHAD,,101,HERITAGE HILL RD, ,WILLACOOCHEE,GA,31650,,PO BOX 391,,WILLACOOCHEE,GA,31650-0391,A,,,09/02/2020,09/18/2020,,MAILED,NO,NO,NO,,0001,008,007,176,ALAP,00003,,00035,189,
ATKINSON,10336874,HUGHES,RICHARD,ALLEN,,46,MIZELL MHP LN, ,PEARSON,GA,31642,,PO BOX 1275,,PEARSON,GA,31642-1275,A,,,09/08/2020,09/18/2020,,MAILED,NO,NO,NO,,0001,008,007,176,ALAP,00008,,00021,231,
ATKINSON,00572371,TAFT,GEORGE,CLIFFORD,,23,MCADOO MANCIL LN, ,PEARSON,GA,31642,23,MCADOO MANCIL LN,,PEARSON,GA,31642,A,,,08/25/2020,09/18/2020,,MAILED,NO,NO,NO,,0001,008,007,176,ALAP,00003,,00026,154,
ATKINSON,00573626,BROWN,MARGARET,FUSSELL,,318,FANNIE MIZELL RD, ,PEARSON,GA,31642-2004,318,FANNIE MIZELL RD,,PEARSON,GA,31642-2004,A,,,08/25/2020,09/18/2020,,MAILED,NO,NO,NO,,0001,008,007,176,ALAP,00005,,00009,51,
ATKINSON,06432501,LUPFER,DONALD,BERNARD,,265,THE OAKS CIR, ,PEARSON,GA,31642-2621,265,THE OAKS CIR,,PEARSON,GA,31642-2621,A,,,08/19/2020,09/18/2020,,MAILED,NO,NO,NO,,0001,008,007,176,ALAP,00003,,00016,106,
ATKINSON,00572719,JOHNSON,JOANN,FAIRCLOTH,,1716,HENRY LN, ,AXSON,GA,31624-4837,1716,HENRY LN,,AXSON,GA,31624-4837,A,,,08/19/2020,09/18/2020,,MAILED,NO,NO,NO,,0002,008,007,176,ALAP,00008,,00011,95,
ATKINSON,00572169,NICHOLSON,VIVIAN,TAFT,,675,CAULEY RD, ,PEARSON,GA,31642-2343,675,CAULEY RD,,PEARSON,GA,31642-2343,A,,,08/18/2020,09/18/2020,,MAILED,NO,NO,NO,,0001,008,007,176,ALAP,00003,,00021,126,
ATKINSON,12257208,ARNOLD,LARRY,,,351,MARION LOOP, ,PEARSON,GA,31642,351,MARION LOOP,,PEARSON,GA,31642,A,,,09/08/2020,09/18/2020,,MAILED,NO,NO,NO,,0001,008,007,176,ALAP,00005,,00033,233,
ATKINSON,04537489,MOORE,LARRY,DWAYNE,II,37,BROUGHTON ST, ,PEARSON,GA,31642,37,BROUGHTON ST,,PEARSON,GA,31642,A,,,08/28/2020,09/18/2020,,MAILED,NO,NO,NO,PE,0004,008,007,176,ALAP,00002,,00012,38,
ATKINSON,00571541,BROWN,WADE,EMORY,,145,MAIN ST S, ,PEARSON,GA,31642,,PO BOX 95,,PEARSON,GA,31642-0009,A,,,08/19/2020,09/18/2020,,MAILED,NO,NO,NO,PE,0004,008,007,176,ALAP,00002,,00015,52,
ATKINSON,00572755,MIZELL,REBA,ANN,,331,DOVE LN, ,AXSON,GA,31624-5347,331,DOVE LN,,AXSON,GA,31624-5347,A,,,08/25/2020,09/18/2020,,MAILED,NO,NO,NO,,0002,008,007,176,ALAP,00008,,00015,122,
ATKINSON,00574171,TAYLOR,CLARENCE,,,424,BOLDEN AVE, ,PEARSON,GA,31642-8346,,PO BOX 1143,,PEARSON,GA,31642-0114,A,,,08/19/2020,09/18/2020,,MAILED,NO,NO,NO,PE,0004,008,007,176,ALAP,00002,,00023,160,
ATKINSON,06121339,GUTHRIE,A,JAMES,,147,WHITE HAT LN, ,PEARSON,GA,31642-4451,147,WHITE HAT LN,,PEARSON,GA,31642-4451,A,,,08/25/2020,09/18/2020,,MAILED,NO,NO,NO,,0001,008,007,176,ALAP,00003,,00009,81,
ATKINSON,04252964,ELLIS,NORMA,JEAN,,36,VICKERS AVE,D1,PEARSON,GA,31642,36,VICKERS AVE,D1,PEARSON,GA,31642,A,,,09/04/2020,09/18/2020,,MAILED,NO,NO,NO,PE,0004,008,007,176,ALAP,00002,,00030,218,
ATKINSON,05103331,AUSLEY,MARK,A,,157,AUSLEY LN, ,PEARSON,GA,31642,157,AUSLEY LN,,PEARSON,GA,31642,A,,,09/03/2020,09/18/2020,,MAILED,NO,NO,NO,,0001,008,007,176,ALAP,00003,,00037,201,
ATKINSON,00572110,MIZELL,DEVOTE,DAVIS,,2402,BOONE RD, ,AXSON,GA,31624-6516,2402,BOONE RD,,AXSON,GA,31624-6516,A,,,08/25/2020,09/18/2020,,MAILED,NO,NO,NO,,0002,008,007,176,ALAP,00008,,00012,117,
ATKINSON,00574107,NEWSON,VALORIE,DUNLAP,,304,FLORIDA RD, ,WILLACOOCHEE,GA,31650-2710,,PO BOX 511,,WILLACOOCHEE,GA,31650-0051,A,,,09/04/2020,09/18/2020,,MAILED,NO,NO,NO,WL,0003,008,007,176,ALAP,00001,,00037,216,
ATKINSON,07256221,FOREMAN,CANDYCE,L,,145,COLLINS ST, ,PEARSON,GA,31642,145,COLLINS ST,,PEARSON,GA,31642,A,,,08/27/2020,09/18/2020,,MAILED,NO,NO,NO,PE,0004,008,007,176,ALAP,00002,,00001,2,
ATKINSON,00571692,DAVIS,FOSTER,T,,74,PEACH AVE, ,PEARSON,GA,31642-7423,1025,CHESTER AVE N,,DOUGLAS,GA,31533,A,,,09/08/2020,09/18/2020,,MAILED,NO,NO,NO,PE,0004,008,007,176,ALAP,00004,,00013,221,
ATKINSON,00571741,WILLIAMS,BETTYE,JO,,292,KING ST S, ,PEARSON,GA,31642-7915,292,KING ST S,,PEARSON,GA,31642-7915,A,,,08/28/2020,09/18/2020,,MAILED,NO,NO,NO,PE,0004,008,007,176,ALAP,00002,,00005,19,
ATKINSON,00571580,COFFEE,FLOYE,MARTIN,,142,MCNEAL AVE W, ,PEARSON,GA,31642-7402,,PO BOX 3,,PEARSON,GA,31642,A,,,08/19/2020,09/18/2020,,MAILED,NO,NO,NO,PE,0004,008,007,176,ALAP,00004,,00005,63,
ATKINSON,00572206,PITTMAN,DWIGHT,QUINCY,,1182,HWY 64 E, ,PEARSON,GA,31642-5645,1182,HWY 64 E,,PEARSON,GA,31642-5645,A,,,08/26/2020,09/18/2020,,MAILED,NO,NO,NO,,0001,008,007,176,ALAP,00005,,00004,15,
ATKINSON,06079393,TOLENTINO,ANTHONY,N,,1434,CROSSROAD CHURCH RD, ,PEARSON,GA,31642-3548,205,COFFEE AVE N,,DOUGLAS,GA,31533,A,,,09/09/2020,09/18/2020,,MAILED,NO,NO,NO,,0001,008,007,176,ALAP,00003,,00046,236,
ATKINSON,00574633,BRUCE,TULA,,,299,GEORGE PAULK LN, ,WILLACOOCHEE,GA,31650-4634,299,GEORGE PAULK LN,,WILLACOOCHEE,GA,31650-4634,A,,,02/28/2019,09/18/2020,,MAILED,NO,NO,NO,,0003,008,007,176,ALAP,00012,,00002,55,
ATKINSON,00571680,DANIELS,MARY ALICE,FUTCH,,3796,HWY 441 N, ,PEARSON,GA,31642,3796,HWY 441 N,,PEARSON,GA,31642,A,,,08/25/2020,09/18/2020,,MAILED,NO,NO,NO,,0001,008,007,176,ALAP,00005,,00013,66,
ATKINSON,00572718,JOHNSON,JAMES,PERRY,,1716,HENRY LN, ,AXSON,GA,31624-4837,1716,HENRY LN,,AXSON,GA,31624-4837,A,,,08/19/2020,09/18/2020,,MAILED,NO,NO,NO,,0002,008,007,176,ALAP,00008,,00010,94,
ATKINSON,00572506,WHITE,MARLENE,S,,827,THOMAS DAVIS RD, ,AXSON,GA,31624,827,THOMAS DAVIS RD,,AXSON,GA,31624,A,,,08/19/2020,09/18/2020,,MAILED,NO,NO,NO,,0002,008,007,176,ALAP,00008,,00020,171,
ATKINSON,07642187,CURTIS,RYAN,LEE,,148,GENES ST, ,WILLACOOCHEE,GA,31650,148,GENES ST,,WILLACOOCHEE,GA,31650,A,,,05/19/2020,,,MAILED,NO,NO,NO,WL,0003,008,007,176,ALAP,00001,,,,
ATKINSON,00036092,MCCUMBER,MARIE,M,,53,ROBERTS AVE E, ,PEARSON,GA,31642,,PO BOX 1303,,PEARSON,GA,31642-0130,A,,,08/25/2020,09/18/2020,,MAILED,NO,NO,NO,PE,0004,008,007,176,ALAP,00002,,00018,110,
ATKINSON,00572145,MORRIS,LORENE,GIDDENS,,3648,HWY 441 N, ,PEARSON,GA,31642,,PO BOX 174,,PEARSON,GA,31642-0017,A,,,08/26/2020,09/18/2020,,MAILED,NO,NO,NO,,0001,008,007,176,ALAP,00005,,00032,232,
ATKINSON,00572221,RAWLS,LAURA,BESS,,64,PARKER ST, ,PEARSON,GA,31642-7002,,PO BOX 488,,PEARSON,GA,31642-0048,A,,,08/19/2020,09/18/2020,,MAILED,NO,NO,NO,PE,0004,008,007,176,ALAP,00002,,00020,135,
ATKINSON,00572257,SANDERS,AGNES,COOPER,,842,SPIKES RD, ,PEARSON,GA,31642-6518,,PO BOX 698,,PEARSON,GA,31642-0069,A,,,08/28/2020,09/18/2020,,MAILED,NO,NO,NO,,0001,008,007,176,ALAP,00008,,00009,40,
ATKINSON,00573173,HUNKAPILLER,EVELYN,JOYCE,,381,FLEETWOOD AVE W, ,WILLACOOCHEE,GA,31650-2212,381,FLEETWOOD AVE W,,WILLACOOCHEE,GA,31650-2212,A,,,08/25/2020,09/18/2020,,MAILED,NO,NO,NO,WL,0003,008,007,176,ALAP,00001,,00010,91,
ATKINSON,00572378,TAFT,ODESSA,GURLEY,,23,MCADOO MANCIL LN, ,PEARSON,GA,31642-2368,23,MCADOO MANCIL LN,,PEARSON,GA,31642-2368,A,,,08/25/2020,09/18/2020,,MAILED,NO,NO,NO,,0001,008,007,176,ALAP,00003,,00027,155,
ATKINSON,00573625,BROWN,CHESTER,,,318,FANNIE MIZELL RD, ,PEARSON,GA,31642-2004,318,FANNIE MIZELL RD,,PEARSON,GA,31642-2004,A,,,08/25/2020,09/18/2020,,MAILED,NO,NO,NO,,0001,008,007,176,ALAP,00005,,00008,50,
ATKINSON,00571847,GRAHAM,THADA,CORBITT,,284,ROBERTS AVE E, ,PEARSON,GA,31642,284,ROBERTS AVE E,,PEARSON,GA,31642,A,,,05/19/2020,,,MAILED,NO,NO,NO,PE,0004,008,007,176,ALAP,00002,,,,
ATKINSON,02914087,FOWLER,LARRY,ROBERT,,125,PERKINS AVE, ,WILLACOOCHEE,GA,31650,125,PERKINS AVE,,WILLACOOCHEE,GA,31650,A,,,05/19/2020,09/18/2020,,MAILED,NO,NO,NO,WL,0003,008,007,176,ALAP,00001,,00001,6,
ATKINSON,00572091,METTS,GEORGIANNE,THRIFT,,447,MARY BATTEN RD, ,PEARSON,GA,31642-2710,447,MARY BATTEN RD,,PEARSON,GA,31642-2710,A,,,08/19/2020,09/18/2020,,MAILED,NO,NO,NO,,0001,008,007,176,ALAP,00003,,00018,114,
ATKINSON,00572667,DELK,ILEE,,,1029,BOONE RD, ,AXSON,GA,31624-6721,1029,BOONE RD,,AXSON,GA,31624-6721,A,,,08/19/2020,09/18/2020,,MAILED,NO,NO,NO,,0002,008,007,176,ALAP,00008,,00005,71,
ATKINSON,00575185,TAFT,FRANCES,JENELLE,,658,JOHNNIE RD, ,PEARSON,GA,31642-3513,658,JOHNNIE RD,,PEARSON,GA,31642-3513,A,,,08/19/2020,09/18/2020,,MAILED,NO,NO,NO,,0001,008,007,176,ALAP,00003,,00025,152,
ATKINSON,12567612,SIMS,PRINTIS,DWAYNE,,127,BOLDEN AVE, ,PEARSON,GA,31642,127,BOLDEN AVE,,PEARSON,GA,31642,A,,,09/02/2020,09/18/2020,,MAILED,NO,NO,NO,PE,0004,008,007,176,ALAP,00002,,00026,183,
ATKINSON,00573580,LUKE,BARBARA,CONGER,,361,MARSHALL AVE W, ,WILLACOOCHEE,GA,31650-2135,,PO BOX 634,,WILLACOOCHEE,GA,31650-0063,A,,,08/25/2020,09/18/2020,,MAILED,NO,NO,NO,WL,0003,008,007,176,ALAP,00001,,00014,102,
ATKINSON,00571686,DAVIS,CHRISTIE,MORGAN,,1707,RICKETSON RD, ,PEARSON,GA,31642-4838,1707,RICKETSON RD,,PEARSON,GA,31642-4838,A,,,08/26/2020,09/18/2020,,MAILED,NO,NO,NO,,0001,008,007,176,ALAP,00003,,00032,180,
ATKINSON,00950978,STAGE,JANE,MURPHY,,1317,WINNES PAULK RD, ,WILLACOOCHEE,GA,31650-5127,1317,WINNES PAULK RD,,WILLACOOCHEE,GA,31650-5127,A,,,09/04/2020,09/18/2020,,MAILED,NO,NO,NO,,0003,008,007,176,ALAP,00012,,00011,219,
ATKINSON,00572685,GEIGER,JUANITA,BELL,,2830,JOHN DAWSON RD, ,AXSON,GA,31624,2830,JOHN DAWSON RD,,AXSON,GA,31624,A,,,08/25/2020,09/18/2020,,MAILED,NO,NO,NO,,0002,008,007,176,ALAP,00008,,00006,76,
ATKINSON,00571707,DAVIS,MYRTLE,FOWLER,,5364,HWY 441 N, ,PEARSON,GA,31642,5364,HWY 441 N,,PEARSON,GA,31642,A,,,05/19/2020,,,MAILED,NO,NO,NO,,0001,008,007,176,ALAP,00005,,,,
ATKINSON,00571544,BROWNING,PEGGY,SUE,,2374,HWY 441 N, ,PEARSON,GA,31642,2374,HWY 441 N,,PEARSON,GA,31642,A,,,08/25/2020,09/18/2020,,MAILED,NO,NO,NO,,0001,008,007,176,ALAP,00005,,00010,53,
ATKINSON,06268214,LOFTON,SOPHIA,GAIL,,380,OAKWOOD TRAIL LN, ,PEARSON,GA,31642,,P.O. BOX 331,,PEARSON,GA,31642,A,,,08/28/2020,09/18/2020,,MAILED,NO,NO,NO,,0001,008,007,176,ALAP,00008,,00004,26,
ATKINSON,01118813,HARRELL,DALE,WAYNE,,6146,AXSON RD, ,AXSON,GA,31624-9729,6146,AXSON RD,,AXSON,GA,31624-9729,A,,,08/25/2020,09/18/2020,,MAILED,NO,NO,NO,,0002,008,007,176,ALAP,00008,,00008,88,
ATKINSON,00571871,HAMILTON,CONNIE,BARNES,,224,HAMILTON HILL LN, ,PEARSON,GA,31642-4656,,PO BOX 41,,PEARSON,GA,31642-0004,A,,,08/25/2020,09/18/2020,,MAILED,NO,NO,NO,,0001,008,007,176,ALAP,00003,,00011,84,
ATKINSON,00948880,JOHNSON,MOSE,,,4028,TALMADGE MCKINNON RD, ,WILLACOOCHEE,GA,31650-5347,4028,TALMADGE MCKINNON RD,,WILLACOOCHEE,GA,31650-5347,A,,,08/19/2020,09/18/2020,,MAILED,NO,NO,NO,,0003,008,007,176,ALAP,00003,,00002,96,
ATKINSON,07266953,LANKFORD,JO,ANN,,261,COURT ST N,APT 5,PEARSON,GA,31642,261,COURT ST N,APT 5,PEARSON,GA,31642,A,,,09/03/2020,09/18/2020,,MAILED,NO,NO,NO,PE,0004,008,007,176,ALAP,00004,,00011,208,
ATKINSON,04880272,CRIBBS,SONIA,DENINE,,8000,HWY 441 S, ,PEARSON,GA,31642,8000,HWY 441 S,,PEARSON,GA,31642,A,,,08/19/2020,09/18/2020,,MAILED,NO,NO,NO,,0001,008,007,176,ALAP,00008,,00001,16,
ATKINSON,00572751,MIZELL,JESSIE,DONALD,,331,DOVE LN, ,AXSON,GA,31624-5347,331,DOVE LN,,AXSON,GA,31624-5347,A,,,08/25/2020,09/18/2020,,MAILED,NO,NO,NO,,0002,008,007,176,ALAP,00008,,00014,121,
ATKINSON,12581669,CLIFFORD,COLSON,V,JR,409,AUSTIN AVE EXT, ,PEARSON,GA,31642,409,AUSTIN AVE EXT,,PEARSON,GA,31642,A,,,08/19/2020,09/18/2020,,MAILED,NO,NO,YES,,0001,008,007,176,ALAP,00005,,00011,62,
ATKINSON,03729951,GASKINS,PEGGY,C,,222,KIRA LOOP, ,PEARSON,GA,31642,222,KIRA LOOP,,PEARSON,GA,31642,A,,,09/10/2020,09/18/2020,,MAILED,NO,NO,NO,PE,0004,008,007,176,ALAP,00002,,00031,238,
ATKINSON,04968864,HANCOCK,CHARLES,M,,2686,AXSON RD, ,PEARSON,GA,31642,2686,AXSON RD,,PEARSON,GA,31642,A,,,09/08/2020,09/18/2020,,MAILED,NO,NO,NO,,0001,008,007,176,ALAP,00005,,00031,229,
ATKINSON,00572292,SMITH,L,G,,1233,RICKETSON RD, ,PEARSON,GA,31642-4827,1233,RICKETSON RD,,PEARSON,GA,31642-4827,A,,,08/19/2020,09/18/2020,,MAILED,NO,NO,NO,,0001,008,007,176,ALAP,00005,,00022,146,
ATKINSON,06856027,ELLIS,DEELISA,SHANTEL,,36,VICKERS AVE, ,PEARSON,GA,31642,36,VICKERS AVE,,PEARSON,GA,31642,A,,,09/04/2020,09/18/2020,,MAILED,NO,NO,NO,PE,0004,008,007,176,ALAP,00002,,00029,217,
ATKINSON,00572294,SMITH,LINDA,GRIMSLEY,,227,FRANK SMITH LN, ,PEARSON,GA,31642-6718,227,FRANK SMITH LN,,PEARSON,GA,31642-6718,A,,,08/19/2020,09/18/2020,,MAILED,NO,NO,NO,,0001,008,007,176,ALAP,00008,,00017,147,
ATKINSON,05944776,BELL,JASMINE,GIDDENS,,38,SUNNYSIDE CHURCH RD, ,PEARSON,GA,31642,6183,LOWER BLUE SPRINGS RD,,HAMILTON,GA,31811-6674,A,,,08/25/2020,09/18/2020,,MAILED,NO,NO,NO,,0001,008,007,176,ALAP,00003,,00001,10,
ATKINSON,00472415,TANNER,ALBERT,THEODORE,III,5473,ANTIOCH CHURCH RD, ,PEARSON,GA,31642,5473,ANTIOCH CHURCH RD,,PEARSON,GA,31642,A,,,09/03/2020,09/18/2020,,MAILED,NO,NO,NO,,0003,008,007,176,ALAP,00003,,00007,205,
ATKINSON,00571994,LASHLEY,MALCOLM,BOBBY,,7255,HWY 441 N, ,PEARSON,GA,31642,7255,HWY 441 N,,PEARSON,GA,31642,A,,,08/28/2020,09/18/2020,,MAILED,NO,NO,NO,,0001,008,007,176,ALAP,00003,,00014,103,
ATKINSON,00571520,BOLDEN,JOHN,TOM,,127,BOLDEN AVE, ,PEARSON,GA,31642-8339,127,BOLDEN AVE,,PEARSON,GA,31642-8339,A,,,08/19/2020,09/18/2020,,MAILED,NO,NO,NO,PE,0004,008,007,176,ALAP,00002,,00007,21,
ATKINSON,00572591,JOHNSON,BARBARA,BAKER,,109,WEST ST N, ,PEARSON,GA,31642-7118,,PO BOX 536,,PEARSON,GA,31642-0053,A,,,08/19/2020,09/18/2020,,MAILED,NO,NO,NO,PE,0004,008,007,176,ALAP,00002,,00017,93,
ATKINSON,11937089,SPIVEY,YVONNE,SPELLS,,3979,BOONE RD, ,AXSON,GA,31624,3979,BOONE RD,,AXSON,GA,31624,A,,,08/25/2020,09/18/2020,,MAILED,NO,NO,NO,,0001,008,007,176,ALAP,00008,,00019,150,
ATKINSON,03729943,FLOYD,ELLICK,JAMES,JR,266,OLD HWY 64, ,PEARSON,GA,31642-7955,,P.O. BOX 726,,PEARSON,GA,31642-7955,A,,,09/02/2020,09/18/2020,,MAILED,NO,NO,NO,PE,0004,008,007,176,ALAP,00002,,00028,193,
ATKINSON,08106947,STEPHENS,BRENDA,J,,6725,LIVE OAK CHURCH RD, ,PEARSON,GA,31642,6725,LIVE OAK CHURCH RD,,PEARSON,GA,31642,A,,,09/03/2020,09/18/2020,,MAILED,NO,NO,NO,,0001,008,007,176,ALAP,00003,,00039,206,
ATKINSON,00572585,ANDREWS,CLYDE,,,161,MORNING DEW CIR, ,PEARSON,GA,31642-6224,161,MORNING DEW CIR,,PEARSON,GA,31642-6224,A,,,08/28/2020,09/18/2020,,MAILED,NO,NO,NO,,0001,008,007,176,ALAP,00005,,00002,11,
ATKINSON,00575176,SANDERS,THOMAS,JAMES,,842,SPIKES RD, ,PEARSON,GA,31642-6518,,PO BOX 698,,PEARSON,GA,31642-0069,A,,,08/28/2020,09/18/2020,,MAILED,NO,NO,NO,,0001,008,007,176,ALAP,00008,,00008,39,
ATKINSON,00573107,GRIFFIN,LONNIE,EARL,,96,WILCOX ST N, ,WILLACOOCHEE,GA,31650,,PO BOX 55,,WILLACOOCHEE,GA,31650-0005,A,,,08/28/2020,09/18/2020,,MAILED,NO,NO,NO,WL,0003,008,007,176,ALAP,00001,,00007,29,
ATKINSON,00572910,BELL,ROSE MARIE,HESTER,,192,BELL LN, ,WILLACOOCHEE,GA,31650,,PO BOX 567,,WILLACOOCHEE,GA,31650-0056,A,,,09/02/2020,09/18/2020,,MAILED,NO,NO,NO,,0003,008,007,176,ALAP,00003,,00005,197,
ATKINSON,00572637,CHRISTOPHER,ANGELA,LARUE,,665,MT ZION CHURCH RD, ,AXSON,GA,31624,665,MT ZION CHURCH RD,,AXSON,GA,31624,A,,,09/04/2020,09/18/2020,,MAILED,NO,NO,NO,,0002,008,007,176,ALAP,00008,,00028,211,
ATKINSON,06432458,LUPFER,BRENDA,SUE,,265,THE OAKS CIR, ,PEARSON,GA,31642-2621,265,THE OAKS CIR,,PEARSON,GA,31642-2621,A,,,08/19/2020,09/18/2020,,MAILED,NO,NO,NO,,0001,008,007,176,ALAP,00003,,00015,105,
ATKINSON,00572437,REAVES,GEORGIA,ATKINS,,65,GRAHAM ST, ,PEARSON,GA,31642-7128,,PO BOX 706,,PEARSON,GA,31642-0070,A,,,08/19/2020,09/18/2020,,MAILED,NO,NO,NO,PE,0004,008,007,176,ALAP,00002,,00021,136,
ATKINSON,07268025,CARRADINE,SCOTT,LEE,,893,FLORIDA RD, ,WILLACOOCHEE,GA,31650,893,FLORIDA RD,,WILLACOOCHEE,GA,31650,A,,,09/02/2020,09/18/2020,,MAILED,NO,NO,NO,WL,0003,008,007,176,ALAP,00001,,00031,185,
