County,Voter Registration #,Last Name,First Name,Middle Name,Suffix,Street #,Street Name,Apt/Unit,City,State,Zip Code,Mailing Street #,Mailing Street Name,Mailing Apt/Unit,Mailing City,Mailing State,Mailing Zip Code,Application Status,Ballot Status,Status Reason,Application Date,Ballot Issued Date,Ballot Return Date,Ballot Style,Ballot Assisted,Challenged/Provisional,ID Required,Municipal Precinct,County Precinct,CNG,SEN,HOUSE	,JUD,Combo #,Vote Center ID,Ballot ID,Post #,Party
BAKER,00575818,HUGHES,JOHNNIE,MARIE,,354,N MAIN ST, ,NEWTON,GA,39870,,PO BOX 163,,NEWTON,GA,39870-0016,A,,,04/28/2020,,,MAILED,NO,NO,NO,N,N,002,012,154,SOGA,00005,,,,
BAKER,03671178,WILLIAMS,MARY,E,,2936,TOM SHEFFIELD RD, ,DAMASCUS,GA,39841-7246,2936,TOM SHEFFIELD RD,,DAMASCUS,GA,39841-7246,A,,,04/15/2020,,,MAILED,NO,NO,NO,,A,002,012,154,SOGA,00004,,,,
BAKER,00576029,ROOKS,JOHN,O,SR,4646,OLD HWY 200, ,NEWTON,GA,39870-8904,4646,OLD HWY 200,,NEWTON,GA,39870-8904,A,,,04/21/2020,,,MAILED,NO,NO,NO,,N,002,012,154,SOGA,00004,,,,
BAKER,00575785,HENDERSON,JERRY,THOMAS,,347,JOAN AVE NW, ,NEWTON,GA,39870,,PO BOX 853,,NEWTON,GA,39870-0085,A,,,04/22/2020,,,MAILED,NO,NO,NO,N,N,002,012,154,SOGA,00005,,,,
BAKER,00576698,RAY,SYLVIA,S,,1457,WILLOW NOOK RD, ,NEWTON,GA,39870-7151,1457,WILLOW NOOK RD,,NEWTON,GA,39870-7151,A,,,04/27/2020,,,MAILED,NO,NO,NO,,M,002,012,154,SOGA,00004,,,,
BAKER,00576012,ROACH,VELLE,,,4530,CLEAR LAKE RD, ,NEWTON,GA,39870-7902,4530,CLEAR LAKE RD,,NEWTON,GA,39870-7902,A,,,04/30/2020,,,MAILED,NO,NO,NO,,N,002,012,154,SOGA,00004,,,,
BAKER,03289901,BARFIELD,ROGER,STEVE,,4666,DRENNON LN, ,NEWTON,GA,39870-8046,4666,DRENNON LN,,NEWTON,GA,39870-8046,A,,,09/08/2020,09/18/2020,,MAILED,NO,NO,NO,,N,002,012,154,SOGA,00004,,00012,22,
BAKER,00577333,ALSOBROOK,JAMES,RAY,,207,W BROAD AVE, ,NEWTON,GA,39870-7111,207,W BROAD AVE,,NEWTON,GA,39870-7111,A,,,04/15/2020,,,MAILED,NO,NO,NO,N,N,002,012,154,SOGA,00005,,,,
BAKER,00576686,MCFATHER,IVA,H,,1275,HUDGINS MILL RD, ,LEARY,GA,39862,1275,HUDGINS MILL RD,,LEARY,GA,39862,A,,,04/15/2020,,,MAILED,NO,NO,NO,,M,002,012,154,SOGA,00004,,,,
BAKER,00575653,DUKE,FAYE,,,188,W BROAD AVE, ,NEWTON,GA,39870-7108,,PO BOX 91,,NEWTON,GA,39870-0009,A,,,04/24/2020,,,MAILED,NO,NO,NO,N,N,002,012,154,SOGA,00005,,,,
BAKER,00576695,PHILLIPS,JEROME,,,1395,WILLOW NOOK RD, ,NEWTON,GA,39870-7149,1395,WILLOW NOOK RD,,NEWTON,GA,39870-7149,A,,,04/27/2020,,,MAILED,NO,NO,NO,,M,002,012,154,SOGA,00004,,,,
BAKER,03437308,DAWSON,VARRIE,JEAN,,3239,HAWKINSTOWN RD, ,NEWTON,GA,39870-8327,3239,HAWKINSTOWN RD,,NEWTON,GA,39870-8327,A,,,04/22/2020,,,MAILED,NO,NO,NO,,N,002,012,154,SOGA,00004,,,,
BAKER,00576077,SPANN,WYNELL,CLEMONS,,295,N MAIN ST, ,NEWTON,GA,39870-8737,,PO BOX 131,,NEWTON,GA,39870-0013,A,,,07/15/2020,,,MAILED,NO,NO,NO,N,N,002,012,154,SOGA,00005,,,,
BAKER,00576435,GREEN,MAMIE,LEE,,6389,HOGGARD MILL RD, ,COLQUITT,GA,39837-8232,6389,HOGGARD MILL RD,,COLQUITT,GA,39837-8232,A,,,04/27/2020,,,MAILED,NO,NO,NO,,H,002,012,154,SOGA,00004,,,,
BAKER,03285495,CRAWFORD,LINDA,DARNELL,,255,BRYANT CIRCLE ST NW, ,NEWTON,GA,39870,,PO BOX 765,,NEWTON,GA,39870-0076,A,,,04/15/2020,,,MAILED,NO,NO,NO,N,N,002,012,154,SOGA,00005,,,,
BAKER,04979571,FREEMAN,JOHNNY,,,3040,JOHNNY LONG RD, ,NEWTON,GA,39870,3040,JOHNNY LONG RD,,NEWTON,GA,39870,A,,,09/04/2020,09/18/2020,,MAILED,NO,NO,NO,,E,002,012,154,SOGA,00004,,00003,9,
BAKER,00576453,HILLIARD,NAN,N,,5173,GA HWY 253, ,COLQUITT,GA,39837-8166,5173,GA HWY 253,,COLQUITT,GA,39837-8166,A,,,04/27/2020,,,MAILED,NO,NO,NO,,H,002,012,154,SOGA,00004,,,,
BAKER,00576267,HAWKINS,JAMES,E,,3006,DELIVERANCE CHURCH RD, ,NEWTON,GA,39870-8018,3006,DELIVERANCE CHURCH RD,,NEWTON,GA,39870-8018,A,,,09/08/2020,,,MAILED,NO,NO,NO,,E,002,012,154,SOGA,00004,,,,
BAKER,00575617,CROSS,PATRICIA,A,,385,GA HWY 91 NW, ,NEWTON,GA,39870-7569,385,GA HWY 91 NW,,NEWTON,GA,39870-7569,A,,,04/24/2020,,,MAILED,NO,NO,NO,N,N,002,012,154,SOGA,00005,,,,
BAKER,00576811,HUDSON,EUGENE,,,3935,WOODRUFF CIR, ,NEWTON,GA,39870-7011,3935,WOODRUFF CIR,,NEWTON,GA,39870-7011,A,,,09/08/2020,09/18/2020,,MAILED,NO,NO,NO,,H,002,012,154,SOGA,00004,,00017,88,
BAKER,00027701,HALL,CARRIE,VICTUM,,3007,NEWTON HWY, ,NEWTON,GA,39870,3007,NEWTON HWY,,NEWTON,GA,39870,A,,,05/29/2020,,,MAILED,NO,NO,NO,,N,002,012,154,SOGA,00004,,,,
BAKER,00576215,SCREWS,VIRGINIA,M,,2242,RENTZ BRIDGE RD, ,NEWTON,GA,39870-7448,2242,RENTZ BRIDGE RD,,NEWTON,GA,39870-7448,A,,,04/14/2020,,,MAILED,NO,NO,NO,,E,002,012,154,SOGA,00004,,,,
BAKER,00577300,KENNINGTON,LOTTIE,R,,2251,JOHN C DURHAM RD, ,NEWTON,GA,39870-8505,2251,JOHN C DURHAM RD,,NEWTON,GA,39870-8505,A,,,04/21/2020,,,MAILED,NO,NO,NO,,N,002,012,154,SOGA,00004,,,,
BAKER,12139664,SILJEHOLM,CARL,ALFRED,JR,1503,PATMOS MILFORD HWY, ,LEARY,GA,39862,1503,PATMOS MILFORD HWY,,LEARY,GA,39862-7655,A,,,04/15/2020,,,MAILED,NO,NO,NO,,M,002,012,154,SOGA,00004,,,,
BAKER,03277087,SKINNER,MAMIE,J,,2250,MILFORD RD, ,NEWTON,GA,39870,2250,MILFORD RD,,NEWTON,GA,39870,A,,,04/28/2020,,,MAILED,NO,NO,NO,,A,002,012,154,SOGA,00004,,,,
BAKER,00576106,TRICE,AUDREY,ELAINE,,1117,TRICE RD, ,NEWTON,GA,39870,1117,TRICE RD,,NEWTON,GA,39870,A,,,09/08/2020,09/18/2020,,MAILED,NO,NO,NO,,N,002,012,154,SOGA,00004,,00026,85,
BAKER,00576649,JAY,BAILEY,,,1245,PINEY GROVE CHURCH RD, ,ARLINGTON,GA,39813,1245,PINEY GROVE CHURCH RD,,ARLINGTON,GA,39813,A,,,04/15/2020,,,MAILED,NO,NO,NO,,M,002,012,154,SOGA,00004,,,,
BAKER,05299595,ALLEN,LAKESHIA,NICOLE,,2970,JOHNNY LONG RD, ,NEWTON,GA,39870-8510,2970,JOHNNY LONG RD,,NEWTON,GA,39870-8510,A,,,09/08/2020,09/18/2020,,MAILED,NO,NO,NO,,E,002,012,154,SOGA,00004,,00004,15,
BAKER,00576738,TABB,KARIN,S,,1503,PATMOS MILFORD HWY, ,LEARY,GA,39862,1503,PATMOS MILFORD HWY,,LEARY,GA,39862,A,,,04/08/2020,,,MAILED,NO,NO,NO,,M,002,012,154,SOGA,00004,,,,
BAKER,00576347,WILLIAMS,JOYCE,ANN,,2970,JOHNNY LONG RD, ,NEWTON,GA,39870-8510,2970,JOHNNY LONG RD,,NEWTON,GA,39870-8510,A,,,04/24/2020,,,MAILED,NO,NO,NO,,E,002,012,154,SOGA,00004,,,,
BAKER,00575784,HENDERSON,JACK,EUGENE,,352,JOAN AVE NW, ,NEWTON,GA,39870-8450,,PO BOX 283,,NEWTON,GA,39870-0028,A,,,04/24/2020,,,MAILED,NO,NO,NO,N,N,002,012,154,SOGA,00005,,,,
BAKER,00576728,SMITH,WILLIAM,ANTHONY,,54,CHEROKEE ROSE RD, ,ARLINGTON,GA,39813-1225,54,CHEROKEE ROSE RD,,ARLINGTON,GA,39813-1225,A,,,09/14/2020,09/18/2020,,MAILED,NO,NO,NO,,M,002,012,154,SOGA,00004,,00006,99,
BAKER,03317723,RIGGINS,LOIS,J,,273,CARVER ST NW, ,NEWTON,GA,39870-7816,,PO BOX 97,,NEWTON,GA,39870-0009,A,,,09/08/2020,09/18/2020,,MAILED,NO,NO,NO,N,N,002,012,154,SOGA,00005,,00006,90,
BAKER,05444153,HAWKINS,DANNA,EARL,JR,2978,DELIVERANCE CHURCH RD, ,NEWTON,GA,39870,2978,DELIVERANCE CHURCH RD,,NEWTON,GA,39870,A,,,09/08/2020,09/18/2020,,MAILED,NO,NO,NO,,E,002,012,154,SOGA,00004,,00021,48,
BAKER,00576107,TRICE,CALVIN,JAMES,,1117,TRICE RD, ,NEWTON,GA,39870-7229,1117,TRICE RD,,NEWTON,GA,39870-7229,A,,,04/24/2020,,,MAILED,NO,NO,NO,,N,002,012,154,SOGA,00004,,,,
BAKER,00576580,COSTON,GID,EARL,,1272,MILFORD CHURCH RD, ,LEARY,GA,39862-7517,1272,MILFORD CHURCH RD,,LEARY,GA,39862-7517,A,,,04/28/2020,,,MAILED,NO,NO,NO,,M,002,012,154,SOGA,00004,,,,
BAKER,08584729,HALL,HORACE,,JR,3007,NEWTON HWY, ,NEWTON,GA,39870-8813,3007,NEWTON HWY,,NEWTON,GA,39870-8813,A,,,04/27/2020,,,MAILED,NO,NO,NO,,N,002,012,154,SOGA,00004,,,,
BAKER,00576348,STUBBS,NATHANIEL,,,3098,JOSHUA HAWKINS SR DR, ,NEWTON,GA,39870-8528,3098,JOSHUA HAWKINS SR ,,NEWTON,GA,39870-8528,A,,,08/27/2020,,,MAILED,NO,NO,NO,,H,002,012,154,SOGA,00004,,,,
BAKER,12610679,WILLIAMS,JA'NAIYJA,SARUTHIE,,3094,BIG OAK LN, ,NEWTON,GA,39870,3094,BIG OAK LN,,NEWTON,GA,39870-7722,A,,,09/08/2020,09/18/2020,,MAILED,NO,NO,NO,,E,002,012,154,SOGA,00004,,00013,34,
BAKER,12005652,SIMON,JUAN,PASCUAL,JR,2906,JOSIE MILLER RD, ,NEWTON,GA,39870,2906,JOSIE MILLER RD,,NEWTON,GA,39870-8536,A,,,09/01/2020,09/18/2020,,MAILED,NO,NO,NO,,N,002,012,154,SOGA,00004,,00002,3,
BAKER,00576452,HILLIARD,DREW,W,,5173,GA HWY 253, ,COLQUITT,GA,39837-8166,5173,GA HWY 253,,COLQUITT,GA,39837-8166,A,,,04/27/2020,,,MAILED,NO,NO,NO,,H,002,012,154,SOGA,00004,,,,
BAKER,00575883,KELLEY,EMMA,JEAN,,3169,NEWTON HWY, ,NEWTON,GA,39870,3169,NEWTON HWY,,NEWTON,GA,39870,A,,,04/15/2020,,,MAILED,NO,NO,NO,,N,002,012,154,SOGA,00004,,,,
BAKER,07555525,ROBINSON,JESSICA,CARTER,,4612,MT CARMEL RD, ,NEWTON,GA,39870,4612,MT CARMEL RD,,NEWTON,GA,39870,A,,,04/22/2020,,,MAILED,NO,NO,NO,,N,002,012,154,SOGA,00004,,,,
BAKER,00576142,WESTON,WILLIE,MAE,,110,PARKS AVE NE,UNIT 11,NEWTON,GA,39870,,PO BOX 422,,NEWTON,GA,39870-0042,A,,,03/14/2020,,,MAILED,NO,NO,NO,N,N,002,012,154,SOGA,00005,,,,
BAKER,06116924,BURKETT,FREDERICK,M,,366,CLEAR LAKE RD NW, ,NEWTON,GA,39870,366,CLEAR LAKE RD NW,,NEWTON,GA,39870,A,,,04/28/2020,,,MAILED,NO,NO,NO,N,N,002,012,154,SOGA,00005,,,,
BAKER,07675960,LOFTON,ANGELA,SILAS,,3106,NEWTON HWY, ,NEWTON,GA,39870,,PO BOX 212,,NEWTON,GA,39870-0021,A,,,07/17/2020,,,MAILED,NO,NO,NO,,N,002,012,154,SOGA,00004,,,,
BAKER,00575898,LANIER,MICHAEL,ROOKS,,227,NORRIS ST SW, ,NEWTON,GA,39870-8857,,PO BOX 262,,NEWTON,GA,39870-0026,A,,,04/08/2020,,,MAILED,NO,NO,NO,N,N,002,012,154,SOGA,00005,,,,
BAKER,11402308,SHIVER,CHARLOTTE,GAY,,4655,CLEAR LAKE RD, ,NEWTON,GA,39870,4655,CLEAR LAKE RD,,NEWTON,GA,39870-7905,A,,,08/04/2020,,,MAILED,NO,NO,NO,,N,002,012,154,SOGA,00004,,,,
BAKER,00576062,SIMS,LOCKET,,JR,266,WATER ST NE, ,NEWTON,GA,39870-7511,,PO BOX 24,,NEWTON,GA,39870-0002,A,,,04/30/2020,,,MAILED,NO,NO,NO,N,N,002,012,154,SOGA,00005,,,,
BAKER,00575462,REED,ETHEL,M,,2850,TOM SHEFFIELD RD, ,DAMASCUS,GA,39841-7245,2850,TOM SHEFFIELD RD,,DAMASCUS,GA,39841-7245,A,,,04/24/2020,,,MAILED,NO,NO,NO,,A,002,012,154,SOGA,00004,,,,
BAKER,00575739,HANES,CONNIE,MAE,,5618,COLQUITT FORD RD, ,ALBANY,GA,31721,5618,COLQUITT FORD RD,,ALBANY,GA,31721,A,,,09/08/2020,09/18/2020,,MAILED,NO,NO,NO,,N,002,012,154,SOGA,00004,,00014,38,
BAKER,00575503,ANDERSON,ALBERTA,WRIGHT,,1246,OSCAR JORDAN RD, ,LEARY,GA,39862-7462,1246,OSCAR JORDAN RD,,LEARY,GA,39862-7462,A,,,09/14/2020,09/18/2020,,MAILED,NO,NO,NO,,M,002,012,154,SOGA,00004,,00008,101,
BAKER,00575661,CROSBY,ANGELINE,KIMBREL,,4909,THOMAS LEE RD, ,NEWTON,GA,39870-7355,,PO BOX 712,,NEWTON,GA,39870-0071,A,,,04/27/2020,,,MAILED,NO,NO,NO,,N,002,012,154,SOGA,00004,,,,
BAKER,00575964,PARKER,JOANNE,I,,320,JOAN AVE NW, ,NEWTON,GA,39870,,PO BOX 84,,NEWTON,GA,39870-0008,A,,,04/08/2020,,,MAILED,NO,NO,NO,N,N,002,012,154,SOGA,00005,,,,
BAKER,00575504,WILLIAMS,JANET,,,3064,KATIE MILLER RD, ,NEWTON,GA,39870,3064,KATIE MILLER RD,,NEWTON,GA,39870,A,,,04/24/2020,,,MAILED,NO,NO,NO,,E,002,012,154,SOGA,00004,,,,
BAKER,08393728,HAYES,L G,,,5947,NEWTON HWY, ,COLQUITT,GA,39837-8522,5947,NEWTON HWY,,COLQUITT,GA,39837-8522,A,,,09/11/2020,,,MAILED,NO,NO,NO,,H,002,012,154,SOGA,00004,,,,
BAKER,07857270,HAWKINS,KATHY,OLIVIA,,3050,HAWKINSTOWN RD, ,NEWTON,GA,39870-8322,,PO BOX 308,,NEWTON,GA,39870-0030,A,,,09/08/2020,09/18/2020,,MAILED,NO,NO,NO,,E,002,012,154,SOGA,00004,,00029,73,
BAKER,05686526,HAWKINS,SERICA,FANIQUE,,2690,COCHA LN, ,NEWTON,GA,39870,2690,COCHA LN,,NEWTON,GA,39870,A,,,09/08/2020,09/18/2020,,MAILED,NO,NO,NO,,N,002,012,154,SOGA,00004,,00018,61,
BAKER,00576145,WHITE,LYNDA,GAIL,,339,N MAIN ST, ,NEWTON,GA,39870-8739,,PO BOX 692,,NEWTON,GA,39870-0069,A,,,03/13/2020,,,MAILED,NO,NO,NO,N,N,002,012,154,SOGA,00005,,,,
BAKER,11886882,COLLINS,BRADY,,,1368,SHEFFIELD RD, ,LEARY,GA,39862,115,OLYMPIC BLVD,,STATESBORO,GA,30458,A,,,09/09/2020,,,MAILED,NO,NO,NO,,M,002,012,154,SOGA,00004,,,,
BAKER,00575579,COBB,NATHANIEL,,SR,3787,GA HWY 200, ,NEWTON,GA,39870,3787,GA HWY 200,,NEWTON,GA,39870,A,,,09/02/2020,,,MAILED,NO,NO,NO,,N,002,012,154,SOGA,00004,,,,
BAKER,00576366,ADKINS,GRACE,H,,1684,JERICHO RD, ,NEWTON,GA,39870,1684,JERICHO RD,,NEWTON,GA,39870,A,,,04/24/2020,,,MAILED,NO,NO,NO,,E,002,012,154,SOGA,00004,,,,
BAKER,00576409,CROSS,BETTY,A,,399,CROSS RD, ,COLQUITT,GA,39837-8021,399,CROSS RD,,COLQUITT,GA,39837-8021,A,,,04/15/2020,,,MAILED,NO,NO,NO,,H,002,012,154,SOGA,00004,,,,
BAKER,00575544,BURNS,MELVIN,THEODORE,,2865,JOSIE MILLER RD, ,NEWTON,GA,39870-8535,,PO BOX 517,,NEWTON,GA,39870-0051,A,,,04/27/2020,,,MAILED,NO,NO,NO,,N,002,012,154,SOGA,00004,,,,
BAKER,00576299,KEY,BETTY,PEARL,,735,MILFORD CHURCH RD, ,LEARY,GA,39862-7527,735,MILFORD CHURCH RD,,LEARY,GA,39862-7527,A,,,09/08/2020,09/18/2020,,MAILED,NO,NO,NO,,E,002,012,154,SOGA,00004,,00034,79,
BAKER,00576372,ARD,JAMES,W,,5837,LEE HEARD RD, ,COLQUITT,GA,39837-8416,5837,LEE HEARD RD,,COLQUITT,GA,39837-8416,A,,,09/08/2020,09/18/2020,,MAILED,NO,NO,NO,,H,002,012,154,SOGA,00004,,00011,55,
BAKER,12681372,SMITH,AUSTIN,REED,,3867,WOODRUFF CIR, ,NEWTON,GA,39870,,P.O. BOX 532,,MISSISSIPPI,MS,39762,A,,,09/04/2020,09/18/2020,,MAILED,NO,NO,NO,,H,002,012,154,SOGA,00004,,00002,5,
BAKER,00575620,CROY,CLARESSA,ELAINE,,465,SUNSET AVE SW, ,NEWTON,GA,39870-7345,465,SUNSET AVE SW,,NEWTON,GA,39870-7345,A,,,05/04/2020,,,MAILED,NO,NO,NO,N,N,002,012,154,SOGA,00005,,,,
BAKER,00575593,COLLINS,WILMA,H,,332,HOKESMITH DR NW, ,NEWTON,GA,39870-7578,332,HOKESMITH DR NW,,NEWTON,GA,39870-7578,A,,,04/22/2020,,,MAILED,NO,NO,NO,N,N,002,012,154,SOGA,00005,,,,
BAKER,00575583,COE,ELDREW,,,152,ROOSEVELT AVE NW, ,NEWTON,GA,39870,,PO BOX 133,,NEWTON,GA,39870-0013,A,,,04/28/2020,,,MAILED,NO,NO,NO,N,N,002,012,154,SOGA,00005,,,,
BAKER,00575640,DAVIS,ROSETTA,JOHNSON,,458,JOHNSON LN NW, ,NEWTON,GA,39870-8518,458,JOHNSON LN NW,,NEWTON,GA,39870-8518,A,,,03/12/2020,,,MAILED,NO,NO,NO,N,N,002,012,154,SOGA,00005,,,,
BAKER,00576096,TOMPKINS,VIRGINIA,DIANE,,377,CLEAR LAKE RD NW, ,NEWTON,GA,39870,377,CLEAR LAKE RD NW,,NEWTON,GA,39870,A,,,04/28/2020,,,MAILED,NO,NO,NO,N,N,002,012,154,SOGA,00005,,,,
BAKER,00575681,ELLIOTT,MARY,A,,422,CLEAR LAKE RD NW, ,NEWTON,GA,39870,422,CLEAR LAKE RD NW,,NEWTON,GA,39870,A,,,04/24/2020,,,MAILED,NO,NO,NO,N,N,002,012,154,SOGA,00005,,,,
BAKER,03689922,HINES,JAMES,WYNDELL,,4840,COLQUITT FORD RD, ,ALBANY,GA,31721-3129,4840,COLQUITT FORD RD,,ALBANY,GA,31721-3129,A,,,04/24/2020,,,MAILED,NO,NO,NO,,N,002,012,154,SOGA,00004,,,,
BAKER,00576431,GAMMAGE,LILLIE,MAE,,3002,JOHNNY LONG RD, ,NEWTON,GA,39870-8512,3002,JOHNNY LONG RD,,NEWTON,GA,39870-8512,A,,,07/10/2020,,,MAILED,NO,NO,NO,,E,002,012,154,SOGA,00004,,,,
BAKER,00576726,SMITH,BEVERLY,BUSH,,54,CHEROKEE ROSE RD, ,ARLINGTON,GA,39813-1225,54,CHEROKEE ROSE RD,,ARLINGTON,GA,39813-1225,A,,,09/14/2020,09/18/2020,,MAILED,NO,NO,NO,,M,002,012,154,SOGA,00004,,00005,98,
BAKER,00026852,JOHNSON,ANGELA,REGINA,,217,KEGLER ST NW, ,NEWTON,GA,39870,217,KEGLER ST,,NEWTON,GA,39870-9774,A,,,09/15/2020,09/18/2020,,MAILED,NO,NO,NO,N,N,002,012,154,SOGA,00005,,00009,109,
BAKER,03976106,HALL,REBECCA,HUDSON,,3058,HAWKINSTOWN RD, ,NEWTON,GA,39870-8322,3058,HAWKINSTOWN RD,,NEWTON,GA,39870-8322,A,,,09/08/2020,09/18/2020,,MAILED,NO,NO,NO,,E,002,012,154,SOGA,00004,,00022,54,
BAKER,06550651,RIGGINS,FRED,,,273,CARVER ST NW, ,NEWTON,GA,39870,,PO BOX 97,,NEWTON,GA,39870-0009,A,,,09/08/2020,09/18/2020,,MAILED,NO,NO,NO,N,N,002,012,154,SOGA,00005,,00008,92,
BAKER,08207221,HANES,FRANKLIN,EARL,,688,BOGAN LN, ,NEWTON,GA,39870-7759,688,BOGAN LN,,NEWTON,GA,39870-7759,A,,,09/08/2020,09/18/2020,,MAILED,NO,NO,NO,,N,002,012,154,SOGA,00004,,00015,51,
BAKER,00576152,GREEN,HAZEL,LEE,,2995,DELIVERANCE CHURCH RD, ,NEWTON,GA,39870,2995,DELIVERANCE CHURCH RD,,NEWTON,GA,39870,A,,,08/06/2020,,,MAILED,NO,NO,NO,,E,002,012,154,SOGA,00004,,,,
BAKER,00575975,PARKS,ELLA,MAE,,266,WATER ST NE, ,NEWTON,GA,39870,,PO BOX 24,,NEWTON,GA,39870-0002,A,,,04/15/2020,,,MAILED,NO,NO,NO,N,N,002,012,154,SOGA,00005,,,,
BAKER,00576044,WILLIAMS,JENCY,MAE,,2977,JOSIE MILLER RD, ,NEWTON,GA,39870-8537,2977,JOSIE MILLER RD,,NEWTON,GA,39870-8537,A,,,04/27/2020,,,MAILED,NO,NO,NO,,N,002,012,154,SOGA,00004,,,,
BAKER,00576807,DUNCAN,VIRGINIA,MAE,,2956,DELIVERANCE CHURCH RD, ,NEWTON,GA,39870-8016,2956,DELIVERANCE CHURCH RD,,NEWTON,GA,39870-8016,A,,,08/06/2020,,,MAILED,NO,NO,NO,,E,002,012,154,SOGA,00004,,,,
BAKER,00576075,SPANN,JOHN,LOUIS,,295,N MAIN ST, ,NEWTON,GA,39870-8737,,PO BOX 131,,NEWTON,GA,39870-0013,A,,,07/15/2020,,,MAILED,NO,NO,NO,N,N,002,012,154,SOGA,00005,,,,
BAKER,07461882,ROOKS,MARILYN,SUZANNE,,4103,PRESTON RD, ,NEWTON,GA,39870,4103,PRESTON RD,,NEWTON,GA,39870,A,,,08/25/2020,,,MAILED,NO,NO,NO,,N,002,012,154,SOGA,00004,,,,
BAKER,07896494,GRANT,LOURIE,LEE,,2314,MILFORD RD, ,NEWTON,GA,39870-8700,2314,MILFORD RD,,NEWTON,GA,39870-8700,A,,,09/08/2020,09/18/2020,,MAILED,NO,NO,NO,,A,002,012,154,SOGA,00004,,00001,70,
BAKER,00575714,FREEMAN,MAGGIE,K,,245,FREEMAN LN NE, ,NEWTON,GA,39870-8207,,PO BOX 322,,NEWTON,GA,39870-0032,A,,,04/24/2020,,,MAILED,NO,NO,NO,N,N,002,012,154,SOGA,00005,,,,
BAKER,11855832,DURDEN,MELODY,C,,4039,JOSULI RD, ,COLQUITT,GA,39837,4039,JOSULI RD,,COLQUITT,GA,39837-8319,A,,,04/28/2020,,,MAILED,NO,NO,NO,,H,002,012,154,SOGA,00004,,,,
BAKER,04705917,ANDERSON,KEAUNTRA,D,,3732,NEWTON HWY, ,NEWTON,GA,39870,3732,NEWTON HWY,,NEWTON,GA,39870,A,,,09/08/2020,09/18/2020,,MAILED,NO,NO,NO,,N,002,012,154,SOGA,00004,,00022,77,
BAKER,11090831,SMITH,HATTIE,CARTER,,219,HARDEN ALLEN RD, ,COLQUITT,GA,39837,219,HARDEN ALLEN RD,,COLQUITT,GA,39837-8031,A,,,08/27/2020,,,MAILED,NO,NO,NO,,H,002,012,154,SOGA,00004,,,,
BAKER,02238256,WORKS,KERVINEL,LAKEATH,,6744,WILDFAIR RD, ,ALBANY,GA,31721,6744,WILDFAIR RD,,ALBANY,GA,31721,A,,,09/02/2020,09/18/2020,,MAILED,NO,NO,NO,,N,002,012,154,SOGA,00004,,00003,4,
BAKER,00576925,JOHNSON,VIRGINIA,LOUISE,,1465,OSCAR JORDAN RD, ,LEARY,GA,39862-7471,1465,OSCAR JORDAN RD,,LEARY,GA,39862-7471,A,,,04/15/2020,,,MAILED,NO,NO,NO,,M,002,012,154,SOGA,00004,,,,
BAKER,06853739,ALDERSON,NANCY,PRICE,,670,CROSS RD, ,NEWTON,GA,39870-8006,670,CROSS RD,,NEWTON,GA,39870-8006,A,,,04/15/2020,,,MAILED,NO,NO,NO,,H,002,012,154,SOGA,00004,,,,
BAKER,12598895,EDWARDS,JENNA,LEEANN,,3544,HAWKINSTOWN RD, ,NEWTON,GA,39870,3544,HAWKINSTOWN RD,,NEWTON,GA,39870,A,,,09/14/2020,09/18/2020,,MAILED,NO,NO,NO,,H,002,012,154,SOGA,00004,,00020,107,
BAKER,03334286,HILL,GARY,SHERROD,,3049,BIG OAK LN, ,NEWTON,GA,39870,3049,BIG OAK LN,,NEWTON,GA,39870,A,,,09/14/2020,09/18/2020,,MAILED,NO,NO,NO,,E,002,012,154,SOGA,00004,,00041,104,
BAKER,10687935,WOODELL,SUMMER,CHRISTINE,,4666,DRENNON LN, ,NEWTON,GA,39870,4666,DRENNON LN,,NEWTON,GA,39870-8046,A,,,09/08/2020,09/18/2020,,MAILED,NO,NO,NO,,N,002,012,154,SOGA,00004,,00011,21,
BAKER,05949537,SLUSMEYER,JEAN,P,,1447,IVEYS MILL RD, ,LEARY,GA,39862-7411,1447,IVEYS MILL RD,,LEARY,GA,39862-7411,A,,,04/24/2020,,,MAILED,NO,NO,NO,,M,002,012,154,SOGA,00004,,,,
BAKER,07249962,ROBERTS,CARRYE,ALLEN,,144,PARKS CIR NE, ,NEWTON,GA,39870,,PO BOX 247,,NEWTON,GA,39870-0024,A,,,05/28/2020,,,MAILED,NO,NO,NO,N,N,002,012,154,SOGA,00005,,,,
BAKER,03819802,HAINES,TRENT,LEE,SR,672,BOGAN LN, ,NEWTON,GA,39870-7759,672,BOGAN LN,,NEWTON,GA,39870-7759,A,,,09/08/2020,09/18/2020,,MAILED,NO,NO,NO,,N,002,012,154,SOGA,00004,,00023,81,
BAKER,00576416,DANIELS,JAMES,P,,310,MILTON MILLER RD, ,COLQUITT,GA,39837-8420,310,MILTON MILLER RD,,COLQUITT,GA,39837-8420,A,,,09/11/2020,,,MAILED,NO,NO,NO,,H,002,012,154,SOGA,00004,,,,
BAKER,00576485,MILLER,EMMETT,,,590,MILTON MILLER RD, ,COLQUITT,GA,39837-8422,590,MILTON MILLER RD,,COLQUITT,GA,39837-8422,A,,,09/08/2020,09/18/2020,,MAILED,NO,NO,NO,,H,002,012,154,SOGA,00004,,00015,69,
BAKER,04028195,ELLIS,ALBERT,,,3078,BIG OAK LN, ,NEWTON,GA,39870,3078,BIG OAK LN,,NEWTON,GA,39870,A,,,04/21/2020,,,MAILED,NO,NO,NO,,E,002,012,154,SOGA,00004,,,,
BAKER,04978925,LOZANO,JAVIER,,,4836,GA HWY 200, ,NEWTON,GA,39870-7566,4836,GA HWY 200,,NEWTON,GA,39870-7566,A,,,09/08/2020,09/18/2020,,MAILED,NO,NO,NO,,N,002,012,154,SOGA,00004,,00007,16,
BAKER,11853409,DELUCCA,CHARLOTTE,,,1388,IVEYS MILL RD, ,LEARY,GA,39862,1388,IVEYS MILL RD,,LEARY,GA,39862,A,,,04/15/2020,,,MAILED,NO,NO,NO,,M,002,012,154,SOGA,00004,,,,
BAKER,10723230,LOFTON,ROBERT,LEE,,3160,NEWTON HWY, ,NEWTON,GA,39870,3160,NEWTON HWY,,NEWTON,GA,39870-8814,A,,,07/17/2020,,,MAILED,NO,NO,NO,,N,002,012,154,SOGA,00004,,,,
BAKER,00576350,TIMMONS,JERRY,L,,606,ELMODEL HWY, ,LEARY,GA,39862-7132,606,ELMODEL HWY,,LEARY,GA,39862-7132,A,,,04/14/2020,,,MAILED,NO,NO,NO,,E,002,012,154,SOGA,00004,,,,
BAKER,00575755,HAWKINS,CURTIS,LAMAR,,2690,COCHA LN, ,NEWTON,GA,39870,2690,COCHA LN,,NEWTON,GA,39870,A,,,09/08/2020,09/18/2020,,MAILED,NO,NO,NO,,N,002,012,154,SOGA,00004,,00010,19,
BAKER,11402313,CHANDLER,VIRUTH,WRIGHT,,330,CLEAR LAKE RD NW, ,NEWTON,GA,39870,330,CLEAR LAKE RD,,NEWTON,GA,39870-9804,A,,,05/27/2020,,,MAILED,NO,NO,NO,N,N,002,012,154,SOGA,00005,,,,
BAKER,06452064,WILLIAMS,TIA,MARIA,,3094,BIG OAK LN,UNIT 214,NEWTON,GA,39870,3094,BIG OAK LN,UNIT 214,NEWTON,GA,39870,A,,,09/08/2020,09/18/2020,,MAILED,NO,NO,NO,,E,002,012,154,SOGA,00004,,00017,42,
BAKER,00575517,BOLDEN,ALICE,RUTH,,1945,PRETORIA RD, ,NEWTON,GA,39870,1945,PRETORIA RD,,NEWTON,GA,39870,A,,,04/28/2020,,,MAILED,NO,NO,NO,,N,002,012,154,SOGA,00004,,,,
BAKER,00576035,ROUSE,GLENN,THOMAS,,349,N MAIN ST, ,NEWTON,GA,39870-8739,,PO BOX 392,,NEWTON,GA,39870-0039,A,,,07/28/2020,,,MAILED,NO,NO,NO,N,N,002,012,154,SOGA,00005,,,,
BAKER,05378621,STOKES,ROSA,LEE,,3105,BIG OAK LN, ,NEWTON,GA,39870,,PO BOX 24,,CAMILLA,GA,31730-0002,A,,,09/08/2020,09/18/2020,,MAILED,NO,NO,NO,,E,002,012,154,SOGA,00004,,00024,58,
BAKER,00024276,CRAFT,CYNTHIA,COOK,,102,ELMODEL HWY, ,LEARY,GA,39862-7127,102,ELMODEL HWY,,LEARY,GA,39862-7127,A,,,09/08/2020,09/18/2020,,MAILED,NO,NO,NO,,E,002,012,154,SOGA,00004,,00023,56,
BAKER,08711713,WILLIAMS,LATISHA,TIARRA,,3020,HAWKINSTOWN RD, ,NEWTON,GA,39870,3020,HAWKINSTOWN RD,,NEWTON,GA,39870,A,,,09/08/2020,09/18/2020,,MAILED,NO,NO,NO,,E,002,012,154,SOGA,00004,,00035,80,
BAKER,00576697,RAY,JARRELL,S,,1457,WILLOW NOOK RD, ,NEWTON,GA,39870-7151,1457,WILLOW NOOK RD,,NEWTON,GA,39870-7151,A,,,04/27/2020,,,MAILED,NO,NO,NO,,M,002,012,154,SOGA,00004,,,,
BAKER,00575447,NEWTON,ANN,COOK,,292,BOGARTUS RD, ,ARLINGTON,GA,39813-1203,292,BOGARTUS RD,,ARLINGTON,GA,39813-1203,A,,,02/18/2020,,,MAILED,NO,NO,NO,,A,002,012,154,SOGA,00004,,,,
BAKER,04979555,OCAMPO,MELINDA,ARNETT,,2995,DELIVERANCE CHURCH RD, ,NEWTON,GA,39870,2995,DELIVERANCE CHURCH RD,,NEWTON,GA,39870,A,,,07/28/2020,,,MAILED,NO,NO,NO,,E,002,012,154,SOGA,00004,,,,
BAKER,06663158,DAVIS,KATRINA,NICOLE,,458,JOHNSON LN NW, ,NEWTON,GA,39870-8518,458,JOHNSON LN NW,,NEWTON,GA,39870-8518,A,,,09/11/2020,,,MAILED,NO,NO,NO,N,N,002,012,154,SOGA,00005,,,,
BAKER,00576519,PARKS,WILLIE,MAE,,5303,VERNON HALL RD, ,NEWTON,GA,39870-7243,5303,VERNON HALL RD,,NEWTON,GA,39870-7243,A,,,09/08/2020,09/18/2020,,MAILED,NO,NO,NO,,H,002,012,154,SOGA,00004,,00009,49,
BAKER,00575965,PARKER,HENRY,C,,3561,TRAVELERS REST RD, ,NEWTON,GA,39870-7217,3561,TRAVELERS REST RD,,NEWTON,GA,39870-7217,A,,,04/21/2020,,,MAILED,NO,NO,NO,,E,002,012,154,SOGA,00004,,,,
BAKER,00575513,BARKER,JIMMY,WAYNE,,544,N MAIN ST, ,NEWTON,GA,39870,544,N MAIN ST,,NEWTON,GA,39870,A,,,05/01/2020,,,MAILED,NO,NO,NO,N,N,002,012,154,SOGA,00005,,,,
BAKER,00576780,WILLIAMS,EVELYNE,,,2900,BAY JACKSON RD, ,NEWTON,GA,39870-7630,2900,BAY JACKSON RD,,NEWTON,GA,39870-7630,A,,,04/27/2020,,,MAILED,NO,NO,NO,,E,002,012,154,SOGA,00004,,,,
BAKER,00576560,ANDERSON,SAMUEL,,,1246,OSCAR JORDAN RD, ,LEARY,GA,39862,1246,OSCAR JORDAN RD,,LEARY,GA,39862,A,,,09/14/2020,09/18/2020,,MAILED,NO,NO,NO,,M,002,012,154,SOGA,00004,,00007,100,
BAKER,00575699,EURE,STEVEN,WESLEY,,1066,ELMODEL HWY, ,LEARY,GA,39862,1066,ELMODEL HWY,,LEARY,GA,39862,A,,,07/27/2020,,,MAILED,NO,NO,NO,,E,002,012,154,SOGA,00004,,,,
BAKER,00575698,ETHRIDGE,LARRY,ALLEN,,3784,TRAVELERS REST RD, ,NEWTON,GA,39870-7218,3784,TRAVELERS REST RD,,NEWTON,GA,39870-7218,A,,,04/27/2020,,,MAILED,NO,NO,NO,,N,002,012,154,SOGA,00004,,,,
BAKER,00576189,ANDERSON,WALTER,,,2960,SAUL BROWN RD, ,NEWTON,GA,39870-7330,2960,SAUL BROWN RD,,NEWTON,GA,39870-7330,A,,,04/12/2020,,,MAILED,NO,NO,NO,,E,002,012,154,SOGA,00004,,,,
BAKER,00575766,HAWKINS,ROSA,KING,,4011,REHOBIE RD, ,NEWTON,GA,39870,4011,REHOBIE RD,,NEWTON,GA,39870,A,,,09/08/2020,09/18/2020,,MAILED,NO,NO,NO,,N,002,012,154,SOGA,00004,,00017,57,
BAKER,00576083,STUBBS,BESSIE,L,,3803,NEWTON HWY, ,NEWTON,GA,39870,3803,NEWTON HWY,,NEWTON,GA,39870,A,,,07/16/2020,,,MAILED,NO,NO,NO,,N,002,012,154,SOGA,00004,,,,
BAKER,00577226,KELLY,JOE,L,,1849,HAMILL RD, ,ARLINGTON,GA,39813,1849,HAMILL RD,,ARLINGTON,GA,39813,A,,,08/27/2020,,,MAILED,NO,NO,NO,,M,002,012,154,SOGA,00004,,,,
BAKER,00576824,SHEFFIELD,MYRLENE,I,,1651,SHEFFIELD RD, ,LEARY,GA,39862-7618,1651,SHEFFIELD RD,,LEARY,GA,39862-7618,A,,,07/20/2020,,,MAILED,NO,NO,NO,,M,002,012,154,SOGA,00004,,,,
BAKER,00577016,HUDSON,FRANKIE,MAE,,3935,WOODRUFF CIR, ,NEWTON,GA,39870-7011,3935,WOODRUFF CIR,,NEWTON,GA,39870-7011,A,,,09/08/2020,09/18/2020,,MAILED,NO,NO,NO,,H,002,012,154,SOGA,00004,,00016,87,
BAKER,02395273,TARVER,CHARLES,M,,3080,LONGLEAF DR DR, ,NEWTON,GA,39870,3080,LONGLEAF DR DR,,NEWTON,GA,39870,A,,,05/05/2020,,,MAILED,NO,NO,NO,,E,002,012,154,SOGA,00004,,,,
BAKER,00576581,COSTON,MARILYN,H,,1272,MILFORD CHURCH RD, ,LEARY,GA,39862,1272,MILFORD CHURCH RD,,LEARY,GA,39862,A,,,04/28/2020,,,MAILED,NO,NO,NO,,M,002,012,154,SOGA,00004,,,,
BAKER,00576753,THOMPSON,ROBERT,LINTON,,882,PINEY GROVE CHURCH RD, ,ARLINGTON,GA,39813-1400,882,PINEY GROVE CHURCH RD,,ARLINGTON,GA,39813-1400,A,,,04/14/2020,,,MAILED,NO,NO,NO,,M,002,012,154,SOGA,00004,,,,
BAKER,00576214,COLLINS,FRANCES,KIDD,,2275,PATMOS MILFORD HWY, ,LEARY,GA,39862-7645,2275,PATMOS MILFORD HWY,,LEARY,GA,39862-7645,A,,,04/08/2020,,,MAILED,NO,NO,NO,,E,002,012,154,SOGA,00004,,,,
BAKER,10196495,GARDNER,JIMMIE,LEE,JR,3476,HAWKINSTOWN RD, ,NEWTON,GA,39870,4003,STALI WAY,,CAMILLA,GA,31730-3127,A,,,04/28/2020,,,MAILED,NO,NO,NO,,H,002,012,154,SOGA,00004,,,,
BAKER,12621274,YOUNGBLOOD,JONATHAN,KEITH,,683,HIGH HILL RD, ,LEARY,GA,39862,683,HIGH HILL RD,,LEARY,GA,39862-7344,A,,,08/24/2020,09/16/2020,,ELECTRONIC,NO,NO,NO,,M,002,012,154,SOGA,00004,,00001,110,
BAKER,00575365,ETHEREDGE,KAREN,I,,2437,MILFORD RD, ,NEWTON,GA,39870-8703,2437,MILFORD RD,,NEWTON,GA,39870-8703,A,,,09/14/2020,09/18/2020,,MAILED,NO,NO,NO,,A,002,012,154,SOGA,00004,,00003,105,
BAKER,00575442,MOYE,THOMAS,E,JR,2080,RENTZ BRIDGE RD, ,NEWTON,GA,39870,2080,RENTZ BRIDGE RD,,NEWTON,GA,39870,A,,,04/27/2020,,,MAILED,NO,NO,NO,,E,002,012,154,SOGA,00004,,,,
BAKER,07802021,COKER,CODY,JAMES,,2495,GA HWY 200, ,NEWTON,GA,39870,533,GARDEN ST,UNIT 27C,MOUNT HOLLY,NJ,08060-0157,A,,,03/03/2020,,,MAILED,NO,NO,NO,,A,002,012,154,SOGA,00004,,,,
BAKER,00576731,SPURLOCK,SARA,JEAN,,1605,IVEYS MILL RD, ,LEARY,GA,39862-7409,1605,IVEYS MILL RD,,LEARY,GA,39862-7409,A,,,04/15/2020,,,MAILED,NO,NO,NO,,M,002,012,154,SOGA,00004,,,,
BAKER,00576351,TIMMONS,JUDY,D,,606,ELMODEL HWY, ,LEARY,GA,39862-7132,606,ELMODEL HWY,,LEARY,GA,39862-7132,A,,,04/14/2020,,,MAILED,NO,NO,NO,,E,002,012,154,SOGA,00004,,,,
BAKER,06886479,HAWKINS,EARNEST,C,,3050,HAWKINSTOWN RD, ,NEWTON,GA,39870,3050,HAWKINSTOWN RD,,NEWTON,GA,39870,A,,,09/08/2020,09/18/2020,,MAILED,NO,NO,NO,,E,002,012,154,SOGA,00004,,00010,28,
BAKER,00576641,HUDGINS,SUSAN,MONEY,,1357,IVEYS MILL RD, ,LEARY,GA,39862,1357,IVEYS MILL RD,,LEARY,GA,39862,A,,,04/27/2020,,,MAILED,NO,NO,NO,,M,002,012,154,SOGA,00004,,,,
BAKER,05912112,BLACKSHEAR,ULYSSES,,,3155,BAY FISH LN, ,NEWTON,GA,39870-7701,3155,BAY FISH LN,,NEWTON,GA,39870-7701,A,,,05/27/2020,,,MAILED,NO,NO,NO,,H,002,012,154,SOGA,00004,,,,
BAKER,00576515,MCNEAL,MERRIDA,ESPY,,4663,NEWTON HWY, ,NEWTON,GA,39870-8839,,PO BOX 68,,NEWTON,GA,39870-0006,A,,,04/27/2020,,,MAILED,NO,NO,NO,,H,002,012,154,SOGA,00004,,,,
BAKER,00576425,FRANKLIN,BENNY,,,10,COUNTY LINE CHURCH RD, ,COLQUITT,GA,39837-8019,10,COUNTY LINE CHURCH RD,,COLQUITT,GA,39837-8019,A,,,04/24/2020,,,MAILED,NO,NO,NO,,H,002,012,154,SOGA,00004,,,,
BAKER,00575730,GREEN,HOWARD,LYNWARD,SR,2997,DELIVERANCE CHURCH RD, ,NEWTON,GA,39870,2997,DELIVERANCE CHURCH RD,,NEWTON,GA,39870,A,,,09/08/2020,09/18/2020,,MAILED,NO,NO,NO,,E,002,012,154,SOGA,00004,,00030,74,
BAKER,08685379,HOLMES,EMMANUEL,SCOTT,,1451,OSCAR JORDAN RD, ,LEARY,GA,39862,1451,OSCAR JORDAN RD,,LEARY,GA,39862,A,,,09/08/2020,09/18/2020,,MAILED,NO,NO,NO,,M,002,012,154,SOGA,00004,,00004,86,
BAKER,00576031,ROOKS,WEYMAN,ELMO,JR,4103,PRESTON RD, ,NEWTON,GA,39870,4103,PRESTON RD,,NEWTON,GA,39870,A,,,08/25/2020,,,MAILED,NO,NO,NO,,N,002,012,154,SOGA,00004,,,,
BAKER,00575359,DOWDY,PATTY,ANN,,3006,PATMOS RD, ,LEARY,GA,39862-7724,3006,PATMOS RD,,LEARY,GA,39862-7724,A,,,04/14/2020,,,MAILED,NO,NO,NO,,A,002,012,154,SOGA,00004,,,,
BAKER,03924781,HUDSON,VIRGINIA,DALE,,1270,GA HWY 200, ,LEARY,GA,39862-7221,1270,GA HWY 200,,LEARY,GA,39862-7221,A,,,04/15/2020,,,MAILED,NO,NO,NO,,A,002,012,154,SOGA,00004,,,,
BAKER,00575924,MOORE,JOHN,H,,1712,PRETORIA RD, ,NEWTON,GA,39870-7418,1712,PRETORIA RD,,NEWTON,GA,39870-7418,A,,,04/28/2020,,,MAILED,NO,NO,NO,,N,002,012,154,SOGA,00004,,,,
BAKER,03822789,THOMAS,BONNIE,RUTH,,2954,JOSIE MILLER RD, ,NEWTON,GA,39870,,PO BOX 194,,NEWTON,GA,39870-0019,A,,,05/13/2020,,,MAILED,NO,NO,NO,,N,002,012,154,SOGA,00004,,,,
BAKER,04308677,DAWSON,EDDIE,,,3239,HAWKINSTOWN RD, ,NEWTON,GA,39870-8327,3239,HAWKINSTOWN RD,,NEWTON,GA,39870-8327,A,,,09/28/2020,,,MAILED,NO,NO,NO,,N,002,012,154,SOGA,00004,,,,
BAKER,00576723,SIMMONS,COZETTA,,,1920,PATMOS MILFORD HWY, ,LEARY,GA,39862,1920,PATMOS MILFORD HWY,,LEARY,GA,39862,A,,,08/27/2020,,,MAILED,NO,NO,NO,,M,002,012,154,SOGA,00004,,,,
BAKER,01661613,GARDNER,SHAWANA,QUIMBLEY,,3476,HAWKINSTOWN RD, ,NEWTON,GA,39870,3476,HAWKINSTOWN RD,,NEWTON,GA,39870,A,,,04/28/2020,,,MAILED,NO,NO,NO,,H,002,012,154,SOGA,00004,,,,
BAKER,00576310,LEE,SUSAN,T,,427,MILFORD CHURCH RD, ,LEARY,GA,39862-7530,427,MILFORD CHURCH RD,,LEARY,GA,39862-7530,A,,,04/15/2020,,,MAILED,NO,NO,NO,,E,002,012,154,SOGA,00004,,,,
BAKER,04979618,JONES,FREDDIE,L,JR,3173,GRACE MILLER RD, ,NEWTON,GA,39870-8235,3173,GRACE MILLER RD,,NEWTON,GA,39870-8235,A,,,09/08/2020,09/18/2020,,MAILED,NO,NO,NO,,H,002,012,154,SOGA,00004,,00013,60,
BAKER,11424929,WILLIAMS,SANTANNA,BRENA',,2978,HAWKINSTOWN RD, ,NEWTON,GA,39870,2978,HAWKINSTOWN RD,,NEWTON,GA,39870-8320,A,,,09/08/2020,09/18/2020,,MAILED,NO,NO,NO,,E,002,012,154,SOGA,00004,,00014,35,
BAKER,00649054,MAXWELL,SONJA,RENEE',,3000,NEWTON HWY,LOT #5,NEWTON,GA,39870,,PO BOX 621,,NEWTON,GA,39870-0062,A,,,09/08/2020,09/18/2020,,MAILED,NO,NO,NO,,N,002,012,154,SOGA,00004,,00016,53,
BAKER,08554523,WILLIAMS,BRIKARRI,J,,3020,HAWKINSTOWN RD, ,NEWTON,GA,39870,3020,HAWKINSTOWN RD,,NEWTON,GA,39870,A,,,09/08/2020,09/18/2020,,MAILED,NO,NO,NO,,E,002,012,154,SOGA,00004,,00009,27,
BAKER,00576130,WATSON,SYLVIA,S,,218,HOKESMITH DR NW, ,NEWTON,GA,39870-7507,218,HOKESMITH DR NW,,NEWTON,GA,39870-7507,A,,,04/28/2020,,,MAILED,NO,NO,NO,N,N,002,012,154,SOGA,00005,,,,
BAKER,03501766,BEASLEY,ELVIN,RAY,,3609,JERICHO RD, ,NEWTON,GA,39870-8443,3609,JERICHO RD,,NEWTON,GA,39870-8443,A,,,04/24/2020,,,MAILED,NO,NO,NO,,H,002,012,154,SOGA,00004,,,,
BAKER,00575696,ETHRIDGE,JUDY,A,,3784,TRAVELERS REST RD, ,NEWTON,GA,39870-7218,3784,TRAVELERS REST RD,,NEWTON,GA,39870-7218,A,,,04/27/2020,,,MAILED,NO,NO,NO,,N,002,012,154,SOGA,00004,,,,
BAKER,00575490,WILLIAMS,ALFRED,THOMAS,,2972,MOTT LN, ,NEWTON,GA,39870-8722,2972,MOTT LN,,NEWTON,GA,39870-8722,A,,,09/08/2020,09/18/2020,,MAILED,NO,NO,NO,,E,002,012,154,SOGA,00004,,00031,75,
BAKER,00576179,ADKINS,JILL,S,,1623,JERICHO RD, ,NEWTON,GA,39870,1623,JERICHO RD,,NEWTON,GA,39870,A,,,04/28/2020,,,MAILED,NO,NO,NO,,E,002,012,154,SOGA,00004,,,,
BAKER,00575327,BURCH,CHARLIE,JARRELL,,3666,PINE HILL RD, ,NEWTON,GA,39870-8942,3666,PINE HILL RD,,NEWTON,GA,39870-8942,A,,,05/04/2020,,,MAILED,NO,NO,NO,,A,002,012,154,SOGA,00004,,,,
BAKER,00575876,BARKER,ETHEL,L,,544,N MAIN ST, ,NEWTON,GA,39870-8742,544,N MAIN ST,,NEWTON,GA,39870-8742,A,,,05/01/2020,,,MAILED,NO,NO,NO,N,N,002,012,154,SOGA,00005,,,,
BAKER,12514065,MILLER,TREMAYNE,ANTONIO,,3346,GRACE MILLER RD, ,NEWTON,GA,39870,3346,GRACE MILLER RD,,NEWTON,GA,39870-8238,A,,,04/27/2020,,,MAILED,NO,NO,NO,,E,002,012,154,SOGA,00004,,,,
BAKER,07773121,WILLIAMS,MATRICIA,,,3094,BIG OAK LN, ,NEWTON,GA,39870-7722,3094,BIG OAK LN,,NEWTON,GA,39870-7722,A,,,09/08/2020,09/18/2020,,MAILED,NO,NO,NO,,E,002,012,154,SOGA,00004,,00015,39,
BAKER,00575582,COE,CLARA,DEAN,,152,ROOSEVELT AVE NW, ,NEWTON,GA,39870,,PO BOX 133,,NEWTON,GA,39870-0013,A,,,04/28/2020,,,MAILED,NO,NO,NO,N,N,002,012,154,SOGA,00005,,,,
BAKER,00576412,CROSS,PERRY,G,,399,CROSS RD, ,COLQUITT,GA,39837-8021,399,CROSS RD,,COLQUITT,GA,39837-8021,A,,,04/24/2020,,,MAILED,NO,NO,NO,,H,002,012,154,SOGA,00004,,,,
BAKER,03310450,PHILLIPS,JEANETTE,CHAPMAN,,4461,NEWTON HWY, ,NEWTON,GA,39870,4461,NEWTON HWY,,NEWTON,GA,39870,A,,,04/15/2020,,,MAILED,NO,NO,NO,,H,002,012,154,SOGA,00004,,,,
BAKER,00576013,ROACH,WILLIAM,,,4929,CLEAR LAKE RD, ,NEWTON,GA,39870-7911,4929,CLEAR LAKE RD,,NEWTON,GA,39870-7911,A,,,04/24/2020,,,MAILED,NO,NO,NO,,N,002,012,154,SOGA,00004,,,,
BAKER,04466134,GREEN,MASHEA,LASHAUN,,2997,DELIVERANCE CHURCH RD, ,NEWTON,GA,39870,2997,DELIVERANCE CHURCH RD,,NEWTON,GA,39870,A,,,09/08/2020,09/18/2020,,MAILED,NO,NO,NO,,E,002,012,154,SOGA,00004,,00008,26,
BAKER,00575478,STUBBS,HELEN,THOMAS,,3098,JOSHUA HAWKINS SR DR, ,NEWTON,GA,39870-8528,3098,JOSHUA HAWKINS SR ,,NEWTON,GA,39870-8528,A,,,08/28/2020,09/18/2020,,MAILED,NO,NO,NO,,H,002,012,154,SOGA,00004,,00001,1,
BAKER,00576805,ARD,AMY,,,5837,LEE HEARD RD, ,COLQUITT,GA,39837-8416,5837,LEE HEARD RD,,COLQUITT,GA,39837-8416,A,,,09/08/2020,09/18/2020,,MAILED,NO,NO,NO,,H,002,012,154,SOGA,00004,,00012,59,
BAKER,00575539,BURNS,EARLENE,HAWKINS,,2865,JOSIE MILLER RD, ,NEWTON,GA,39870,,PO BOX 517,,NEWTON,GA,39870-0051,A,,,04/27/2020,,,MAILED,NO,NO,NO,,N,002,012,154,SOGA,00004,,,,
BAKER,00576213,COLLINS,JOHN,S,,2275,PATMOS MILFORD HWY, ,LEARY,GA,39862-7645,2275,PATMOS MILFORD HWY,,LEARY,GA,39862-7645,A,,,04/08/2020,,,MAILED,NO,NO,NO,,E,002,012,154,SOGA,00004,,,,
BAKER,10896449,SHAZER,KEERIA,,,3049,BIG OAK LN, ,NEWTON,GA,39870,3049,BIG OAK LN,,NEWTON,GA,39870,A,,,09/14/2020,09/18/2020,,MAILED,NO,NO,NO,,E,002,012,154,SOGA,00004,,00042,106,
BAKER,04672034,DOUGLAS,FRED,D,,1919,DOUGLAS LN, ,LEARY,GA,39862,1919,DOUGLAS LN,,LEARY,GA,39862,A,,,09/08/2020,09/18/2020,,MAILED,NO,NO,NO,,E,002,012,154,SOGA,00004,,00011,29,
BAKER,05015906,MCGREGOR,GLORIA,RICHARDSON,,3103,BIG OAK LN, ,NEWTON,GA,39870-7746,3103,BIG OAK LN,,NEWTON,GA,39870-7746,A,,,09/08/2020,09/18/2020,,MAILED,NO,NO,NO,,E,002,012,154,SOGA,00004,,00025,62,
BAKER,06110805,CROSS,GENEVA,HOGAN,,1858,DRENNON CIR, ,NEWTON,GA,39870,1858,DRENNON CIR,,NEWTON,GA,39870,A,,,04/22/2020,,,MAILED,NO,NO,NO,,N,002,012,154,SOGA,00004,,,,
BAKER,00028658,ALDERSON,JOHN,H,JR,670,CROSS RD, ,NEWTON,GA,39870-8006,670,CROSS RD,,NEWTON,GA,39870-8006,A,,,04/24/2020,,,MAILED,NO,NO,NO,,H,002,012,154,SOGA,00004,,,,
BAKER,01671447,HUDGINS,CATHERINE ANN,GILL,,1360,IVEYS MILL RD, ,LEARY,GA,39862-7405,1360,IVEYS MILL RD,,LEARY,GA,39862-7405,A,,,04/24/2020,,,MAILED,NO,NO,NO,,M,002,012,154,SOGA,00004,,,,
BAKER,00575808,HOLT,MYRTICE,L,,2217,JERICHO RD, ,NEWTON,GA,39870-8429,2217,JERICHO RD,,NEWTON,GA,39870-8429,A,,,04/27/2020,,,MAILED,NO,NO,NO,,E,002,012,154,SOGA,00004,,,,
BAKER,00576063,SIMS,OTIS,M,,266,WATER ST NE, ,NEWTON,GA,39870-7511,,PO BOX 24,,NEWTON,GA,39870-0002,A,,,04/15/2020,,,MAILED,NO,NO,NO,N,N,002,012,154,SOGA,00005,,,,
BAKER,00576171,WRIGHT,NORMA,JEAN,,230,WATER ST NE,7,NEWTON,GA,39870,230,WATER ST NE,7,NEWTON,GA,39870,A,,,09/08/2020,09/18/2020,,MAILED,NO,NO,NO,N,N,002,012,154,SOGA,00005,,00002,40,
BAKER,01207469,ANSLEY,TERRIE,LYNN,,3599,SANDY OAKS RD, ,NEWTON,GA,39870,8336,MOUNTAIN DESTINY AVE,,LAS VEGAS,NV,39131,A,,,09/08/2020,09/18/2020,,MAILED,NO,NO,NO,,H,002,012,154,SOGA,00004,,00019,95,
BAKER,00576002,ROACH,COLLIE,,,4530,CLEAR LAKE RD, ,NEWTON,GA,39870-7902,4530,CLEAR LAKE RD,,NEWTON,GA,39870-7902,A,,,04/30/2020,,,MAILED,NO,NO,NO,,N,002,012,154,SOGA,00004,,,,
BAKER,00577278,WILLIAMS,BRENDETTE,L,,2978,HAWKINSTOWN RD, ,NEWTON,GA,39870,,PO BOX 752,,NEWTON,GA,39870-0075,A,,,09/08/2020,09/18/2020,,MAILED,NO,NO,NO,,E,002,012,154,SOGA,00004,,00019,44,
BAKER,00576278,HAWKINS,WYLENE,,,3004,DELIVERANCE CHURCH RD, ,NEWTON,GA,39870,3004,DELIVERANCE CHURCH RD,,NEWTON,GA,39870,A,,,09/08/2020,09/18/2020,,MAILED,NO,NO,NO,,E,002,012,154,SOGA,00004,,00012,30,
BAKER,00576976,DUKE,CHARLEY,LEE,JR,188,W BROAD AVE, ,NEWTON,GA,39870,,PO BOX 91,,NEWTON,GA,39870-0009,A,,,09/08/2020,09/18/2020,,MAILED,NO,NO,NO,N,N,002,012,154,SOGA,00005,,00007,91,
BAKER,00576895,BUSH,GEORGE,LEONARD,JR,331,W BROAD AVE, ,NEWTON,GA,39870-7113,,PO BOX 591,,NEWTON,GA,39870-0059,A,,,04/27/2020,,,MAILED,NO,NO,NO,N,N,002,012,154,SOGA,00005,,,,
BAKER,00575335,BURCH,WANDA,CELEICE,,3666,PINE HILL RD, ,NEWTON,GA,39870-8942,3666,PINE HILL RD,,NEWTON,GA,39870-8942,A,,,05/04/2020,,,MAILED,NO,NO,NO,,A,002,012,154,SOGA,00004,,,,
BAKER,03430676,GILBERT,LUCILLE,WALLACE,,272,GA HWY 91 NW,APT 8,NEWTON,GA,39870,,PO BOX 492,,NEWTON,GA,39870-0049,A,,,05/27/2020,,,MAILED,NO,NO,NO,N,N,002,012,154,SOGA,00005,,,,
BAKER,00575963,PARKER,JIM,WILLIS,,320,JOAN AVE NW, ,NEWTON,GA,39870-8450,,PO BOX 84,,NEWTON,GA,39870-0008,A,,,04/08/2020,,,MAILED,NO,NO,NO,N,N,002,012,154,SOGA,00005,,,,
BAKER,00575829,HALL,GLADYS,JONES,,3067,NEWTON HWY, ,NEWTON,GA,39870,3067,NEWTON HWY,,NEWTON,GA,39870,A,,,04/28/2020,,,MAILED,NO,NO,NO,,N,002,012,154,SOGA,00004,,,,
BAKER,03728409,DEBARY,MILLIE,G,,3686,PHILLIPSBURG RD, ,DAMASCUS,GA,39841-7202,3686,PHILLIPSBURG RD,,DAMASCUS,GA,39841-7202,A,,,04/08/2020,,,MAILED,NO,NO,NO,,A,002,012,154,SOGA,00004,,,,
BAKER,00576038,ROUSE,SANDRA,JACKIE,,349,N MAIN ST, ,NEWTON,GA,39870,,PO BOX 392,,NEWTON,GA,39870-0039,A,,,07/28/2020,,,MAILED,NO,NO,NO,N,N,002,012,154,SOGA,00005,,,,
BAKER,00577313,COBB,NATHANIEL,,JR,3787,GA HWY 200, ,NEWTON,GA,39870,3787,GA HWY 200,,NEWTON,GA,39870,A,,,09/09/2020,,,MAILED,NO,NO,NO,,N,002,012,154,SOGA,00004,,,,
BAKER,08393490,CLEVELAND,DEBORAH,,,662,IVEYS MILL RD, ,ARLINGTON,GA,39813,662,IVEYS MILL RD,,ARLINGTON,GA,39813,A,,,04/14/2020,,,MAILED,NO,NO,NO,,M,002,012,154,SOGA,00004,,,,
BAKER,03943989,LYONS,WILLIAM,,III,4749,DRENNON LN, ,NEWTON,GA,39870-8049,4749,DRENNON LN,,NEWTON,GA,39870-8049,A,,,09/08/2020,09/18/2020,,MAILED,NO,NO,NO,,N,002,012,154,SOGA,00004,,00020,66,
BAKER,04074451,ANSLEY,DON,,,3599,SANDY OAKS RD, ,NEWTON,GA,39870,8336,MOUNTAIN DESTINY AVE,,LAS VEGAS,NV,39131,A,,,09/08/2020,09/18/2020,,MAILED,NO,NO,NO,,H,002,012,154,SOGA,00004,,00018,94,
BAKER,00575949,MCGEE,JOHN,FORREST,JR,1507,SHEFFIELD RD, ,LEARY,GA,39862,1507,SHEFFIELD RD,,LEARY,GA,39862,A,,,04/15/2020,,,MAILED,NO,NO,NO,,M,002,012,154,SOGA,00004,,,,
BAKER,00576248,HALL,FREDRIC,JOE,,1425,JERICHO RD, ,NEWTON,GA,39870,1425,JERICHO RD,,NEWTON,GA,39870-8413,A,,,04/28/2020,,,MAILED,NO,NO,NO,,E,002,012,154,SOGA,00004,,,,
BAKER,00577270,BROCK,DAVID,LAMAR,,4238,CLEAR LAKE RD, ,NEWTON,GA,39870-7856,4238,CLEAR LAKE RD,,NEWTON,GA,39870-7856,A,,,04/15/2020,,,MAILED,NO,NO,NO,,N,002,012,154,SOGA,00004,,,,
BAKER,00577124,DENBY,GRACE,L,,316,HOKESMITH DR NW, ,NEWTON,GA,39870,316,HOKESMITH DR NW,,NEWTON,GA,39870,A,,,04/15/2020,,,MAILED,NO,NO,NO,N,N,002,012,154,SOGA,00005,,,,
BAKER,03415840,WILLIAMS,WILLIE,LEON,,741,TENNILLE RD, ,ARLINGTON,GA,39813,741,TENNILLE RD,,ARLINGTON,GA,39813,A,,,04/08/2020,,,MAILED,NO,NO,NO,,M,002,012,154,SOGA,00004,,,,
BAKER,03720566,MIMS,BARBARA,ANN,,1108,GAINES RD, ,LEARY,GA,39862,,182,,HARTSFIELD,GA,31756-0018,A,,,05/04/2020,,,MAILED,NO,NO,NO,,A,002,012,154,SOGA,00004,,,,
BAKER,00575905,LONG,JOHNNY,LOUIS,,2962,JOHNNY LONG RD, ,NEWTON,GA,39870-8510,2962,JOHNNY LONG RD,,NEWTON,GA,39870-8510,A,,,09/08/2020,09/18/2020,,MAILED,NO,NO,NO,,E,002,012,154,SOGA,00004,,00028,72,
BAKER,00576644,HUDGINS,REX,HARDY,,1357,IVEYS MILL RD, ,LEARY,GA,39862,1357,IVEYS MILL RD,,LEARY,GA,39862,A,,,04/27/2020,,,MAILED,NO,NO,NO,,M,002,012,154,SOGA,00004,,,,
BAKER,01432950,ROBERTS,BRENDA,G,,355,GA HWY 91 NW,UNIT 127,NEWTON,GA,39870,355,GA HWY 91 NW,UNIT 127,NEWTON,GA,39870,A,,,05/05/2020,,,MAILED,NO,NO,NO,N,N,002,012,154,SOGA,00005,,,,
BAKER,12058075,HOFFMAN,TINA,MICHELLE,,2476,HART LN, ,LEARY,GA,39862,2476,HART LN,,LEARY,GA,39862-7320,A,,,04/08/2020,,,MAILED,NO,NO,NO,,E,002,012,154,SOGA,00004,,,,
BAKER,00576545,WATSON,DOROTHY,RATHEL,,5826,GA HWY 253, ,COLQUITT,GA,39837-8143,,PO BOX 171,,BAINBRIDGE,GA,39818-0017,A,,,09/08/2020,09/18/2020,,MAILED,NO,NO,NO,,H,002,012,154,SOGA,00004,,00006,32,
BAKER,00591156,PARKS,STEPHANIE,CULLEN,,5211,VERNON HALL RD, ,NEWTON,GA,39870,5211,VERNON HALL RD,,NEWTON,GA,39870,A,,,09/08/2020,09/18/2020,,MAILED,NO,NO,NO,,H,002,012,154,SOGA,00004,,00004,14,
BAKER,00575823,HALL,ANNIE,M,,165,N MAIN ST, ,NEWTON,GA,39870,,PO BOX 573,,NEWTON,GA,39870-0057,A,,,05/27/2020,,,MAILED,NO,NO,NO,N,N,002,012,154,SOGA,00005,,,,
BAKER,03310435,PHILLIPS,EUGENE,,,4461,NEWTON HWY, ,NEWTON,GA,39870,4461,NEWTON HWY,,NEWTON,GA,39870,A,,,04/14/2020,,,MAILED,NO,NO,NO,,H,002,012,154,SOGA,00004,,,,
BAKER,00577058,HUNT,RANDOLPH,O,,2783,CLEAR LAKE RD, ,NEWTON,GA,39870-7837,2783,CLEAR LAKE RD,,NEWTON,GA,39870-7837,A,,,04/24/2020,,,MAILED,NO,NO,NO,,N,002,012,154,SOGA,00004,,,,
BAKER,00577293,WATSON,CAROL,KNIGHT,,454,MILFORD CHURCH RD, ,LEARY,GA,39862-7509,454,MILFORD CHURCH RD,,LEARY,GA,39862-7509,A,,,04/24/2020,,,MAILED,NO,NO,NO,,E,002,012,154,SOGA,00004,,,,
BAKER,00575863,JOHNSON,ORSCIE,MAE,,472,JOHNSON LN NW, ,NEWTON,GA,39870-8518,472,JOHNSON LN NW,,NEWTON,GA,39870-8518,A,,,03/12/2020,,,MAILED,NO,NO,NO,N,N,002,012,154,SOGA,00005,,,,
BAKER,08055623,BURR,KEONTE,LAMAAR,,3169,NEWTON HWY, ,NEWTON,GA,39870-8815,3169,NEWTON HWY,,NEWTON,GA,39870-8815,A,,,09/05/2020,09/18/2020,,MAILED,NO,NO,NO,,N,002,012,154,SOGA,00004,,00006,12,
BAKER,04465588,SIMMONS,KIMBERLY,K,,4311,DIAS RD, ,NEWTON,GA,39870,4311,DIAS RD,,NEWTON,GA,39870,A,,,09/04/2020,09/18/2020,,MAILED,NO,NO,NO,,N,002,012,154,SOGA,00004,,00004,10,
BAKER,00576752,THOMPSON,CAROL,A,,882,PINEY GROVE CHURCH RD, ,ARLINGTON,GA,39813-1400,882,PINEY GROVE CHURCH RD,,ARLINGTON,GA,39813-1400,A,,,04/15/2020,,,MAILED,NO,NO,NO,,M,002,012,154,SOGA,00004,,,,
BAKER,00576751,EAFFORD,JERLENE,THOMAS,,2866,TOM SHEFFIELD RD, ,DAMASCUS,GA,39841-7245,2866,TOM SHEFFIELD RD,,DAMASCUS,GA,39841-7245,A,,,04/24/2020,,,MAILED,NO,NO,NO,,A,002,012,154,SOGA,00004,,,,
BAKER,12121566,HILL,JASMINE,DEANDRE,,3049,BIG OAK LN, ,NEWTON,GA,39870,3049,BIG OAK LN,,NEWTON,GA,39870-7725,A,,,09/14/2020,09/18/2020,,MAILED,NO,NO,NO,,E,002,012,154,SOGA,00004,,00039,102,
BAKER,00576084,STUBBS,CHARLIE,ANN,,2969,KATIE MILLER RD, ,NEWTON,GA,39870-8551,2969,KATIE MILLER RD,,NEWTON,GA,39870-8551,A,,,09/08/2020,09/18/2020,,MAILED,NO,NO,NO,,E,002,012,154,SOGA,00004,,00020,46,
BAKER,12074081,HOLTON,BOBBY,JOE,,307,HARDEN ALLEN RD, ,COLQUITT,GA,39837,307,HARDEN ALLEN RD,,COLQUITT,GA,39837-8032,A,,,08/27/2020,,,MAILED,NO,NO,NO,,H,002,012,154,SOGA,00004,,,,
BAKER,00576105,TRICE,ANNIE,LOUISE,,1117,TRICE RD, ,NEWTON,GA,39870,1117,TRICE RD,,NEWTON,GA,39870,A,,,04/21/2020,,,MAILED,NO,NO,NO,,N,002,012,154,SOGA,00004,,,,
BAKER,04979049,BURKE,LAMAR,,JR,3497,JERICHO RD, ,NEWTON,GA,39870,,PO BOX 656,,NEWTON,GA,39870-0065,A,,,04/27/2020,,,MAILED,NO,NO,NO,,E,002,012,154,SOGA,00004,,,,
BAKER,01671448,HUDGINS,JOEL,E,,1360,IVEYS MILL RD, ,LEARY,GA,39862-7405,1360,IVEYS MILL RD,,LEARY,GA,39862-7405,A,,,04/24/2020,,,MAILED,NO,NO,NO,,M,002,012,154,SOGA,00004,,,,
BAKER,08538467,EAFFORD,LOUIS,HILTON,,2866,TOM SHEFFIELD RD, ,DAMASCUS,GA,39841-7245,2866,TOM SHEFFIELD RD,,DAMASCUS,GA,39841-7245,A,,,04/24/2020,,,MAILED,NO,NO,NO,,A,002,012,154,SOGA,00004,,,,
BAKER,00575986,POOLE,KATHLEEN,T,,1352,BUTLER RD, ,NEWTON,GA,39870,1352,BUTLER RD,,NEWTON,GA,39870,A,,,04/22/2020,,,MAILED,NO,NO,NO,,N,002,012,154,SOGA,00004,,,,
BAKER,03671529,PEACE,KARL,EARNEST,,1387,MILFORD RD, ,NEWTON,GA,39870-8649,1387,MILFORD RD,,NEWTON,GA,39870-8649,A,,,04/24/2020,,,MAILED,NO,NO,NO,,M,002,012,154,SOGA,00004,,,,
BAKER,00576184,FREEMAN,JOHNNIE,A,,3040,JOHNNY LONG RD, ,NEWTON,GA,39870,3040,JOHNNY LONG RD,,NEWTON,GA,39870-8512,A,,,09/04/2020,09/18/2020,,MAILED,NO,NO,NO,,E,002,012,154,SOGA,00004,,00002,8,
BAKER,06113471,MILLER,MARVIN,,,752,MILTON MILLER RD, ,COLQUITT,GA,39837-8424,752,MILTON MILLER RD,,COLQUITT,GA,39837-8424,A,,,05/19/2020,,,MAILED,NO,NO,NO,,H,002,012,154,SOGA,00004,,,,
BAKER,00575402,WHITE,EMMA,LEE,,1455,OSCAR JORDAN RD, ,LEARY,GA,39862-7471,1455,OSCAR JORDAN RD,,LEARY,GA,39862-7471,A,,,09/08/2020,09/18/2020,,MAILED,NO,NO,NO,,M,002,012,154,SOGA,00004,,00001,23,
BAKER,00575758,HAWKINS,ELLA,LEE,,2766,COCHA LN, ,NEWTON,GA,39870-7928,2766,COCHA LN,,NEWTON,GA,39870-7928,A,,,04/24/2020,,,MAILED,NO,NO,NO,,N,002,012,154,SOGA,00004,,,,
BAKER,10020436,EDWARDS,JANET,BUTLER,,331,W BROAD AVE, ,NEWTON,GA,39870,331,W BROAD AVE,,NEWTON,GA,39870,A,,,04/22/2020,,,MAILED,NO,NO,NO,N,N,002,012,154,SOGA,00005,,,,
BAKER,00576516,MCNEAL,NANCY,CAROLE,,4663,NEWTON HWY, ,NEWTON,GA,39870,,PO BOX 68,,NEWTON,GA,39870-0006,A,,,04/27/2020,,,MAILED,NO,NO,NO,,H,002,012,154,SOGA,00004,,,,
BAKER,06568211,WINANS,ROGER,ALAN,,546,CROSS RD, ,NEWTON,GA,39870,546,CROSS RD,,NEWTON,GA,39870,A,,,04/28/2020,,,MAILED,NO,NO,NO,,H,002,012,154,SOGA,00004,,,,
BAKER,03668063,GREEN,L,C,,6389,HOGGARD MILL RD, ,COLQUITT,GA,39837-8232,6389,HOGGARD MILL RD,,COLQUITT,GA,39837-8232,A,,,04/28/2020,,,MAILED,NO,NO,NO,,H,002,012,154,SOGA,00004,,,,
BAKER,03288159,BUTLER,BETTY,JEAN,,3478,HAWKINSTOWN RD, ,NEWTON,GA,39870,3478,HAWKINSTOWN RD,,NEWTON,GA,39870,A,,,09/11/2020,,,MAILED,NO,NO,NO,,H,002,012,154,SOGA,00004,,,,
BAKER,00575761,HAWKINS,LESTER,,JR,4011,REHOBIE RD, ,NEWTON,GA,39870-7437,4011,REHOBIE RD,,NEWTON,GA,39870-7437,A,,,09/08/2020,09/18/2020,,MAILED,NO,NO,NO,,N,002,012,154,SOGA,00004,,00024,82,
BAKER,00575529,BROADWAY,LOUISE,WILLINGHAM,,4856,CLEAR LAKE RD, ,NEWTON,GA,39870,4856,CLEAR LAKE RD,,NEWTON,GA,39870,A,,,04/22/2020,,,MAILED,NO,NO,NO,,N,002,012,154,SOGA,00004,,,,
BAKER,00575609,COWART,WALTER,LEE,,3944,WILLIAM IRVIN RD, ,NEWTON,GA,39870,3944,WILLIAM IRVIN RD,,NEWTON,GA,39870,A,,,05/27/2020,,,MAILED,NO,NO,NO,,N,002,012,154,SOGA,00004,,,,
BAKER,01642265,SLUSMEYER,JAMES,HOLT,,1447,IVEYS MILL RD, ,LEARY,GA,39862-7411,1447,IVEYS MILL RD,,LEARY,GA,39862-7411,A,,,04/24/2020,,,MAILED,NO,NO,NO,,M,002,012,154,SOGA,00004,,,,
BAKER,11698460,REED,WILLIE,JAMES,,100,CLEAR LAKE RD NW, ,NEWTON,GA,39870,,P.O. BOX 446,,NEWTON,GA,39870,A,,,09/05/2020,09/18/2020,,MAILED,NO,NO,NO,N,N,002,012,154,SOGA,00005,,00001,13,
BAKER,05114343,CROSBY,QUINCY,ALLEN,,4909,THOMAS LEE RD, ,NEWTON,GA,39870-7355,,PO BOX 712,,NEWTON,GA,39870-0071,A,,,04/27/2020,,,MAILED,NO,NO,NO,,N,002,012,154,SOGA,00004,,,,
BAKER,00575500,AKRIDGE,VINCENT,TIERCE,JR,232,W BROAD AVE, ,NEWTON,GA,39870-7110,,PO BOX 45,,NEWTON,GA,39870-0004,A,,,04/24/2020,,,MAILED,NO,NO,NO,N,N,002,012,154,SOGA,00005,,,,
BAKER,00575919,MATTHEWS,ELWARD,ARTHUR,,4617,CLEAR LAKE RD, ,NEWTON,GA,39870,4617,CLEAR LAKE RD,,NEWTON,GA,39870,A,,,04/24/2020,,,MAILED,NO,NO,NO,,N,002,012,154,SOGA,00004,,,,
BAKER,06258194,WILLIAMS,COURTNEY,JOHNSON,,2972,MOTT LN, ,NEWTON,GA,39870,2972,MOTT LN,,NEWTON,GA,39870,A,,,09/08/2020,09/18/2020,,MAILED,NO,NO,NO,,E,002,012,154,SOGA,00004,,00027,71,
BAKER,11386078,BROCK,BENTLEY,JONAH,,5808,PIGEON RD, ,NEWTON,GA,39870,5808,PIGEON RD,,NEWTON,GA,39870,A,,,08/31/2020,09/18/2020,,MAILED,NO,NO,NO,,N,002,012,154,SOGA,00004,,00001,2,
BAKER,03284795,FRANKLIN,INGY,,,272,GA HWY 91 NW,6,NEWTON,GA,39870,272,GA HWY 91 NW,6,NEWTON,GA,39870,A,,,08/27/2020,,,MAILED,NO,NO,NO,N,N,002,012,154,SOGA,00005,,,,
BAKER,00576975,FRANKLIN,MINNIE,IRENE,,10,COUNTY LINE CHURCH RD, ,COLQUITT,GA,39837-8019,10,COUNTY LINE CHURCH RD,,COLQUITT,GA,39837-8019,A,,,04/24/2020,,,MAILED,NO,NO,NO,,H,002,012,154,SOGA,00004,,,,
BAKER,00576003,ROACH,DELLA,,,4929,CLEAR LAKE RD, ,NEWTON,GA,39870,,PO BOX 565,,NEWTON,GA,39870-0056,A,,,04/24/2020,,,MAILED,NO,NO,NO,,N,002,012,154,SOGA,00004,,,,
BAKER,10115528,STUBBS,KEVIN,DEWAYNE,,2981,KATIE MILLER RD, ,NEWTON,GA,39870,2981,KATIE MILLER RD,,NEWTON,GA,39870-8551,A,,,09/08/2020,09/18/2020,,MAILED,NO,NO,NO,,E,002,012,154,SOGA,00004,,00007,25,
BAKER,00576300,KEY,CHARLIE,LEE,,735,MILFORD CHURCH RD, ,LEARY,GA,39862,735,MILFORD CHURCH RD,,LEARY,GA,39862,A,,,09/08/2020,09/18/2020,,MAILED,NO,NO,NO,,E,002,012,154,SOGA,00004,,00032,76,
BAKER,07912830,ANDERSON,SHYKEITH,TRIMONE,,3040,JOHNNY LONG RD, ,NEWTON,GA,39870,3040,JOHNNY LONG RD,,NEWTON,GA,39870,A,,,09/04/2020,09/18/2020,,MAILED,NO,NO,NO,,E,002,012,154,SOGA,00004,,00001,7,
BAKER,07441719,PARKS,CHARLES,EUGENE,,5211,VERNON HALL RD, ,NEWTON,GA,39870,5211,VERNON HALL RD,,NEWTON,GA,39870,A,,,09/08/2020,09/18/2020,,MAILED,NO,NO,NO,,H,002,012,154,SOGA,00004,,00007,33,
BAKER,04227384,THOMAS,DEMERRITT,,,3098,JOSHUA HAWKINS SR DR, ,NEWTON,GA,39870,3098,JOSHUA HAWKINS SR ,,NEWTON,GA,39870,A,,,09/08/2020,09/18/2020,,MAILED,NO,NO,NO,,H,002,012,154,SOGA,00004,,00010,52,
BAKER,12318693,WILLIAMS,MARISSA,,,3011,TRAVELERS REST RD, ,NEWTON,GA,39870,3011,TRAVELERS REST RD,,NEWTON,GA,39870,A,,,09/08/2020,09/18/2020,,MAILED,NO,NO,NO,,E,002,012,154,SOGA,00004,,00006,24,
BAKER,00575948,MCGEE,CHLOE,CECELIA,,1507,SHEFFIELD RD, ,LEARY,GA,39862,1507,SHEFFIELD RD,,LEARY,GA,39862,A,,,04/15/2020,,,MAILED,NO,NO,NO,,M,002,012,154,SOGA,00004,,,,
BAKER,00575560,BUTLER,MILDRED,,,1082,TRICE RD, ,NEWTON,GA,39870-7226,1082,TRICE RD,,NEWTON,GA,39870-7226,A,,,04/30/2020,,,MAILED,NO,NO,NO,,N,002,012,154,SOGA,00004,,,,
BAKER,00576358,WILLIAMS,EDELL,ELIZABETH,,2900,BAY JACKSON RD, ,NEWTON,GA,39870-7630,2900,BAY JACKSON RD,,NEWTON,GA,39870-7630,A,,,09/08/2020,09/18/2020,,MAILED,NO,NO,NO,,E,002,012,154,SOGA,00004,,00005,20,
BAKER,11912563,ETHEREDGE,ADRE'ANA,NICOLE,,2437,MILFORD RD, ,NEWTON,GA,39870,,1010 COBB CROSSING SE,,SMYRNA,GA,30080,A,,,09/15/2020,09/18/2020,,MAILED,NO,NO,NO,,A,002,012,154,SOGA,00004,,00004,108,
BAKER,00576510,MOTT,WILLIE,MAE,,3001,KATIE MILLER RD, ,NEWTON,GA,39870,,PO BOX 596,,NEWTON,GA,39870-0059,A,,,07/21/2020,,,MAILED,NO,NO,NO,,E,002,012,154,SOGA,00004,,,,
BAKER,07910731,GREEN,EMMA,JEAN,,2958,JOSIE MILLER RD, ,NEWTON,GA,39870,,PO BOX 444,,NEWTON,GA,39870-0044,A,,,05/08/2020,,,MAILED,NO,NO,NO,,N,002,012,154,SOGA,00004,,,,
BAKER,06119297,HUDSON,KENT,F,,960,JERICHO RD, ,NEWTON,GA,39870,960,JERICHO RD,,NEWTON,GA,39870,A,,,09/08/2020,09/18/2020,,MAILED,NO,NO,NO,,E,002,012,154,SOGA,00004,,00036,89,
BAKER,04339061,COE,KEJMAR,MOYENDA,,152,ROOSEVELT AVE NW, ,NEWTON,GA,39870,,PO BOX 133,,NEWTON,GA,39870-0013,A,,,04/28/2020,,,MAILED,NO,NO,NO,N,N,002,012,154,SOGA,00005,,,,
BAKER,05114479,CUBBAGE,DERICK,ANTONIO,,5618,COLQUITT FORD RD, ,ALBANY,GA,31721-3137,5618,COLQUITT FORD RD,,ALBANY,GA,31721-3137,A,,,09/08/2020,09/18/2020,,MAILED,NO,NO,NO,,N,002,012,154,SOGA,00004,,00013,36,
BAKER,00576634,HOLMES,ELIA,,,1451,OSCAR JORDAN RD, ,LEARY,GA,39862,1451,OSCAR JORDAN RD,,LEARY,GA,39862,A,,,09/08/2020,09/18/2020,,MAILED,NO,NO,NO,,M,002,012,154,SOGA,00004,,00003,84,
BAKER,00576878,HOLT,MARVIN,BENTON,JR,2021,JERICHO RD, ,NEWTON,GA,39870,2021,JERICHO RD,,NEWTON,GA,39870,A,,,04/28/2020,,,MAILED,NO,NO,NO,,E,002,012,154,SOGA,00004,,,,
BAKER,00575594,CONGER,GLORIA,JANE,,2257,ELMODEL HWY, ,NEWTON,GA,39870-8115,2257,ELMODEL HWY,,NEWTON,GA,39870-8115,A,,,04/24/2020,,,MAILED,NO,NO,NO,,E,002,012,154,SOGA,00004,,,,
BAKER,00576874,HAINES,BESSIE,WILLIAMS,,5608,COLQUITT FORD RD, ,ALBANY,GA,31721-3137,5608,COLQUITT FORD RD,,ALBANY,GA,31721-3137,A,,,08/27/2020,,,MAILED,NO,NO,NO,,N,002,012,154,SOGA,00004,,,,
BAKER,03819837,BURKE,ARNETHIA,,,3497,JERICHO RD, ,NEWTON,GA,39870-8439,,PO BOX 656,,NEWTON,GA,39870-0065,A,,,04/24/2020,,,MAILED,NO,NO,NO,,E,002,012,154,SOGA,00004,,,,
BAKER,03818713,FREEMAN,JOANNE,,,272,GA HWY 91 NW,UNIT 9,NEWTON,GA,39870,,PO BOX 521,,NEWTON,GA,39870-0052,A,,,09/08/2020,09/18/2020,,MAILED,NO,NO,NO,N,N,002,012,154,SOGA,00005,,00004,47,
BAKER,07370178,BUTLER,HILTON,,,3218,HAWKINSTOWN RD, ,NEWTON,GA,39870,3218,HAWKINSTOWN RD,,NEWTON,GA,39870,A,,,07/28/2020,,,MAILED,NO,NO,NO,,H,002,012,154,SOGA,00004,,,,
BAKER,00575392,HEARD,JACKIE,COLLINS,,898,PRETORIA RD, ,NEWTON,GA,39870-7402,898,PRETORIA RD,,NEWTON,GA,39870-7402,A,,,04/28/2020,,,MAILED,NO,NO,NO,,N,002,012,154,SOGA,00004,,,,
BAKER,10455884,PARKS,CHARLISA,MICHELLE,,5211,VERNON HALL RD, ,NEWTON,GA,39870,4306,WHITEHEAD RD,,NEWTON,GA,39870-7126,A,,,09/08/2020,09/18/2020,,MAILED,NO,NO,NO,,H,002,012,154,SOGA,00004,,00008,37,
BAKER,10387241,BELL,DAMARIS,ARMANI,,3127,BIG OAK LN, ,NEWTON,GA,39870,48,NEWTON AVE,405,MORGANTOWN,WV,39870,A,,,09/11/2020,,,MAILED,NO,NO,NO,,E,002,012,154,SOGA,00004,,,,
BAKER,12645418,BURDEN,FRANCIS,,,5548,JESSIE KELLEY RD, ,COLQUITT,GA,39837,5548,JESSIE KELLEY RD,,COLQUITT,GA,39837,A,,,09/08/2020,09/18/2020,,MAILED,NO,NO,NO,,H,002,012,154,SOGA,00004,,00005,31,
BAKER,02674874,TARVER,SUSAN,S,,3080,LONGLEAF DR DR, ,NEWTON,GA,39870,3080,LONGLEAF DR DR,,NEWTON,GA,39870,A,,,09/08/2020,09/18/2020,,MAILED,NO,NO,NO,,E,002,012,154,SOGA,00004,,00037,93,
BAKER,04978916,HAWKINS,DERRICK,TREMAYNE,,4011,REHOBIE RD, ,NEWTON,GA,39870-7437,166,DOGWOOD LANE,,TIFTON,GA,31794,A,,,09/08/2020,09/18/2020,,MAILED,NO,NO,NO,,N,002,012,154,SOGA,00004,,00025,83,
BAKER,00575428,JORDAN,AGNES,C,,3409,WILLIAM IRVIN RD, ,NEWTON,GA,39870-7131,3409,WILLIAM IRVIN RD,,NEWTON,GA,39870-7131,A,,,04/27/2020,,,MAILED,NO,NO,NO,,N,002,012,154,SOGA,00004,,,,
BAKER,00576206,CAMPBELL,CHARLIE,HUBERT,,1304,JERICHO RD, ,NEWTON,GA,39870-8410,1304,JERICHO RD,,NEWTON,GA,39870-8410,A,,,05/08/2020,,,MAILED,NO,NO,NO,,E,002,012,154,SOGA,00004,,,,
BAKER,00576729,SPURLOCK,JIMMIE,MAE,,119,IVEYS MILL RD, ,ARLINGTON,GA,39813-1335,119,IVEYS MILL RD,,ARLINGTON,GA,39813-1335,A,,,04/14/2020,,,MAILED,NO,NO,NO,,M,002,012,154,SOGA,00004,,,,
BAKER,00576000,RHODES,JUNEILE,J,,444,SUNSET AVE SW, ,NEWTON,GA,39870-7344,,PO BOX 70,,NEWTON,GA,39870-0007,A,,,05/27/2020,,,MAILED,NO,NO,NO,N,N,002,012,154,SOGA,00005,,,,
BAKER,10200367,HAWKINS,BEVAN,MARQUIS,,2690,COCHA LN, ,NEWTON,GA,39870,2690,COCHA LN,,NEWTON,GA,39870,A,,,09/08/2020,09/18/2020,,MAILED,NO,NO,NO,,N,002,012,154,SOGA,00004,,00009,18,
BAKER,04518744,RENTZ,GERALD,CRAIG,,467,JOHNSON LN NW, ,NEWTON,GA,39870,467,JOHNSON LN NW,,NEWTON,GA,39870,A,,,09/08/2020,09/18/2020,,MAILED,NO,NO,NO,N,N,002,012,154,SOGA,00005,,00003,45,
BAKER,00577340,PEWITT,JAMES,E,,4824,GA HWY 200, ,NEWTON,GA,39870-7566,4824,GA HWY 200,,NEWTON,GA,39870-7566,A,,,04/21/2020,,,MAILED,NO,NO,NO,,N,002,012,154,SOGA,00004,,,,
BAKER,04452146,JONES,ORENZO,CEPADIA,,1853,HAMILL RD, ,ARLINGTON,GA,39813,1853,HAMILL RD,,ARLINGTON,GA,39813,A,,,09/08/2020,09/18/2020,,MAILED,NO,NO,NO,,M,002,012,154,SOGA,00004,,00002,63,
BAKER,11402316,PHIFER,THOMAS,ERIC,,330,CLEAR LAKE RD NW, ,NEWTON,GA,39870,330,CLEAR LAKE RD NW,,NEWTON,GA,39870-7920,A,,,05/27/2020,,,MAILED,NO,NO,NO,N,N,002,012,154,SOGA,00005,,,,
BAKER,00576694,PHILLIPS,EVELYN,M,,1395,WILLOW NOOK RD, ,NEWTON,GA,39870-7149,1395,WILLOW NOOK RD,,NEWTON,GA,39870-7149,A,,,04/27/2020,,,MAILED,NO,NO,NO,,M,002,012,154,SOGA,00004,,,,
BAKER,00575555,MOTT,DONNIE,L,,3912,TRAVELERS REST RD, ,NEWTON,GA,39870-7222,3912,TRAVELERS REST RD,,NEWTON,GA,39870-7222,A,,,05/08/2020,,,MAILED,NO,NO,NO,,N,002,012,154,SOGA,00004,,,,
BAKER,01327044,HURST,WENDELL,M,,1437,ELMODEL HWY, ,LEARY,GA,39862-7141,1437,ELMODEL HWY,,LEARY,GA,39862-7141,A,,,04/15/2020,,,MAILED,NO,NO,NO,,E,002,012,154,SOGA,00004,,,,
BAKER,06371565,HILL,LATOSHA,LASHAUN,,3049,BIG OAK LN, ,NEWTON,GA,39870-7725,3049,BIG OAK LN,,NEWTON,GA,39870-7725,A,,,09/14/2020,09/18/2020,,MAILED,NO,NO,NO,,E,002,012,154,SOGA,00004,,00040,103,
BAKER,00575976,PARKS,GARY,,,266,WATER ST NE, ,NEWTON,GA,39870-7511,,PO BOX 24,,NEWTON,GA,39870-0002,A,,,04/15/2020,,,MAILED,NO,NO,NO,N,N,002,012,154,SOGA,00005,,,,
BAKER,04347408,FREEMAN,WALTER,LEE,,245,FREEMAN LN NE, ,NEWTON,GA,39870-8207,,PO BOX 322,,NEWTON,GA,39870-0032,A,,,04/24/2020,,,MAILED,NO,NO,NO,N,N,002,012,154,SOGA,00005,,,,
BAKER,00576076,SPANN,LULA,MAE,,295,N MAIN ST, ,NEWTON,GA,39870-8737,,PO BOX 131,,NEWTON,GA,39870-0013,A,,,04/08/2020,,,MAILED,NO,NO,NO,N,N,002,012,154,SOGA,00005,,,,
BAKER,00576113,WHEELER,BERMA,INEEDA,,4610,CLEAR LAKE RD, ,NEWTON,GA,39870-7904,4610,CLEAR LAKE RD,,NEWTON,GA,39870-7904,A,,,04/30/2020,,,MAILED,NO,NO,NO,,N,002,012,154,SOGA,00004,,,,
BAKER,05806403,GRAY,DAN,M,SR,1333,ELMODEL HWY, ,LEARY,GA,39862,1333,ELMODEL HWY,,LEARY,GA,39862,A,,,04/15/2020,,,MAILED,NO,NO,NO,,E,002,012,154,SOGA,00004,,,,
BAKER,00576787,MOYE,EVERA,S,,2080,RENTZ BRIDGE RD, ,NEWTON,GA,39870-7444,2080,RENTZ BRIDGE RD,,NEWTON,GA,39870-7444,A,,,04/28/2020,,,MAILED,NO,NO,NO,,E,002,012,154,SOGA,00004,,,,
BAKER,10723735,STUBBS,WALTER,,,2981,KATIE MILLER RD, ,NEWTON,GA,39870,2981,KATIE MILLER RD,,NEWTON,GA,39870,A,,,04/24/2020,,,MAILED,NO,NO,NO,,E,002,012,154,SOGA,00004,,,,
BAKER,00576148,WILLIAMS,ARABIA,KELLEY,,4731,DRENNON LN, ,NEWTON,GA,39870-8049,4731,DRENNON LN,,NEWTON,GA,39870-8049,A,,,04/30/2020,,,MAILED,NO,NO,NO,,N,002,012,154,SOGA,00004,,,,
BAKER,00575506,ANDREWS,PATRICIA,HATCHER,,416,N MAIN ST, ,NEWTON,GA,39870-8740,,PO BOX 287,,NEWTON,GA,39870-0028,A,,,04/22/2020,,,MAILED,NO,NO,NO,N,N,002,012,154,SOGA,00005,,,,
BAKER,03682650,HOLT,DOROTHY,ARNETT,,1959,HOLT QUARTERS RD,D,NEWTON,GA,39870,,PO BOX 592,,NEWTON,GA,39870-0059,A,,,09/12/2020,,,MAILED,NO,NO,NO,,N,002,012,154,SOGA,00004,,,,
BAKER,03683575,DAVIS,WILLIE,JAMES,,458,JOHNSON LN NW, ,NEWTON,GA,39870-8518,458,JOHNSON LN NW,,NEWTON,GA,39870-8518,A,,,03/12/2020,,,MAILED,NO,NO,NO,N,N,002,012,154,SOGA,00005,,,,
BAKER,01946869,DURHAM,SUZANNE,,,1396,COON POND RD, ,NEWTON,GA,39870,1396,COON POND RD,,NEWTON,GA,39870,A,,,05/04/2020,,,MAILED,NO,NO,NO,,N,002,012,154,SOGA,00004,,,,
BAKER,04985545,HOFFMAN,ROGER,MICHAEL,,2476,HART LN, ,LEARY,GA,39862,2476,HART LN,,LEARY,GA,39862,A,,,04/08/2020,,,MAILED,NO,NO,NO,,E,002,012,154,SOGA,00004,,,,
BAKER,00576324,CAMPBELL,SYLVIA,MCDANIEL,,1304,JERICHO RD, ,NEWTON,GA,39870-8410,1304,JERICHO RD,,NEWTON,GA,39870-8410,A,,,09/08/2020,09/18/2020,,MAILED,NO,NO,NO,,E,002,012,154,SOGA,00004,,00038,97,
BAKER,11003650,SMITH,SAMUEL,,,3867,WOODRUFF CIR, ,NEWTON,GA,39870,177,HIGHWAY 314,UNIT 4,OXFORD,MS,38655,A,,,09/04/2020,09/18/2020,,MAILED,NO,NO,NO,,H,002,012,154,SOGA,00004,,00003,6,
BAKER,00576460,HUDSON,TERRY,LEE,,3889,WOODRUFF CIR, ,NEWTON,GA,39870,3889,WOODRUFF CIR,,NEWTON,GA,39870,A,,,08/27/2020,,,MAILED,NO,NO,NO,,H,002,012,154,SOGA,00004,,,,
BAKER,12005839,REEDER,BOBBY,RAY,JR,1240,ELMODEL HWY, ,LEARY,GA,39862,1240,ELMODEL HWY,,LEARY,GA,39862,A,,,09/06/2020,,,MAILED,NO,NO,NO,,E,002,012,154,SOGA,00004,,,,
BAKER,00575538,BURNS,ORILLA,M,,3775,NEWTON HWY, ,NEWTON,GA,39870-8825,3775,NEWTON HWY,,NEWTON,GA,39870-8825,A,,,04/28/2020,,,MAILED,NO,NO,NO,,N,002,012,154,SOGA,00004,,,,
BAKER,05017750,JONES,DEBRA,CALHOUN,,1147,WACASER CORNER RD, ,COLQUITT,GA,39837-8605,1147,WACASER CORNER RD,,COLQUITT,GA,39837-8605,A,,,04/28/2020,,,MAILED,NO,NO,NO,,H,002,012,154,SOGA,00004,,,,
BAKER,00577108,CLEVELAND,JESSE,RUEL,,662,IVEYS MILL RD, ,ARLINGTON,GA,39813-1325,662,IVEYS MILL RD,,ARLINGTON,GA,39813-1325,A,,,04/14/2020,,,MAILED,NO,NO,NO,,M,002,012,154,SOGA,00004,,,,
BAKER,10637670,BRYAN,REBEKAH,,,1108,GAINES RD, ,LEARY,GA,39862,1108,GAINES RD,,LEARY,GA,39862,A,,,05/05/2020,,,MAILED,NO,NO,NO,,A,002,012,154,SOGA,00004,,,,
BAKER,00575999,RHODES,J,R,JR,444,SUNSET AVE SW, ,NEWTON,GA,39870-7344,,PO BOX 70,,NEWTON,GA,39870-0007,A,,,05/27/2020,,,MAILED,NO,NO,NO,N,N,002,012,154,SOGA,00005,,,,
BAKER,05946554,SMITH,TRACEY,ANITA,,5508,JESSIE KELLEY RD, ,COLQUITT,GA,39837,5460,JESSIE KELLEY RD,,COLQUITT,GA,39837,A,,,09/16/2020,09/16/2020,,MAILED,NO,NO,NO,,H,002,012,154,SOGA,00004,,00021,111,
BAKER,08232054,HAWKINS,MARY,C,,355,GA HWY 91 NW,UNIT 27,NEWTON,GA,39870,,PO BOX 755,,NEWTON,GA,39870-0075,A,,,09/08/2020,09/18/2020,,MAILED,NO,NO,NO,N,N,002,012,154,SOGA,00005,,00005,50,
BAKER,00576147,WHITFIELD,CHRISTINE,,,183,BRYANT CIRCLE ST NW, ,NEWTON,GA,39870-7805,,PO BOX 152,,NEWTON,GA,39870-0015,A,,,05/13/2020,,,MAILED,NO,NO,NO,N,N,002,012,154,SOGA,00005,,,,
BAKER,00576954,HORNE,CLAUDE,N,,4131,GA HWY 200, ,NEWTON,GA,39870,,PO BOX 241,,NEWTON,GA,39870-0024,A,,,04/14/2020,,,MAILED,NO,NO,NO,,N,002,012,154,SOGA,00004,,,,
BAKER,07687516,HOOD,LINDA,DALE,,2021,JERICHO RD, ,NEWTON,GA,39870,2021,JERICHO RD,,NEWTON,GA,39870,A,,,04/28/2020,,,MAILED,NO,NO,NO,,E,002,012,154,SOGA,00004,,,,
BAKER,00576775,MOORE,TERESA,E,,1712,PRETORIA RD, ,NEWTON,GA,39870-7418,1712,PRETORIA RD,,NEWTON,GA,39870-7418,A,,,04/28/2020,,,MAILED,NO,NO,NO,,N,002,012,154,SOGA,00004,,,,
BAKER,06662906,WILLIAMS,DEBORAH,ADAMS,,1820,ALISE LN, ,NEWTON,GA,39870,1820,ALISE LN,,NEWTON,GA,39870,A,,,03/04/2020,,,MAILED,NO,NO,NO,,N,002,012,154,SOGA,00004,,,,
BAKER,00575893,KING,JEANETTE,FREEMAN,,2878,NEWTON HWY, ,NEWTON,GA,39870,2878,NEWTON HWY,,NEWTON,GA,39870,A,,,04/28/2020,,,MAILED,NO,NO,NO,,N,002,012,154,SOGA,00004,,,,
BAKER,00576210,COLLINS,CHARLES,G,,2426,COLLINS RD, ,LEARY,GA,39862,2426,COLLINS RD,,LEARY,GA,39862,A,,,05/05/2020,,,MAILED,NO,NO,NO,,E,002,012,154,SOGA,00004,,,,
BAKER,00576802,HAWKINS,STACY,BERNARD,,2978,HAWKINSTOWN RD, ,NEWTON,GA,39870,2978,HAWKINSTOWN RD,,NEWTON,GA,39870,A,,,09/08/2020,09/18/2020,,MAILED,NO,NO,NO,,E,002,012,154,SOGA,00004,,00018,43,
BAKER,03683000,BRUMBLEY,MARGIE,NELL,,570,NEWTON HWY, ,NEWTON,GA,39870,570,NEWTON HWY,,NEWTON,GA,39870,A,,,04/27/2020,,,MAILED,NO,NO,NO,,N,002,012,154,SOGA,00004,,,,
BAKER,03604838,YOUNG,MICHAEL,JOHN,,465,CLEAR LAKE RD NW, ,NEWTON,GA,39870,465,CLEAR LAKE RD NW,,NEWTON,GA,39870,A,,,04/24/2020,,,MAILED,NO,NO,NO,N,N,002,012,154,SOGA,00005,,,,
BAKER,00576311,LEE,RONALD,B,,427,MILFORD CHURCH RD, ,LEARY,GA,39862-7530,427,MILFORD CHURCH RD,,LEARY,GA,39862-7530,A,,,04/14/2020,,,MAILED,NO,NO,NO,,E,002,012,154,SOGA,00004,,,,
BAKER,10066831,ANDERSON,DARYL,D,,5261,VERNON HALL RD, ,NEWTON,GA,39870,5261,VERNON HALL RD,,NEWTON,GA,39870,A,,,08/07/2020,,,MAILED,NO,NO,NO,,H,002,012,154,SOGA,00004,,,,
BAKER,00576538,WARE,LIZZIE,LUE,,319,HARDEN ALLEN RD, ,COLQUITT,GA,39837-8032,319,HARDEN ALLEN RD,,COLQUITT,GA,39837-8032,A,,,04/27/2020,,,MAILED,NO,NO,NO,,H,002,012,154,SOGA,00004,,,,
BAKER,01655163,GRAHAM,RONALD,D,,4749,DRENNON LN, ,NEWTON,GA,39870-8049,4749,DRENNON LN,,NEWTON,GA,39870-8049,A,,,09/08/2020,09/18/2020,,MAILED,NO,NO,NO,,N,002,012,154,SOGA,00004,,00019,65,
BAKER,04140112,ANDERSON,MELVIN,,,6744,WILDFAIR RD, ,ALBANY,GA,31721-3110,6744,WILDFAIR RD,,ALBANY,GA,31721-3110,A,,,04/24/2020,,,MAILED,NO,NO,NO,,N,002,012,154,SOGA,00004,,,,
BAKER,00575967,PARKER,ROMELLE,IRVIN,,332,HOKESMITH DR NW, ,NEWTON,GA,39870,332,HOKESMITH DR NW,,NEWTON,GA,39870,A,,,04/22/2020,,,MAILED,NO,NO,NO,N,N,002,012,154,SOGA,00005,,,,
BAKER,05686853,MITCHELL,WILLIE,ALBERT,SR,251,BRYANT CIRCLE ST NW, ,NEWTON,GA,39870,,PO BOX 362,,NEWTON,GA,39870-0036,A,,,07/21/2020,,,MAILED,NO,NO,NO,N,N,002,012,154,SOGA,00005,,,,
BAKER,05212075,BRADLEY,NORCHESTER,,,3097,DELIVERANCE CHURCH RD, ,NEWTON,GA,39870,3097,DELIVERANCE CHURCH RD,,NEWTON,GA,39870,A,,,04/24/2020,,,MAILED,NO,NO,NO,,E,002,012,154,SOGA,00004,,,,
BAKER,00576338,POUNDS,MARY,JO,,248,MILFORD CHURCH RD, ,LEARY,GA,39862-7507,248,MILFORD CHURCH RD,,LEARY,GA,39862-7507,A,,,04/27/2020,,,MAILED,NO,NO,NO,,E,002,012,154,SOGA,00004,,,,
BAKER,00575349,CRAFT,BENSON,LEE,,3153,PATMOS RD, ,LEARY,GA,39862-7727,3153,PATMOS RD,,LEARY,GA,39862-7727,A,,,09/08/2020,09/18/2020,,MAILED,NO,NO,NO,,A,002,012,154,SOGA,00004,,00002,96,
BAKER,00576674,MARTIN,BETTY,JOE,,741,TENNILLE RD, ,ARLINGTON,GA,39813,741,TENNILLE RD,,ARLINGTON,GA,39813,A,,,04/08/2020,,,MAILED,NO,NO,NO,,M,002,012,154,SOGA,00004,,,,
BAKER,00576021,ROGERS,EVELYNA,K,,467,W BROAD AVE, ,NEWTON,GA,39870-7115,,PO BOX 125,,NEWTON,GA,39870-0012,A,,,07/09/2020,,,MAILED,NO,NO,NO,N,N,002,012,154,SOGA,00005,,,,
BAKER,00575763,HAWKINS,MARY,A,,2690,COCHA LN, ,NEWTON,GA,39870-7926,2690,COCHA LN,,NEWTON,GA,39870-7926,A,,,09/08/2020,09/18/2020,,MAILED,NO,NO,NO,,N,002,012,154,SOGA,00004,,00008,17,
BAKER,00576292,JACKSON,BETTY,JEAN,,2978,BAY JACKSON RD, ,NEWTON,GA,39870-7630,,PO BOX 452,,NEWTON,GA,39870-0045,A,,,09/08/2020,09/18/2020,,MAILED,NO,NO,NO,,E,002,012,154,SOGA,00004,,00016,41,
BAKER,00575839,IRVIN,PATRICIA,VANN,,3954,GA HWY 200, ,NEWTON,GA,39870-7516,3954,GA HWY 200,,NEWTON,GA,39870-7516,A,,,04/24/2020,,,MAILED,NO,NO,NO,,N,002,012,154,SOGA,00004,,,,
BAKER,00577018,GRAHAM,BERNETTA,LYONS,,4749,DRENNON LN,LOT 1,NEWTON,GA,39870-8049,4749,DRENNON LN,LOT 1,NEWTON,GA,39870-8049,A,,,09/08/2020,09/18/2020,,MAILED,NO,NO,NO,,N,002,012,154,SOGA,00004,,00021,67,
BAKER,03669933,JOHNSON,ROBERT,LEWIS,,4193,CLEAR LAKE RD, ,NEWTON,GA,39870,4193,CLEAR LAKE RD,,NEWTON,GA,39870,A,,,04/24/2020,,,MAILED,NO,NO,NO,,N,002,012,154,SOGA,00004,,,,
BAKER,01660333,MCALPIN,ANDREW,JACKSON,,1920,PRETORIA RD, ,NEWTON,GA,39870,1920,PRETORIA RD,,NEWTON,GA,39870,A,,,04/27/2020,,,MAILED,NO,NO,NO,,N,002,012,154,SOGA,00004,,,,
BAKER,03678903,ROBERTS,VINCENT,CLIFFORD,,1856,PRETORIA RD, ,NEWTON,GA,39870-7420,,PO BOX 234,,NEWTON,GA,39870-0023,A,,,04/24/2020,,,MAILED,NO,NO,NO,,N,002,012,154,SOGA,00004,,,,
BAKER,00620130,SUGGS,AUBREY,HOWARD,JR,2573,CLEAR LAKE RD, ,NEWTON,GA,39870-7833,2573,CLEAR LAKE RD,,NEWTON,GA,39870-7833,A,,,04/15/2020,,,MAILED,NO,NO,NO,,E,002,012,154,SOGA,00004,,,,
BAKER,04979614,MOTT,TIFFANY,VORTESIA,,3171,GRACE MILLER RD, ,NEWTON,GA,39870,3171,GRACE MILLER RD,,NEWTON,GA,39870,A,,,09/08/2020,09/18/2020,,MAILED,NO,NO,NO,,H,002,012,154,SOGA,00004,,00014,64,
BAKER,00575904,LONG,GLENDA,FAYE,,2962,JOHNNY LONG RD, ,NEWTON,GA,39870-8510,2962,JOHNNY LONG RD,,NEWTON,GA,39870-8510,A,,,09/08/2020,09/18/2020,,MAILED,NO,NO,NO,,E,002,012,154,SOGA,00004,,00026,68,
BAKER,00576835,WILLIAMS,TRACY,JACKSON,,3020,HAWKINSTOWN RD, ,NEWTON,GA,39870,3020,HAWKINSTOWN RD,,NEWTON,GA,39870,A,,,09/08/2020,09/18/2020,,MAILED,NO,NO,NO,,E,002,012,154,SOGA,00004,,00033,78,
BAKER,00575728,GRAY,PATRICIA,CORNELIA,,2884,ELMODEL HWY, ,NEWTON,GA,39870-8126,2884,ELMODEL HWY,,NEWTON,GA,39870-8126,A,,,04/28/2020,,,MAILED,NO,NO,NO,,N,002,012,154,SOGA,00004,,,,
BAKER,10991981,MCINTYRE,WAKEELAH,MICHELLE,,3000,NEWTON HWY, ,NEWTON,GA,39870,3000,NEWTON HWY,,NEWTON,GA,39870,A,,,09/04/2020,09/18/2020,,MAILED,NO,NO,NO,,N,002,012,154,SOGA,00004,,00005,11,
BAKER,03809086,HOOD,TALMADGE,,,2021,JERICHO RD,LOT#106,NEWTON,GA,39870,2021,JERICHO RD,LOT#106,NEWTON,GA,39870,A,,,04/28/2020,,,MAILED,NO,NO,NO,,E,002,012,154,SOGA,00004,,,,
