County,Voter Registration #,Last Name,First Name,Middle Name,Suffix,Street #,Street Name,Apt/Unit,City,State,Zip Code,Mailing Street #,Mailing Street Name,Mailing Apt/Unit,Mailing City,Mailing State,Mailing Zip Code,Application Status,Ballot Status,Status Reason,Application Date,Ballot Issued Date,Ballot Return Date,Ballot Style,Ballot Assisted,Challenged/Provisional,ID Required,Municipal Precinct,County Precinct,CNG,SEN,HOUSE	,JUD,Combo #,Vote Center ID,Ballot ID,Post #,Party
CALHOUN,00593294,WATERS,VERONICA,,,113,LARK ST, ,EDISON,GA,39846-5438,,PO BOX 585,,EDISON,GA,39846-0058,A,,,04/26/2020,,,MAILED,NO,NO,NO,3,3,002,012,151,SOGA,00008,,,,
CALHOUN,02061014,OLIVER,ALICE,MARIE,,88,THORNTON AVE NE, ,ARLINGTON,GA,39813,88,THORNTON AVE SW,,ARLINGTON,GA,39813-0000,A,,,08/27/2020,09/18/2020,,MAILED,NO,NO,NO,5,5,002,012,151,SOGA,00014,,00016,54,
CALHOUN,00592601,OLIVER,MARY,E,,487,EDISON ST, ,MORGAN,GA,39866-3810,,PO BOX 36,,MORGAN,GA,39866-0003,A,,,04/13/2020,,,MAILED,NO,NO,NO,2,2,002,012,151,SOGA,00006,,,,
CALHOUN,00590751,BOSTWICK,PATSY,B,,127,PIONEER RD NW, ,ARLINGTON,GA,39813-8249,127,PIONEER RD NW,,ARLINGTON,GA,39813-8249,A,,,04/14/2020,,,MAILED,NO,NO,NO,5,5,002,012,151,SOGA,00014,,,,
CALHOUN,00591692,HART,PATRICIA,P,,102,BRAY ST, ,LEARY,GA,39862-5902,,PO BOX 66,,LEARY,GA,39862-0006,A,,,04/14/2020,,,MAILED,NO,NO,NO,1,1,002,012,151,SOGA,00002,,,,
CALHOUN,00592884,SELLERS,CARL,W,JR,18171,COLLEGE ST, ,EDISON,GA,39846-6018,,PO BOX 14,,EDISON,GA,39846-0001,A,,,04/21/2020,,,MAILED,NO,NO,NO,3,2,002,012,151,SOGA,00015,,,,
CALHOUN,00018181,CHILDS,WILLIE,HENRY,,994,BAY AVE, ,EDISON,GA,39846-5327,,PO BOX 42,,EDISON,GA,39846-0004,A,,,09/10/2020,09/18/2020,,MAILED,NO,NO,NO,3,4,002,012,151,SOGA,00011,,00006,132,
CALHOUN,10013604,BROWN,JOVONTE',STEPHON,,16,LINCOLN ST NW, ,ARLINGTON,GA,39813,PO,BOX 733,,ARLINGTON,GA,39813-0733,A,,,04/13/2020,09/16/2020,,ELECTRONIC,NO,NO,NO,5,5,002,012,151,SOGA,00014,,00004,142,
CALHOUN,03728429,PRICE,VERNESSA,,,4417,FERGUSON RD, ,EDISON,GA,39846-3119,4417,FERGUSON RD,,EDISON,GA,39846-3119,A,,,09/04/2020,09/18/2020,,MAILED,NO,NO,NO,,4,002,012,151,SOGA,00009,,00016,106,
CALHOUN,00590969,CARTER,PEARLIE,LEE,,3930,S DEPOT ST, ,LEARY,GA,39862-6021,,PO BOX 364,,LEARY,GA,39862-0036,A,,,09/02/2020,09/18/2020,,MAILED,NO,NO,NO,1,1,002,012,151,SOGA,00002,,00020,99,
CALHOUN,00591213,DAVIS,VIOLENE,B,,173,COPPER ST, ,EDISON,GA,39846-5447,,PO BOX 295,,EDISON,GA,39846-0029,A,,,05/11/2020,,,MAILED,NO,NO,NO,3,3,002,012,151,SOGA,00008,,,,
CALHOUN,04854438,RICKS,TIFFANIE,MARIE,,61,LINCOLN ST NW, ,ARLINGTON,GA,39813,,PO BOX 735,,ARLINGTON,GA,39813-0735,A,,,09/05/2020,09/18/2020,,MAILED,NO,NO,NO,5,5,002,012,151,SOGA,00014,,00032,112,
CALHOUN,08529734,PROSSER,CAROLYN,ANNETTE,,14075,GA HIGHWAY 216, ,EDISON,GA,39846-7629,,PO BOX 451,,EDISON,GA,39846-0045,A,,,05/08/2020,,,MAILED,NO,NO,NO,,4,002,012,151,SOGA,00009,,,,
CALHOUN,00591577,GREGGS,BRONA,,,1232,HAYNES RD, ,EDISON,GA,39846-4328,1232,HAYNES RD,,EDISON,GA,39846-4328,A,,,09/08/2020,09/18/2020,,MAILED,NO,NO,NO,,2,002,012,151,SOGA,00004,,00010,115,
CALHOUN,07923235,JONES,MACK,A,,10838,DICKEY ST, ,MORGAN,GA,39866-4039,10838,DICKEY ST,,MORGAN,GA,39866-4039,A,,,04/24/2020,,,MAILED,NO,NO,NO,2,2,002,012,151,SOGA,00006,,,,
CALHOUN,00591785,HILTON,MARY,A,,29796,GA HIGHWAY 45, ,MORGAN,GA,39866-3850,,PO BOX 164,,MORGAN,GA,39866-0016,A,,,04/13/2020,,,MAILED,NO,NO,NO,,1,002,012,151,SOGA,00001,,,,
CALHOUN,07515257,WILLIAMS,WILLIE,B,JR,93,HAND AVE, ,LEARY,GA,39862-5919,,PO BOX 94,,LEARY,GA,39862-0009,A,,,08/27/2020,09/18/2020,,MAILED,NO,NO,NO,1,1,002,012,151,SOGA,00002,,00006,26,
CALHOUN,00590833,BROWN,DONALD,,,3277,GA HIGHWAY 41, ,MORGAN,GA,39866-2628,3277,GA HIGHWAY 41,,MORGAN,GA,39866-2628,A,,,03/05/2020,,,MAILED,NO,NO,NO,,2,002,012,151,SOGA,00004,,,,
CALHOUN,06831585,SHEFFIELD,JASON,NEAL,,17925,COLLEGE ST, ,EDISON,GA,39846-6016,14330,COLLEGE RD,,EDISON,GA,39846-0820,A,,,05/13/2020,,,MAILED,NO,NO,NO,3,2,002,012,151,SOGA,00015,,,,
CALHOUN,04067953,WALDEN,CASSANDRA,DEIPHELIA,,54,MELVIN ST, ,LEARY,GA,39862-4614,54,MELVIN ST,,LEARY,GA,39862-4614,A,,,09/02/2020,09/18/2020,,MAILED,NO,NO,NO,1,1,002,012,151,SOGA,00002,,00017,79,
CALHOUN,00593313,WEST,RICHARD,H,,21320,GA HIGHWAY 37, ,EDISON,GA,39846-4908,21320,HWY 37,,EDISON,GA,39846-4908,A,,,04/13/2020,,,MAILED,NO,NO,NO,,4,002,012,151,SOGA,00009,,,,
CALHOUN,05518500,WILLIAMS,RUTH,M,,626,MARTIN LUTHER KING JR DR, ,ARLINGTON,GA,39813-8524,,PO BOX 69,,ARLINGTON,GA,39813-0006,A,,,04/24/2020,,,MAILED,NO,NO,NO,5,5,002,012,151,SOGA,00014,,,,
CALHOUN,00592868,SCOTT,CHRISTINE,,,286,TURNER ST, ,EDISON,GA,39846,286,TURNER ST,,EDISON,GA,39846,A,,,08/27/2020,09/18/2020,,MAILED,NO,NO,NO,3,2,002,012,151,SOGA,00015,,00001,36,
CALHOUN,00592763,REED,RUBY,DORIS,,280,TAYLOR LN, ,LEARY,GA,39862,,PO BOX 3,,LEARY,GA,39862,A,,,04/21/2020,,,MAILED,NO,NO,NO,1,1,002,012,151,SOGA,00002,,,,
CALHOUN,00591704,HAWKE,BERNICE,,,2510,OLD MILFORD RD, ,LEARY,GA,39862-5528,2510,OLD MILFORD RD,,LEARY,GA,39862-5528,A,,,04/14/2020,,,MAILED,NO,NO,NO,1,1,002,012,151,SOGA,00002,,,,
CALHOUN,00591124,COX,RUBY,N,,3933,W MAIN ST, ,LEARY,GA,39862-5138,,PO BOX 76,,LEARY,GA,39862-0007,A,,,08/24/2020,09/18/2020,,MAILED,NO,NO,NO,1,1,002,012,151,SOGA,00002,,00002,13,
CALHOUN,00592033,JONES,DEBORAH,L,,57,DUKES CREEK RD, ,EDISON,GA,39846-4700,57,DUKES CREEK RD,,EDISON,GA,39846-4700,A,,,04/13/2020,,,MAILED,NO,NO,NO,,4,002,012,151,SOGA,00009,,,,
CALHOUN,00590667,BAILEY,CYLINDIA,H,,40877,GA HIGHWAY 62, ,LEARY,GA,39862-4725,40877,GA HIGHWAY 62,,LEARY,GA,39862-4725,A,,,08/27/2020,09/18/2020,,MAILED,NO,NO,NO,,1,002,012,151,SOGA,00001,,00005,48,
CALHOUN,04778910,BILLINGS,CHARLES,,,86,WAGON LN, ,LEARY,GA,39862,86,WAGON LN,,LEARY,GA,39862,A,,,08/27/2020,09/18/2020,,MAILED,NO,NO,NO,,1,002,012,151,SOGA,00001,,00004,45,
CALHOUN,00593230,VARNUM,CARROLL,D,,1390,WAYBACK RD, ,EDISON,GA,39846-3637,,PO BOX 583,,EDISON,GA,39846-0058,A,,,04/21/2020,,,MAILED,NO,NO,NO,,2,002,012,151,SOGA,00004,,,,
CALHOUN,06976788,FERRELL,WILLIAM,,,70,GREENLEAF AVE NE, ,ARLINGTON,GA,39813-8005,70,GREENLEAF AVE NE,,ARLINGTON,GA,39813-8005,A,,,04/13/2020,,,MAILED,NO,NO,NO,5,5,002,012,151,SOGA,00014,,,,
CALHOUN,00592400,MCLENDON,HENRY,THEDFORD,,23430,GA HIGHWAY 37, ,EDISON,GA,39846-3307,23430,GA HIGHWAY 37,,EDISON,GA,39846-3307,A,,,04/14/2020,,,MAILED,NO,NO,NO,,4,002,012,151,SOGA,00009,,,,
CALHOUN,00590567,ADAMS,MARY,G,,737,MARTIN LUTHER KING JR DR, ,EDISON,GA,39846-5225,,PO BOX 502,,EDISON,GA,39846-0050,A,,,04/14/2020,,,MAILED,NO,NO,NO,3,3,002,012,151,SOGA,00008,,,,
CALHOUN,00592447,MILNER,KENNETH,W,,1394,SWEETFIELD RD, ,MORGAN,GA,39866-3026,1394,SWEETFIELD RD,,MORGAN,GA,39866-3026,A,,,07/22/2020,,,MAILED,NO,NO,NO,,2,002,012,151,SOGA,00004,,,,
CALHOUN,00590907,BURKES,DICY,,,6834,S BERMUDA ST, ,MORGAN,GA,39866-4104,,PO BOX 116,,MORGAN,GA,39866-0011,A,,,03/16/2020,,,MAILED,NO,NO,NO,2,2,002,012,151,SOGA,00006,,,,
CALHOUN,07078591,BERNHARDT,RONALD,GEORGE,,1206,GA HIGHWAY 234, ,LEARY,GA,39862-2124,1206,GA HIGHWAY 234,,LEARY,GA,39862-2124,A,,,06/01/2020,,,MAILED,NO,NO,NO,,1,002,012,151,SOGA,00001,,,,
CALHOUN,00592618,DUMBAR,GLENDA,JO,,124,BLACKBIRD ST, ,LEARY,GA,39862-6002,,PO BOX 56,,LEARY,GA,39862,A,,,05/14/2020,,,MAILED,NO,NO,NO,1,1,002,012,151,SOGA,00002,,,,
CALHOUN,03506700,HUMPHREY,HENRY,LONERZO,,18158,MORGAN RD,UNIT 3,ARLINGTON,GA,39813-8060,18158,MORGAN RD,APT 3,ARLINGTON,GA,39813-8060,A,,,09/01/2020,09/18/2020,,MAILED,NO,NO,NO,5,5,002,012,151,SOGA,00014,,00022,74,
CALHOUN,00591417,FORD,WILLIAM,ERNEST,,926,FORD RD, ,EDISON,GA,39846-3709,926,FORD RD,,EDISON,GA,39846-3709,A,,,04/24/2020,,,MAILED,NO,NO,NO,,2,002,012,151,SOGA,00004,,,,
CALHOUN,00606296,CARTER,RODERICK,JEROME,,440,JONES RD, ,EDISON,GA,39846-3730,440,JONES RD,,EDISON,GA,39846-3730,A,,,09/02/2020,09/18/2020,,MAILED,NO,NO,NO,,2,002,012,151,SOGA,00004,,00007,94,
CALHOUN,07161786,HOBBS,BETTY,JEAN,,42,YOUNG ST, ,LEARY,GA,39862,,PO BOX 245,,LEARY,GA,39862-0024,A,,,05/04/2020,,,MAILED,NO,NO,NO,1,1,002,012,151,SOGA,00002,,,,
CALHOUN,07160003,SANDERS,ELEANOR,L,,1666,SANDY BOTTOM RD, ,EDISON,GA,39846-6632,1666,SANDY BOTTOM RD,,EDISON,GA,39846-6632,A,,,04/24/2020,,,MAILED,NO,NO,NO,,4,002,012,151,SOGA,00009,,,,
CALHOUN,00591568,WILEY,CLOVIS,DIAN,,72,MELVIN ST, ,LEARY,GA,39862-4614,72,MELVIN ST,,LEARY,GA,39862-4614,A,,,04/14/2020,,,MAILED,NO,NO,NO,1,1,002,012,151,SOGA,00002,,,,
CALHOUN,00590741,BONNER,JOY,A,,19930,GA HIGHWAY 45, ,ARLINGTON,GA,39813-6818,,PO BOX 421,,ARLINGTON,GA,39813-0042,A,,,04/21/2020,,,MAILED,NO,NO,NO,,2,002,012,151,SOGA,00004,,,,
CALHOUN,00593267,WALTERS,CAROL,A,,10756,DICKEY ST, ,MORGAN,GA,39866-4035,,PO BOX 166,,MORGAN,GA,39866-0016,A,,,04/13/2020,,,MAILED,NO,NO,NO,2,2,002,012,151,SOGA,00006,,,,
CALHOUN,00590917,BUSTER,GENE,B,,65,SLATON DR, ,EDISON,GA,39846-5441,,PO BOX 673,,EDISON,GA,39846-0067,A,,,05/22/2020,,,MAILED,NO,NO,NO,3,3,002,012,151,SOGA,00008,,,,
CALHOUN,00591059,COLLINS,LEOLA,,,115,LINCOLN ST NW, ,ARLINGTON,GA,39813-8124,,PO BOX 234,,ARLINGTON,GA,39813-0023,A,,,04/26/2020,,,MAILED,NO,NO,NO,5,5,002,012,151,SOGA,00014,,,,
CALHOUN,00593286,WASHINGTON,LYNDON,BAINES,,109,SHEELY LN, ,MORGAN,GA,39866-2203,109,SHEELY LN,,MORGAN,GA,39866-2203,A,,,05/07/2020,,,MAILED,NO,NO,NO,,2,002,012,151,SOGA,00004,,,,
CALHOUN,00593263,WALLACE,NANCY,M,,59,KOLOMOKI ST NW, ,ARLINGTON,GA,39813-8128,59,KOLOMOKI ST NW,,ARLINGTON,GA,39813-8128,A,,,05/15/2020,,,MAILED,NO,NO,NO,5,4,002,012,151,SOGA,00010,,,,
CALHOUN,12449261,BARNES,JAMES,C,,74,BARNES LN, ,LEARY,GA,39862,74,BARNES LN,,LEARY,GA,39862,A,,,09/16/2020,09/18/2020,,MAILED,NO,NO,NO,1,1,002,012,151,SOGA,00002,,00025,147,
CALHOUN,00592704,PORTER,LINDA,E,,282,WEST STRICKLAND ST, ,EDISON,GA,39846,,PO BOX 43,,EDISON,GA,39846-0004,A,,,09/10/2020,09/18/2020,,MAILED,NO,NO,NO,3,2,002,012,151,SOGA,00015,,00003,127,
CALHOUN,00591336,EUBANKS,JAMES,WAYNE,,172,EARL ROGERS AVE, ,EDISON,GA,39846-5647,172,EARL ROGERS AVE,,EDISON,GA,39846-5647,A,,,04/13/2020,,,MAILED,NO,NO,NO,3,4,002,012,151,SOGA,00011,,,,
CALHOUN,00591357,SORRELLS,MARY,LUCILE,,191,RAINBOW AVE, ,EDISON,GA,39846,191,RAINBOW AVE,,EDISON,GA,39846,A,,,05/04/2020,,,MAILED,NO,NO,NO,3,3,002,012,151,SOGA,00008,,,,
CALHOUN,00593470,WILLIAMS,SHIRLEY,M,,167,LINCOLN ST NW, ,ARLINGTON,GA,39813-8124,,PO BOX 603,,ARLINGTON,GA,39813-0060,A,,,04/26/2020,,,MAILED,NO,NO,NO,5,5,002,012,151,SOGA,00014,,,,
CALHOUN,00592491,MONROE,JOHN,,,43,THORNTON AVE NE, ,ARLINGTON,GA,39813-8818,43,THORNTON AVE NE,,ARLINGTON,GA,39813-8818,A,,,05/21/2020,,,MAILED,NO,NO,NO,5,5,002,012,151,SOGA,00014,,,,
CALHOUN,00591385,FELLOWS,ROY,L,,219,ROY FELLOWS RD, ,EDISON,GA,39846-6129,219,ROY FELLOWS RD,,EDISON,GA,39846-6129,A,,,04/14/2020,,,MAILED,NO,NO,NO,,2,002,012,151,SOGA,00004,,,,
CALHOUN,00593160,WILLIAMS,BARBARA,THOMAS,,93,HAND AVE, ,LEARY,GA,39862-5919,,PO BOX 94,,LEARY,GA,39862-0009,A,,,05/01/2020,,,MAILED,NO,NO,NO,1,1,002,012,151,SOGA,00002,,,,
CALHOUN,00590651,AVERA,SANDRA,J,,891,PEEL RD, ,EDISON,GA,39846-2526,,PO BOX 251,,EDISON,GA,39846-0025,A,,,04/21/2020,,,MAILED,NO,NO,NO,,2,002,012,151,SOGA,00004,,,,
CALHOUN,03725889,MOLDEN,CHINIE,LEE,,17539,WOOD VALLEY RD NW, ,ARLINGTON,GA,39813-8104,17539,WOOD VALLEY RD NW,,ARLINGTON,GA,39813-8104,A,,,04/13/2020,,,MAILED,NO,NO,NO,5,5,002,012,151,SOGA,00014,,,,
CALHOUN,00592380,MCGRIFF,JOHN,P,,157,FERN ST, ,EDISON,GA,39846-5722,,PO BOX 264,,EDISON,GA,39846-0026,A,,,04/21/2020,,,MAILED,NO,NO,NO,3,3,002,012,151,SOGA,00008,,,,
CALHOUN,03288066,GREGGS,CHARLES,JAMES,,923,GREGGS RD, ,EDISON,GA,39846-4340,923,GREGGS RD,,EDISON,GA,39846-4340,A,,,09/10/2020,09/18/2020,,MAILED,NO,NO,NO,,2,002,012,151,SOGA,00004,,00012,125,
CALHOUN,00590595,ALLEN,BRENDA,G,,5598,GA HIGHWAY 37, ,LEARY,GA,39862-3706,5598,GA HIGHWAY 37,,LEARY,GA,39862-3706,A,,,08/07/2020,09/18/2020,,MAILED,NO,NO,NO,,1,002,012,151,SOGA,00001,,00001,3,
CALHOUN,01336400,SPANN,JAMES,WILLIAM,,132,HOTEL ST, ,LEARY,GA,39862,132,HOTEL ST,,LEARY,GA,39862-5239,A,,,04/21/2020,,,MAILED,NO,NO,NO,1,1,002,012,151,SOGA,00002,,,,
CALHOUN,00592886,SELLERS,KATHLEEN,B,,18171,COLLEGE ST, ,EDISON,GA,39846-6018,,PO BOX 14,,EDISON,GA,39846-0001,A,,,04/21/2020,,,MAILED,NO,NO,NO,3,2,002,012,151,SOGA,00015,,,,
CALHOUN,00592356,MASSEY,LORETTA,H,,7106,S BERMUDA ST, ,MORGAN,GA,39866-4110,,PO BOX 6,,MORGAN,GA,39866,A,,,04/13/2020,,,MAILED,NO,NO,NO,2,2,002,012,151,SOGA,00006,,,,
CALHOUN,00592856,SAWYER,MYRA,F,,32961,GA HIGHWAY 45, ,MORGAN,GA,39866-2840,32961,GA HIGHWAY 45,,MORGAN,GA,39866-2840,A,,,04/28/2020,,,MAILED,NO,NO,NO,,1,002,012,151,SOGA,00001,,,,
CALHOUN,03334244,LANE,EASTER,LILY,,233,ARLES ST SE, ,ARLINGTON,GA,39813-8838,233,ARLES ST SE,,ARLINGTON,GA,39813-8838,A,,,09/08/2020,09/18/2020,,MAILED,NO,NO,NO,5,5,002,012,151,SOGA,00014,,00033,118,
CALHOUN,00592264,LOVETT,CLIFFORD,,,12439,GA HIGHWAY 216, ,ARLINGTON,GA,39813,,PO BOX 567,,EDISON,GA,39846-0056,A,,,05/14/2020,,,MAILED,NO,NO,NO,,4,002,012,151,SOGA,00009,,,,
CALHOUN,00591487,GIBBS,ANNGENE,C,,4885,CHERRY RD NE, ,ARLINGTON,GA,39813-9031,,PO BOX 196,,ARLINGTON,GA,39813,A,,,05/04/2020,,,MAILED,NO,NO,NO,5,5,002,012,151,SOGA,00014,,,,
CALHOUN,00591475,DAVIS,MARGARET,LOUISE,,226,HOTEL ST, ,LEARY,GA,39862,,PO BOX 236,,LEARY,GA,39862-0236,A,,,04/24/2020,,,MAILED,NO,NO,NO,1,1,002,012,151,SOGA,00002,,,,
CALHOUN,03497270,JOHNSON,ARTHUR,E,,9154,SAWMILL RD, ,ARLINGTON,GA,39813,9154,SAWMILL RD,,ARLINGTON,GA,39813,A,,,04/13/2020,,,MAILED,NO,NO,NO,,4,002,012,151,SOGA,00009,,,,
CALHOUN,00025379,GOLDEN,JAMES,DAVID,,179,GA HIGHWAY 41, ,MORGAN,GA,39866-3609,179,GA HIGHWAY 41,,MORGAN,GA,39866-3609,A,,,04/21/2020,,,MAILED,NO,NO,NO,,2,002,012,151,SOGA,00004,,,,
CALHOUN,00593417,WILLIAMS,HARLEN,G,,506,MARTIN LUTHER KING JR DR, ,EDISON,GA,39846-5420,,PO BOX 582,,EDISON,GA,39846-0058,A,,,04/26/2020,,,MAILED,NO,NO,NO,3,4,002,012,151,SOGA,00011,,,,
CALHOUN,00592213,LEE,PECOLA,ERVIN,,550,MARTIN LUTHER KING JR DR, ,EDISON,GA,39846-5420,,PO BOX 154,,EDISON,GA,39846-0015,A,,,04/26/2020,,,MAILED,NO,NO,NO,3,4,002,012,151,SOGA,00011,,,,
CALHOUN,07275001,STORY,JOE,FRANK,,18222,MORGAN RD,APT 11,ARLINGTON,GA,39813,18222,MORGAN RD,APT 11,ARLINGTON,GA,39813,A,,,05/18/2020,,,MAILED,NO,NO,NO,5,5,002,012,151,SOGA,00014,,,,
CALHOUN,00592598,OLIVER,LILLIE,B,,444,POTATO PATCH RD, ,MORGAN,GA,39866-3408,444,POTATO PATCH RD,,MORGAN,GA,39866-3408,A,,,05/07/2020,,,MAILED,NO,NO,NO,,2,002,012,151,SOGA,00004,,,,
CALHOUN,08260982,WILLIAMS,MARY,HELEN,,4035,S DEPOT ST, ,LEARY,GA,39862-6024,4035,S DEPOT ST,,LEARY,GA,39862-6024,A,,,08/27/2020,09/18/2020,,MAILED,NO,NO,NO,1,1,002,012,151,SOGA,00002,,00008,38,
CALHOUN,08058243,MARNER,VIRGINIA,RUTH,,4529,FERGUSON RD, ,EDISON,GA,39846-3121,4529,FERGUSON RD,,EDISON,GA,39846-3121,A,,,04/24/2020,,,MAILED,NO,NO,NO,,4,002,012,151,SOGA,00009,,,,
CALHOUN,00592054,JONES,LATRICIA,A,,4872,N DEPOT ST, ,LEARY,GA,39862-4506,4872,N DEPOT ST,,LEARY,GA,39862-4506,A,,,05/01/2020,,,MAILED,NO,NO,NO,1,1,002,012,151,SOGA,00002,,,,
CALHOUN,00593229,VARNUM,BETTY,L,,1390,WAYBACK RD, ,EDISON,GA,39846-3637,,PO BOX 583,,EDISON,GA,39846-0058,A,,,04/21/2020,,,MAILED,NO,NO,NO,,2,002,012,151,SOGA,00004,,,,
CALHOUN,00592930,STEPHENS,MYRA,M,,159,MANRY ST, ,EDISON,GA,39846,159,MANRY ST,,EDISON,GA,39846,A,,,09/03/2020,09/18/2020,,MAILED,NO,NO,NO,3,4,002,012,151,SOGA,00011,,00002,103,
CALHOUN,12594209,MILLER,EDDIE,RUFUS,,317,BOYD ST, ,LEARY,GA,39862,317,BOYD ST,,LEARY,GA,39862-4613,A,,,08/27/2020,09/18/2020,,MAILED,NO,NO,NO,1,1,002,012,151,SOGA,00002,,00003,23,
CALHOUN,00592243,LINDSEY,BETTY,,,304,MANRY ST, ,EDISON,GA,39846-5426,304,MANRY ST,,EDISON,GA,39846-5426,A,,,05/08/2020,,,MAILED,NO,NO,NO,3,3,002,012,151,SOGA,00008,,,,
CALHOUN,12335847,HENDERSON,CHASTON,KE'ANDREZ,,32,RE JENNINGS AVE SE, ,ARLINGTON,GA,39813,11954,GOLDEN ARROW RD,,FORT JACKSON,SC,29207,A,,,08/26/2020,09/18/2020,,MAILED,NO,NO,NO,5,5,002,012,151,SOGA,00014,,00008,21,
CALHOUN,00591339,EUBANKS,JANICE,,,10354,DICKEY ST, ,MORGAN,GA,39866-4026,,PO BOX 16,,MORGAN,GA,39866-0001,A,,,05/04/2020,,,MAILED,NO,NO,NO,2,2,002,012,151,SOGA,00006,,,,
CALHOUN,00590863,BROWN,RUBY,,,317,BOYD ST, ,LEARY,GA,39862-4613,,PO BOX 146,,LEARY,GA,39862-0014,A,,,04/14/2020,,,MAILED,NO,NO,NO,1,1,002,012,151,SOGA,00002,,,,
CALHOUN,00591739,WALLACE,CHRISTINE,,,596,LAUREL AVE NW, ,ARLINGTON,GA,39813-7907,,PO BOX 434,,ARLINGTON,GA,39813-0043,A,,,03/19/2020,,,MAILED,NO,NO,NO,5,5,002,012,151,SOGA,00014,,,,
CALHOUN,03725877,MOLDEN,JOHNNY,B,,17539,WOOD VALLEY RD NW, ,ARLINGTON,GA,39813-8104,17539,WOOD VALLEY RD NW,,ARLINGTON,GA,39813-8104,A,,,04/13/2020,,,MAILED,NO,NO,NO,5,5,002,012,151,SOGA,00014,,,,
CALHOUN,04446370,TOOMBS,ADLAIDE,,,19264,HARTFORD ST,UNIT 14,EDISON,GA,39846-5659,19264,HARTFORD ST,UNIT 14,EDISON,GA,39846-5659,A,,,04/24/2020,,,MAILED,NO,NO,NO,3,3,002,012,151,SOGA,00008,,,,
CALHOUN,04502524,SEVERSON,JOHNNY,FRANK,,18222,MORGAN RD,APT 13,ARLINGTON,GA,39813,18222,MORGAN RD,APT 13,ARLINGTON,GA,39813,A,,,08/27/2020,09/18/2020,,MAILED,NO,NO,NO,5,5,002,012,151,SOGA,00014,,00017,55,
CALHOUN,00591924,JACKSON,MARY E,A,,4405,N DEPOT ST, ,LEARY,GA,39862-5232,4405,N DEPOT ST,,LEARY,GA,39862-5232,A,,,04/13/2020,,,MAILED,NO,NO,NO,1,1,002,012,151,SOGA,00002,,,,
CALHOUN,00591776,HILL,MARY,L,,17732,THOMAS GROVE CHURCH RD, ,ARLINGTON,GA,39813-7802,,PO BOX 42,,ARLINGTON,GA,39813-0004,A,,,04/21/2020,,,MAILED,NO,NO,NO,5,4,002,012,151,SOGA,00010,,,,
CALHOUN,00591533,THORNTON,ANNIE,GLOVER,,63,MAGNOLIA AVE NE, ,ARLINGTON,GA,39813-8527,63,MAGNOLIA AVE NE,,ARLINGTON,GA,39813-8527,A,,,09/14/2020,09/18/2020,,MAILED,NO,NO,NO,5,5,002,012,151,SOGA,00014,,00034,137,
CALHOUN,00592384,MCKENZIE,GERALDINE,,,58,BUTLERS ALY SW, ,ARLINGTON,GA,39813-8335,,PO BOX 325,,ARLINGTON,GA,39813-0032,A,,,04/24/2020,,,MAILED,NO,NO,NO,5,5,002,012,151,SOGA,00014,,,,
CALHOUN,00592104,KENT,ROSA,M,,629,BRAY ST, ,LEARY,GA,39862-4627,629,BRAY ST,,LEARY,GA,39862-4627,A,,,04/28/2020,,,MAILED,NO,NO,NO,1,1,002,012,151,SOGA,00002,,,,
CALHOUN,03724154,COLLIER,MABLE,COLLIER,,164,BUTLERS ALY SW, ,ARLINGTON,GA,39813-8337,,PO BOX 184,,ARLINGTON,GA,39813-0018,A,,,08/03/2020,,,MAILED,NO,NO,NO,5,5,002,012,151,SOGA,00014,,,,
CALHOUN,04891670,ROBERTS,GEORGIA,ANNE,,29533,GA HIGHWAY 62, ,ARLINGTON,GA,39813-9136,29533,GA HIGHWAY 62,,ARLINGTON,GA,39813-9136,A,,,08/03/2020,,,MAILED,NO,NO,NO,,2,002,012,151,SOGA,00004,,,,
CALHOUN,06844242,NEWBERRY,JOHN,OLIN,,338,PIONEER RD NW, ,ARLINGTON,GA,39813-8412,,PO BOX 280,,ARLINGTON,GA,39813-0028,A,,,04/21/2020,,,MAILED,NO,NO,NO,5,5,002,012,151,SOGA,00014,,,,
CALHOUN,00620953,BALDWIN,ROBERT,E,,30275,GA HIGHWAY 62, ,ARLINGTON,GA,39813,,PO BOX 352,,ARLINGTON,GA,39813,A,,,09/14/2020,09/18/2020,,MAILED,NO,NO,NO,,2,002,012,151,SOGA,00004,,00014,133,
CALHOUN,07242619,MORGAN,MARILYNN,JEANNE,,11,REDBUD ST NE,UNIT 13,ARLINGTON,GA,39813-8026,,PO BOX 415,,ARLINGTON,GA,39813-0041,A,,,04/13/2020,,,MAILED,NO,NO,NO,5,5,002,012,151,SOGA,00014,,,,
CALHOUN,03732674,GRAY,ERNESTINE,MARIE,,594,LAUREL AVE NW, ,ARLINGTON,GA,39813,,PO BOX 434,,ARLINGTON,GA,39813,A,,,03/19/2020,,,MAILED,NO,NO,NO,5,5,002,012,151,SOGA,00014,,,,
CALHOUN,00592128,KING,MARY,JANE GILBERT,,17307,S HIGHLAND AVE, ,ARLINGTON,GA,39813-8703,17307,S HIGHLAND AVE,,ARLINGTON,GA,39813-0003,A,,,08/12/2020,09/18/2020,,MAILED,NO,NO,NO,5,5,002,012,151,SOGA,00014,,00001,4,
CALHOUN,00593057,STEPHEN,BELINDA,,,358,BRAY ST, ,LEARY,GA,39862,183,FAIRETHORNE DR,,LEESBURG,GA,31763,A,,,08/21/2020,09/18/2020,,MAILED,NO,NO,NO,1,1,002,012,151,SOGA,00002,,00001,11,
CALHOUN,00593265,WALLACE,VERTIE,M,,6942,S BERMUDA ST, ,MORGAN,GA,39866,6942,S BERMUDA ST,,MORGAN,GA,39866-0014,A,,,09/16/2020,09/18/2020,,MAILED,NO,NO,NO,2,2,002,012,151,SOGA,00006,,00007,146,
CALHOUN,03679163,WILLIAMS,LIBERIA,LAVON,,563,MAYHAW AVE NE, ,ARLINGTON,GA,39813-8604,,PO BOX 298,,ARLINGTON,GA,39813-0029,A,,,05/13/2020,,,MAILED,NO,NO,NO,5,5,002,012,151,SOGA,00014,,,,
CALHOUN,00592292,LEWIS,ALICE,M,,28,JAY ST, ,EDISON,GA,39846-5453,,PO BOX 55,,EDISON,GA,39846-0005,A,,,05/04/2020,,,MAILED,NO,NO,NO,3,3,002,012,151,SOGA,00008,,,,
CALHOUN,00592706,PORTER,VIVIAN,L,,282,WEST STRICKLAND ST, ,EDISON,GA,39846-5822,,PO BOX 43,,EDISON,GA,39846-0004,A,,,04/14/2020,,,MAILED,NO,NO,NO,3,2,002,012,151,SOGA,00015,,,,
CALHOUN,00590794,BRAZEL,REBECCA,M,,160,BRAZEL RD, ,DAWSON,GA,39842-9302,160,BRAZEL RD,,DAWSON,GA,39842-9302,A,,,09/03/2020,09/18/2020,,MAILED,NO,NO,NO,,1,002,012,151,SOGA,00001,,00013,102,
CALHOUN,00592809,ROBINSON,SILAS,JAMES,,123,EARL ROGERS AVE, ,EDISON,GA,39846,,PO BOX 15,,EDISON,GA,39846-0001,A,,,04/24/2020,,,MAILED,NO,NO,NO,3,3,002,012,151,SOGA,00008,,,,
CALHOUN,01127965,COSS,GLORIA,J,,356,MANRY ST, ,EDISON,GA,39846,356,MANRY ST,,EDISON,GA,39846-5426,A,,,04/13/2020,,,MAILED,NO,NO,NO,3,3,002,012,151,SOGA,00008,,,,
CALHOUN,00591633,HARDEN,ELIZABETH,,,426,DIXIE CIR, ,EDISON,GA,39846-5344,,PO BOX 436,,EDISON,GA,39846-0043,A,,,04/13/2020,,,MAILED,NO,NO,NO,3,4,002,012,151,SOGA,00011,,,,
CALHOUN,00018459,BUSH,LOU,GENE,,3758,DUKES CREEK RD, ,CUTHBERT,GA,39840-2112,3758,DUKES CREEK RD,,CUTHBERT,GA,39840-2112,A,,,08/27/2020,09/18/2020,,MAILED,NO,NO,NO,,4,002,012,151,SOGA,00009,,00009,31,
CALHOUN,00590650,AVERA,REBECCA,P,,729,DUKES CREEK RD, ,EDISON,GA,39846-4716,729,DUKES CREEK RD,,EDISON,GA,39846-4716,A,,,04/13/2020,,,MAILED,NO,NO,NO,,4,002,012,151,SOGA,00009,,,,
CALHOUN,00591451,FULLER,TAMMIE,M,,19147,THOMAS GROVE CHURCH RD, ,ARLINGTON,GA,39813-6407,19147,THOMAS GROVE ,,ARLINGTON,GA,39813-6407,A,,,09/02/2020,09/18/2020,,MAILED,NO,NO,NO,,4,002,012,151,SOGA,00009,,00015,87,
CALHOUN,00593173,HILL,VICTORIA,THOMAS,,223,TAYLOR LN, ,LEARY,GA,39862-6105,223,TAYLOR LN,,LEARY,GA,39862-6105,A,,,09/02/2020,09/18/2020,,MAILED,NO,NO,NO,1,1,002,012,151,SOGA,00002,,00015,75,
CALHOUN,00593412,WILLIAMS,GLORIA,HUTCHINS,,6864,S BERMUDA ST, ,MORGAN,GA,39866-4104,,PO BOX 42,,MORGAN,GA,39866-0004,A,,,04/13/2020,,,MAILED,NO,NO,NO,2,2,002,012,151,SOGA,00006,,,,
CALHOUN,00591779,HILTON,BETTY,,,1876,BAY BRANCH RD, ,EDISON,GA,39846-6308,1876,BAY BRANCH RD,,EDISON,GA,39846-6308,A,,,04/13/2020,,,MAILED,NO,NO,NO,,2,002,012,151,SOGA,00004,,,,
CALHOUN,00593452,WILLIAMS,MICKEY,D,,585,MANRY ST, ,EDISON,GA,39846-5630,,PO BOX 153,,EDISON,GA,39846-0015,A,,,05/04/2020,,,MAILED,NO,NO,NO,3,4,002,012,151,SOGA,00011,,,,
CALHOUN,00592399,MCLENDON,ROBERT,E,,7649,GA HIGHWAY 37, ,LEARY,GA,39862-3123,7649,GA HIGHWAY 37,,LEARY,GA,39862-3123,A,,,04/13/2020,,,MAILED,NO,NO,NO,,1,002,012,151,SOGA,00001,,,,
CALHOUN,00591119,COX,ANNIE,L,,178,RAILROAD ST, ,LEARY,GA,39862-6012,,PO BOX 76,,LEARY,GA,39862-0007,A,,,02/25/2020,,,MAILED,NO,NO,NO,1,1,002,012,151,SOGA,00002,,,,
CALHOUN,00592052,JONES,KENNETH,L,,3083,GA HIGHWAY 234, ,LEARY,GA,39862-2229,3083,GA HIGHWAY 234,,LEARY,GA,39862-2229,A,,,09/08/2020,09/18/2020,,MAILED,NO,NO,NO,,1,002,012,151,SOGA,00001,,00016,116,
CALHOUN,00590980,CAUSEY,HARVEY,L,JR,238,DOGWOOD AVE NW, ,ARLINGTON,GA,39813-8436,238,DOGWOOD AVE NW,,ARLINGTON,GA,39813-0050,A,,,08/24/2020,09/18/2020,,MAILED,NO,NO,NO,5,5,002,012,151,SOGA,00014,,00007,12,
CALHOUN,00593191,TIMPSON,ANNIE,MAE,,15860,COLLEGE RD, ,EDISON,GA,39846,15860,COLLEGE RD,,EDISON,GA,39846,A,,,04/13/2020,,,MAILED,NO,NO,NO,,2,002,012,151,SOGA,00004,,,,
CALHOUN,11047727,JOHNSON,NAOMI,FAYE,,9154,SAWMILL RD, ,ARLINGTON,GA,39813,9154,SAWMILL RD,,ARLINGTON,GA,39813,A,,,04/13/2020,,,MAILED,NO,NO,NO,,4,002,012,151,SOGA,00009,,,,
CALHOUN,03673834,DIXON,BARBARA,ANN,,11,REDBUD ST NE,APT 20,ARLINGTON,GA,39813,11,REDBUD ST NE,APT 20,ARLINGTON,GA,39813,A,,,09/02/2020,09/18/2020,,MAILED,NO,NO,NO,5,5,002,012,151,SOGA,00014,,00026,89,
CALHOUN,00593532,WORTHY,TERRY,,,828,BAY AVE, ,EDISON,GA,39846-5525,,PO BOX 189,,EDISON,GA,39846-0018,A,,,05/11/2020,,,MAILED,NO,NO,NO,3,4,002,012,151,SOGA,00011,,,,
CALHOUN,00592956,SHINGLES,ISAAC,LEWIS,,787,MARTIN LUTHER KING JR DR, ,EDISON,GA,39846-5225,,PO BOX 558,,EDISON,GA,39846-0055,A,,,04/26/2020,,,MAILED,NO,NO,NO,3,3,002,012,151,SOGA,00008,,,,
CALHOUN,11985116,SHOLAR,QUEEN,LOFTON,,28721,GA HIGHWAY 62, ,ARLINGTON,GA,39813,28721,GA HIGHWAY 62,,ARLINGTON,GA,39813,A,,,04/14/2020,,,MAILED,NO,NO,NO,,2,002,012,151,SOGA,00004,,,,
CALHOUN,11075135,WILEY,JASON,,,190,RAINBOW AVE, ,EDISON,GA,39846,190,RAINBOW AVE,,EDISON,GA,39846,A,,,04/21/2020,,,MAILED,NO,NO,NO,3,3,002,012,151,SOGA,00008,,,,
CALHOUN,00591079,COOK,CHRISTINE,M,,55,ANNICE AVE, ,EDISON,GA,39846-5815,,PO BOX 143,,EDISON,GA,39846-0014,A,,,05/11/2020,,,MAILED,NO,NO,NO,3,2,002,012,151,SOGA,00015,,,,
CALHOUN,00592703,PORTER,CHARLES,B,,282,WEST STRICKLAND ST, ,EDISON,GA,39846-5822,,PO BOX 43,,EDISON,GA,39846-0004,A,,,05/14/2020,,,MAILED,NO,NO,NO,3,2,002,012,151,SOGA,00015,,,,
CALHOUN,00031793,BROWN,BENJAMIN,,,153,HAND AVE, ,LEARY,GA,39862-5934,153,HAND AVE,,LEARY,GA,39862-5934,A,,,04/24/2020,,,MAILED,NO,NO,NO,1,1,002,012,151,SOGA,00002,,,,
CALHOUN,00591749,HENDERSON,USELLAS,R,,371,E CEDAR ST, ,ARLINGTON,GA,39813-8811,,PO BOX 434,,ARLINGTON,GA,39813-0043,A,,,04/26/2020,,,MAILED,NO,NO,NO,5,5,002,012,151,SOGA,00014,,,,
CALHOUN,01613990,WILLIAMS,VANGELINE,BROWN,,50,LINCOLN ST NW, ,ARLINGTON,GA,39813,50,LINCOLN ST NW,,ARLINGTON,GA,39813-0601,A,,,09/16/2020,09/18/2020,,MAILED,NO,NO,NO,5,5,002,012,151,SOGA,00014,,00037,145,
CALHOUN,08857206,WILLIAMS,MARQUEZ,R,,126,EARL ROGERS AVE, ,EDISON,GA,39846-5647,,PO BOX 46,,EDISON,GA,39846-0004,A,,,04/24/2020,09/16/2020,,ELECTRONIC,NO,NO,NO,3,4,002,012,151,SOGA,00011,,00003,141,
CALHOUN,08046710,PINET,ROBERTO,,,23,BUTLERS ALY SW, ,ARLINGTON,GA,39813-8334,,PO BOX 55,,ARLINGTON,GA,39813-0005,A,,,09/02/2020,09/18/2020,,MAILED,NO,NO,NO,5,5,002,012,151,SOGA,00014,,00029,100,
CALHOUN,00590926,BUTLER,MILDRED,,,1332,GA HIGHWAY 41, ,MORGAN,GA,39866-3312,1332,GA HIGHWAY 41,,MORGAN,GA,39866-3312,A,,,05/14/2020,,,MAILED,NO,NO,NO,,1,002,012,151,SOGA,00001,,,,
CALHOUN,00029607,DANIELS,ROSALYN,RENEE',,301,LIZARD LOPE RD, ,LEARY,GA,39862-2019,301,LIZARD LOPE RD,,LEARY,GA,39862-2019,A,,,09/02/2020,09/18/2020,,MAILED,NO,NO,NO,,1,002,012,151,SOGA,00001,,00011,82,
CALHOUN,11481994,CRATIC,KABRIEL,LASHAY,,22216,THOMAS GROVE CHURCH RD, ,ARLINGTON,GA,39813,22216,THOMAS GROVE ,,ARLINGTON,GA,39813-5500,A,,,08/25/2020,09/18/2020,,MAILED,NO,NO,NO,,4,002,012,151,SOGA,00009,,00007,20,
CALHOUN,00593187,TIMMONS,HELYN,T,,19749,HARTFORD ST, ,EDISON,GA,39846-5811,19749,HARTFORD ST,,EDISON,GA,39846-5811,A,,,04/14/2020,,,MAILED,NO,NO,NO,3,2,002,012,151,SOGA,00015,,,,
CALHOUN,07801637,THOMASON,CLARENCE,DAWSON,,5634,GA HIGHWAY 37, ,LEARY,GA,39862-3708,5634,GA HIGHWAY 37,,LEARY,GA,39862-3708,A,,,04/29/2020,,,MAILED,NO,NO,NO,,1,002,012,151,SOGA,00001,,,,
CALHOUN,08108870,FUNDERBURKE,SHERYL,RUNEA,,10712,DICKEY ST, ,MORGAN,GA,39866,10712,DICKEY ST,,MORGAN,GA,39866,A,,,04/13/2020,,,MAILED,NO,NO,NO,2,2,002,012,151,SOGA,00006,,,,
CALHOUN,11985127,PETERSON,DAVID,JAMES,,28721,GA HIGHWAY 62, ,ARLINGTON,GA,39813,28721,GA HIGHWAY 62,,ARLINGTON,GA,39813,A,,,04/14/2020,09/18/2020,,MAILED,NO,NO,NO,,2,002,012,151,SOGA,00004,,00013,126,
CALHOUN,07304975,MORGAN,VERNEESHIA,SHANKIMBERLY,,11,REDBUD ST NE,UNIT 13,ARLINGTON,GA,39813-8026,,PO BOX 415,,ARLINGTON,GA,39813-0041,A,,,04/13/2020,,,MAILED,NO,NO,NO,5,5,002,012,151,SOGA,00014,,,,
CALHOUN,00590894,BUCK,WILLIE,C,,317,BOOKER WASHINGTON ST, ,EDISON,GA,39846-5236,,PO BOX 634,,EDISON,GA,39846-0063,A,,,04/24/2020,,,MAILED,NO,NO,NO,3,4,002,012,151,SOGA,00011,,,,
CALHOUN,00593488,WILLIS,GERTHA,,,318,BOOKER WASHINGTON ST, ,EDISON,GA,39846-5232,,PO BOX 579,,EDISON,GA,39846-0057,A,,,05/28/2020,,,MAILED,NO,NO,NO,3,4,002,012,151,SOGA,00011,,,,
CALHOUN,00593484,WILLIAMS,WYOLENE,D,,1609,PINE ST, ,EDISON,GA,39846-9357,,PO BOX 295,,EDISON,GA,39846-0029,A,,,05/11/2020,,,MAILED,NO,NO,NO,3,4,002,012,151,SOGA,00011,,,,
CALHOUN,00592269,LOVETT,ETHEL,H,,12439,GA HIGHWAY 216, ,ARLINGTON,GA,39813,,PO BOX 567,,EDISON,GA,39846-0056,A,,,05/14/2020,,,MAILED,NO,NO,NO,,4,002,012,151,SOGA,00009,,,,
CALHOUN,00591771,HILL,CLAUDIA,,,471,E CEDAR ST, ,ARLINGTON,GA,39813-8813,,PO BOX 582,,ARLINGTON,GA,39813-0058,A,,,05/12/2020,,,MAILED,NO,NO,NO,5,5,002,012,151,SOGA,00014,,,,
CALHOUN,00592114,KIMBREL,JUNE,G,,3905,SCENIC LN, ,LEARY,GA,39862-3931,,PO BOX 224,,ARLINGTON,GA,39813-0022,A,,,04/30/2020,,,MAILED,NO,NO,NO,,1,002,012,151,SOGA,00001,,,,
CALHOUN,00592317,MARSHALL,DELORIS,,,3215,OLD MILFORD RD, ,LEARY,GA,39862-5126,3215,OLD MILFORD RD,,LEARY,GA,39862-0039,A,,,09/08/2020,09/18/2020,,MAILED,NO,NO,NO,1,1,002,012,151,SOGA,00002,,00022,114,
CALHOUN,00591449,FULLER,ALICE,,,19147,THOMAS GROVE CHURCH RD, ,ARLINGTON,GA,39813-6407,19147,THOMAS GROVE ,,ARLINGTON,GA,39813-6407,A,,,05/04/2020,,,MAILED,NO,NO,NO,,4,002,012,151,SOGA,00009,,,,
CALHOUN,00592123,PRINCE,BARBARA,J,,126,SLATON DR, ,EDISON,GA,39846-5440,,PO BOX 383,,EDISON,GA,39846,A,,,04/13/2020,,,MAILED,NO,NO,NO,3,3,002,012,151,SOGA,00008,,,,
CALHOUN,07515236,PIERCE,THOMAS,,JR,2126,COUNTRY CLUB RD, ,EDISON,GA,39846-2901,2126,COUNTRY CLUB RD,,EDISON,GA,39846-2901,A,,,04/13/2020,,,MAILED,NO,NO,NO,,2,002,012,151,SOGA,00004,,,,
CALHOUN,00591093,COOPER,JAMES,M,III,355,RAMBO RD, ,EDISON,GA,39846-3433,,PO BOX 129,,EDISON,GA,39846-0012,A,,,04/26/2020,,,MAILED,NO,NO,NO,,4,002,012,151,SOGA,00009,,,,
CALHOUN,08524368,BROWN,BETTY,LYNN,,317,BOYD ST, ,LEARY,GA,39862-4613,317,BOYD ST,,LEARY,GA,39862-4613,A,,,08/27/2020,09/18/2020,,MAILED,NO,NO,NO,1,1,002,012,151,SOGA,00002,,00004,24,
CALHOUN,00818613,HARRISON,BOBBY,LEE,,23737,GA HIGHWAY 37, ,EDISON,GA,39846-3206,23737,GA HIGHWAY 37,,EDISON,GA,39846-3206,A,,,08/27/2020,09/18/2020,,MAILED,NO,NO,NO,,4,002,012,151,SOGA,00009,,00008,28,
CALHOUN,00590995,CHENEY,EVELYN,,,10655,DICKEY ST, ,MORGAN,GA,39866-4033,,PO BOX 311,,MORGAN,GA,39866-0031,A,,,05/04/2020,,,MAILED,NO,NO,NO,2,2,002,012,151,SOGA,00006,,,,
CALHOUN,00591078,COOK,CHARLES,M,,10409,DICKEY ST, ,MORGAN,GA,39866-4029,10409,DICKEY ST,,MORGAN,GA,39866-4029,A,,,04/13/2020,,,MAILED,NO,NO,NO,2,2,002,012,151,SOGA,00006,,,,
CALHOUN,07369392,DEAN,JASON,GERALD,,39395,MERCER AVE, ,LEARY,GA,39862-5103,128,GARETT DRIVE,,CLOVIS,NM,88101,A,,,04/14/2020,09/16/2020,,MAILED,NO,NO,NO,1,1,002,012,151,SOGA,00002,,00024,144,
CALHOUN,00593201,TIMPSON,SONNY,,,51,RED AVE, ,EDISON,GA,39846-5404,,PO BOX 113,,EDISON,GA,39846-0011,A,,,05/12/2020,,,MAILED,NO,NO,NO,3,3,002,012,151,SOGA,00008,,,,
CALHOUN,04929179,BROOKS,ROYNELLE,DURHAM,,97,REDDING AVE, ,EDISON,GA,39846,,PO BOX 282,,EDISON,GA,39846,A,,,05/18/2020,,,MAILED,NO,NO,NO,3,4,002,012,151,SOGA,00011,,,,
CALHOUN,00593339,WHITE,WILLIAM,E,,17871,MORGAN RD, ,ARLINGTON,GA,39813-8532,17871,MORGAN RD,,ARLINGTON,GA,39813-8532,A,,,08/27/2020,09/18/2020,,MAILED,NO,NO,NO,5,5,002,012,151,SOGA,00014,,00019,60,
CALHOUN,00592602,WILLIAMS,MARY,JO,,163,PRICE ST, ,EDISON,GA,39846-5434,,PO BOX 532,,EDISON,GA,39846-0053,A,,,04/24/2020,,,MAILED,NO,NO,NO,3,3,002,012,151,SOGA,00008,,,,
CALHOUN,00592912,HIGHTOWER,GALA,RENEE,,92,BOOKER WASHINGTON ST, ,EDISON,GA,39846-5229,92,BOOKER WASHINGTON ,,EDISON,GA,39846-5229,A,,,09/03/2020,09/18/2020,,MAILED,NO,NO,NO,3,4,002,012,151,SOGA,00011,,00003,104,
CALHOUN,12365173,HODGE,CYMANDER,,,6810,S BERMUDA ST, ,MORGAN,GA,39866,6810,S BERMUDA ST,,MORGAN,GA,39866,A,,,09/08/2020,09/18/2020,,MAILED,NO,NO,NO,2,2,002,012,151,SOGA,00006,,00004,119,
CALHOUN,04956865,JACKSON,ROBERT,ADAM,,1265,BAY BRANCH RD, ,EDISON,GA,39846-6314,1265,BAY BRANCH RD,,EDISON,GA,39846-6314,A,,,08/30/2020,09/18/2020,,MAILED,NO,NO,NO,,2,002,012,151,SOGA,00004,,00005,70,
CALHOUN,08161285,JONES,ROSIE,LEE,,10838,DICKEY ST, ,MORGAN,GA,39866-4039,10838,DICKEY ST,,MORGAN,GA,39866-4039,A,,,04/25/2020,,,MAILED,NO,NO,NO,2,2,002,012,151,SOGA,00006,,,,
CALHOUN,00590892,BUCK,RUBY,,,317,BOOKER WASHINGTON ST, ,EDISON,GA,39846-5236,,PO BOX 634,,EDISON,GA,39846-0063,A,,,04/24/2020,,,MAILED,NO,NO,NO,3,4,002,012,151,SOGA,00011,,,,
CALHOUN,03593621,DAVIS,RUBY,T,,21912,THOMAS GROVE CHURCH RD, ,ARLINGTON,GA,39813-5636,21912,THOMAS GROVE ,,ARLINGTON,GA,39813-5636,A,,,04/13/2020,,,MAILED,NO,NO,NO,,4,002,012,151,SOGA,00009,,,,
CALHOUN,04904196,FOSTER,ANTRIONE,MOZTRESS,,350,HARPE RD, ,ARLINGTON,GA,39813,350,HARPE RD,,ARLINGTON,GA,39813,A,,,08/31/2020,09/18/2020,,MAILED,NO,NO,NO,,2,002,012,151,SOGA,00004,,00002,39,
CALHOUN,00591345,EUBANKS,PEGGY,G,,395,REDDING AVE, ,EDISON,GA,39846-5839,,PO BOX 32,,EDISON,GA,39846-0003,A,,,05/07/2020,,,MAILED,NO,NO,NO,3,2,002,012,151,SOGA,00015,,,,
CALHOUN,00592347,MARTIN,TOMMY,,,142,SLATON DR, ,EDISON,GA,39846-5440,,PO BOX 594,,EDISON,GA,39846-0059,A,,,03/05/2020,,,MAILED,NO,NO,NO,3,3,002,012,151,SOGA,00008,,,,
CALHOUN,00590843,BROWN,JOHN,H,,3277,GA HIGHWAY 41, ,MORGAN,GA,39866,3277,GA HIGHWAY 41,,MORGAN,GA,39866,A,,,03/05/2020,,,MAILED,NO,NO,NO,,2,002,012,151,SOGA,00004,,,,
CALHOUN,12728979,CARTER,JANICE,,,123,HAND AVE, ,LEARY,GA,39862,,PO BOX 142,,LEARY,GA,39862,A,,,09/08/2020,09/18/2020,,MAILED,NO,NO,NO,1,1,002,012,151,SOGA,00002,,00023,129,
CALHOUN,02255893,HIMES,TOMMY,,III,19264,HARTFORD ST,UNIT 7,EDISON,GA,39846-5659,19264,HARTFORD ST,APT 7,EDISON,GA,39846-5659,A,,,08/27/2020,09/18/2020,,MAILED,NO,NO,NO,3,3,002,012,151,SOGA,00008,,00010,27,
CALHOUN,12759628,TEDDER,JAMES,ERNEST,JR,1232,WAYBACK RD, ,EDISON,GA,39846,1232,WAYBACK RD,,EDISON,GA,39846,A,,,09/14/2020,09/18/2020,,MAILED,NO,NO,NO,,2,002,012,151,SOGA,00004,,00015,134,
CALHOUN,00592519,MOSELY,ARLENE,,,468,MERRITT AVE, ,EDISON,GA,39846-5240,468,MERRITT AVE,,EDISON,GA,39846-5240,A,,,09/12/2020,,,MAILED,NO,NO,NO,3,3,002,012,151,SOGA,00008,,,,
CALHOUN,08523191,HENDERSON,CHELSEA,KEAMBRIA,,18158,MORGAN RD,APT 8,ARLINGTON,GA,39813,18158,MORGAN RD,APT 8,ARLINGTON,GA,39813,A,,,08/13/2020,09/18/2020,,MAILED,NO,NO,NO,5,5,002,012,151,SOGA,00014,,00003,6,
CALHOUN,01265720,LOVETT,IDA,PERRY,,306,DOGWOOD AVE NW, ,ARLINGTON,GA,39813,306,DOGWOOD AVE NW,,ARLINGTON,GA,39813-7934,A,,,08/03/2020,,,MAILED,NO,NO,NO,5,5,002,012,151,SOGA,00014,,,,
CALHOUN,06580981,EDWARDS,WILLIAM,DENNIS,,29277,N BERMUDA ST, ,MORGAN,GA,39866-3523,29277,N BERMUDA ST,,MORGAN,GA,39866-3523,A,,,04/21/2020,,,MAILED,NO,NO,NO,2,2,002,012,151,SOGA,00006,,,,
CALHOUN,00592865,SCOTT,BRENDA,F,,315,TAYLOR LN, ,LEARY,GA,39862-6107,,PO BOX 153,,LEARY,GA,39862-0015,A,,,04/29/2020,,,MAILED,NO,NO,NO,1,1,002,012,151,SOGA,00002,,,,
CALHOUN,12076958,JOHNSON,ROWE,NORRIS,,3393,S DEPOT ST, ,LEARY,GA,39862,3393,S DEPOT ST,,LEARY,GA,39862-0021,A,,,09/04/2020,09/18/2020,,MAILED,NO,NO,NO,1,1,002,012,151,SOGA,00002,,00021,109,
CALHOUN,05364218,LISENBY,DEIDRE,ANNE,,17109,WOOD VALLEY RD NW, ,ARLINGTON,GA,39813-8209,17109,WOOD VALLEY RD NW,,ARLINGTON,GA,39813-8209,A,,,05/04/2020,,,MAILED,NO,NO,NO,5,5,002,012,151,SOGA,00014,,,,
CALHOUN,01616453,CLARK,WILLIAM,,,137,GREENLEAF AVE NE, ,ARLINGTON,GA,39813-8009,,PO BOX 237,,ARLINGTON,GA,39813-0023,A,,,03/19/2020,,,MAILED,NO,NO,NO,5,5,002,012,151,SOGA,00014,,,,
CALHOUN,04586934,WILLIAMS,CHAKA,LESKAYE,,158,HAND AVE, ,LEARY,GA,39862,,PO BOX 94,,LEARY,GA,39862,A,,,08/27/2020,09/18/2020,,MAILED,NO,NO,NO,1,1,002,012,151,SOGA,00002,,00005,25,
CALHOUN,07803366,GREGGS,JASON,,,1232,HAYNES RD, ,EDISON,GA,39846-4328,1232,HAYNES RD,,EDISON,GA,39846-4328,A,,,09/08/2020,09/18/2020,,MAILED,NO,NO,NO,,2,002,012,151,SOGA,00004,,00011,117,
CALHOUN,04627998,NUNNALLY,MARTHA,SHORTER,,19264,HARTFORD ST,APT 2,EDISON,GA,39846,19264,HARTFORD ST,APT 2,EDISON,GA,39846,A,,,09/02/2020,09/18/2020,,MAILED,NO,NO,NO,3,3,002,012,151,SOGA,00008,,00016,76,
CALHOUN,05855272,SMITH,TARMARSHE,ANTWAN,,27577,MAIN ST, ,MORGAN,GA,39866,240,LOCKERMAN RD,,MACON,GA,31068,A,,,09/02/2020,09/18/2020,,MAILED,NO,NO,NO,2,2,002,012,151,SOGA,00006,,00003,92,
CALHOUN,00593531,WORTHY,SHIRLEY,A,,828,BAY AVE, ,EDISON,GA,39846-5525,,PO BOX 189,,EDISON,GA,39846-0018,A,,,05/11/2020,,,MAILED,NO,NO,NO,3,4,002,012,151,SOGA,00011,,,,
CALHOUN,00591608,HALL,MARY,H,,129,LARK ST, ,EDISON,GA,39846-5438,,PO BOX 545,,EDISON,GA,39846-0054,A,,,03/05/2020,09/18/2020,,MAILED,NO,NO,NO,3,3,002,012,151,SOGA,00008,,00020,1,
CALHOUN,06555033,OLIVER,MARY,CLIFFORD,,95,CULBREATH LN, ,LEARY,GA,39862-5031,,PO BOX 124,,LEARY,GA,39862-0012,A,,,04/24/2020,,,MAILED,NO,NO,NO,1,1,002,012,151,SOGA,00002,,,,
CALHOUN,07778854,OLIVER,LARRY,DONELL,,123,HAND AVE, ,LEARY,GA,39862-5923,,PO BOX 142,,LEARY,GA,39862-0014,A,,,04/14/2020,,,MAILED,NO,NO,NO,1,1,002,012,151,SOGA,00002,,,,
CALHOUN,00590752,BOSTWICK,PRESTON,TURNER,SR,151,PIONEER RD NW, ,ARLINGTON,GA,39813-8249,151,PIONEER RD NW,,ARLINGTON,GA,39813-8249,A,,,04/13/2020,,,MAILED,NO,NO,NO,5,5,002,012,151,SOGA,00014,,,,
CALHOUN,00592391,MCLENDON,BARBARA,J,,7649,GA HIGHWAY 37, ,LEARY,GA,39862-3123,,PO BOX 310,,LEARY,GA,39862-0031,A,,,04/13/2020,,,MAILED,NO,NO,NO,,1,002,012,151,SOGA,00001,,,,
CALHOUN,07911935,DAVIS,GLORIA,JEAN,,10835,DICKEY ST, ,MORGAN,GA,39866-4040,,PO BOX 251,,MORGAN,GA,39866-0025,A,,,07/23/2020,,,MAILED,NO,NO,NO,2,2,002,012,151,SOGA,00006,,,,
CALHOUN,00592450,MILNER,PATSY,B,,18222,MORGAN RD,UNIT 1,ARLINGTON,GA,39813-8051,18222,MORGAN RD,UNIT 1,ARLINGTON,GA,39813-8051,A,,,04/14/2020,,,MAILED,NO,NO,NO,5,5,002,012,151,SOGA,00014,,,,
CALHOUN,00592343,CRATIC,STEPHANIE,Y,,22216,THOMAS GROVE CHURCH RD, ,ARLINGTON,GA,39813-5500,22216,THOMAS GROVE ,,ARLINGTON,GA,39813-5500,A,,,08/25/2020,09/18/2020,,MAILED,NO,NO,NO,,4,002,012,151,SOGA,00009,,00006,19,
CALHOUN,00591164,DALE,FREDDY,,JR,17933,MORGAN RD, ,ARLINGTON,GA,39813-8537,,PO BOX 31,,ARLINGTON,GA,39813-0003,A,,,05/08/2020,,,MAILED,NO,NO,NO,5,5,002,012,151,SOGA,00014,,,,
CALHOUN,00591994,JOHNSON,KATHERINE,MCCRAW,,22130,THOMAS GROVE CHURCH RD, ,ARLINGTON,GA,39813,22130,THOMAS GROVE ,,ARLINGTON,GA,39813,A,,,08/25/2020,09/18/2020,,MAILED,NO,NO,NO,,4,002,012,151,SOGA,00009,,00003,16,
CALHOUN,11895402,KING,IRENE,BOYD,,102,KOLOMOKI ST NW, ,ARLINGTON,GA,39813,102,KOLOMOKI ST NW,,ARLINGTON,GA,39813-0147,A,,,08/27/2020,09/18/2020,,MAILED,NO,NO,NO,5,5,002,012,151,SOGA,00014,,00014,42,
CALHOUN,06831619,MAYNE,ANTHONY,L,,4421,N DEPOT ST, ,LEARY,GA,39862-5232,4421,N DEPOT ST,,LEARY,GA,39862-5232,A,,,04/13/2020,,,MAILED,NO,NO,NO,1,1,002,012,151,SOGA,00002,,,,
CALHOUN,01308359,TYE,BRENDA,JOYCE,,411,TURNER ST, ,EDISON,GA,39846-5923,,PO BOX 395,,EDISON,GA,39846,A,,,04/29/2020,,,MAILED,NO,NO,NO,3,2,002,012,151,SOGA,00015,,,,
CALHOUN,11127836,HARDEMON,REGINALD,BERNARD,JR,3078,WAYBACK RD, ,EDISON,GA,39846,3078,WAYBACK RD,,EDISON,GA,39846-2650,A,,,08/27/2020,09/18/2020,,MAILED,NO,NO,NO,,2,002,012,151,SOGA,00004,,00001,29,
CALHOUN,00590634,ASHLEY,ROY,A,,163,FAINS HATCHERY RD, ,EDISON,GA,39846-4805,163,FAINS HATCHERY RD,,EDISON,GA,39846-4805,A,,,04/14/2020,,,MAILED,NO,NO,NO,,4,002,012,151,SOGA,00009,,,,
CALHOUN,00592723,PRINCE,AMOS,M,,126,SLATON DR, ,EDISON,GA,39846-5440,,PO BOX 383,,EDISON,GA,39846,A,,,04/13/2020,,,MAILED,NO,NO,NO,3,3,002,012,151,SOGA,00008,,,,
CALHOUN,00592357,MASSEY,RONALD,B,,7106,S BERMUDA ST, ,MORGAN,GA,39866-4110,,PO BOX 6,,MORGAN,GA,39866,A,,,04/13/2020,,,MAILED,NO,NO,NO,2,2,002,012,151,SOGA,00006,,,,
CALHOUN,00593223,TYE,JOYE,CHENEY,,2870,FOUNTAIN BRIDGE RD, ,MORGAN,GA,39866,2870,FOUNTAIN BRIDGE RD,,MORGAN,GA,39866,A,,,04/13/2020,,,MAILED,NO,NO,NO,,2,002,012,151,SOGA,00004,,,,
CALHOUN,06242894,WALDEN,GAIL,MICHELLE,,3003,OLD MILFORD RD, ,LEARY,GA,39862,3003,OLD MILFORD RD,,LEARY,GA,39862,A,,,09/02/2020,09/18/2020,,MAILED,NO,NO,NO,1,1,002,012,151,SOGA,00002,,00019,97,
CALHOUN,02256266,CARTER,NAOMI,RUTH,,58,SLATON DR,UNIT 8,EDISON,GA,39846-5439,,PO BOX 6,,EDISON,GA,39846,A,,,05/28/2020,,,MAILED,NO,NO,NO,3,3,002,012,151,SOGA,00008,,,,
CALHOUN,01329343,BEARD,EDWARD,REX,,215,EDISON ST, ,MORGAN,GA,39866-3806,,PO BOX 1,,MORGAN,GA,39866,A,,,09/10/2020,09/18/2020,,MAILED,NO,NO,NO,2,2,002,012,151,SOGA,00006,,00006,123,
CALHOUN,00591982,JOHNSON,DOROTHY,A,,232,OLD NEWTON RD, ,LEARY,GA,39862-6147,,PO BOX 201,,LEARY,GA,39862-0020,A,,,04/13/2020,,,MAILED,NO,NO,NO,1,1,002,012,151,SOGA,00002,,,,
CALHOUN,00592059,JONES,MICHAEL,A,,1521,FAINS HATCHERY RD, ,EDISON,GA,39846-4836,1521,FAINS HATCHERY RD,,EDISON,GA,39846-4836,A,,,04/24/2020,,,MAILED,NO,NO,NO,,4,002,012,151,SOGA,00009,,,,
CALHOUN,00592852,SANDERS,SHIRLEY,A,,2995,BLUE SPRINGS RD, ,LEARY,GA,39862-5021,,PO BOX 42,,LEARY,GA,39862-0004,A,,,05/07/2020,,,MAILED,NO,NO,NO,1,1,002,012,151,SOGA,00002,,,,
CALHOUN,00788476,LAYTON,JOHN,O,,7165,S BERMUDA ST, ,MORGAN,GA,39866,7165,S BERMUDA ST,,MORGAN,GA,39866,A,,,04/13/2020,,,MAILED,NO,NO,NO,2,2,002,012,151,SOGA,00006,,,,
CALHOUN,00592050,JONES,JOHNNIE,MAE,,256,WILLOW RD, ,EDISON,GA,39846-4230,256,WILLOW RD,,EDISON,GA,39846-4230,A,,,03/09/2020,,,MAILED,NO,NO,NO,,2,002,012,151,SOGA,00004,,,,
CALHOUN,00592029,JONES,BARBARA,ANN,,101,FIRST AVE, ,EDISON,GA,39846,101,FIRST AVE,,EDISON,GA,39846-0076,A,,,09/02/2020,09/18/2020,,MAILED,NO,NO,NO,3,3,002,012,151,SOGA,00008,,00017,95,
CALHOUN,00592060,JONES,OLA,H,,3083,GA HIGHWAY 234, ,LEARY,GA,39862-2229,3083,GA HIGHWAY 234,,LEARY,GA,39862-2229,A,,,09/08/2020,09/18/2020,,MAILED,NO,NO,NO,,1,002,012,151,SOGA,00001,,00017,120,
CALHOUN,00818872,THOMAS,KAREN,DENISE,,86,WAGON LN, ,LEARY,GA,39862,86,WAGON LN,,LEARY,GA,39862-5500,A,,,08/27/2020,09/18/2020,,MAILED,NO,NO,NO,,1,002,012,151,SOGA,00001,,00007,51,
CALHOUN,05231129,LEE,CHARLIE,GORDON,,23135,GA HIGHWAY 37, ,EDISON,GA,39846-3314,23135,GA HIGHWAY 37,,EDISON,GA,39846-3314,A,,,09/10/2020,09/18/2020,,MAILED,NO,NO,NO,,4,002,012,151,SOGA,00009,,00017,128,
CALHOUN,00591610,HALL,THELMA,F,,19709,THOMAS GROVE CHURCH RD, ,ARLINGTON,GA,39813-6419,157,DADFORD DR,,LEESBURG,GA,31763,A,,,08/27/2020,09/18/2020,,MAILED,NO,NO,NO,,4,002,012,151,SOGA,00009,,00011,47,
CALHOUN,11680014,DAVIS,ALBERT,,,226,HOTEL ST, ,LEARY,GA,39862,,PO BOX 236,,LEARY,GA,39862-0236,A,,,04/24/2020,,,MAILED,NO,NO,NO,1,1,002,012,151,SOGA,00002,,,,
CALHOUN,04739307,BARNES,DELOIS,,,471,BRAY ST, ,LEARY,GA,39862,471,BRAY ST,,LEARY,GA,39862-4622,A,,,04/24/2020,,,MAILED,NO,NO,NO,1,1,002,012,151,SOGA,00002,,,,
CALHOUN,04929996,WILLIAMS,TRAMAYNE,VARSHUN,,277,CAMELLIA ST SW, ,ARLINGTON,GA,39813-8306,277,CAMELLIA ST SW,,ARLINGTON,GA,39813-0513,A,,,08/20/2020,09/18/2020,,MAILED,NO,NO,NO,5,5,002,012,151,SOGA,00014,,00006,10,
CALHOUN,00591515,GINN,VIRGINIA,H,,13457,GA HIGHWAY 37, ,MORGAN,GA,39866-3448,13457,GA HIGHWAY 37,,MORGAN,GA,39866-3448,A,,,04/28/2020,,,MAILED,NO,NO,NO,,2,002,012,151,SOGA,00004,,,,
CALHOUN,02581301,KILLINGSWORTH,MARCIA,,,17841,COLLEGE ST, ,EDISON,GA,39846-6015,17841,COLLEGE ST,,EDISON,GA,39846-6015,A,,,08/29/2020,,,MAILED,NO,NO,NO,3,2,002,012,151,SOGA,00015,,,,
CALHOUN,07916370,CRITTENDEN,ROGER,,,238,OLD NEWTON RD, ,LEARY,GA,39862-6147,,PO BOX 313,,LEARY,GA,39862-0031,A,,,09/01/2020,09/18/2020,,MAILED,NO,NO,NO,1,1,002,012,151,SOGA,00002,,00014,71,
CALHOUN,00590989,CHAPMAN,POLLY,I,,19750,HARTFORD ST, ,EDISON,GA,39846-5807,,PO BOX 172,,EDISON,GA,39846-0017,A,,,04/24/2020,,,MAILED,NO,NO,NO,3,3,002,012,151,SOGA,00008,,,,
CALHOUN,00591926,JACKSON,MARY,E,,64,KEYSTONE PATH, ,LEARY,GA,39862-3624,64,KEYSTONE PATH,,LEARY,GA,39862-3624,A,,,04/24/2020,,,MAILED,NO,NO,NO,,1,002,012,151,SOGA,00001,,,,
CALHOUN,00593058,STEPHEN,CLEMENTIME,,,408,BRAY ST, ,LEARY,GA,39862,,182,P BO,LEARY,GA,39862,A,,,04/24/2020,,,MAILED,NO,NO,NO,1,1,002,012,151,SOGA,00002,,,,
CALHOUN,00593141,COLEMAN,FANTELLA,FIGGINS,,3157,OLD MILFORD RD, ,LEARY,GA,39862-5124,3157,OLD MILFORD RD,,LEARY,GA,39862-5124,A,,,05/04/2020,,,MAILED,NO,NO,NO,1,1,002,012,151,SOGA,00002,,,,
CALHOUN,00590680,BARNES,DAVID,LEE,,433,BRAY ST, ,LEARY,GA,39862-4622,433,BRAY ST,,LEARY,GA,39862-4622,A,,,04/28/2020,,,MAILED,NO,NO,NO,1,1,002,012,151,SOGA,00002,,,,
CALHOUN,00590564,ADAMS,LULA,M,,83,S CHERRY AVE, ,EDISON,GA,39846-5729,,PO BOX 1021,,EDISON,GA,39846-0102,A,,,05/14/2020,,,MAILED,NO,NO,NO,3,4,002,012,151,SOGA,00011,,,,
CALHOUN,00591243,CHILDS,CYNTHIA,DORSEY,,994,BAY AVE, ,EDISON,GA,39846-5327,,PO BOX 42,,EDISON,GA,39846-0004,A,,,09/10/2020,09/18/2020,,MAILED,NO,NO,NO,3,4,002,012,151,SOGA,00011,,00005,131,
CALHOUN,00591441,FROST,LULA,M,,1105,COUNTRY CLUB RD, ,EDISON,GA,39846-4022,1105,COUNTRY CLUB RD,,EDISON,GA,39846-4022,A,,,04/24/2020,,,MAILED,NO,NO,NO,,2,002,012,151,SOGA,00004,,,,
CALHOUN,00592084,JORDAN,WILLIAM,H,JR,40610,ALBANY HWY, ,LEARY,GA,39862-6056,,PO BOX 208,,LEARY,GA,39862-0020,A,,,04/13/2020,,,MAILED,NO,NO,NO,1,1,002,012,151,SOGA,00002,,,,
CALHOUN,00593310,WEST,ELIZABETH,JONES,,21320,GA HIGHWAY 37, ,EDISON,GA,39846-4908,21320,GA HIGHWAY 37,,EDISON,GA,39846-4908,A,,,04/13/2020,,,MAILED,NO,NO,NO,,4,002,012,151,SOGA,00009,,,,
CALHOUN,00591013,CLARK,CHARLENE,A,,490,CLARK LN, ,EDISON,GA,39846-3341,490,CLARK LN,,EDISON,GA,39846-3341,A,,,04/13/2020,,,MAILED,NO,NO,NO,,4,002,012,151,SOGA,00009,,,,
CALHOUN,07083700,DANIELS,JESSIE,LEE,,411,LIZARD LOPE RD, ,LEARY,GA,39862-2021,411,LIZARD LOPE RD,,LEARY,GA,39862-2021,A,,,03/13/2020,,,MAILED,NO,NO,NO,,1,002,012,151,SOGA,00001,,,,
CALHOUN,11024692,MARSHALL,DOROTHY,CARTER,,150,TAYLOR LN, ,LEARY,GA,39862,150,TAYLOR LN,,LEARY,GA,39862,A,,,02/25/2020,,,MAILED,NO,NO,NO,1,1,002,012,151,SOGA,00002,,,,
CALHOUN,00591265,JONES,PATRICIA,DUDLEY,,38940,MERCER AVE, ,LEARY,GA,39862-5013,,PO BOX 405,,LEARY,GA,39862-0040,A,,,05/26/2020,,,MAILED,NO,NO,NO,1,1,002,012,151,SOGA,00002,,,,
CALHOUN,03728431,PATRICK,ELLA,GEORGE,,320,HAMMOND AVE, ,LEARY,GA,39862-6019,,PO BOX 416,,LEARY,GA,39862-0041,A,,,04/13/2020,,,MAILED,NO,NO,NO,1,1,002,012,151,SOGA,00002,,,,
CALHOUN,00593198,TIMPSON,JOHNNY,,,15860,COLLEGE RD, ,EDISON,GA,39846,15860,COLLEGE RD,,EDISON,GA,39846,A,,,04/14/2020,,,MAILED,NO,NO,NO,,2,002,012,151,SOGA,00004,,,,
CALHOUN,00592385,MCKENZIE,GRADY,,,58,BUTLERS ALY SW, ,ARLINGTON,GA,39813-8335,,PO BOX 325,,ARLINGTON,GA,39813-0032,A,,,04/24/2020,,,MAILED,NO,NO,NO,5,5,002,012,151,SOGA,00014,,,,
CALHOUN,00591447,FROST,WILLIE,E,,6775,S BERMUDA ST, ,MORGAN,GA,39866-4101,,PO BOX 45,,MORGAN,GA,39866-0004,A,,,04/13/2020,,,MAILED,NO,NO,NO,2,2,002,012,151,SOGA,00006,,,,
CALHOUN,00592526,MOSELY,JIMMY,,,468,MERRITT AVE, ,EDISON,GA,39846-5240,468,MERRITT AVE,,EDISON,GA,39846-5240,A,,,09/12/2020,09/18/2020,,MAILED,NO,NO,NO,3,3,002,012,151,SOGA,00008,,00019,139,
CALHOUN,05841719,STRINGER,SHARRON,,,77,PEPPER ST SE, ,ARLINGTON,GA,39813,77,PEPPER ST SE,,ARLINGTON,GA,39813-0484,A,,,09/02/2020,09/18/2020,,MAILED,NO,NO,NO,5,5,002,012,151,SOGA,00014,,00025,88,
CALHOUN,05063307,STRINGER,LAMARCUS,TAVERUS,,249,ARLES ST SE, ,ARLINGTON,GA,39813,249,ARLES ST SE,,ARLINGTON,GA,39813,A,,,08/19/2020,09/18/2020,,MAILED,NO,NO,NO,5,5,002,012,151,SOGA,00014,,00005,9,
CALHOUN,00591286,DUVALL,WILLIS,A,,492,BAY AVE, ,EDISON,GA,39846-5516,,PO BOX 128,,EDISON,GA,39846-0012,A,,,05/04/2020,,,MAILED,NO,NO,NO,3,3,002,012,151,SOGA,00008,,,,
CALHOUN,00592600,OLIVER,MARY,O,,4035,S DEPOT ST, ,LEARY,GA,39862-6024,,PO BOX 173,,LEARY,GA,39862-0017,A,,,04/21/2020,,,MAILED,NO,NO,NO,1,1,002,012,151,SOGA,00002,,,,
CALHOUN,00592957,SHINGLES,RUBY,JEAN,,231,BOOKER WASHINGTON ST, ,EDISON,GA,39846-5235,,PO BOX 747,,EDISON,GA,39846-0074,A,,,05/11/2020,,,MAILED,NO,NO,NO,3,4,002,012,151,SOGA,00011,,,,
CALHOUN,00593447,WILLIAMS,MAXINE,,,80,PEPPER ST SE, ,ARLINGTON,GA,39813-8732,,PO BOX 6,,ARLINGTON,GA,39813,A,,,04/21/2020,,,MAILED,NO,NO,NO,5,5,002,012,151,SOGA,00014,,,,
CALHOUN,00590709,BELLAMY,RONNIE,,,188,RAILROAD ST, ,LEARY,GA,39862-6012,188,RAILROAD ST,,LEARY,GA,39862-6012,A,,,04/13/2020,,,MAILED,NO,NO,NO,1,1,002,012,151,SOGA,00002,,,,
CALHOUN,00593348,WILEY,CLEVELAND,,,107,HAND AVE, ,LEARY,GA,39862-5923,107,HAND AVE,,LEARY,GA,39862-5923,A,,,04/14/2020,,,MAILED,NO,NO,NO,1,1,002,012,151,SOGA,00002,,,,
CALHOUN,00593009,SMITH,JIMMY,B,,8707,ROCKMINE RD, ,ARLINGTON,GA,39813,8707,ROCKMINE RD,,ARLINGTON,GA,39813,A,,,04/14/2020,,,MAILED,NO,NO,NO,,4,002,012,151,SOGA,00009,,,,
CALHOUN,00591343,EUBANKS,OLIVIA,HOLLINHEAD,,84,EARL ROGERS AVE, ,EDISON,GA,39846-5646,,PO BOX 134,,EDISON,GA,39846-0013,A,,,04/26/2020,,,MAILED,NO,NO,NO,3,4,002,012,151,SOGA,00011,,,,
CALHOUN,00593163,SPANN,BRENDA,THOMAS,,223,HAMMOND AVE, ,LEARY,GA,39862-6016,223,HAMMOND AVE,,LEARY,GA,39862-6016,A,,,08/27/2020,09/18/2020,,MAILED,NO,NO,NO,1,1,002,012,151,SOGA,00002,,00010,50,
CALHOUN,00591932,DAVIS,PAMELA,,,32,RE JENNINGS AVE SE, ,ARLINGTON,GA,39813-8723,32,RE JENNINGS AVE SE,,ARLINGTON,GA,39813-8723,A,,,08/12/2020,09/18/2020,,MAILED,NO,NO,NO,5,5,002,012,151,SOGA,00014,,00002,5,
CALHOUN,05837456,BELLAMY,MARJORIE,R,,19049,THOMAS GROVE CHURCH RD, ,ARLINGTON,GA,39813,19049,THOMAS GROVE ,,ARLINGTON,GA,39813,A,,,08/27/2020,09/18/2020,,MAILED,NO,NO,NO,,4,002,012,151,SOGA,00009,,00012,63,
CALHOUN,07073210,CUFF,ASHLEY,LAVETTE,,329,TOWER DR, ,EDISON,GA,39846,329,TOWER DR,,EDISON,GA,39846,A,,,08/27/2020,09/18/2020,,MAILED,NO,NO,NO,3,3,002,012,151,SOGA,00008,,00011,56,
CALHOUN,05054322,MARTIN,BARBARA,LEE,,205,HARPE RD NE, ,ARLINGTON,GA,39813,205,HARPE RD NE,,ARLINGTON,GA,39813,A,,,08/27/2020,09/18/2020,,MAILED,NO,NO,NO,5,5,002,012,151,SOGA,00014,,00021,62,
CALHOUN,03623475,DIXON,ALVIN,KINMON,III,45,E CHURCH ST, ,MORGAN,GA,39866,,PO BOX 8,,MORGAN,GA,39866-0008,A,,,04/13/2020,,,MAILED,NO,NO,NO,2,2,002,012,151,SOGA,00006,,,,
CALHOUN,00593478,WILLIAMS,WILLIE,,,93,HAND AVE, ,LEARY,GA,39862-5919,,PO BOX 242,,LEARY,GA,39862-0024,A,,,05/01/2020,,,MAILED,NO,NO,NO,1,1,002,012,151,SOGA,00002,,,,
CALHOUN,00591382,FELLOWS,ELLA,W,,219,ROY FELLOWS RD, ,EDISON,GA,39846-6129,219,ROY FELLOWS RD,,EDISON,GA,39846-6129,A,,,04/14/2020,,,MAILED,NO,NO,NO,,2,002,012,151,SOGA,00004,,,,
CALHOUN,00591006,CHESTER,EDDIE,D,,776,MAYHAW AVE NE, ,ARLINGTON,GA,39813-8513,,PO BOX 219,,ARLINGTON,GA,39813-0021,A,,,05/29/2020,,,MAILED,NO,NO,NO,5,5,002,012,151,SOGA,00014,,,,
CALHOUN,04068204,SIMS,GWENDOLYN,IDLETT,,19264,HARTFORD ST,APT 5,EDISON,GA,39846,19264,HARTFORD ST,APT 5,EDISON,GA,39846,A,,,08/27/2020,09/18/2020,,MAILED,NO,NO,NO,3,3,002,012,151,SOGA,00008,,00012,59,
CALHOUN,00592306,MANRY,TOMMY,OLIVER,JR,579,DUKES CREEK RD, ,EDISON,GA,39846-4712,579,DUKES CREEK RD,,EDISON,GA,39846-4712,A,,,04/13/2020,,,MAILED,NO,NO,NO,,4,002,012,151,SOGA,00009,,,,
CALHOUN,00593268,WALTERS,DAVID,PAUL,,10756,DICKEY ST, ,MORGAN,GA,39866-4035,,PO BOX 166,,MORGAN,GA,39866-0016,A,,,04/14/2020,,,MAILED,NO,NO,NO,2,2,002,012,151,SOGA,00006,,,,
CALHOUN,07580282,ALLEN,MARTHA,ELIZABETH,,954,PIONEER RD NE, ,ARLINGTON,GA,39813,954,PIONEER RD NE,,ARLINGTON,GA,39813,A,,,04/21/2020,,,MAILED,NO,NO,NO,5,5,002,012,151,SOGA,00014,,,,
CALHOUN,03728399,PATRICK,BOBBIE,,,320,HAMMOND AVE, ,LEARY,GA,39862-6019,,PO BOX 11,,LEARY,GA,39862-0001,A,,,04/13/2020,,,MAILED,NO,NO,NO,1,1,002,012,151,SOGA,00002,,,,
CALHOUN,03728334,MITCHELL,JAMES,,,3078,WAYBACK RD, ,EDISON,GA,39846-2650,3078,WAYBACK RD,,EDISON,GA,39846-2650,A,,,08/27/2020,09/18/2020,,MAILED,NO,NO,NO,,2,002,012,151,SOGA,00004,,00004,57,
CALHOUN,00592245,LOCKETTE,DENNIS,,,344,BRAY ST, ,LEARY,GA,39862-4619,,PO BOX 417,,LEARY,GA,39862-0041,A,,,04/14/2020,,,MAILED,NO,NO,NO,1,1,002,012,151,SOGA,00002,,,,
CALHOUN,03724388,KIMBREL,DONALD,KEITH,SR,3905,SCENIC LN, ,LEARY,GA,39862-3931,,PO BOX 224,,ARLINGTON,GA,39813-0022,A,,,04/30/2020,,,MAILED,NO,NO,NO,,1,002,012,151,SOGA,00001,,,,
CALHOUN,00593414,WILLIAMS,GORDON,,,80,PEPPER ST SE, ,ARLINGTON,GA,39813-8732,,PO BOX 6,,ARLINGTON,GA,39813,A,,,04/21/2020,,,MAILED,NO,NO,NO,5,5,002,012,151,SOGA,00014,,,,
CALHOUN,05783153,SMALL,TURQUOISE,LA SHAWN,,77,PEPPER ST SE, ,ARLINGTON,GA,39813,77,PEPPER ST SE,,ARLINGTON,GA,39813,A,,,09/02/2020,09/18/2020,,MAILED,NO,NO,NO,5,5,002,012,151,SOGA,00014,,00024,85,
CALHOUN,04023447,MILLS,JAMES,O,,670,AVERN RD, ,MORGAN,GA,39866,670,AVERN RD,,MORGAN,GA,39866,A,,,09/02/2020,09/18/2020,,MAILED,NO,NO,NO,,1,002,012,151,SOGA,00001,,00012,83,
CALHOUN,00593086,STRAFFORD,RICKY,DANNY,,368,TOWER DR, ,EDISON,GA,39846-5653,368,TOWER DR,,EDISON,GA,39846-0026,A,,,08/31/2020,09/18/2020,,MAILED,NO,NO,NO,3,3,002,012,151,SOGA,00008,,00014,67,
CALHOUN,12761329,DAVIS,DEBRA,ANN,,19264,HARTFORD ST, ,EDISON,GA,39846,19264,HARTFORD ST,APT 22,EDISON,GA,39846,A,,,08/25/2020,09/18/2020,,MAILED,NO,NO,NO,3,3,002,012,151,SOGA,00008,,00009,15,
CALHOUN,00591101,COTTON,JAMES,H,,991,HARPE RD, ,ARLINGTON,GA,39813-6736,991,HARPE RD,,ARLINGTON,GA,39813-6736,A,,,05/06/2020,,,MAILED,NO,NO,NO,,2,002,012,151,SOGA,00004,,,,
CALHOUN,00591014,CLARK,CHARLES,,JR,490,CLARK LN, ,EDISON,GA,39846-3341,490,CLARK LN,,EDISON,GA,39846-3341,A,,,04/13/2020,,,MAILED,NO,NO,NO,,4,002,012,151,SOGA,00009,,,,
CALHOUN,00593056,STEPHENS,ANNIE,D,,3979,W MAIN ST, ,LEARY,GA,39862,,PO BOX 371,,LEARY,GA,39862-0037,A,,,04/13/2020,,,MAILED,NO,NO,NO,1,1,002,012,151,SOGA,00002,,,,
CALHOUN,00591869,IDLETT,MARION,,III,18222,MORGAN RD,APT 17,ARLINGTON,GA,39813,18222,MORGAN RD,APT 17,ARLINGTON,GA,39813,A,,,05/26/2020,,,MAILED,NO,NO,NO,5,5,002,012,151,SOGA,00014,,,,
CALHOUN,00624388,HOWARD,FAYE,MARIE,,19264,HARTFORD ST,APT 24,EDISON,GA,39846,19264,HARTFORD ST,APT 24,EDISON,GA,39846,A,,,05/28/2020,,,MAILED,NO,NO,NO,3,3,002,012,151,SOGA,00008,,,,
CALHOUN,11829751,WALDEN,RASHON,,,54,MELVIN ST, ,LEARY,GA,39862,54,MELVIN ST,,LEARY,GA,39862-4614,A,,,09/02/2020,09/18/2020,,MAILED,NO,NO,NO,1,1,002,012,151,SOGA,00002,,00016,78,
CALHOUN,00591469,GEORGE,EVELYN,SEABROOK,,3517,S DEPOT ST, ,LEARY,GA,39862-6134,3517,S DEPOT ST,,LEARY,GA,39862-6134,A,,,05/15/2020,,,MAILED,NO,NO,NO,1,1,002,012,151,SOGA,00002,,,,
CALHOUN,00593403,WILLIAMS,EUNICE,F,,630,MARTIN LUTHER KING JR DR, ,EDISON,GA,39846-5218,630,MARTIN LUTHER KING ,,EDISON,GA,39846-5218,A,,,09/02/2020,09/18/2020,,MAILED,NO,NO,NO,3,4,002,012,151,SOGA,00011,,00001,86,
CALHOUN,06345879,GEORGE,LINDA,PUGH,,19264,HARTFORD ST,APT 15,EDISON,GA,39846-5661,19264,HARTFORD ST,APT 15,EDISON,GA,39846-5661,A,,,08/31/2020,09/18/2020,,MAILED,NO,NO,NO,3,3,002,012,151,SOGA,00008,,00015,68,
CALHOUN,11099039,CAMPBELL,CYNTHIA,LUNSFORD,,268,GREENHOUSE RD, ,LEARY,GA,39862,268,GREENHOUSE RD,,LEARY,GA,39862-3604,A,,,06/01/2020,,,MAILED,NO,NO,NO,,1,002,012,151,SOGA,00001,,,,
CALHOUN,00591068,CONLEY,SADIE,H,,205,LIZARD LOPE RD, ,LEARY,GA,39862-2017,205,LIZARD LOPE RD,,LEARY,GA,39862-2017,A,,,04/14/2020,,,MAILED,NO,NO,NO,,1,002,012,151,SOGA,00001,,,,
CALHOUN,00592655,PERRY,SALLIE,,,24,FLORENCE AVE, ,LEARY,GA,39862-6110,24,FLORENCE AVE,,LEARY,GA,39862-6110,A,,,04/24/2020,,,MAILED,NO,NO,NO,1,1,002,012,151,SOGA,00002,,,,
CALHOUN,12012996,WEAVER,RAYMOND,DEWAYNE,,82,OAKDALE ST NE, ,ARLINGTON,GA,39813,82,OAKDALE ST NE,,ARLINGTON,GA,39813-9017,A,,,04/13/2020,,,MAILED,NO,NO,NO,5,5,002,012,151,SOGA,00014,,,,
CALHOUN,00591948,JACKSON,SYLVIA,B,,456,WEST STRICKLAND ST, ,EDISON,GA,39846-5829,,PO BOX 382,,EDISON,GA,39846-0038,A,,,04/21/2020,,,MAILED,NO,NO,NO,3,2,002,012,151,SOGA,00015,,,,
CALHOUN,11127799,HALLMON,TYONNA,TRASHAY,,19147,THOMAS GROVE CHURCH RD, ,ARLINGTON,GA,39813,19147,THOMAS GROVE ,,ARLINGTON,GA,39813-6407,A,,,09/01/2020,09/18/2020,,MAILED,NO,NO,NO,,4,002,012,151,SOGA,00009,,00013,72,
CALHOUN,06061904,KENDRICK,FRANK,,,17479,GA HIGHWAY 37, ,EDISON,GA,39846-6430,,PO BOX 626,,EDISON,GA,39846-0062,A,,,03/05/2020,,,MAILED,NO,NO,NO,,2,002,012,151,SOGA,00004,,,,
CALHOUN,06082040,BEARD,QUITA,SUE,,215,EDISON ST, ,MORGAN,GA,39866-3806,,PO BOX 1,,MORGAN,GA,39866,A,,,09/10/2020,09/18/2020,,MAILED,NO,NO,NO,2,2,002,012,151,SOGA,00006,,00005,122,
CALHOUN,00591244,DORSEY,ETHEL,,,120,COPPER ST, ,EDISON,GA,39846-9353,,PO BOX 232,,EDISON,GA,39846-0023,A,,,09/10/2020,09/18/2020,,MAILED,NO,NO,NO,3,3,002,012,151,SOGA,00008,,00018,130,
CALHOUN,08506642,MOORE,GEORGIA,M,,19264,HARTFORD ST,APT 12,EDISON,GA,39846,19264,HARTFORD ST,APT 12,EDISON,GA,39846,A,,,05/07/2020,,,MAILED,NO,NO,NO,3,3,002,012,151,SOGA,00008,,,,
CALHOUN,00592002,JOHNSON,MASHUN,LAVETT,,22130,THOMAS GROVE CHURCH RD, ,ARLINGTON,GA,39813,22130,THOMAS GROVE ,,ARLINGTON,GA,39813,A,,,08/25/2020,09/18/2020,,MAILED,NO,NO,NO,,4,002,012,151,SOGA,00009,,00005,18,
CALHOUN,00592474,MOLDEN,EUNIE,V,,776,MAYHAW AVE NE, ,ARLINGTON,GA,39813-8513,,PO BOX 219,,ARLINGTON,GA,39813-0021,A,,,05/18/2020,,,MAILED,NO,NO,NO,5,5,002,012,151,SOGA,00014,,,,
CALHOUN,00592900,SEVERSON,MILDRED,L,,440,MARTIN LUTHER KING JR DR, ,EDISON,GA,39846-5419,,PO BOX 609,,EDISON,GA,39846-0060,A,,,05/07/2020,,,MAILED,NO,NO,NO,3,4,002,012,151,SOGA,00011,,,,
CALHOUN,00625020,BALDWIN,BARBARA,ANN,,30275,GA HIGHWAY 62, ,ARLINGTON,GA,39813,,PO BOX 352,,ARLINGTON,GA,39813,A,,,09/14/2020,09/18/2020,,MAILED,NO,NO,NO,,2,002,012,151,SOGA,00004,,00016,135,
CALHOUN,00590729,BLACKWOOD,LYNDA,E,,82,OAKDALE ST NE, ,ARLINGTON,GA,39813-9017,82,OAKDALE ST NE,,ARLINGTON,GA,39813-9017,A,,,04/21/2020,,,MAILED,NO,NO,NO,5,5,002,012,151,SOGA,00014,,,,
CALHOUN,08236881,HIMES,CARL,CHI,,139,CAMELLIA ST SW, ,ARLINGTON,GA,39813,,PO BOX 66,,ARLINGTON,GA,39813,A,,,04/21/2020,,,MAILED,NO,NO,NO,5,5,002,012,151,SOGA,00014,,,,
CALHOUN,00592210,LEE,MATTIE,L,,378,GRAY RD, ,ARLINGTON,GA,39813-6434,378,GRAY RD,,ARLINGTON,GA,39813-6434,A,,,08/31/2020,09/18/2020,,MAILED,NO,NO,NO,,4,002,012,151,SOGA,00009,,00001,2,
CALHOUN,06090887,GILBERT,CHANDRA,DESTARLIN,,18158,MORGAN RD,APT 1,ARLINGTON,GA,39813,18158,MORGAN RD,APT 1,ARLINGTON,GA,39813,A,,,05/18/2020,,,MAILED,NO,NO,NO,5,5,002,012,151,SOGA,00014,,,,
CALHOUN,00590916,BUSTER,BERNARD,,,28,JAY ST, ,EDISON,GA,39846-5453,,PO BOX 55,,EDISON,GA,39846-0005,A,,,05/04/2020,,,MAILED,NO,NO,NO,3,3,002,012,151,SOGA,00008,,,,
CALHOUN,00591215,DAVIS,WILMON,,,1110,GREENHOUSE RD, ,LEARY,GA,39862-3622,1110,GREENHOUSE RD,,LEARY,GA,39862-3622,A,,,04/13/2020,,,MAILED,NO,NO,NO,,1,002,012,151,SOGA,00001,,,,
CALHOUN,03741751,JOHNSON,HORACE,,,293,CAMELLIA ST SW, ,ARLINGTON,GA,39813,,PO BOX 66,,ARLINGTON,GA,39813-0066,A,,,05/07/2020,,,MAILED,NO,NO,NO,5,5,002,012,151,SOGA,00014,,,,
CALHOUN,05398136,STRAFFORD,SHARI,SMITH,,368,TOWER DR, ,EDISON,GA,39846-5653,368,TOWER DR,,EDISON,GA,39846-0026,A,,,08/31/2020,09/18/2020,,MAILED,NO,NO,NO,3,3,002,012,151,SOGA,00008,,00013,66,
CALHOUN,00592336,MARTIN,IRENE,G,,205,HARPE RD NE, ,ARLINGTON,GA,39813-6720,205,HARPE RD NE,,ARLINGTON,GA,39813-6720,A,,,04/13/2020,,,MAILED,NO,NO,NO,5,5,002,012,151,SOGA,00014,,,,
CALHOUN,00592413,MIDDLETON,JAMES,VERNON,JR,184,TELFAIR ST NE, ,ARLINGTON,GA,39813-6745,,PO BOX 248,,ARLINGTON,GA,39813-0024,A,,,04/21/2020,,,MAILED,NO,NO,NO,5,5,002,012,151,SOGA,00014,,,,
CALHOUN,00592093,KENDRICK,BARBARA,J,,22,VINE ST, ,EDISON,GA,39846-5457,,PO BOX 808,,EDISON,GA,39846-0080,A,,,05/01/2020,,,MAILED,NO,NO,NO,3,3,002,012,151,SOGA,00008,,,,
CALHOUN,00592429,MILLER,HUGH,F,,19841,HARTFORD ST, ,EDISON,GA,39846-5812,,PO BOX 427,,EDISON,GA,39846-0042,A,,,04/14/2020,,,MAILED,NO,NO,NO,3,2,002,012,151,SOGA,00015,,,,
CALHOUN,00593288,WASHINGTON,WILLIE,J,,109,SHEELY LN, ,MORGAN,GA,39866-2203,109,SHEELY LN,,MORGAN,GA,39866-2203,A,,,05/07/2020,,,MAILED,NO,NO,NO,,2,002,012,151,SOGA,00004,,,,
CALHOUN,00593069,STEVENS,BETTY,A,,105,COPPER ST, ,EDISON,GA,39846,,PO BOX 176,,EDISON,GA,39846,A,,,06/03/2020,,,MAILED,NO,NO,NO,3,3,002,012,151,SOGA,00008,,,,
CALHOUN,07577491,DANIELS,ROSSELLE,V,,301,LIZARD LOPE RD, ,LEARY,GA,39862-2019,301,LIZARD LOPE RD,,LEARY,GA,39862-2019,A,,,09/02/2020,09/18/2020,,MAILED,NO,NO,NO,,1,002,012,151,SOGA,00001,,00009,77,
CALHOUN,00592801,ROBINSON,DELOIS,H,,123,EARL ROGERS AVE, ,EDISON,GA,39846,,PO BOX 15,,EDISON,GA,39846-0025,A,,,04/24/2020,,,MAILED,NO,NO,NO,3,3,002,012,151,SOGA,00008,,,,
CALHOUN,00591960,JENKINS,WILLIE,ANN,,167,TAYLOR LN, ,LEARY,GA,39862-6103,167,TAYLOR LN,,LEARY,GA,39862-6103,A,,,04/13/2020,,,MAILED,NO,NO,NO,1,1,002,012,151,SOGA,00002,,,,
CALHOUN,00590645,AVERA,JAMES,DARRELL,,729,DUKES CREEK RD, ,EDISON,GA,39846-4716,729,DUKES CREEK RD,,EDISON,GA,39846-4716,A,,,04/13/2020,,,MAILED,NO,NO,NO,,4,002,012,151,SOGA,00009,,,,
CALHOUN,00592414,MIDDLETON,RUBY,N,,184,TELFAIR ST NE, ,ARLINGTON,GA,39813-6745,,PO BOX 248,,ARLINGTON,GA,39813-0024,A,,,09/14/2020,09/18/2020,,MAILED,NO,NO,NO,5,5,002,012,151,SOGA,00014,,00035,140,
CALHOUN,00590682,BARNES,DORIS,,,58,BARNES LN, ,LEARY,GA,39862-4634,,PO BOX 414,,LEARY,GA,39862-0041,A,,,05/04/2020,,,MAILED,NO,NO,NO,1,1,002,012,151,SOGA,00002,,,,
CALHOUN,00593149,TAYLOR,MARTHA,N,,270,HYDRAPAK LN, ,MORGAN,GA,39866,270,HYDRAPAK LN,,MORGAN,GA,39866,A,,,04/13/2020,,,MAILED,NO,NO,NO,,2,002,012,151,SOGA,00004,,,,
CALHOUN,08655779,WALLACE,SKYLAR,LEAVETTE,,59,KOLOMOKI ST NW, ,ARLINGTON,GA,39813-8128,59,KOLOMOKI ST NW,,ARLINGTON,GA,39813-8128,A,,,09/14/2020,09/18/2020,,MAILED,NO,NO,NO,5,4,002,012,151,SOGA,00010,,00003,138,
CALHOUN,00590693,BARNES,SHIRLEY,A,,433,BRAY ST, ,LEARY,GA,39862-4622,433,BRAY ST,,LEARY,GA,39862-4622,A,,,04/28/2020,,,MAILED,NO,NO,NO,1,1,002,012,151,SOGA,00002,,,,
CALHOUN,00592273,LOVETT,JAMES,E,,178,TELFAIR ST NE, ,ARLINGTON,GA,39813-6745,,PO BOX 432,,ARLINGTON,GA,39813-0043,A,,,05/01/2020,,,MAILED,NO,NO,NO,5,5,002,012,151,SOGA,00014,,,,
CALHOUN,00590744,BONNER,MICHAEL,,,19930,GA HIGHWAY 45, ,ARLINGTON,GA,39813-6818,,PO BOX 421,,ARLINGTON,GA,39813-0042,A,,,04/21/2020,,,MAILED,NO,NO,NO,,2,002,012,151,SOGA,00004,,,,
CALHOUN,00592659,PERRYMAN,JACK,HAMMOND,,4780,N DEPOT ST, ,LEARY,GA,39862-4504,4780,N DEPOT ST,,LEARY,GA,39862-4504,A,,,04/14/2020,,,MAILED,NO,NO,NO,1,1,002,012,151,SOGA,00002,,,,
CALHOUN,00592446,MILNER,JESSIE,R,,14800,GA HIGHWAY 37, ,EDISON,GA,39846-4101,14800,GA HIGHWAY 37,,EDISON,GA,39846-4101,A,,,07/23/2020,,,MAILED,NO,NO,NO,,2,002,012,151,SOGA,00004,,,,
CALHOUN,00591327,EUBANKS,BENNIE,ARLEN,,395,REDDING AVE, ,EDISON,GA,39846-5839,,PO BOX 32,,EDISON,GA,39846-0003,A,,,05/07/2020,,,MAILED,NO,NO,NO,3,2,002,012,151,SOGA,00015,,,,
CALHOUN,00592683,PIERCE,PEGGY,,,2126,COUNTRY CLUB RD, ,EDISON,GA,39846-2901,2126,COUNTRY CLUB RD,,EDISON,GA,39846-2901,A,,,04/13/2020,,,MAILED,NO,NO,NO,,2,002,012,151,SOGA,00004,,,,
CALHOUN,06082477,STEVENS,MILDRED,SLAUGHTER,,175,PINE RD, ,EDISON,GA,39846,,PO BOX 735,,EDISON,GA,39846-0073,A,,,04/24/2020,,,MAILED,NO,NO,NO,,4,002,012,151,SOGA,00009,,,,
CALHOUN,04253296,SMITH,DEBBIE,J,,8707,ROCKMINE RD, ,ARLINGTON,GA,39813,8707,ROCKMINE RD,,ARLINGTON,GA,39813,A,,,04/14/2020,,,MAILED,NO,NO,NO,,4,002,012,151,SOGA,00009,,,,
CALHOUN,00619934,SHEFFIELD,BETH,P,,14330,COLLEGE RD, ,EDISON,GA,39846-8203,14330,COLLEGE RD,,EDISON,GA,39846-8203,A,,,05/05/2020,,,MAILED,NO,NO,NO,,2,002,012,151,SOGA,00004,,,,
CALHOUN,00592705,BUSH,MAMIE,R,,3758,DUKES CREEK RD, ,CUTHBERT,GA,39840-2112,3758,DUKES CREEK RD,,CUTHBERT,GA,39840-2112,A,,,04/13/2020,,,MAILED,NO,NO,NO,,4,002,012,151,SOGA,00009,,,,
CALHOUN,00591091,COOPER,CAROLYN,R,,355,RAMBO RD, ,EDISON,GA,39846-3433,,PO BOX 129,,EDISON,GA,39846-0012,A,,,04/26/2020,,,MAILED,NO,NO,NO,,4,002,012,151,SOGA,00009,,,,
CALHOUN,00591386,FERGUSON,ANNIE,W,,44,COPPER ST, ,EDISON,GA,39846-5444,,PO BOX 608,,EDISON,GA,39846-0060,A,,,05/13/2020,,,MAILED,NO,NO,NO,3,3,002,012,151,SOGA,00008,,,,
CALHOUN,01218422,JONES,KYNDRA,NICOLE,,3083,GA HIGHWAY 234, ,LEARY,GA,39862-2229,3083,GA HIGHWAY 234,,LEARY,GA,39862-2229,A,,,09/08/2020,09/18/2020,,MAILED,NO,NO,NO,,1,002,012,151,SOGA,00001,,00018,121,
CALHOUN,04440873,HUDSON,JANICE,JEAN,,18037,MORGAN RD, ,ARLINGTON,GA,39813-8035,18037,MORGAN RD,,ARLINGTON,GA,39813-8035,A,,,09/06/2020,09/18/2020,,MAILED,NO,NO,NO,5,5,002,012,151,SOGA,00014,,00031,111,
CALHOUN,00591949,JACKSON,THOMAS,ALVIN,,16063,COLLEGE RD, ,EDISON,GA,39846-8131,16063,COLLEGE RD,,EDISON,GA,39846-8131,A,,,04/13/2020,,,MAILED,NO,NO,NO,,2,002,012,151,SOGA,00004,,,,
CALHOUN,00590630,ASHLEY,CHARLES,W,,3654,SANDY BOTTOM RD, ,EDISON,GA,39846,3654,SANDY BOTTOM RD,,EDISON,GA,39846,A,,,04/29/2020,,,MAILED,NO,NO,NO,,4,002,012,151,SOGA,00009,,,,
CALHOUN,12135328,QUARLES,ROBERT,LEE,,1707,FAINS HATCHERY RD, ,EDISON,GA,39846,,PO BOX 816,,EDISON,GA,39846-0816,A,,,04/14/2020,,,MAILED,NO,NO,NO,,4,002,012,151,SOGA,00009,,,,
CALHOUN,00590910,BURKES,ZEBBRA,J,,33,BOOKER WASHINGTON ST, ,EDISON,GA,39846,,PO BOX 324,,EDISON,GA,39846-0057,A,,,05/28/2020,,,MAILED,NO,NO,NO,3,4,002,012,151,SOGA,00011,,,,
CALHOUN,04241725,PINET,FEDENA,DELORIS,,23,BUTLERS ALY SW, ,ARLINGTON,GA,39813,,PO BOX 55,,ARLINGTON,GA,39813-0055,A,,,09/02/2020,09/18/2020,,MAILED,NO,NO,NO,5,5,002,012,151,SOGA,00014,,00030,101,
CALHOUN,07802335,WALLACE,SPENCER,SENTELL,,59,KOLOMOKI ST NW, ,ARLINGTON,GA,39813-8128,59,KOLOMOKI ST NW,,ARLINGTON,GA,39813-8128,A,,,09/14/2020,09/18/2020,,MAILED,NO,NO,NO,5,4,002,012,151,SOGA,00010,,00002,136,
CALHOUN,00591202,DAVIS,LEONARD,,,32,RE JENNINGS AVE SE, ,ARLINGTON,GA,39813-8723,32,RE JENNINGS AVE SE,,ARLINGTON,GA,39813-0018,A,,,08/13/2020,09/18/2020,,MAILED,NO,NO,NO,5,5,002,012,151,SOGA,00014,,00004,7,
CALHOUN,00592324,MARTIN,ANNIE BELL,,,22180,THOMAS GROVE CHURCH RD, ,ARLINGTON,GA,39813-5640,22180,THOMAS GROVE ,,ARLINGTON,GA,39813-5640,A,,,08/25/2020,09/18/2020,,MAILED,NO,NO,NO,,4,002,012,151,SOGA,00009,,00004,17,
CALHOUN,00591899,JACKSON,CECELIA,H,,16063,COLLEGE RD, ,EDISON,GA,39846-8131,16063,COLLEGE RD,,EDISON,GA,39846-8131,A,,,04/13/2020,,,MAILED,NO,NO,NO,,2,002,012,151,SOGA,00004,,,,
CALHOUN,07621666,LANE,KIESHA,SHERL,,265,TURNER ST, ,EDISON,GA,39846,265,TURNER ST,,EDISON,GA,39846,A,,,04/13/2020,,,MAILED,NO,NO,NO,3,2,002,012,151,SOGA,00015,,,,
CALHOUN,00591513,GINN,ELIJAH,M,,13457,GA HIGHWAY 37, ,MORGAN,GA,39866-3448,13457,GA HIGHWAY 37,,MORGAN,GA,39866-3448,A,,,04/28/2020,,,MAILED,NO,NO,NO,,2,002,012,151,SOGA,00004,,,,
CALHOUN,00030595,BERRY,RAYMOND,JOHNNY,,3920,S DEPOT ST, ,LEARY,GA,39862,3920,S DEPOT ST,,LEARY,GA,39862,A,,,08/27/2020,09/18/2020,,MAILED,NO,NO,NO,1,1,002,012,151,SOGA,00002,,00011,52,
CALHOUN,12759644,SGOLOMBIS,NAOMI,,,546,FLINT RD, ,LEARY,GA,39862,546,FLINT RD,,LEARY,GA,39862,A,,,09/05/2020,09/18/2020,,MAILED,NO,NO,NO,,1,002,012,151,SOGA,00001,,00015,113,
CALHOUN,07241674,CHAMBERLAIN,CALINTE,JEAN,,3393,S DEPOT ST, ,LEARY,GA,39862-6130,,PO BOX 21,,LEARY,GA,39862,A,,,05/11/2020,,,MAILED,NO,NO,NO,1,1,002,012,151,SOGA,00002,,,,
CALHOUN,11192599,SIMS,BEYONCE',NE'QUONNE,,9772,GA HIGHWAY 55, ,DAWSON,GA,39842,9772,GA HIGHWAY 55,,DAWSON,GA,39842-9242,A,,,08/24/2020,09/18/2020,,MAILED,NO,NO,NO,,1,002,012,151,SOGA,00001,,00002,14,
CALHOUN,03728434,GEORGE,WILLIE,CLEVELAND,,328,HAMMOND AVE, ,LEARY,GA,39862-6015,328,HAMMOND AVE,,LEARY,GA,39862-6015,A,,,04/14/2020,,,MAILED,NO,NO,NO,1,1,002,012,151,SOGA,00002,,,,
CALHOUN,00593513,WIMS,RUBY,JEAN,,426,DIXIE CIR, ,EDISON,GA,39846,,PO BOX 436,,EDISON,GA,39846-0436,A,,,04/13/2020,,,MAILED,NO,NO,NO,3,4,002,012,151,SOGA,00011,,,,
CALHOUN,00591847,HUDSON,SANDRA,,,4401,CHERRY RD NE, ,ARLINGTON,GA,39813-9064,,PO BOX 672,,ARLINGTON,GA,39813-0067,A,,,04/24/2020,,,MAILED,NO,NO,NO,5,5,002,012,151,SOGA,00014,,,,
CALHOUN,00591067,CONLEY,JOHN,A,,205,LIZARD LOPE RD, ,LEARY,GA,39862-2017,205,LIZARD LOPE RD,,LEARY,GA,39862-2017,A,,,04/14/2020,,,MAILED,NO,NO,NO,,1,002,012,151,SOGA,00001,,,,
CALHOUN,03840956,CARTER,DAVID,,,84,RAILROAD ST, ,LEARY,GA,39862-6008,,PO BOX 1,,LEARY,GA,39862,A,,,06/05/2020,,,MAILED,NO,NO,NO,1,1,002,012,151,SOGA,00002,,,,
CALHOUN,11950458,FAVORS,RUTHIE,ANN,,405,MERRITT AVE, ,EDISON,GA,39846,,PO BOX 63,,EDISON,GA,39846,A,,,04/26/2020,,,MAILED,NO,NO,NO,3,3,002,012,151,SOGA,00008,,,,
CALHOUN,03593717,PETERSON,DAISY,CARSON,,814,MAYHAW AVE NE, ,ARLINGTON,GA,39813-8514,814,MAYHAW AVE NE,,ARLINGTON,GA,39813-0021,A,,,09/02/2020,09/18/2020,,MAILED,NO,NO,NO,5,5,002,012,151,SOGA,00014,,00028,98,
CALHOUN,06440739,WESTRY,DERRICK,JUAN,,521,EDISON ST, ,MORGAN,GA,39866-3813,521,EDISON ST,,MORGAN,GA,39866-3813,A,,,08/27/2020,09/18/2020,,MAILED,NO,NO,NO,2,2,002,012,151,SOGA,00006,,00001,30,
CALHOUN,00593095,STRICKLAND,DIANE,,,4098,BLUFFTON RD, ,EDISON,GA,39846-5113,,PO BOX 278,,EDISON,GA,39846-0027,A,,,04/21/2020,,,MAILED,NO,NO,NO,,4,002,012,151,SOGA,00009,,,,
CALHOUN,00593425,WILLIAMS,JESSE,,,6864,S BERMUDA ST, ,MORGAN,GA,39866-4104,,PO BOX 42,,MORGAN,GA,39866-0004,A,,,04/13/2020,,,MAILED,NO,NO,NO,2,2,002,012,151,SOGA,00006,,,,
CALHOUN,00591898,JACKSON,BOBBY,,,4405,N DEPOT ST, ,LEARY,GA,39862-5232,4405,N DEPOT ST,,LEARY,GA,39862-5232,A,,,04/21/2020,,,MAILED,NO,NO,NO,1,1,002,012,151,SOGA,00002,,,,
CALHOUN,05276281,MARTIN,BEN,LEE,,205,HARPE RD NE, ,ARLINGTON,GA,39813-6720,205,HARPE RD NE,,ARLINGTON,GA,39813-6720,A,,,04/13/2020,,,MAILED,NO,NO,NO,5,5,002,012,151,SOGA,00014,,,,
CALHOUN,00592742,RAY,WILLIAM,S,,79,PIONEER RD NE, ,ARLINGTON,GA,39813-9001,79,PIONEER RD NE,,ARLINGTON,GA,39813-9001,A,,,07/22/2020,,,MAILED,NO,NO,NO,5,5,002,012,151,SOGA,00014,,,,
CALHOUN,00590689,BARNES,MANDIE,,,11,REDBUD ST NE,UNIT 18,ARLINGTON,GA,39813,,14 HILL CREST DR,,ARLINGTON,GA,39813-0045,A,,,05/29/2020,,,MAILED,NO,NO,NO,5,5,002,012,151,SOGA,00014,,,,
CALHOUN,00592311,MANSFIELD,TAMMY,,,25,FLORENCE AVE, ,LEARY,GA,39862,25,FLORENCE AVE,,LEARY,GA,39862,A,,,08/31/2020,09/18/2020,,MAILED,NO,NO,NO,1,1,002,012,151,SOGA,00002,,00012,65,
CALHOUN,08524428,BROWN,PHILIP,ARON,,16,LINCOLN ST NW, ,ARLINGTON,GA,39813-8122,16,LINCOLN ST NW,,ARLINGTON,GA,39813-0073,A,,,09/02/2020,09/18/2020,,MAILED,NO,NO,NO,5,5,002,012,151,SOGA,00014,,00023,84,
CALHOUN,01612499,IGLES,RUBY,LEE,,17564,WOOD VALLEY RD NW, ,ARLINGTON,GA,39813,17564,WOOD VALLEY RD NW,,ARLINGTON,GA,39813,A,,,08/27/2020,09/18/2020,,MAILED,NO,NO,NO,5,4,002,012,151,SOGA,00010,,00001,53,
CALHOUN,03731771,PALMER,WILLIE,J,,124,BLACKBIRD ST, ,LEARY,GA,39862,124,BLACKBIRD ST,,LEARY,GA,39862,A,,,05/06/2020,,,MAILED,NO,NO,NO,1,1,002,012,151,SOGA,00002,,,,
CALHOUN,07963328,SPURLOCK,WILLIE,GREEN,,18,MAYFAIR AVE NW, ,ARLINGTON,GA,39813-8201,18,MAYFAIR AVE NW,,ARLINGTON,GA,39813-8201,A,,,04/13/2020,,,MAILED,NO,NO,NO,5,5,002,012,151,SOGA,00014,,,,
CALHOUN,00590555,ADAMS,CURTIS,B,,3663,GA HIGHWAY 234, ,LEARY,GA,39862-2241,3663,GA HIGHWAY 234,,LEARY,GA,39862-2241,A,,,04/14/2020,,,MAILED,NO,NO,NO,,1,002,012,151,SOGA,00001,,,,
CALHOUN,06528615,JOHNSON,IRVING,,JR,54,MELVIN ST, ,LEARY,GA,39862,54,MELVIN ST,,LEARY,GA,39862-4614,A,,,09/02/2020,09/18/2020,,MAILED,NO,NO,NO,1,1,002,012,151,SOGA,00002,,00018,81,
CALHOUN,00593367,WILLIAMS,ALICE,F,,293,CAMELLIA ST SW, ,ARLINGTON,GA,39813-8306,,PO BOX 66,,ARLINGTON,GA,39813-0006,A,,,05/08/2020,,,MAILED,NO,NO,NO,5,5,002,012,151,SOGA,00014,,,,
CALHOUN,04559767,STEPHENS,TERRANCE,LASHION,,3979,W MAIN ST, ,LEARY,GA,39862,3979,W MAIN ST,,LEARY,GA,39862-0037,A,,,08/31/2020,09/18/2020,,MAILED,NO,NO,NO,1,1,002,012,151,SOGA,00002,,00007,34,
CALHOUN,10103559,HATCHER,LANELLE,GRINER,,359,DOGWOOD AVE NW, ,ARLINGTON,GA,39813,359,DOGWOOD AVE NW,,ARLINGTON,GA,39813-7911,A,,,04/13/2020,,,MAILED,NO,NO,NO,5,5,002,012,151,SOGA,00014,,,,
CALHOUN,12344101,OLIVER,LOUCIOUS,,JR,113,LARK ST, ,EDISON,GA,39846,,PO BOX 585,,EDISON,GA,39846-5438,A,,,04/26/2020,,,MAILED,NO,NO,NO,3,3,002,012,151,SOGA,00008,,,,
CALHOUN,03728484,MANSFIELD,SHERRIEL,MONIQUE,,39392,MERCER AVE, ,LEARY,GA,39862,39392,MERCER AVE,,LEARY,GA,39862,A,,,08/31/2020,09/18/2020,,MAILED,NO,NO,NO,1,1,002,012,151,SOGA,00002,,00013,69,
CALHOUN,08000735,HARRISON,JEANETTE,VIRGINIA,,116,MARTIN LUTHER KING JR DR,LOT 116,EDISON,GA,39846,52,HARTFORD,,EDISON,GA,39846,A,,,04/26/2020,,,MAILED,NO,NO,NO,3,3,002,012,151,SOGA,00008,,,,
CALHOUN,08827107,TIMPSON,JIMMY,,,163,SLATON DR, ,EDISON,GA,39846,,PO BOX 653,,EDISON,GA,39846-0653,A,,,04/26/2020,,,MAILED,NO,NO,NO,3,3,002,012,151,SOGA,00008,,,,
CALHOUN,06043816,GUY,ANNIE,SUMNER,,11047,DICKEY ST, ,MORGAN,GA,39866-4141,11047,DICKEY ST,,MORGAN,GA,39866,A,,,04/26/2020,,,MAILED,NO,NO,NO,2,2,002,012,151,SOGA,00006,,,,
CALHOUN,05360452,ALLEN,JOE,,,954,PIONEER RD NE, ,ARLINGTON,GA,39813,954,PIONEER RD NE,,ARLINGTON,GA,39813-8619,A,,,08/27/2020,09/18/2020,,MAILED,NO,NO,NO,5,5,002,012,151,SOGA,00014,,00020,61,
CALHOUN,00591622,HAMMACK,DOLLIE,B,,33,WILDERNESS WAY, ,EDISON,GA,39846-3424,,PO BOX 939,,EDISON,GA,39846-0093,A,,,05/29/2020,,,MAILED,NO,NO,NO,,2,002,012,151,SOGA,00004,,,,
CALHOUN,06110560,TINSON,MINNIE,FOSTER,,18158,MORGAN RD,APT 18,ARLINGTON,GA,39813,18158,MORGAN RD,APT 18,ARLINGTON,GA,39813,A,,,04/13/2020,,,MAILED,NO,NO,NO,5,5,002,012,151,SOGA,00014,,,,
CALHOUN,00591691,HART,FRED,R,,102,BRAY ST, ,LEARY,GA,39862-5902,,PO BOX 66,,LEARY,GA,39862-0006,A,,,04/14/2020,,,MAILED,NO,NO,NO,1,1,002,012,151,SOGA,00002,,,,
CALHOUN,00593448,WILLIAMS,MELBA,JEAN,,216,E CEDAR ST, ,ARLINGTON,GA,39813-8808,,PO BOX 746,,ARLINGTON,GA,39813-0074,A,,,04/21/2020,,,MAILED,NO,NO,NO,5,5,002,012,151,SOGA,00014,,,,
CALHOUN,00590668,BAILEY,JOHN,WILLIAM,,40877,GA HIGHWAY 62, ,LEARY,GA,39862-4725,40877,GA HIGHWAY 62,,LEARY,GA,39862-4725,A,,,08/27/2020,09/18/2020,,MAILED,NO,NO,NO,,1,002,012,151,SOGA,00001,,00006,49,
CALHOUN,00591131,CRAYTON,SONORA,,,4571,E MAIN ST, ,LEARY,GA,39862-5930,,PO BOX 191,,LEARY,GA,39862-0019,A,,,02/25/2020,,,MAILED,NO,NO,NO,1,1,002,012,151,SOGA,00002,,,,
CALHOUN,03729114,SHEDRICK,LORENZA,TREMAYNE,,159,MANRY ST, ,EDISON,GA,39846,159,MANRY ST,,EDISON,GA,39846,A,,,09/03/2020,09/18/2020,,MAILED,NO,NO,NO,3,4,002,012,151,SOGA,00011,,00004,105,
CALHOUN,00593092,STRAWTER,LOVELY,,,4623,E MAIN ST, ,LEARY,GA,39862-5932,,PO BOX 76,,LEARY,GA,39862-0007,A,,,04/13/2020,,,MAILED,NO,NO,NO,1,1,002,012,151,SOGA,00002,,,,
CALHOUN,04242189,WILLIAMS,CHRISTOPHER,B,,194,CAMELLIA ST, ,ARLINGTON,GA,39813,143,HUNT ROAD,,FORT LEAVENWO,KS,66027,A,,,05/20/2020,09/16/2020,,MAILED,NO,NO,NO,5,5,002,012,151,SOGA,00014,,00036,143,
CALHOUN,04685062,THREADCRAFT,DENNIS,BERNARD,,21964,THOMAS GROVE CHURCH RD, ,ARLINGTON,GA,39813,21964,THOMAS GROVE ,,ARLINGTON,GA,39813,A,,,08/27/2020,09/18/2020,,MAILED,NO,NO,NO,,4,002,012,151,SOGA,00009,,00010,32,
CALHOUN,11985047,BAILEY,MICHAEL,,,33955,GA HIGHWAY 45, ,MORGAN,GA,39866,33955,GA HIGHWAY 45,,MORGAN,GA,39866,A,,,09/10/2020,09/18/2020,,MAILED,NO,NO,NO,,1,002,012,151,SOGA,00001,,00019,124,
CALHOUN,01611620,MOORE,CATHY,MAE,,18158,MORGAN RD,APT 7,ARLINGTON,GA,39813,18158,MORGAN RD,APT 7,ARLINGTON,GA,39813,A,,,08/27/2020,09/18/2020,,MAILED,NO,NO,NO,5,5,002,012,151,SOGA,00014,,00013,41,
CALHOUN,00591970,JOHNSON,ALBERTA,,,14,S VERA ALY, ,LEARY,GA,39862-6114,,PO BOX 395,,LEARY,GA,39862-0395,A,,,04/21/2020,,,MAILED,NO,NO,NO,1,1,002,012,151,SOGA,00002,,,,
CALHOUN,02880386,SPURLOCK,CAROL,WARD,,18,MAYFAIR AVE NW, ,ARLINGTON,GA,39813-8201,,PO BOX 698,,ARLINGTON,GA,39813-0069,A,,,04/13/2020,,,MAILED,NO,NO,NO,5,5,002,012,151,SOGA,00014,,,,
CALHOUN,06856229,NEWBERRY,VIRGINIA,GLEATON,,338,PIONEER RD NW, ,ARLINGTON,GA,39813-8412,,PO BOX 280,,ARLINGTON,GA,39813-0028,A,,,04/21/2020,,,MAILED,NO,NO,NO,5,5,002,012,151,SOGA,00014,,,,
CALHOUN,00619939,SHEFFIELD,DAVID,C,,14330,COLLEGE RD, ,EDISON,GA,39846-8203,14330,COLLEGE RD,,EDISON,GA,39846-8203,A,,,05/05/2020,,,MAILED,NO,NO,NO,,2,002,012,151,SOGA,00004,,,,
CALHOUN,00592301,MANRY,DONNA,D,,579,DUKES CREEK RD, ,EDISON,GA,39846-4712,,PO BOX 21,,EDISON,GA,39846-0002,A,,,04/13/2020,,,MAILED,NO,NO,NO,,4,002,012,151,SOGA,00009,,,,
CALHOUN,00590862,BROWN,ROZELL,,,2640,GA HIGHWAY 41, ,MORGAN,GA,39866-2615,2640,GA HIGHWAY 41,,MORGAN,GA,39866-2615,A,,,03/10/2020,,,MAILED,NO,NO,NO,,1,002,012,151,SOGA,00001,,,,
CALHOUN,04237102,SMITH,TYEASHA,MONIQUE,,27577,MAIN ST, ,MORGAN,GA,39866,240,LOCKERMAN RD,,MACON,GA,31068,A,,,09/02/2020,09/18/2020,,MAILED,NO,NO,NO,2,2,002,012,151,SOGA,00006,,00002,91,
CALHOUN,00593547,ZACHARY,KENNETH,A,,177,BUTLERS ALY SW, ,ARLINGTON,GA,39813-8336,,PO BOX 262,,ARLINGTON,GA,39813-0026,A,,,05/11/2020,,,MAILED,NO,NO,NO,5,5,002,012,151,SOGA,00014,,,,
CALHOUN,00592603,OLIVER,NANCY,VIRGINIA,,4035,S DEPOT ST, ,LEARY,GA,39862-6024,4035,S DEPOT ST,,LEARY,GA,39862-0173,A,,,08/27/2020,09/18/2020,,MAILED,NO,NO,NO,1,1,002,012,151,SOGA,00002,,00009,43,
CALHOUN,12397846,EVERSON,PERRY,CAROLYN,,177,BELL FARM RD, ,EDISON,GA,39846,64,SLEEPY HOLLOW RD,,DAHLONEGA,GA,30533,A,,,08/18/2020,09/18/2020,,MAILED,NO,NO,NO,,4,002,012,151,SOGA,00009,,00002,8,
CALHOUN,00624695,JONES,ERNEST,,,1270,HAYNES RD, ,EDISON,GA,39846,1270,HAYNES RD,,EDISON,GA,39846,A,,,09/04/2020,09/18/2020,,MAILED,NO,NO,NO,,2,002,012,151,SOGA,00004,,00009,108,
CALHOUN,00591285,DUVALL,LEONA,H,,492,BAY AVE, ,EDISON,GA,39846-5516,,PO BOX 128,,EDISON,GA,39846-0012,A,,,05/04/2020,,,MAILED,NO,NO,NO,3,3,002,012,151,SOGA,00008,,,,
CALHOUN,01328655,SHIPPEY,BEVERLY,FAIRCLOTH,,1626,PINE ST, ,EDISON,GA,39846-5310,1626,PINE ST,,EDISON,GA,39846-5310,A,,,06/04/2020,,,MAILED,NO,NO,NO,3,4,002,012,151,SOGA,00011,,,,
CALHOUN,00590652,AVERA,WILLIAM,H,,891,PEEL RD, ,EDISON,GA,39846-2526,,PO BOX 251,,EDISON,GA,39846-0025,A,,,04/13/2020,,,MAILED,NO,NO,NO,,2,002,012,151,SOGA,00004,,,,
CALHOUN,00593224,TYE,OSCAR,HILL,,411,TURNER ST, ,EDISON,GA,39846-5923,,PO BOX 395,,EDISON,GA,39846,A,,,03/18/2020,,,MAILED,NO,NO,NO,3,2,002,012,151,SOGA,00015,,,,
CALHOUN,00593240,WAKEFIELD,MARY,LEE,,717,MAYHAW AVE NE, ,ARLINGTON,GA,39813-8511,,PO BOX 291,,ARLINGTON,GA,39813-0029,A,,,04/26/2020,,,MAILED,NO,NO,NO,5,5,002,012,151,SOGA,00014,,,,
CALHOUN,11005187,JOHNSON,MIA,ARIANNA,,2912,WILDMEADE RD, ,LEARY,GA,39862,2912,WILDMEADE RD,,LEARY,GA,39862-3222,A,,,09/02/2020,09/18/2020,,MAILED,NO,NO,NO,,1,002,012,151,SOGA,00001,,00010,80,
CALHOUN,00590606,CARTER,DARLENE,D,,440,JONES RD, ,EDISON,GA,39846-3730,440,JONES RD,,EDISON,GA,39846-3730,A,,,09/02/2020,09/18/2020,,MAILED,NO,NO,NO,,2,002,012,151,SOGA,00004,,00006,93,
CALHOUN,00590987,CHAPMAN,GERALD,S,,19750,HARTFORD ST, ,EDISON,GA,39846-5807,,PO BOX 172,,EDISON,GA,39846-0017,A,,,04/21/2020,,,MAILED,NO,NO,NO,3,3,002,012,151,SOGA,00008,,,,
CALHOUN,00592103,KENT,JOHNNY,L,,629,BRAY ST, ,LEARY,GA,39862-4627,629,BRAY ST,,LEARY,GA,39862-4627,A,,,04/13/2020,,,MAILED,NO,NO,NO,1,1,002,012,151,SOGA,00002,,,,
CALHOUN,02084438,ROBERTS,DANIEL,SCOTT,,29533,GA HIGHWAY 62, ,ARLINGTON,GA,39813-9136,29533,GA HIGHWAY 62,,ARLINGTON,GA,39813-9136,A,,,08/03/2020,,,MAILED,NO,NO,NO,,2,002,012,151,SOGA,00004,,,,
CALHOUN,00591498,GILBERT,MARY,D,,11,REDBUD ST NE,UNIT 17,ARLINGTON,GA,39813,,PO BOX 33,,ARLINGTON,GA,39813-0003,A,,,08/06/2020,,,MAILED,NO,NO,NO,5,5,002,012,151,SOGA,00014,,,,
CALHOUN,00592777,RICHARDSON,MILLIE,,,191,CAMELLIA ST SW, ,ARLINGTON,GA,39813,191,CAMELLIA ST SW,,ARLINGTON,GA,39813,A,,,04/21/2020,,,MAILED,NO,NO,NO,5,5,002,012,151,SOGA,00014,,,,
CALHOUN,00590694,BATTLE,ESTELLA,,,118,WHITNEY ST, ,MORGAN,GA,39866-4018,,PO BOX 65,,MORGAN,GA,39866-0006,A,,,03/06/2020,,,MAILED,NO,NO,NO,2,2,002,012,151,SOGA,00006,,,,
CALHOUN,04417256,BARNES,EMMA,JEAN,,11,REDBUD ST NE,UNIT 11,ARLINGTON,GA,39813-8026,11,REDBUD ST NE,APT 11,ARLINGTON,GA,39813-0045,A,,,08/27/2020,09/18/2020,,MAILED,NO,NO,NO,5,5,002,012,151,SOGA,00014,,00015,46,
CALHOUN,00591237,DIEHL,JEREMY,MICHAEL,,15116,GA HIGHWAY 37, ,EDISON,GA,39846,15116,GA HIGHWAY 37,,EDISON,GA,39846,A,,,09/04/2020,09/18/2020,,MAILED,NO,NO,NO,,2,002,012,151,SOGA,00004,,00008,107,
CALHOUN,03496555,JOHNSON,JAMES,EDWARD,,78,THORNTON AVE NE, ,ARLINGTON,GA,39813,78,THORNTON AVE NE,,ARLINGTON,GA,39813,A,,,08/27/2020,09/18/2020,,MAILED,NO,NO,NO,5,5,002,012,151,SOGA,00014,,00010,33,
CALHOUN,00593100,STRINGER,ANNIE,M,,216,HARPE RD NE, ,ARLINGTON,GA,39813-6721,216,HARPE RD,,ARLINGTON,GA,39813-0048,A,,,08/27/2020,09/18/2020,,MAILED,NO,NO,NO,5,5,002,012,151,SOGA,00014,,00012,37,
CALHOUN,03638916,DIXON,LAURA,C,,45,E CHURCH ST, ,MORGAN,GA,39866,,PO BOX 8,,MORGAN,GA,39866-0008,A,,,04/13/2020,,,MAILED,NO,NO,NO,2,2,002,012,151,SOGA,00006,,,,
CALHOUN,00591979,JOHNSON,DAVID,,,14,S VERA ALY, ,LEARY,GA,39862-6114,,PO BOX 395,,LEARY,GA,39862-0039,A,,,04/21/2020,,,MAILED,NO,NO,NO,1,1,002,012,151,SOGA,00002,,,,
CALHOUN,00591993,JOHNSON,JOHNNIE,B,,232,OLD NEWTON RD, ,LEARY,GA,39862-6147,,PO BOX 201,,LEARY,GA,39862-0020,A,,,04/13/2020,,,MAILED,NO,NO,NO,1,1,002,012,151,SOGA,00002,,,,
CALHOUN,00591844,HUDSON,POLLY,A,,4401,CHERRY RD NE, ,ARLINGTON,GA,39813-9064,4401,CHERRY RD NE,,ARLINGTON,GA,39813-9064,A,,,08/27/2020,09/18/2020,,MAILED,NO,NO,NO,5,5,002,012,151,SOGA,00014,,00011,35,
CALHOUN,01670101,FOSTER,LOSCELLAR,,,314,HARPE RD, ,ARLINGTON,GA,39813-6723,314,HARPE RD,,ARLINGTON,GA,39813-6723,A,,,08/27/2020,09/18/2020,,MAILED,NO,NO,NO,,2,002,012,151,SOGA,00004,,00003,40,
CALHOUN,01615601,WILEY,JEAN,H,,190,RAINBOW AVE, ,EDISON,GA,39846-5910,190,RAINBOW AVE,,EDISON,GA,39846-5910,A,,,04/24/2020,,,MAILED,NO,NO,NO,3,3,002,012,151,SOGA,00008,,,,
CALHOUN,00591342,EUBANKS,MARJORIE,D,,172,EARL ROGERS AVE, ,EDISON,GA,39846-5647,172,EARL ROGERS AVE,,EDISON,GA,39846-5647,A,,,04/13/2020,,,MAILED,NO,NO,NO,3,4,002,012,151,SOGA,00011,,,,
CALHOUN,00939677,JOHNSON,PRISCILLA,TYSON,,80,FLINT RD, ,LEARY,GA,39862-2000,80,FLINT RD,,LEARY,GA,39862-2000,A,,,08/27/2020,09/18/2020,,MAILED,NO,NO,NO,,1,002,012,151,SOGA,00001,,00008,64,
CALHOUN,00592280,LOVETT,REBECCA,M,,382,LAUREL AVE NW, ,ARLINGTON,GA,39813-7902,382,LAUREL AVE NW,,ARLINGTON,GA,39813-7902,A,,,08/27/2020,09/18/2020,,MAILED,NO,NO,NO,5,5,002,012,151,SOGA,00014,,00018,58,
CALHOUN,04837379,WILEY,KELLY,EUGENE,,190,RAINBOW AVE, ,EDISON,GA,39846-5910,190,RAINBOW AVE,,EDISON,GA,39846-5910,A,,,04/21/2020,,,MAILED,NO,NO,NO,3,3,002,012,151,SOGA,00008,,,,
CALHOUN,04559820,MCCANLESS,OPHELIA,HAM,,163,BELT ST, ,MORGAN,GA,39866-4227,163,BELT ST,,MORGAN,GA,39866-4227,A,,,04/14/2020,,,MAILED,NO,NO,NO,2,2,002,012,151,SOGA,00006,,,,
CALHOUN,00591367,FAVORS,HAZEL,A,,10,MARTIN LUTHER KING JR DR, ,LEARY,GA,39862-6120,10,MARTIN LUTHER KING ,,LEARY,GA,39862-6120,A,,,04/14/2020,,,MAILED,NO,NO,NO,1,1,002,012,151,SOGA,00002,,,,
CALHOUN,04225931,RONEY,LULA,G,,1646,WAYBACK RD, ,EDISON,GA,39846-3640,1646,WAYBACK RD,,EDISON,GA,39846-3640,A,,,04/14/2020,,,MAILED,NO,NO,NO,,2,002,012,151,SOGA,00004,,,,
CALHOUN,00788475,LAYTON,GRACE,PRISCILLA,,7165,S BERMUDA ST, ,MORGAN,GA,39866,7165,S BERMUDA ST,,MORGAN,GA,39866,A,,,04/13/2020,,,MAILED,NO,NO,NO,2,2,002,012,151,SOGA,00006,,,,
CALHOUN,04875537,BEARD,CASSIDY,DEAN,,31986,GA HIGHWAY 45, ,MORGAN,GA,39866-2937,31986,GA HIGHWAY 45,,MORGAN,GA,39866-2937,A,,,04/21/2020,,,MAILED,NO,NO,NO,,1,002,012,151,SOGA,00001,,,,
CALHOUN,07779295,BRADLEY,RONNIE,,,65,SLATON DR, ,EDISON,GA,39846-5441,,PO BOX 673,,EDISON,GA,39846-0067,A,,,05/22/2020,,,MAILED,NO,NO,NO,3,3,002,012,151,SOGA,00008,,,,
CALHOUN,00592267,LOVETT,DORETHA,,,178,TELFAIR ST NE, ,ARLINGTON,GA,39813-6745,,PO BOX 432,,ARLINGTON,GA,39813-0043,A,,,08/26/2020,09/18/2020,,MAILED,NO,NO,NO,5,5,002,012,151,SOGA,00014,,00009,22,
CALHOUN,00591959,JENKINS,SHIRLEY,,,70,GREENLEAF AVE NE, ,ARLINGTON,GA,39813-8005,70,GREENLEAF AVE NE,,ARLINGTON,GA,39813-0070,A,,,09/02/2020,09/18/2020,,MAILED,NO,NO,NO,5,5,002,012,151,SOGA,00014,,00027,96,
CALHOUN,10554083,HALLMON,TRAYNEIA,SHAVONNE,,19147,THOMAS GROVE CHURCH RD, ,ARLINGTON,GA,39813,19147,THOMAS GROVE ,,ARLINGTON,GA,39813,A,,,09/01/2020,09/18/2020,,MAILED,NO,NO,NO,,4,002,012,151,SOGA,00009,,00014,73,
CALHOUN,00590861,BROWN,RONNIE,C,,2640,GA HIGHWAY 41, ,MORGAN,GA,39866,2640,GA HIGHWAY 41,,MORGAN,GA,39866,A,,,08/27/2020,09/18/2020,,MAILED,NO,NO,NO,,1,002,012,151,SOGA,00001,,00003,44,
CALHOUN,00590701,BEARD,JOEL,D,,31986,GA HIGHWAY 45, ,MORGAN,GA,39866-2937,31986,GA HIGHWAY 45,,MORGAN,GA,39866-2937,A,,,04/21/2020,,,MAILED,NO,NO,NO,,1,002,012,151,SOGA,00001,,,,
CALHOUN,00592430,MILLER,LARUE,S,,19841,HARTFORD ST, ,EDISON,GA,39846-5812,,PO BOX 427,,EDISON,GA,39846-0042,A,,,04/14/2020,,,MAILED,NO,NO,NO,3,2,002,012,151,SOGA,00015,,,,
CALHOUN,00591708,HAWKINS,ANNIE,J,,40030,ALBANY HWY, ,LEARY,GA,39862-6044,40030,ALBANY HWY,,LEARY,GA,39862-6044,A,,,05/11/2020,,,MAILED,NO,NO,NO,1,1,002,012,151,SOGA,00002,,,,
CALHOUN,00593490,WILLIS,MARJORIE,ANNETTE,,349,TURNER ST, ,EDISON,GA,39846-6041,,PO BOX 246,,EDISON,GA,39846-0024,A,,,09/02/2020,09/18/2020,,MAILED,NO,NO,NO,3,2,002,012,151,SOGA,00015,,00002,90,
CALHOUN,05819330,AVERA,MICHELLE,LYNN,,7701,GA HIGHWAY 55, ,LEARY,GA,39862,7701,GA HIGHWAY 55,,LEARY,GA,39862,A,,,09/04/2020,09/18/2020,,MAILED,NO,NO,NO,,1,002,012,151,SOGA,00001,,00014,110,
CALHOUN,00593093,STRICKLAND,BEN,D,,4098,BLUFFTON RD, ,EDISON,GA,39846-5113,,PO BOX 278,,EDISON,GA,39846-0027,A,,,04/13/2020,,,MAILED,NO,NO,NO,,4,002,012,151,SOGA,00009,,,,
CALHOUN,00592112,KIMBREL,EDNA,JOYCE,,27920,GA HIGHWAY 62, ,ARLINGTON,GA,39813-9103,,PO BOX 152,,ARLINGTON,GA,39813-0015,A,,,04/21/2020,,,MAILED,NO,NO,NO,,2,002,012,151,SOGA,00004,,,,
CALHOUN,04413220,COSS,CHARLES,DOUGLAS,,356,MANRY ST, ,EDISON,GA,39846,356,MANRY ST,,EDISON,GA,39846-5426,A,,,04/13/2020,,,MAILED,NO,NO,NO,3,3,002,012,151,SOGA,00008,,,,
