County,Voter Registration #,Last Name,First Name,Middle Name,Suffix,Street #,Street Name,Apt/Unit,City,State,Zip Code,Mailing Street #,Mailing Street Name,Mailing Apt/Unit,Mailing City,Mailing State,Mailing Zip Code,Application Status,Ballot Status,Status Reason,Application Date,Ballot Issued Date,Ballot Return Date,Ballot Style,Ballot Assisted,Challenged/Provisional,ID Required,Municipal Precinct,County Precinct,CNG,SEN,HOUSE	,JUD,Combo #,Vote Center ID,Ballot ID,Post #,Party
CHATTAHOOCHEE,04827042,HARLAN,JOHN,JOSEPH,,260,GORDY MILL POND RD, ,CUSSETA,GA,31805-3720,260,GORDY MILL POND RD,,CUSSETA,GA,31805-3720,A,,,08/06/2020,,,MAILED,NO,NO,NO,,1,002,015,138,CHAT,00003,,,,
CHATTAHOOCHEE,00232570,THOMPSON,JERRY,,,100,OLD LOUVALE RD, ,CUSSETA,GA,31805-3908,,PO BOX 943,,CUSSETA,GA,31805-0094,A,,,04/10/2020,,,MAILED,NO,NO,NO,,1,002,015,138,CHAT,00003,,,,
CHATTAHOOCHEE,06927404,LEE,MYONG,HOON,,136,OAKDALE DR, ,CUSSETA,GA,31805,136,OAKDALE DR,,CUSSETA,GA,31805-0000,A,,,04/16/2020,,,MAILED,NO,NO,NO,,1,002,015,138,CHAT,00003,,,,
CHATTAHOOCHEE,10678996,DYER,DAVID,CONELY,,501,HARTSOCK LOOP,APT B,FORT BENNING,GA,31905,501,HARTSOCK LOOP,APT B,FORT BENNING,GA,31905-9267,A,,,03/02/2020,09/16/2020,,ELECTRONIC,NO,NO,NO,,1,002,015,138,CHAT,00003,,00023,102,
CHATTAHOOCHEE,03883959,GRIGGS,ROBERT,,SR,121,SUSAN ST, ,CUSSETA,GA,31805,,PO BOX 987,,CUSSETA,GA,31805-0098,A,,,03/03/2020,,,MAILED,NO,NO,NO,,1,002,015,138,CHAT,00003,,,,
CHATTAHOOCHEE,11772275,ALLEN,KATIE,LEIGH,,172,DERRICKSON ST, ,FORT BENNING,GA,31905,172,DERRICKSON ST,,FORT BENNING,GA,31905,A,,,09/11/2020,09/15/2020,,MAILED,NO,NO,NO,,1,002,015,138,CHAT,00003,,00100,100,
CHATTAHOOCHEE,11772284,ANDRESKI,NICOLE,LYNN,,8428,MAGRATH ST, ,FORT BENNING,GA,31905,8428,MAGRATH ST,,FORT BENNING,GA,31905,A,,,08/25/2020,,,MAILED,NO,NO,NO,,1,002,015,138,CHAT,00003,,,,
CHATTAHOOCHEE,10470373,DELAINE,RUSSELL,ANTHONY,,425,HWY 26, ,CUSSETA,GA,31805,425,GA HIGHWAY 26,,CUSSETA,GA,31805-3201,A,,,08/25/2020,,,MAILED,NO,NO,NO,,1,002,015,138,CHAT,00003,,,,
CHATTAHOOCHEE,01800457,TATOM,ALVA,MILLER,,153,GORDY MILL POND RD, ,CUSSETA,GA,31805,153,GORDY MILL POND RD,,CUSSETA,GA,31805-3719,A,,,04/04/2020,,,MAILED,NO,NO,NO,,1,002,015,138,CHAT,00003,,,,
CHATTAHOOCHEE,00232379,CODY,ETHEL,THOMAS,,115,DUNN LOOP, ,CUSSETA,GA,31805,,PO BOX 456,,CUSSETA,GA,31805-0045,A,,,04/04/2020,,,MAILED,NO,NO,NO,,1,002,015,138,CHAT,00003,,,,
CHATTAHOOCHEE,12758991,LINSTAD,STEVEN,THOMAS,,6615,LUMPKIN ST,UNIT # 128,FORT BENNING,GA,31905,6615,ASHLEY AVE,119,FT BENNING,GA,31905-3190,A,,,09/11/2020,09/16/2020,,ELECTRONIC,NO,NO,NO,,1,002,015,138,CHAT,00003,,00044,123,
CHATTAHOOCHEE,00267188,KING,SHIRLEY,T,,470,HWY 137, ,CUSSETA,GA,31805,613,GA HWY 26,,CUSSETA,GA,31805,A,,,09/11/2020,09/18/2020,,MAILED,NO,NO,NO,,1,002,015,138,CHAT,00003,,00053,53,
CHATTAHOOCHEE,11179653,WILLIAMSON,JAMES,VERNON,,449,BROAD ST, ,CUSSETA,GA,31805,,PO BOX 743,,CUSSETA,GA,31805,A,,,09/01/2020,,,MAILED,NO,NO,NO,,1,002,015,138,CHAT,00003,,,,
CHATTAHOOCHEE,01798309,MILLER,WILLIAM,W,JR,544,BROAD ST, ,CUSSETA,GA,31805,544,BROAD ST,,CUSSETA,GA,31805,A,,,08/06/2020,,,MAILED,NO,NO,NO,,1,002,015,138,CHAT,00003,,,,
CHATTAHOOCHEE,00231154,MORTON,OLLIE,M,,138,OLD HIGHWAY 280, ,CUSSETA,GA,31805-4116,138,OLD HIGHWAY 280,,CUSSETA,GA,31805-4116,A,,,04/06/2020,,,MAILED,NO,NO,NO,,1,002,015,138,CHAT,00003,,,,
CHATTAHOOCHEE,12573674,RICHARDSON,JENNIFER,MICHELLE,,1,MCKIBBEN CT, ,FORT BENNING,GA,31905,,28 PORTRUSH AVE.,,BIRMINGHAM,,,A,,,02/15/2020,09/15/2020,,ELECTRONIC,NO,NO,NO,,1,002,015,138,CHAT,00003,,00024,103,
CHATTAHOOCHEE,12815613,VIGIL-SHUCK,GRACE,ELIZABETH,,200,BALTZELL AVE, ,FORT BENNING,GA,31905,,9 PSC BOX 7133,,APO AE 09123,,,A,,,09/15/2020,09/16/2020,,ELECTRONIC,NO,NO,NO,,1,002,015,138,CHAT,00003,,00043,122,
CHATTAHOOCHEE,05669382,BROWN,JANARDO,LEON,,29,DOANE LOOP,B,FORT BENNING,GA,31905-8422,1052,HARRISON WAY,,CLARKSVILLE,TN,37042,A,,,08/18/2020,09/14/2020,,MAILED,NO,NO,NO,,1,002,015,138,CHAT,00003,,00073,73,
CHATTAHOOCHEE,12540595,HATTEN,JEANNE,MARTINEZ,,307,STEWART AVE,APT B,FORT BENNING,GA,31905,307,STEWART AVE,APT B,FORT BENNING,GA,31905-3347,A,,,08/31/2020,09/18/2020,,MAILED,NO,NO,NO,,1,002,015,138,CHAT,00003,,00022,22,
CHATTAHOOCHEE,12254875,CUBERO,JOSE,ENRIQUE,,5644,MEN OF WAR AVE, ,FORT BENNING,GA,31905,5644,MEN OF WAR AVE,,FORT BENNING,GA,31905-1938,A,,,08/25/2020,,,MAILED,NO,NO,NO,,1,002,015,138,CHAT,00003,,,,
CHATTAHOOCHEE,00230790,ANDERSON,MARSHA,D,,160,LIBERTY HILL RD, ,CUSSETA,GA,31805-3310,160,LIBERTY HILL RD,,CUSSETA,GA,31805-3310,A,,,09/03/2020,09/18/2020,,MAILED,NO,NO,NO,,1,002,015,138,CHAT,00003,,00025,25,
CHATTAHOOCHEE,00231960,WHITE,LEE,A,,203,KING ST, ,CUSSETA,GA,31805-3007,203,KING ST,,CUSSETA,GA,31805-3007,A,,,04/07/2020,,,MAILED,NO,NO,NO,,1,002,015,138,CHAT,00003,,,,
CHATTAHOOCHEE,11173503,MILNE,DOUGLAS,ANDREW,,5921,BAKER ST, ,FORT BENNING,GA,31905,5921,BAKER ST,,FORT BENNING,GA,31905-1946,A,,,08/31/2020,,,MAILED,NO,NO,NO,,1,002,015,138,CHAT,00003,,,,
CHATTAHOOCHEE,11774118,BRASHER,JAMES,JOSEPH,,407,LUMPKIN ST, ,FORT BENNING,GA,31905,407,LUMPKIN ST,,FORT BENNING,GA,31905-6547,A,,,05/12/2020,09/14/2020,,MAILED,NO,NO,NO,,1,002,015,138,CHAT,00003,,00089,89,
CHATTAHOOCHEE,01337806,BROWN,SHERYL,C,,29,DOANE LOOP,B,FORT BENNING,GA,31905-8422,1052,HARRISON WAY,,CLARKSVILLE,TN,37042,A,,,08/18/2020,09/14/2020,,MAILED,NO,NO,NO,,1,002,015,138,CHAT,00003,,00069,69,
CHATTAHOOCHEE,01005442,DILLARD,LARRY,F,,502,PATTERSON RD, ,CUSSETA,GA,31805-4312,502,PATTERSON RD,,CUSSETA,GA,31805-4312,A,,,09/04/2020,09/18/2020,,MAILED,NO,NO,NO,,1,002,015,138,CHAT,00003,,00031,31,
CHATTAHOOCHEE,00231331,WEST,DANA,E,,104,RANKIN ST, ,CUSSETA,GA,31805,,PO BOX 562,,CUSSETA,GA,31805-0056,A,,,08/06/2020,,,MAILED,NO,NO,NO,,1,002,015,138,CHAT,00003,,,,
CHATTAHOOCHEE,12455275,NORRIS,OLIVER,AFTON,,42,DOANE LOOP,APT B,FORT BENNING,GA,31905,42,DOANE LOOP,APT B,FORT BENNING,GA,31905-8408,A,,,08/25/2020,,,MAILED,NO,NO,NO,,1,002,015,138,CHAT,00003,,,,
CHATTAHOOCHEE,12595130,NELSON,MARYSE,POTIRON,,136,HWY 137, ,CUSSETA,GA,31805,,PO BOX 724,,CUSSETA,GA,31805-0724,A,,,08/06/2020,,,MAILED,NO,NO,NO,,1,002,015,138,CHAT,00003,,,,
CHATTAHOOCHEE,01845766,HOWARD,GEORGIA,,,104,STAGECOACH RD, ,CUSSETA,GA,31805,104,STAGECOACH RD,,CUSSETA,GA,31805-4102,A,,,04/07/2020,,,MAILED,NO,NO,NO,,1,002,015,138,CHAT,00003,,,,
CHATTAHOOCHEE,12349952,FRIDLEY,DARIN,MICHAEL,,941,BURR ST,APT D,FORT BENNING,GA,31905,941,BURR ST,APT D,FORT BENNING,GA,31905,A,,,09/05/2020,09/18/2020,,MAILED,NO,NO,NO,,1,002,015,138,CHAT,00003,,00033,33,
CHATTAHOOCHEE,12349954,ORTIZ AMELY,MARIBEL,,,5644,MEN OF WAR AVE, ,FORT BENNING,GA,31905,5644,MEN OF WAR AVE,,FORT BENNING,GA,31905-1938,A,,,08/25/2020,,,MAILED,NO,NO,NO,,1,002,015,138,CHAT,00003,,,,
CHATTAHOOCHEE,00231930,LONG,GUY,J,,109,CHATTAHOOCHEE RIVER RD, ,CUSSETA,GA,31805-3935,,ROUTE 1 - 7000 LOT 27,,CUSSETA,GA,31805,A,,,08/06/2020,,,MAILED,NO,NO,NO,,1,002,015,138,CHAT,00003,,,,
CHATTAHOOCHEE,00231038,JACKSON,GERTRUDE,,,101,CHURCH ST, ,CUSSETA,GA,31805-3219,101,CHURCH ST,,CUSSETA,GA,31805-3219,A,,,08/25/2020,,,MAILED,NO,NO,NO,,1,002,015,138,CHAT,00003,,,,
CHATTAHOOCHEE,10833808,HOWARD,HAROLD,,,104,STAGECOACH RD, ,CUSSETA,GA,31805,104,STAGECOACH RD,,CUSSETA,GA,31805,A,,,04/07/2020,,,MAILED,NO,NO,NO,,1,002,015,138,CHAT,00003,,,,
CHATTAHOOCHEE,12400951,KING,QUEENIE,MAE,,127,ADAMS RD, ,CUSSETA,GA,31805,127,ADAMS RD,,CUSSETA,GA,31805,A,,,04/10/2020,,,MAILED,NO,NO,NO,,1,002,015,138,CHAT,00003,,,,
CHATTAHOOCHEE,00264306,SHORT,ARDELLA,WHITE,,395,HWY 137, ,CUSSETA,GA,31805,395,HWY 137,,CUSSETA,GA,31805,A,,,08/25/2020,,,MAILED,NO,NO,NO,,1,002,015,138,CHAT,00003,,,,
CHATTAHOOCHEE,03484175,WALTON,CHARLIE,CORNELIUS,,457,BROAD ST, ,CUSSETA,GA,31805,,PO BOX 43,,CUSSETA,GA,31805-0004,A,,,09/04/2020,09/18/2020,,MAILED,NO,NO,NO,,1,002,015,138,CHAT,00003,,00027,27,
CHATTAHOOCHEE,12657854,AUGUSTUS,DARIUS,DEVON,,5887,BAKER ST, ,FORT BENNING,GA,31905,5887,BAKER ST,,FORT BENNING,GA,31905-1944,A,,,08/28/2020,09/18/2020,,MAILED,NO,NO,NO,,1,002,015,138,CHAT,00003,,00016,16,
CHATTAHOOCHEE,00230938,DOTSON,ROSA,M,,109,DOTSON ST, ,CUSSETA,GA,31805,109,DOTSON ST,,CUSSETA,GA,31805,A,,,04/07/2020,,,MAILED,NO,NO,NO,,1,002,015,138,CHAT,00003,,,,
CHATTAHOOCHEE,02457592,WOODSON,EARLENE,,,108,BAKER ST, ,CUSSETA,GA,31805,,PO BOX 206,,CUSSETA,GA,31805,A,,,04/06/2020,,,MAILED,NO,NO,NO,,1,002,015,138,CHAT,00003,,,,
CHATTAHOOCHEE,12476824,CASTRO,CRISTOPHER,ROBERT,,200,GARRETT ST, ,FORT BENNING,GA,31905,200,GARRETT ST,,FORT BENNING,GA,31905-7606,A,,,08/22/2020,09/15/2020,,MAILED,NO,NO,NO,,1,002,015,138,CHAT,00003,,00101,101,
CHATTAHOOCHEE,00232205,HEATON,MARK,A,,135,PATTY DR, ,CUSSETA,GA,31805-3919,,PO BOX 501,,CUSSETA,GA,31805-0050,A,,,08/19/2020,,,MAILED,NO,NO,NO,,1,002,015,138,CHAT,00003,,,,
CHATTAHOOCHEE,00231413,PARKER,LOIS,G,,106,BOX SPRINGS RD, ,CUSSETA,GA,31805-3208,,PO BOX 613,,CUSSETA,GA,31805-0061,A,,,08/06/2020,,,MAILED,NO,NO,NO,,1,002,015,138,CHAT,00003,,,,
CHATTAHOOCHEE,12254887,BEACH,RYANN,JANE,,100,YEAGER AVE,APT C,FORT BENNING,GA,31905,100,YEAGER AVE,APT C,FORT BENNING,GA,31905-3321,A,,,08/25/2020,,,MAILED,NO,NO,NO,,1,002,015,138,CHAT,00003,,,,
CHATTAHOOCHEE,06941525,DILLON,JULIE,ANNETTE,,106,RANCH RD, ,CUSSETA,GA,31805,106,RANCH RD,,CUSSETA,GA,31805-3933,A,,,08/27/2020,09/18/2020,,MAILED,NO,NO,NO,,1,002,015,138,CHAT,00003,,00012,12,
CHATTAHOOCHEE,00230973,HARLAN,PAMELA,J,,260,GORDY MILL POND RD, ,CUSSETA,GA,31805,,PO BOX 601,,CUSSETA,GA,31805,A,,,08/06/2020,,,MAILED,NO,NO,NO,,1,002,015,138,CHAT,00003,,,,
CHATTAHOOCHEE,00231117,MEADOWS,CURLIE,M,,129,OLD FRIENDSHIP RD, ,CUSSETA,GA,31805-4119,129,OLD FRIENDSHIP RD,,CUSSETA,GA,31805-4119,A,,,04/08/2020,,,MAILED,NO,NO,NO,,1,002,015,138,CHAT,00003,,,,
CHATTAHOOCHEE,12556058,YOUNG,STACY,MARIE,,616,PERKINS ST, ,FORT BENNING,GA,31905,616,PERKINS ST,,FORT BENNING,GA,31905,A,,,04/23/2020,09/14/2020,,MAILED,NO,NO,NO,,1,002,015,138,CHAT,00003,,00093,93,
CHATTAHOOCHEE,12254884,UNDERWOOD,COLE,DALTON,,502,1ST DIVISION RD, ,FORT BENNING,GA,31905,502,1ST DIVISION RD,,FORT BENNING,GA,31905-6808,A,,,05/19/2020,09/14/2020,,MAILED,NO,NO,NO,,1,002,015,138,CHAT,00003,,00084,84,
CHATTAHOOCHEE,11882980,SIMMS,IBMATU,CATHERINE,,239,LOGAN ST, ,COLUMBUS,GA,31905,239,LOGAN ST,,COLUMBUS,GA,31905,A,,,09/04/2020,09/18/2020,,MAILED,NO,NO,NO,,1,002,015,138,CHAT,00003,,00032,32,
CHATTAHOOCHEE,07021108,BROWN,GREGORY,,,120,ROSCOE ST, ,CUSSETA,GA,31805,,PO BOX 632,,CUSSETA,GA,31805-0063,A,,,08/06/2020,,,MAILED,NO,NO,NO,,1,002,015,138,CHAT,00003,,,,
CHATTAHOOCHEE,12254646,WHITE,ANDREA,MARIE,,373,FRIENDSHIP RD, ,CUSSETA,GA,31805,,PO BOX 984,,CUSSETA,GA,31805-0984,A,,,08/25/2020,,,MAILED,NO,NO,NO,,1,002,015,138,CHAT,00003,,,,
CHATTAHOOCHEE,00230925,CULPEPPER,JANE,H,,378,MANTA RD, ,CUSSETA,GA,31805-3802,378,MANTA RD,,CUSSETA,GA,31805-3802,A,,,04/09/2020,,,MAILED,NO,NO,NO,,1,002,015,138,CHAT,00003,,,,
CHATTAHOOCHEE,00230838,BOWDEN,SARA,F,,147,JAMESTOWN RD, ,CUSSETA,GA,31805,,PO BOX 454,,CUSSETA,GA,31805-0045,A,,,04/21/2020,,,MAILED,NO,NO,NO,,1,002,015,138,CHAT,00003,,,,
CHATTAHOOCHEE,12100383,CAMPBELL,STEPHANIE,ANNE,,230,AUSTIN LOOP, ,FORT BENNING,GA,31905,230,AUSTIN LOOP,,FORT BENNING,GA,31905-7301,A,,,03/03/2020,09/14/2020,,MAILED,NO,NO,NO,,1,002,015,138,CHAT,00003,,00083,83,
CHATTAHOOCHEE,05344523,BARNES,WALTER,L,,212,LIBERTY HILL RD, ,CUSSETA,GA,31805,212,LIBERTY HILL RD,,CUSSETA,GA,31805,A,,,08/25/2020,,,MAILED,NO,NO,NO,,1,002,015,138,CHAT,00003,,,,
CHATTAHOOCHEE,08642517,LEON,JOSE,JUAN,,126,SWANSON RD, ,CUSSETA,GA,31805-3812,126,SWANSON RD,,CUSSETA,GA,31805-3812,A,,,08/06/2020,,,MAILED,NO,NO,NO,,1,002,015,138,CHAT,00003,,,,
CHATTAHOOCHEE,03679292,RICHARDS,CHRISTINE,,,136,SUSAN ST, ,CUSSETA,GA,31805,,PO BOX 904,,CUSSETA,GA,31805-0090,A,,,09/15/2020,09/18/2020,,MAILED,NO,NO,NO,,1,002,015,138,CHAT,00003,,00095,95,
CHATTAHOOCHEE,12753721,DUGGER,SARA ELIZABETH,NICOLE,,400,LUMPKIN RD,APT # A,FORT BENNING,GA,31905,400,LUMPKIN RD,APT # A,FORT BENNING,GA,31905,A,,,09/11/2020,09/18/2020,,MAILED,NO,NO,NO,,1,002,015,138,CHAT,00003,,00048,48,
CHATTAHOOCHEE,12556084,HUBBART,JOHN,MICHAEL,,8172,OLD IRONSIDES LOOP, ,FORT BENNING,GA,31905,8172,OLD IRONSIDES LOOP,,FORT BENNING,GA,31905,A,,,09/04/2020,09/18/2020,,MAILED,NO,NO,NO,,1,002,015,138,CHAT,00003,,00029,29,
CHATTAHOOCHEE,12755277,MENDOZA,RYAN,CABERTO,,213,LAVOIE AVE, ,FORT BENNING,GA,31905,213,LAVOIE AVE,,FORT BENNING,GA,31905,A,,,08/16/2020,09/16/2020,,ELECTRONIC,NO,NO,NO,,1,002,015,138,CHAT,00003,,00031,110,
CHATTAHOOCHEE,00231223,ROSSO,WALTER,F,,131,LAFAYETTE RD, ,CUSSETA,GA,31805-3015,,PO BOX 359,,CUSSETA,GA,31805-0035,A,,,08/26/2020,09/18/2020,,MAILED,NO,NO,NO,,1,002,015,138,CHAT,00003,,00006,6,
CHATTAHOOCHEE,02715226,WHITT,ROBERT,JAMES,,642,GA HIGHWAY 26, ,CUSSETA,GA,31805-3300,642,GA HIGHWAY 26,,CUSSETA,GA,31805-3300,A,,,04/10/2020,,,MAILED,NO,NO,NO,,1,002,015,138,CHAT,00003,,,,
CHATTAHOOCHEE,05073079,RAYLEY,WANDA,BRANTNER,,152,RED CANYON RD, ,CUSSETA,GA,31805,152,RED CANYON RD,,CUSSETA,GA,31805,A,,,04/06/2020,,,MAILED,NO,NO,NO,,1,002,015,138,CHAT,00003,,,,
CHATTAHOOCHEE,07564805,OGDEN,KATHLEEN,DEVON,,164,MANTA RD, ,CUSSETA,GA,31805,,4135 LOBELIA ROAD,,VASS,NC,28394,A,,,09/10/2020,09/14/2020,,MAILED,NO,NO,NO,,1,002,015,138,CHAT,00003,,00079,79,
CHATTAHOOCHEE,11948720,HEDRICK,MARY,ELIZABETH,,409,BALTZELL AVE, ,FORT BENNING,GA,31905,409,BALTZELL AVE,,FORT BENNING,GA,31905,A,,,08/26/2020,09/18/2020,,MAILED,NO,NO,NO,,1,002,015,138,CHAT,00003,,00008,8,
CHATTAHOOCHEE,11951492,POLK,ZELDRIAN,,,236,LOGAN ST, ,COLUMBUS,GA,31905,236,LOGAN ST,,COLUMBUS,GA,31905,A,,,05/19/2020,09/14/2020,,MAILED,NO,NO,NO,,1,002,015,138,CHAT,00003,,00077,77,
CHATTAHOOCHEE,00231621,SMITH,T,R,,503,LIBERTY HILL RD, ,CUSSETA,GA,31805,503,LIBERTY HILL RD,,CUSSETA,GA,31805,A,,,04/07/2020,,,MAILED,NO,NO,NO,,1,002,015,138,CHAT,00003,,,,
CHATTAHOOCHEE,00230926,CULPEPPER,JIMMY,L,,378,MANTA RD, ,CUSSETA,GA,31805-3802,378,MANTA RD,,CUSSETA,GA,31805-3802,A,,,04/09/2020,,,MAILED,NO,NO,NO,,1,002,015,138,CHAT,00003,,,,
CHATTAHOOCHEE,06035788,TACKETT,CHARLOTTE,TONI,,123,RANCH RD, ,CUSSETA,GA,31805-4121,123,RANCH RD,,CUSSETA,GA,31805-4121,A,,,08/06/2020,,,MAILED,NO,NO,NO,,1,002,015,138,CHAT,00003,,,,
CHATTAHOOCHEE,11525827,POLK,GISELLE,EVELYN,,236,LOGAN ST, ,COLUMBUS,GA,31905,236,LOGAN AVE,,FORT BENNING,GA,31905,A,,,05/19/2020,09/14/2020,,MAILED,NO,NO,NO,,1,002,015,138,CHAT,00003,,00076,76,
CHATTAHOOCHEE,10833038,SLICHTER,ALYSSA,LYNN,,8173,MAGRATH ST, ,FORT BENNING,GA,31905,,174 BURNS ROAD,,ELYRIA,OH,44035,A,,,09/03/2020,09/18/2020,,MAILED,NO,NO,NO,,1,002,015,138,CHAT,00003,,00024,24,
CHATTAHOOCHEE,10626190,WATT,BRYAN,MICHAEL,,6350,ASHLEY AVE, ,FORT BENNING,GA,31905,6350,ASHLEY AVE,,FORT BENNING,GA,31905,A,,,09/06/2020,09/18/2020,,MAILED,NO,NO,NO,,1,002,015,138,CHAT,00003,,00039,39,
CHATTAHOOCHEE,10833009,PURTTEMAN,GARVIN,,,8086,BROSTROM ST, ,FORT BENNING,GA,31905,8086,BROSTROM ST,,FORT BENNING,GA,31905-1901,A,,,08/01/2020,09/16/2020,,ELECTRONIC,NO,NO,NO,,1,002,015,138,CHAT,00003,,00036,115,
CHATTAHOOCHEE,10661519,ALBAUGH,ANNEMARIE,,,501,BALTZELL AVE, ,FORT BENNING,GA,31905,501,BALTZELL AVE,,FORT BENNING,GA,31905-6803,A,,,08/07/2020,09/16/2020,,ELECTRONIC,NO,NO,NO,,1,002,015,138,CHAT,00003,,00038,117,
CHATTAHOOCHEE,04986260,CHAPMAN,ANDREA,FELICIA,,101,HWY 137, ,CUSSETA,GA,31805,,PO BOX 867,,CUSSETA,GA,31805-0086,A,,,09/15/2020,09/18/2020,,MAILED,NO,NO,NO,,1,002,015,138,CHAT,00003,,00096,96,
CHATTAHOOCHEE,00231089,MCBRIDE,ANNIE,R,,467,HWY 26, ,CUSSETA,GA,31805,467,HWY 26,,CUSSETA,GA,31805,A,,,08/19/2020,,,MAILED,NO,NO,NO,,1,002,015,138,CHAT,00003,,,,
CHATTAHOOCHEE,00231383,FLAVIN,ELIZABETH,,,105,THOMPSON ST, ,CUSSETA,GA,31805,,PO BOX 143,,CUSSETA,GA,31805-0014,A,,,04/06/2020,,,MAILED,NO,NO,NO,,1,002,015,138,CHAT,00003,,,,
CHATTAHOOCHEE,03621702,HUDSON,JAMES,T,,586,HWY 137, ,CUSSETA,GA,31805,586,HWY 137,,CUSSETA,GA,31805,A,,,04/07/2020,,,MAILED,NO,NO,NO,,1,002,015,138,CHAT,00003,,,,
CHATTAHOOCHEE,07857251,BOSWELL,RICKEY,,,108,RED OAK LN, ,CUSSETA,GA,31805,108,RED OAK LN,,CUSSETA,GA,31805-3716,A,,,09/11/2020,09/18/2020,,MAILED,NO,NO,NO,,1,002,015,138,CHAT,00003,,00050,50,
CHATTAHOOCHEE,02885609,BODDIE,DEBRA,JEAN,,136,MATTIE GARY RD, ,CUSSETA,GA,31805,136,MATTIE GARY RD,,CUSSETA,GA,31805-3620,A,,,09/08/2020,09/18/2020,,MAILED,NO,NO,NO,,1,002,015,138,CHAT,00003,,00046,46,
CHATTAHOOCHEE,00231760,TATOM,NANCY,DOREEN,,153,GORDY MILL POND RD, ,CUSSETA,GA,31805-3719,153,GORDY MILL POND RD,,CUSSETA,GA,31805-3719,A,,,04/06/2020,,,MAILED,NO,NO,NO,,1,002,015,138,CHAT,00003,,,,
CHATTAHOOCHEE,01042503,KISER,JANET,LEE,,100,CORRAL DR, ,CUSSETA,GA,31805-4122,100,CORRAL DR,,CUSSETA,GA,31805-4122,A,,,08/06/2020,,,MAILED,NO,NO,NO,,1,002,015,138,CHAT,00003,,,,
CHATTAHOOCHEE,00231249,SPARKS,WAYNE,TRUMAN,JR,102,JAMESTOWN RD, ,CUSSETA,GA,31805,,PO BOX 307,,CUSSETA,GA,31805-0030,A,,,08/06/2020,,,MAILED,NO,NO,NO,,1,002,015,138,CHAT,00003,,,,
CHATTAHOOCHEE,00231355,SMITH,ZAIDEE,R,,503,LIBERTY HILL RD, ,CUSSETA,GA,31805,503,LIBERTY HILL RD,,CUSSETA,GA,31805,A,,,04/07/2020,,,MAILED,NO,NO,NO,,1,002,015,138,CHAT,00003,,,,
CHATTAHOOCHEE,12615627,LASTER,SHAQUILLE,LASHAWN,,521,HARTSOCK LOOP, ,FORT BENNING,GA,31905,10146,MOORCROFT DR,,FALCON,CO,80831,A,,,03/31/2020,09/16/2020,,ELECTRONIC,NO,NO,NO,,1,002,015,138,CHAT,00003,,00026,105,
CHATTAHOOCHEE,12350022,DOZIER,CYNTHIA,BEASLEY,,210,FIRETOWER RD, ,CUSSETA,GA,31805,210,FIRETOWER RD,,CUSSETA,GA,31805-3808,A,,,08/26/2020,09/18/2020,,MAILED,NO,NO,NO,,1,002,015,138,CHAT,00003,,00007,7,
CHATTAHOOCHEE,12318730,NELSON,PAUL,RICHARD,,119,WYNN ST, ,CUSSETA,GA,31805,201,E BROADWAY #235,,PONCA CITY,OK,74601,A,,,08/25/2020,,,MAILED,NO,NO,NO,,1,002,015,138,CHAT,00003,,,,
CHATTAHOOCHEE,01842236,TORRES,KEILA,LASHAWN JACKSON,,127,FIRETOWER RD, ,CUSSETA,GA,31805-3807,127,FIRETOWER RD,,CUSSETA,GA,31805-3807,A,,,09/08/2020,09/18/2020,,MAILED,NO,NO,NO,,1,002,015,138,CHAT,00003,,00042,42,
CHATTAHOOCHEE,00231214,LETT,DEBORAH,A,,118,MATTIE GARY RD, ,CUSSETA,GA,31805-3620,118,MATTIE GARY RD,,CUSSETA,GA,31805-3620,A,,,08/28/2020,09/18/2020,,MAILED,NO,NO,NO,,1,002,015,138,CHAT,00003,,00013,13,
CHATTAHOOCHEE,11290788,NACK,RAEGAN,ALEXANDRA,,115,INGERSOLL LOOP, ,FORT BENNING,GA,31905,115,INGERSOLL LOOP,,FORT BENNING,GA,31905,A,,,08/25/2020,09/14/2020,,MAILED,NO,NO,NO,,1,002,015,138,CHAT,00003,,00074,74,
CHATTAHOOCHEE,10747304,EXLINE,KANE,MICHAEL,,185,WELLS ST, ,CUSSETA,GA,31805,,PO BOX 384,,CUSSETA,GA,31805,A,,,05/18/2020,09/16/2020,,ELECTRONIC,NO,NO,NO,,1,002,015,138,CHAT,00003,,00028,107,
CHATTAHOOCHEE,12687536,TRELA,MICHAEL,FRANCIS,,149,ARROWHEAD RD,APT B,FORT BENNING,GA,31905,149,ARROWHEAD RD,APT B,FORT BENNING,GA,31905-2364,A,,,08/26/2020,09/16/2020,,ELECTRONIC,NO,NO,NO,,1,002,015,138,CHAT,00003,,00037,116,
CHATTAHOOCHEE,12776788,HARRIS,BRODIE,JAMES,,522,HARTSOCK LOOP,A,FORT BENNING,GA,31905,347,IN BN B-CO 2ND PLATOON ,,FT BENNING,GA,31905,A,,,08/28/2020,09/14/2020,,MAILED,NO,NO,NO,,1,002,015,138,CHAT,00003,,00070,70,
CHATTAHOOCHEE,03309340,ROBERTS,HAROLD,LEONARD,JR,175,FRIENDSHIP RD, ,CUSSETA,GA,31805,175,FRIENDSHIP,,CUSSETA,GA,31805,A,,,08/06/2020,,,MAILED,NO,NO,NO,,1,002,015,138,CHAT,00003,,,,
CHATTAHOOCHEE,03288431,LIKELY,YUN,S,,142,MISSISSIPPI RIVER RD, ,CUSSETA,GA,31805,,PO BOX 702,,CUSSETA,GA,31805-0070,A,,,08/19/2020,,,MAILED,NO,NO,NO,,1,002,015,138,CHAT,00003,,,,
CHATTAHOOCHEE,05725589,MILLER,WILLIAM,ARMOR,,821,HWY 520, ,CUSSETA,GA,31805,,PO BOX 116,,CUSSETA,GA,31805-0011,A,,,04/09/2020,,,MAILED,NO,NO,NO,,1,002,015,138,CHAT,00003,,,,
CHATTAHOOCHEE,04393970,DOTSON,GERALD,CHRISTOPHER,,109,DOTSON ST, ,CUSSETA,GA,31805,109,DOTSON ST,,CUSSETA,GA,31805-3211,A,,,08/06/2020,,,MAILED,NO,NO,NO,,1,002,015,138,CHAT,00003,,,,
CHATTAHOOCHEE,05797912,BRYANT,JERMAINE,,,8195,MAGRATH ST, ,FORT BENNING,GA,31905,,MAIBACHER STRASSE,,"SCHWEINFURT,BAYERN,",,,A,,,04/29/2020,09/14/2020,,MAILED,NO,NO,NO,,1,002,015,138,CHAT,00003,,00078,78,
CHATTAHOOCHEE,12053437,PAGAN,JAVIER,,,145,RANKIN ST, ,CUSSETA,GA,31805,,145 RANKIN ST,,CUSSETA,GA,31805-0205,A,,,09/08/2020,09/18/2020,,MAILED,NO,NO,NO,,1,002,015,138,CHAT,00003,,00041,41,
CHATTAHOOCHEE,12686786,DAVIS,STANLEY,BERNARD,SR,200,BLESSING ST, ,FORT BENNING,GA,31905,200,BLESSING ST,,FORT BENNING,GA,31905,A,,,08/25/2020,,,MAILED,NO,NO,NO,,1,002,015,138,CHAT,00003,,,,
CHATTAHOOCHEE,08477244,REPOLLET,JONATHAN,MAY,,586,WARREN CIR,B,FORT BENNING,GA,31905,586,WARREN CIR,APT B,COLUMBUS,GA,31905-9175,A,,,08/23/2020,09/14/2020,,MAILED,NO,NO,NO,,1,002,015,138,CHAT,00003,,00080,80,
CHATTAHOOCHEE,12658331,AYERS,DAVID,WAYNE,,5,STONE CT, ,FORT BENNING,GA,31905,5,STONE CT,A,FT BENNING,GA,31805,A,,,05/12/2020,09/16/2020,,ELECTRONIC,NO,NO,NO,,1,002,015,138,CHAT,00003,,00035,114,
CHATTAHOOCHEE,10552474,LOVE,CONNOR,DANIEL,,107,DILBECK ST, ,COLUMBUS,GA,31905,107,DILBECK ST,,FORT BENNING,GA,31905-9500,A,,,08/01/2020,09/16/2020,,ELECTRONIC,NO,NO,NO,,1,002,015,138,CHAT,00003,,00034,113,
CHATTAHOOCHEE,06630421,BURNS,CEDRIC,SEAN,,111,LIBERTY HILL RD, ,CUSSETA,GA,31805,111,LIBERTY HILL RD,,CUSSETA,GA,31805,A,,,08/25/2020,,,MAILED,NO,NO,NO,,1,002,015,138,CHAT,00003,,,,
CHATTAHOOCHEE,00230932,DAVIS,ROBERT,E,SR,115,OLD FRIENDSHIP RD, ,CUSSETA,GA,31805-4119,115,OLD FRIENDSHIP RD,,CUSSETA,GA,31805-4119,A,,,08/26/2020,09/18/2020,,MAILED,NO,NO,NO,,1,002,015,138,CHAT,00003,,00003,3,
CHATTAHOOCHEE,00232380,CODY,STANLEY,L,,115,DUNN LOOP, ,CUSSETA,GA,31805,,PO BOX 456,,CUSSETA,GA,31805-0045,A,,,04/04/2020,,,MAILED,NO,NO,NO,,1,002,015,138,CHAT,00003,,,,
CHATTAHOOCHEE,12753139,DEPASS,HALEY,EMMA,,105,ENGLANDER ST, ,FORT BENNING,GA,31905,,PO BOX 1037,,AUSTRALIAN CAPITAL ,,,A,,,08/04/2020,09/14/2020,,MAILED,NO,NO,NO,,1,002,015,138,CHAT,00003,,00054,54,
CHATTAHOOCHEE,00231202,RHODES,PATRICIA,T,,116,WILHELMINA DR, ,CUSSETA,GA,31805,,PO BOX 622,,CUSSETA,GA,31805-0062,A,,,04/08/2020,,,MAILED,NO,NO,NO,,1,002,015,138,CHAT,00003,,,,
CHATTAHOOCHEE,00231121,MEADOWS,LEILA,CLIFFORD,,225,MCNAUGHTON ST, ,CUSSETA,GA,31805-3013,,PO BOX 216,,CUSSETA,GA,31805-0021,A,,,08/06/2020,,,MAILED,NO,NO,NO,,1,002,015,138,CHAT,00003,,,,
CHATTAHOOCHEE,05951149,POSTILLION,PHILIPP,,,1,1/19TH INF,C,FORT BENNING,GA,31905,,BERGSTR 30 B,,DOSSENHEIM,,,A,,,04/10/2020,09/14/2020,,MAILED,NO,NO,NO,,1,002,015,138,CHAT,00003,,00056,56,
CHATTAHOOCHEE,06740716,MITCHELL,VERNA,GUESS,,116,SUNSET BLVD, ,CUSSETA,GA,31805,116,SUNSET BLVD,,CUSSETA,GA,31805,A,,,08/06/2020,,,MAILED,NO,NO,NO,,1,002,015,138,CHAT,00003,,,,
CHATTAHOOCHEE,12591860,PATTERSON,PATTRIC,RAY,,6750,TERRY ST, ,FORT BENNING,GA,31905,6750,TERRY ST,,FORT BENNING,GA,31905,A,,,06/04/2020,09/16/2020,,ELECTRONIC,NO,NO,NO,,1,002,015,138,CHAT,00003,,00029,108,
CHATTAHOOCHEE,12426514,LAWRENCE,MARGUERITE,,,411,BALTZELL AVE, ,FORT BENNING,GA,31905,411,BALTZELL AVE,,FT. BENNING,GA,31905,A,,,09/10/2020,09/14/2020,,MAILED,NO,NO,NO,,1,002,015,138,CHAT,00003,,00063,63,
CHATTAHOOCHEE,00231395,KING,GLORIA,J,,613,HWY 26, ,CUSSETA,GA,31805,,PO BOX 613,,CUSSETA,GA,31805,A,,,08/07/2020,,,MAILED,NO,NO,NO,,1,002,015,138,CHAT,00003,,,,
CHATTAHOOCHEE,12792331,HUBBART,MERCY,ESTADALLA,,8172,OLD IRONSIDES LOOP, ,FORT BENNING,GA,31905,8172,OLD IRONSIDES LOOP,,FORT BENNING,GA,31905,A,,,09/01/2020,,,MAILED,NO,NO,NO,,1,002,015,138,CHAT,00003,,,,
CHATTAHOOCHEE,07801792,KING,SHELLY,ANN,,613,GA HIGHWAY 26, ,CUSSETA,GA,31805-3301,613,GA HIGHWAY 26,,CUSSETA,GA,31805-3301,A,,,08/07/2020,,,MAILED,NO,NO,NO,,1,002,015,138,CHAT,00003,,,,
CHATTAHOOCHEE,04986378,PARKER,MARION,MYERS,,328,FRIENDSHIP RD, ,CUSSETA,GA,31805-4128,,PO BOX 866,,CUSSETA,GA,31805-0086,A,,,08/06/2020,,,MAILED,NO,NO,NO,,1,002,015,138,CHAT,00003,,,,
CHATTAHOOCHEE,00232212,MONDON,DIANE,,,107,COOPER CIR, ,CUSSETA,GA,31805,,PO BOX 976,,CUSSETA,GA,31805,A,,,08/06/2020,,,MAILED,NO,NO,NO,,1,002,015,138,CHAT,00003,,,,
CHATTAHOOCHEE,10175144,GRINDLEY,GEORGE,HOWELL,,124,BRYANT ST, ,FORT BENNING,GA,31905,,CMR 411 BOX 5503,,FORT BENNING,GA,31905,A,,,03/02/2020,09/14/2020,,MAILED,NO,NO,NO,,1,002,015,138,CHAT,00003,,00081,81,
CHATTAHOOCHEE,12254874,METZGER,LORENA,,,8111,MAGRATH ST, ,FORT BENNING,GA,31905,8111,MAGRATH ST,,FORT BENNING,GA,31905-1929,A,,,07/18/2020,09/16/2020,,ELECTRONIC,NO,NO,NO,,1,002,015,138,CHAT,00003,,00030,109,
CHATTAHOOCHEE,12053555,CLARKE,OMAR,PHILLIP,,509,HARTSOCK LOOP,APT # B,FORT BENNING,GA,31905,,CMR 411 BOX 6338,,APO AE 09112,GA,,A,,,08/27/2020,09/14/2020,,MAILED,NO,NO,NO,,1,002,015,138,CHAT,00003,,00055,55,
CHATTAHOOCHEE,11021852,SHOPE,STEVEN,LEWIS,,117,JAMESTOWN RD, ,CUSSETA,GA,31805,,PO BOX 621,,CUSSETA,GA,31805-0621,A,,,04/08/2020,,,MAILED,NO,NO,NO,,1,002,015,138,CHAT,00003,,,,
CHATTAHOOCHEE,01005441,DILLARD,ABIGAIL,H,,502,PATTERSON RD, ,CUSSETA,GA,31805-4312,502,PATTERSON RD,,CUSSETA,GA,31805-4312,A,,,09/04/2020,09/18/2020,,MAILED,NO,NO,NO,,1,002,015,138,CHAT,00003,,00030,30,
CHATTAHOOCHEE,10516312,ORTIZ-RAMOS,HECTOR,,,37,ARROWHEAD RD,B,FORT BENNING,GA,31905,37,ARROWHEAD RD,APT B,FORT BENNING,GA,31905-9596,A,,,08/25/2020,,,MAILED,NO,NO,NO,,1,002,015,138,CHAT,00003,,,,
CHATTAHOOCHEE,00231404,MORTON,BEATRICE,,,138,OLD HIGHWAY 280, ,CUSSETA,GA,31805,138,OLD HIGHWAY 280,,CUSSETA,GA,31805,A,,,04/06/2020,,,MAILED,NO,NO,NO,,1,002,015,138,CHAT,00003,,,,
CHATTAHOOCHEE,00231150,MORRISON,VIVIAN,G,,107,MORRISON RD, ,CUSSETA,GA,31805,,PO BOX 432,,CUSSETA,GA,31805-0043,A,,,08/06/2020,,,MAILED,NO,NO,NO,,1,002,015,138,CHAT,00003,,,,
CHATTAHOOCHEE,12191751,MOSSMAN,DAVID,HUGH,,128,BUTTS ST,APT B,FORT BENNING,GA,31905,128,BUTTS ST,APT # B,FORT BENNING,GA,31905,A,,,09/11/2020,09/16/2020,,ELECTRONIC,NO,NO,NO,,1,002,015,138,CHAT,00003,,00042,121,
CHATTAHOOCHEE,10308272,SINGLETON,BRENDA,,,8398,MAGRATH ST, ,FORT BENNING,GA,31905,8398,MAGRATH ST,,FORT BENNING,GA,31905,A,,,09/10/2020,09/18/2020,,MAILED,NO,NO,NO,,1,002,015,138,CHAT,00003,,00047,47,
CHATTAHOOCHEE,00232499,CAMACHO,CHAD,CHRISTOPHER,SR,109,MISSOURI RIVER RD, ,CUSSETA,GA,31805,,PO BOX 153,,CUSSETA,GA,31805,A,,,08/25/2020,,,MAILED,NO,NO,NO,,1,002,015,138,CHAT,00003,,,,
CHATTAHOOCHEE,04281927,DAFFIN,BETTY,SUE,,130,PINE HILL RD, ,CUSSETA,GA,31805-3814,,726,,CUSSETA,GA,31805-0726,A,,,04/07/2020,,,MAILED,NO,NO,NO,,1,002,015,138,CHAT,00003,,,,
CHATTAHOOCHEE,10620078,HEATON,BRENDA,,,135,PATTY DR, ,CUSSETA,GA,31805,135,PATTY DR,,CUSSETA,GA,31805-3919,A,,,08/06/2020,,,MAILED,NO,NO,NO,,1,002,015,138,CHAT,00003,,,,
CHATTAHOOCHEE,12758933,ANDRESKI,MATTHEW,,,8428,MAGRATH ST, ,FORT BENNING,GA,31905,8428,MAGRATH ST,,FORT BENNING,GA,31905,A,,,08/30/2020,09/16/2020,,ELECTRONIC,NO,NO,NO,,1,002,015,138,CHAT,00003,,00041,120,
CHATTAHOOCHEE,03966939,WILSON,EARL,TIMOTHY,,135,JAMESTOWN RD, ,CUSSETA,GA,31805,,PO BOX 132,,CUSSETA,GA,31805-0013,A,,,09/01/2020,09/18/2020,,MAILED,NO,NO,NO,,1,002,015,138,CHAT,00003,,00023,23,
CHATTAHOOCHEE,00231070,KING,R C,,,613,HWY 26, ,CUSSETA,GA,31805,613,GA HWY 26,,CUSSETA,GA,31805,A,,,08/07/2020,,,MAILED,NO,NO,NO,,1,002,015,138,CHAT,00003,,,,
CHATTAHOOCHEE,04933674,CATHEY,JOHN,CARL,,138,MCNAUGHTON ST, ,CUSSETA,GA,31805,,PO BOX 212,,SALEM,AL,36874-0021,A,,,08/06/2020,,,MAILED,NO,NO,NO,,1,002,015,138,CHAT,00003,,,,
CHATTAHOOCHEE,10852748,HORNER,BRANDON,CODY,,8119,MAGRATH ST, ,FORT BENNING,GA,31905,157,STREAM FALL CT,,RAEFORD,NC,28376,A,,,03/03/2020,09/14/2020,,MAILED,NO,NO,NO,,1,002,015,138,CHAT,00003,,00087,87,
CHATTAHOOCHEE,04039276,VIGIL-SHUCK,SUSANNA,LEE,,200,BALTZELL AVE, ,FORT BENNING,GA,31905,200,BALTZELL AVE,,FORT BENNING,GA,31905,A,,,09/13/2020,09/15/2020,,MAILED,NO,NO,NO,,1,002,015,138,CHAT,00003,,00099,99,
CHATTAHOOCHEE,00231904,BAKER,JEARLEAN,,,259,FIRETOWER RD, ,CUSSETA,GA,31805-3809,259,FIRETOWER RD,,CUSSETA,GA,31805-3809,A,,,08/31/2020,09/18/2020,,MAILED,NO,NO,NO,,1,002,015,138,CHAT,00003,,00018,18,
CHATTAHOOCHEE,00231265,STREETMAN,ROBERT,OLIVER,,119,HICKMAN RD, ,CUSSETA,GA,31805,119,HICKMAN RD,,CUSSETA,GA,31805-3725,A,,,04/04/2020,,,MAILED,NO,NO,NO,,1,002,015,138,CHAT,00003,,,,
CHATTAHOOCHEE,00232140,MCNETT,DONALD,K,,100,SADDLE CT, ,CUSSETA,GA,31805-4130,100,SADDLE CT,,CUSSETA,GA,31805-4130,A,,,04/04/2020,,,MAILED,NO,NO,NO,,1,002,015,138,CHAT,00003,,,,
CHATTAHOOCHEE,11365743,TURNER,BRITTANY,NICHOLE,,279,HWY 137, ,CUSSETA,GA,31805,279,HWY 137,,CUSSETA,GA,31805,A,,,09/05/2020,09/18/2020,,MAILED,NO,NO,NO,,1,002,015,138,CHAT,00003,,00035,35,
CHATTAHOOCHEE,12686784,DAVIS,LAKISHA,YVETTA,,200,BLESSING ST, ,FORT BENNING,GA,31905,200,BLESSING ST,,FORT BENNING,GA,31905,A,,,08/25/2020,,,MAILED,NO,NO,NO,,1,002,015,138,CHAT,00003,,,,
CHATTAHOOCHEE,03580156,BATTLE,SHENEQUIA,TERREL,,125,OLD HIGHWAY 280, ,CUSSETA,GA,31805,,PO BOX 939,,CUSSETA,GA,31805-0093,A,,,08/25/2020,,,MAILED,NO,NO,NO,,1,002,015,138,CHAT,00003,,,,
CHATTAHOOCHEE,04842967,RAYLEY,KENNETH,LEON,,152,RED CANYON RD, ,CUSSETA,GA,31805,152,RED CANYON RD,,CUSSETA,GA,31805,A,,,04/06/2020,,,MAILED,NO,NO,NO,,1,002,015,138,CHAT,00003,,,,
CHATTAHOOCHEE,00231134,MIMS,TOMERIA,L,,448,OLD LOUVALE RD, ,CUSSETA,GA,31805-3914,448,OLD LOUVALE RD,,CUSSETA,GA,31805-3914,A,,,08/27/2020,09/18/2020,,MAILED,NO,NO,NO,,1,002,015,138,CHAT,00003,,00010,10,
CHATTAHOOCHEE,05800040,DICKSON,JOSEPH,M,,123,BEASLEY RD, ,CUSSETA,GA,31805-3207,486,W SHINGLELAKE ,,LAKE MICHIGAN,MI,48632,A,,,08/06/2020,09/18/2020,,MAILED,NO,NO,NO,,1,002,015,138,CHAT,00003,,00021,21,
CHATTAHOOCHEE,05975648,JACKSON,SADIE,P,,443,HWY 26, ,CUSSETA,GA,31805,443,GA HIGHWAY 26,,CUSSETA,GA,31805,A,,,04/07/2020,,,MAILED,NO,NO,NO,,1,002,015,138,CHAT,00003,,,,
CHATTAHOOCHEE,11948494,JOHNSON,WANONA,,,239,AUSTIN LOOP, ,FORT BENNING,GA,31905,239,AUSTIN LOOP,,FORT BENNING,GA,31905,A,,,05/12/2020,09/14/2020,,MAILED,NO,NO,NO,,1,002,015,138,CHAT,00003,,00091,91,
CHATTAHOOCHEE,07673875,LECOUNT,CHRISTINE,COLVIN,,7941,KESSLER CT, ,FORT BENNING,GA,31905,7941,KESSLER CT,,FORT BENNING,GA,31905-9562,A,,,08/19/2020,09/14/2020,,MAILED,NO,NO,NO,,1,002,015,138,CHAT,00003,,00061,61,
CHATTAHOOCHEE,00231078,LAWRENCE,JAMES,EDWARD,,140,OLD LOUVALE RD, ,CUSSETA,GA,31805-3908,,PO BOX 224,,CUSSETA,GA,31805-0022,A,,,04/04/2020,,,MAILED,NO,NO,NO,,1,002,015,138,CHAT,00003,,,,
CHATTAHOOCHEE,00231796,MCMILLON,LAZARUS,V,JR,119,ANDERSON RD, ,CUSSETA,GA,31805,,PO BOX 826,,CUSSETA,GA,31805,A,,,08/06/2020,,,MAILED,NO,NO,NO,,1,002,015,138,CHAT,00003,,,,
CHATTAHOOCHEE,12451499,SMITH,MAYSON,SCHMIDT,,600,PERKINS ST, ,FORT BENNING,GA,31905,600,PERKINS ST,,FORT BENNING,GA,31905-6622,A,,,04/23/2020,09/14/2020,,MAILED,NO,NO,NO,,1,002,015,138,CHAT,00003,,00086,86,
CHATTAHOOCHEE,11901515,LIVERMORE-BRASHER,JULIE,SKYE,,407,LUMPKIN ST, ,FORT BENNING,GA,31905,407,LUMPKIN ST,,FORT BENNING,GA,31905-6547,A,,,05/12/2020,09/14/2020,,MAILED,NO,NO,NO,,1,002,015,138,CHAT,00003,,00090,90,
CHATTAHOOCHEE,06404664,BERRIMAN,HEIDI,ANN,,302,MILLER LOOP, ,FORT BENNING,GA,31905,302,MILLER LOOP,,FORT BENNING,GA,31905,A,,,09/06/2020,09/18/2020,,MAILED,NO,NO,NO,,1,002,015,138,CHAT,00003,,00036,36,
CHATTAHOOCHEE,10824526,OBRIEN,ANGELA,LYNN,,6044,ALABAMU LOOP, ,FORT BENNING,GA,31905,6817,MCGOWAN ST,,WAHIAWA,HI,96786,A,,,09/02/2020,09/14/2020,,MAILED,NO,NO,NO,,1,002,015,138,CHAT,00003,,00072,72,
CHATTAHOOCHEE,10839563,RUTHERFORD,BILLY,,,114,SIMPSON ST, ,CUSSETA,GA,31805,114,SIMPSON ST,,CUSSETA,GA,31805,A,,,09/04/2020,09/18/2020,,MAILED,NO,NO,NO,,1,002,015,138,CHAT,00003,,00028,28,
CHATTAHOOCHEE,12450406,FERNANDEZ,ELENA,CALDERON,,8299,BROSTROM ST, ,FORT BENNING,GA,31905,8299,BROSTROM ST,,FORT BENNING,GA,31905,A,,,08/25/2020,,,MAILED,NO,NO,NO,,1,002,015,138,CHAT,00003,,,,
CHATTAHOOCHEE,10876068,DODSON,JERRY,LEE,JR,503,BALTZELL AVE, ,FORT BENNING,GA,31905,503,BALTZELL AVE,,FORT BENNING,GA,31905,A,,,08/03/2020,09/14/2020,,MAILED,NO,NO,NO,,1,002,015,138,CHAT,00003,,00062,62,
CHATTAHOOCHEE,00231039,JACKSON,HERBERT,,,101,CHURCH ST, ,CUSSETA,GA,31805-3219,101,CHURCH ST,,CUSSETA,GA,31805-3219,A,,,08/25/2020,,,MAILED,NO,NO,NO,,1,002,015,138,CHAT,00003,,,,
CHATTAHOOCHEE,00231388,FLAVIN,KENNETH,C,,105,THOMPSON ST, ,CUSSETA,GA,31805,,PO BOX 143,,CUSSETA,GA,31805-0014,A,,,04/06/2020,,,MAILED,NO,NO,NO,,1,002,015,138,CHAT,00003,,,,
CHATTAHOOCHEE,12411328,TOMB,ALEXANDRIA,BROOKE,,534,HARTSOCK LOOP,B,FORT BENNING,GA,31905,534,HARTSOCK LOOP,B,FORT BENNING,GA,31905,A,,,04/23/2020,09/16/2020,,ELECTRONIC,NO,NO,NO,,1,002,015,138,CHAT,00003,,00027,106,
CHATTAHOOCHEE,04039264,SHUCK,JEFFREY,WENDELL,,200,BALTZELL AVE, ,FORT BENNING,GA,31905,200,BALTZELL AVE,,FORT BENNING,GA,31905,A,,,09/13/2020,09/15/2020,,MAILED,NO,NO,NO,,1,002,015,138,CHAT,00003,,00098,98,
CHATTAHOOCHEE,12393441,TULLOCH,BRIANNE,,,304,LUMPKIN ST,APT A,FORT BENNING,GA,31905,304,LUMPKIN ST,APT A,FORT BENNING,GA,31905-6588,A,,,04/15/2020,09/14/2020,,MAILED,NO,NO,NO,,1,002,015,138,CHAT,00003,,00085,85,
CHATTAHOOCHEE,01796019,WILLIAMS,CELESTINE,S,,671,GA HIGHWAY 26, ,CUSSETA,GA,31805-3301,671,GA HIGHWAY 26,,CUSSETA,GA,31805-3301,A,,,08/28/2020,09/18/2020,,MAILED,NO,NO,NO,,1,002,015,138,CHAT,00003,,00015,15,
CHATTAHOOCHEE,03927200,THORNTON,RODERICK,J,,104,OLD FRIENDSHIP RD, ,CUSSETA,GA,31805,104,OLD FRIENDSHIP RD,,CUSSETA,GA,31805,A,,,09/08/2020,09/18/2020,,MAILED,NO,NO,NO,,1,002,015,138,CHAT,00003,,00044,44,
CHATTAHOOCHEE,05364499,JONES,RUFUS,,,114,SWANSON RD, ,CUSSETA,GA,31805-3812,114,SWANSON RD,,CUSSETA,GA,31805-3812,A,,,08/25/2020,,,MAILED,NO,NO,NO,,1,002,015,138,CHAT,00003,,,,
CHATTAHOOCHEE,01794654,THOMAS,ANDREW,L,JR,200,HERO TRL, ,CUSSETA,GA,31805-3734,200,HERO TRL,,CUSSETA,GA,31805-3734,A,,,08/26/2020,09/18/2020,,MAILED,NO,NO,NO,,1,002,015,138,CHAT,00003,,00002,2,
CHATTAHOOCHEE,03028067,COFFEY,JIMMI,RANELLE,,586,HWY 26, ,CUSSETA,GA,31805,,PO BOX 906,,CUSSETA,GA,31805-0090,A,,,08/06/2020,,,MAILED,NO,NO,NO,,1,002,015,138,CHAT,00003,,,,
CHATTAHOOCHEE,12450466,ENLOE,DANIEL,,,102,MOORE ST, ,CUSSETA,GA,31805,102,MOORE ST,,CUSSETA,GA,31805,A,,,08/06/2020,,,MAILED,NO,NO,NO,,1,002,015,138,CHAT,00003,,,,
CHATTAHOOCHEE,11636056,OGDEN,JERALD,JAMES,,164,MANTA RD, ,CUSSETA,GA,31805,,4135 LOBELIA ROAD,,VASS,NC,28394,A,,,09/10/2020,09/14/2020,,MAILED,NO,NO,NO,,1,002,015,138,CHAT,00003,,00088,88,
CHATTAHOOCHEE,00252623,DAVIS,CAROLYN,JOYCE,,120,JAMESTOWN RD, ,CUSSETA,GA,31805,120,JAMESTOWN RD,,CUSSETA,GA,31805,A,,,08/06/2020,,,MAILED,NO,NO,NO,,1,002,015,138,CHAT,00003,,,,
CHATTAHOOCHEE,00231318,WAGNER,LONITA,M,,153,RANKIN ST, ,CUSSETA,GA,31805,,PO BOX 911,,CUSSETA,GA,31805-0091,A,,,08/06/2020,,,MAILED,NO,NO,NO,,1,002,015,138,CHAT,00003,,,,
CHATTAHOOCHEE,12509030,SCHMIDT,JENNIFER,ANN,,7514,KESSLER DR, ,FORT BENNING,GA,31905,7514,KESSLER DR,,FORT BENNING,GA,31905,A,,,08/25/2020,09/14/2020,,MAILED,NO,NO,NO,,1,002,015,138,CHAT,00003,,00067,67,
CHATTAHOOCHEE,00254831,DENMARK,JULIETTE,THYAIS,,125,PAUL REVERE DR, ,CUSSETA,GA,31805-3313,125,PAUL REVERE DR,,CUSSETA,GA,31805-3313,A,,,08/27/2020,09/18/2020,,MAILED,NO,NO,NO,,1,002,015,138,CHAT,00003,,00009,9,
CHATTAHOOCHEE,06161130,GOGINS,ELIZABETH,,,113,KING ST, ,CUSSETA,GA,31805,,PO BOX 682,,CUSSETA,GA,31805-0068,A,,,08/25/2020,,,MAILED,NO,NO,NO,,1,002,015,138,CHAT,00003,,,,
CHATTAHOOCHEE,12302945,O'NEILL,MICHAEL,DANIEL,,102,YEAGER AVE,APT # C,FORT BENNING,GA,31905,102,YEAGER AVE,APT # C,FORT BENNING,GA,31905,A,,,09/03/2020,09/18/2020,,MAILED,NO,NO,NO,,1,002,015,138,CHAT,00003,,00026,26,
CHATTAHOOCHEE,11948705,HEDRICK,TOWNLEY,R,,409,BALTZELL AVE, ,FORT BENNING,GA,31905,409,BALTZELL AVE,,FORT BENNING,GA,31905,A,,,05/12/2020,09/14/2020,,MAILED,NO,NO,YES,,1,002,015,138,CHAT,00003,,00082,82,
CHATTAHOOCHEE,00232105,DAVIS,ROBERT,EUGENE,JR,444,OLD LOUVALE RD, ,CUSSETA,GA,31805,444,OLD LOUVALE RD,,CUSSETA,GA,31805-3914,A,,,09/08/2020,09/18/2020,,MAILED,NO,NO,NO,,1,002,015,138,CHAT,00003,,00043,43,
CHATTAHOOCHEE,01796103,WILLIAMS,JESSE,LEE,,671,GA HIGHWAY 26, ,CUSSETA,GA,31805,671,GA HIGHWAY 26,,CUSSETA,GA,31805-3301,A,,,08/28/2020,09/18/2020,,MAILED,NO,NO,NO,,1,002,015,138,CHAT,00003,,00017,17,
CHATTAHOOCHEE,00231090,MCBRIDE,JUANITA,,,467,HWY 26, ,CUSSETA,GA,31805,467,HWY 26,,CUSSETA,GA,31805,A,,,04/06/2020,,,MAILED,NO,NO,NO,,1,002,015,138,CHAT,00003,,,,
CHATTAHOOCHEE,00230847,BROWN,CALLIE,B,,408,HWY 137, ,CUSSETA,GA,31805,,PO BOX 653,,CUSSETA,GA,31805-0065,A,,,08/06/2020,,,MAILED,NO,NO,NO,,1,002,015,138,CHAT,00003,,,,
CHATTAHOOCHEE,03681775,HAWES,KYONG,OK,,142,PINE HILL RD, ,CUSSETA,GA,31805-3814,142,PINE HILL RD,,CUSSETA,GA,31805-3814,A,,,08/25/2020,,,MAILED,NO,NO,NO,,1,002,015,138,CHAT,00003,,,,
CHATTAHOOCHEE,00231969,BROWN,J,C,JR,408,HWY 137, ,CUSSETA,GA,31805,,PO BOX 653,,CUSSETA,GA,31805-0065,A,,,08/06/2020,,,MAILED,NO,NO,NO,,1,002,015,138,CHAT,00003,,,,
CHATTAHOOCHEE,12468092,MORA GOMEZ,GUILLERMO LEON,,,308,LUMPKIN ST,D,FORT BENNING,GA,31905,7830,WOODLAND RIDGE DR,,MIDLAND,GA,31820,A,,,03/04/2020,09/14/2020,,MAILED,NO,NO,NO,,1,002,015,138,CHAT,00003,,00075,75,
CHATTAHOOCHEE,12753108,CARBAJAL,ANTHONY,,,41,DOANE LOOP, ,FORT BENNING,GA,31905,41,DOANE LOOP,,FORT BENNING,GA,31905,A,,,08/06/2020,09/16/2020,,ELECTRONIC,NO,NO,NO,,1,002,015,138,CHAT,00003,,00033,112,
CHATTAHOOCHEE,00261245,WHITE,JOSEPH,,,469,GA HIGHWAY 26, ,CUSSETA,GA,31805-3201,469,GA HIGHWAY 26,,CUSSETA,GA,31805-3201,A,,,08/06/2020,,,MAILED,NO,NO,NO,,1,002,015,138,CHAT,00003,,,,
CHATTAHOOCHEE,12556076,HUBBERT,MERCY,ESTADALLA,,8172,OLD IRONSIDES LOOP, ,FORT BENNING,GA,31905,8172,OLD IRONSIDES LOOP,,FORT BENNING,GA,31905,A,,,08/25/2020,,,MAILED,NO,NO,NO,,1,002,015,138,CHAT,00003,,,,
CHATTAHOOCHEE,01800962,THOMAS,MINNIE,P,,200,HERO TRL, ,CUSSETA,GA,31805-3734,200,HERO TRL,,CUSSETA,GA,31805-3734,A,,,08/26/2020,09/18/2020,,MAILED,NO,NO,NO,,1,002,015,138,CHAT,00003,,00005,5,
CHATTAHOOCHEE,00231149,MORRISON,DAVID,H,,107,MORRISON RD, ,CUSSETA,GA,31805,,PO BOX 432,,CUSSETA,GA,31805-0043,A,,,08/06/2020,,,MAILED,NO,NO,NO,,1,002,015,138,CHAT,00003,,,,
CHATTAHOOCHEE,00231914,FERGUSON,CECIL,E,,248,HWY 26, ,CUSSETA,GA,31805,248,HWY 26,,CUSSETA,GA,31805,A,,,04/18/2020,,,MAILED,NO,NO,NO,,1,002,015,138,CHAT,00003,,,,
CHATTAHOOCHEE,01849781,BIGGERS,LUTHER,LEWIS,,115,LIBERTY HILL RD, ,CUSSETA,GA,31805-3311,115,LIBERTY HILL RD,,CUSSETA,GA,31805-3311,A,,,09/09/2020,09/18/2020,,MAILED,NO,NO,NO,,1,002,015,138,CHAT,00003,,00051,51,
CHATTAHOOCHEE,05797162,BURTON,KENNETH,GEORGE,,120,LIBERTY HILL RD, ,CUSSETA,GA,31805-3310,120,LIBERTY HILL RD,,CUSSETA,GA,31805-3310,A,,,08/28/2020,09/18/2020,,MAILED,NO,NO,NO,,1,002,015,138,CHAT,00003,,00019,19,
CHATTAHOOCHEE,12686789,DAVIS,STANTAVIOUS,KEYSHAWN,,200,BLESSING ST, ,FORT BENNING,GA,31905,200,BLESSING ST,,FORT BENNING,GA,31905,A,,,08/25/2020,,,MAILED,NO,NO,NO,,1,002,015,138,CHAT,00003,,,,
CHATTAHOOCHEE,00466820,LIKELY,WILLIAM,C,,142,MISSISSIPPI RIVER RD, ,CUSSETA,GA,31805,,PO BOX 702,,CUSSETA,GA,31805-0070,A,,,04/03/2020,,,MAILED,NO,NO,NO,,1,002,015,138,CHAT,00003,,,,
CHATTAHOOCHEE,00231264,STREETMAN,NANCY,GODFREY,,119,HICKMAN RD, ,CUSSETA,GA,31805-3725,119,HICKMAN RD,,CUSSETA,GA,31805-3725,A,,,04/04/2020,,,MAILED,NO,NO,NO,,1,002,015,138,CHAT,00003,,,,
CHATTAHOOCHEE,00231398,MCBRIDE,ALENE,,,467,GA HIGHWAY 26, ,CUSSETA,GA,31805-3201,467,GA HIGHWAY 26,,CUSSETA,GA,31805-3201,A,,,04/06/2020,,,MAILED,NO,NO,NO,,1,002,015,138,CHAT,00003,,,,
CHATTAHOOCHEE,07296809,PLACE,GWANDA,LOU,,123,OLD LOUVALE RD, ,CUSSETA,GA,31805-3909,,PO BOX 267,,CUSSETA,GA,31805-0026,A,,,04/08/2020,,,MAILED,NO,NO,NO,,1,002,015,138,CHAT,00003,,,,
CHATTAHOOCHEE,01783900,DAFFIN,ROBERT,A,JR,130,PINE HILL RD, ,CUSSETA,GA,31805-3814,130,PINE HILL RD,,CUSSETA,GA,31805-3814,A,,,04/07/2020,,,MAILED,NO,NO,NO,,1,002,015,138,CHAT,00003,,,,
CHATTAHOOCHEE,12755280,NGUYEN,TRISHA,TRINH,,213,LAVOIE AVE, ,FORT BENNING,GA,31905,213,LAVOIE AVE,,FORT BENNING,GA,31905,A,,,08/16/2020,09/16/2020,,ELECTRONIC,NO,NO,NO,,1,002,015,138,CHAT,00003,,00032,111,
CHATTAHOOCHEE,03472605,UNDERWOOD,EMILY,FAITH,,123,MUSTANG DR, ,CUSSETA,GA,31805-4101,123,MUSTANG DR,,CUSSETA,GA,31805-4101,A,,,04/21/2020,,,MAILED,NO,NO,NO,,1,002,015,138,CHAT,00003,,,,
CHATTAHOOCHEE,12488384,RAUCH-FRY,AMELIA,,,610,BJORNSTAD ST, ,FORT BENNING,GA,31905,,PSC 333 BOX # 4827,,"APO, AP 96251-0049",,96251,A,,,03/31/2020,09/14/2020,,MAILED,NO,NO,NO,,1,002,015,138,CHAT,00003,,00092,92,
CHATTAHOOCHEE,12755285,SCHROEDER,JACKSON,NOAH,,7909,MARNE RD,9255,FORT BENNING,GA,31905,7909,MARNE RD,9255,FORT BENNING,GA,31905,A,,,08/13/2020,09/14/2020,,MAILED,NO,NO,NO,,1,002,015,138,CHAT,00003,,00059,59,
CHATTAHOOCHEE,12425260,GOFORTH,CHRISTOPHER,JAMES,,7907,KESSLER CT, ,FORT BENNING,GA,31905,7907,KESSLER CT,,FORT BENNING,GA,31905,A,,,08/01/2020,09/14/2020,,MAILED,NO,NO,NO,,1,002,015,138,CHAT,00003,,00058,58,
CHATTAHOOCHEE,04079410,HELMS,MARIA,A,,127,TROTTERS RDG, ,CUSSETA,GA,31805-4105,127,TROTTERS RDG,,CUSSETA,GA,31805-4105,A,,,09/15/2020,09/18/2020,,MAILED,NO,NO,NO,,1,002,015,138,CHAT,00003,,00097,97,
CHATTAHOOCHEE,06540699,HUGHES,CLIFFORD,EARL,,227,GORDY MILL POND RD, ,CUSSETA,GA,31805-3721,227,GORDY MILL POND RD,,CUSSETA,GA,31805-3721,A,,,08/25/2020,,,MAILED,NO,NO,NO,,1,002,015,138,CHAT,00003,,,,
CHATTAHOOCHEE,01850550,GILLUS,LISA,RENA,,116,SUNSET BLVD, ,CUSSETA,GA,31805,116,SUNSET BLVD,,CUSSETA,GA,31805,A,,,08/28/2020,09/18/2020,,MAILED,NO,NO,NO,,1,002,015,138,CHAT,00003,,00014,14,
CHATTAHOOCHEE,12375297,BROCK,JACOB,ALEXANDER,,8389,MAGRATH ST, ,FORT BENNING,GA,31905,8389,MAGRATH ST,,FORT BENNING,GA,31905-1917,A,,,08/31/2020,09/16/2020,,ELECTRONIC,NO,NO,NO,,1,002,015,138,CHAT,00003,,00039,118,
CHATTAHOOCHEE,04629343,ADAMS,KISSY,TENE,,108,RED OAK LN, ,CUSSETA,GA,31805,108,RED OAK LN,,CUSSETA,GA,31805-3716,A,,,08/27/2020,09/18/2020,,MAILED,NO,NO,NO,,1,002,015,138,CHAT,00003,,00011,11,
CHATTAHOOCHEE,00021224,MEADOWS,BETTY,REYNETT,,227,MCNAUGHTON ST, ,CUSSETA,GA,31805-3013,,PO BOX 216,,CUSSETA,GA,31805-0021,A,,,08/06/2020,,,MAILED,NO,NO,NO,,1,002,015,138,CHAT,00003,,,,
CHATTAHOOCHEE,10927055,HENRY,BURRELL,,,511,HWY 26, ,CUSSETA,GA,31805,511,GA HIGHWAY 26,,CUSSETA,GA,31805-3203,A,,,08/26/2020,09/18/2020,,MAILED,NO,NO,NO,,1,002,015,138,CHAT,00003,,00001,1,
CHATTAHOOCHEE,00231059,JONES,MILDRED,K,,181,MCNAUGHTON ST, ,CUSSETA,GA,31805,,PO BOX 163,,CUSSETA,GA,31805,A,,,08/06/2020,,,MAILED,NO,NO,NO,,1,002,015,138,CHAT,00003,,,,
CHATTAHOOCHEE,00230794,ADAMS,ELIZABETH,,,322,WELLS ST, ,CUSSETA,GA,31805-3002,,PO BOX 883,,CUSSETA,GA,31805-0088,A,,,08/06/2020,,,MAILED,NO,NO,NO,,1,002,015,138,CHAT,00003,,,,
CHATTAHOOCHEE,12788311,BROWN,ROBERT,,,102,RAINBOW AVE, ,FORT BENNING,GA,31905,102,RAINBOW AVE,,FORT BENNING,GA,31905,A,,,08/07/2020,09/16/2020,,ELECTRONIC,NO,NO,NO,,1,002,015,138,CHAT,00003,,00040,119,
CHATTAHOOCHEE,12540655,HERNANDEZ,MAGALI,GARCIA,,8473,GARRY OWEN ST, ,FORT BENNING,GA,31905,8473,GARRY OWEN ST,,FORT BENNING,GA,31905,A,,,08/19/2020,09/14/2020,,MAILED,NO,NO,NO,,1,002,015,138,CHAT,00003,,00065,65,
CHATTAHOOCHEE,12540666,HERNANDEZ,EDGAR,ADALBERTO,,8473,GARRY OWEN ST, ,FORT BENNING,GA,31905,8473,GARRY OWEN ST,,FORT BENNING,GA,31905,A,,,08/19/2020,09/14/2020,,MAILED,NO,NO,YES,,1,002,015,138,CHAT,00003,,00064,64,
CHATTAHOOCHEE,00231194,TOOMBS,ARDELL,P,,395,HWY 137, ,CUSSETA,GA,31805,395,HWY 137,,CUSSETA,GA,31805,A,,,08/25/2020,,,MAILED,NO,NO,NO,,1,002,015,138,CHAT,00003,,,,
CHATTAHOOCHEE,00231343,WHITE,MYRTICE,,,148,SUSAN ST, ,CUSSETA,GA,31805,,PO BOX 658,,CUSSETA,GA,31805-0065,A,,,08/06/2020,,,MAILED,NO,NO,NO,,1,002,015,138,CHAT,00003,,,,
CHATTAHOOCHEE,05797177,BURTON,JOYCE,JACKSON,,120,LIBERTY HILL RD, ,CUSSETA,GA,31805-3310,120,LIBERTY HILL RD,,CUSSETA,GA,31805-3310,A,,,04/14/2020,,,MAILED,NO,NO,NO,,1,002,015,138,CHAT,00003,,,,
CHATTAHOOCHEE,00231382,ABERCROMBIE,LAURA,N,,213,OSTEEN ST, ,CUSSETA,GA,31805,,PO BOX 204,,CUSSETA,GA,31805-0020,A,,,08/06/2020,,,MAILED,NO,NO,NO,,1,002,015,138,CHAT,00003,,,,
CHATTAHOOCHEE,03681771,HOLLIS,DEZZIE,B,,616,GA HIGHWAY 26, ,CUSSETA,GA,31805-3300,616,GA HIGHWAY 26,,CUSSETA,GA,31805-3300,A,,,04/07/2020,,,MAILED,NO,NO,NO,,1,002,015,138,CHAT,00003,,,,
CHATTAHOOCHEE,10102858,EDWARDS,GLORIA,T,,1,NASH CT,C,FORT BENNING,GA,31905,1,NASH CT,C,FORT BENNING,GA,31905,A,,,08/06/2020,,,MAILED,NO,NO,YES,,1,002,015,138,CHAT,00003,,,,
CHATTAHOOCHEE,06998366,TWITTY,TIMOTHY,PHILIP,,3,FOURNETT CT,A,FORT BENNING,GA,31905,3,FOURNETT CT,APT A,FORT BENNING,GA,31905-6866,A,,,08/25/2020,09/14/2020,,MAILED,NO,NO,NO,,1,002,015,138,CHAT,00003,,00066,66,
CHATTAHOOCHEE,12639151,WU,LISA,JOY,,244,MCFALLS ST, ,FORT BENNING,GA,31905,4965,IVOR DR,,COLORADO SPRINGS,CO,80916,A,,,08/24/2020,09/14/2020,,MAILED,NO,NO,NO,,1,002,015,138,CHAT,00003,,00068,68,
CHATTAHOOCHEE,12254647,HUGHES-HALL,CANDICE,LEA,,391,FRIENDSHIP RD, ,CUSSETA,GA,31805,391,FRIENDSHIP RD,,CUSSETA,GA,31805-4129,A,,,04/06/2020,,,MAILED,NO,NO,NO,,1,002,015,138,CHAT,00003,,,,
CHATTAHOOCHEE,00232559,SNEED,CYNTHIA,E,,123,MUSTANG DR, ,CUSSETA,GA,31805-4101,123,MUSTANG DR,,CUSSETA,GA,31805-4101,A,,,04/21/2020,,,MAILED,NO,NO,NO,,1,002,015,138,CHAT,00003,,,,
CHATTAHOOCHEE,10721348,MONEYMAKER,KIMBERLY,MARIE,,138,GILLESPIE LOOP, ,FORT BENNING,GA,31905,,PSC 1005 BOX 4669,,"FPO, AE 09593, KY",,,A,,,09/05/2020,09/18/2020,,MAILED,NO,NO,NO,,1,002,015,138,CHAT,00003,,00034,34,
CHATTAHOOCHEE,12053910,LLOYD,COURTNEY,AMTOWER,,204,DIAL ST, ,FORT BENNING,GA,31905,204,DIAL ST,,FORT BENNING,GA,31905-9603,A,,,09/08/2020,09/18/2020,,MAILED,NO,NO,NO,,1,002,015,138,CHAT,00003,,00040,40,
CHATTAHOOCHEE,08374812,SMITH,JOANIE,ELAINE,,111,RANCH RD, ,CUSSETA,GA,31805,,111 RANCH RD,,CUSSETA,GA,31805-0026,A,,,08/06/2020,,,MAILED,NO,NO,NO,,1,002,015,138,CHAT,00003,,,,
CHATTAHOOCHEE,01833309,CAULDER,WILLIAM,ARTHUR,,102,PINE ST, ,CUSSETA,GA,31805,,PO BOX 3221,,COLUMBUS,GA,31903-0022,A,,,08/06/2020,,,MAILED,NO,NO,NO,,1,002,015,138,CHAT,00003,,,,
CHATTAHOOCHEE,06530704,WILBURN-BELL,NINA,,,509,WICKERSHAM AVE, ,FORT BENNING,GA,31905,509,WICKERSHAM AVE,,FORT BENNING,GA,31905-6814,A,,,08/06/2020,,,MAILED,NO,NO,NO,,1,002,015,138,CHAT,00003,,,,
CHATTAHOOCHEE,00232524,ROBERTS,JAMES,WESLEY,JR,109,CORRAL DR, ,CUSSETA,GA,31805,109,CORRAL DR,,CUSSETA,GA,31805,A,,,04/08/2020,,,MAILED,NO,NO,NO,,1,002,015,138,CHAT,00003,,,,
CHATTAHOOCHEE,00231916,FERGUSON,JO,ANN,,248,HWY 26, ,CUSSETA,GA,31805,248,HWY 26,,CUSSETA,GA,31805,A,,,04/18/2020,,,MAILED,NO,NO,NO,,1,002,015,138,CHAT,00003,,,,
CHATTAHOOCHEE,12595599,STEWART,DEONDRADE,LAMAR,,242,MCFALLS ST, ,FORT BENNING,GA,31905,242,MCFALLS ST,,FORT BENNING,GA,31905-7615,A,,,08/20/2020,09/14/2020,,MAILED,NO,NO,NO,,1,002,015,138,CHAT,00003,,00071,71,
CHATTAHOOCHEE,04847411,BOWLES,TERRY,,,210,FIRETOWER RD, ,CUSSETA,GA,31805,210,FIRETOWER RD,,CUSSETA,GA,31805,A,,,08/26/2020,09/18/2020,,MAILED,NO,NO,NO,,1,002,015,138,CHAT,00003,,00004,4,
CHATTAHOOCHEE,00231063,KING,CORNELIA,D,,107,RED CANYON RD, ,CUSSETA,GA,31805,107,RED CANYON RD,,CUSSETA,GA,31805-3405,A,,,04/08/2020,,,MAILED,NO,NO,NO,,1,002,015,138,CHAT,00003,,,,
CHATTAHOOCHEE,04468620,LUTHANEN,AMANDA,LEE,,558,HARTSOCK LOOP,B,FORT BENNING,GA,31905,558,HARTSOCK LOOP,APT B,FORT BENNING,GA,31905-9253,A,,,09/09/2020,09/14/2020,,MAILED,NO,NO,NO,,1,002,015,138,CHAT,00003,,00060,60,
CHATTAHOOCHEE,08701878,COSBY,WILLIAM,LAMAR,JR,136,MATTIE GARY RD, ,CUSSETA,GA,31805-3620,136,MATTIE GARY RD,,CUSSETA,GA,31805-3620,A,,,09/08/2020,09/18/2020,,MAILED,NO,NO,NO,,1,002,015,138,CHAT,00003,,00045,45,
CHATTAHOOCHEE,03309896,KING,MIKE,CARL,,613,HWY 26, ,CUSSETA,GA,31805,613,GA HIGHWAY 26,,CUSSETA,GA,31805-3301,A,,,09/11/2020,09/18/2020,,MAILED,NO,NO,NO,,1,002,015,138,CHAT,00003,,00052,52,
CHATTAHOOCHEE,11487870,BRADEN-WATT,CLIO,CHANTAL,,7,YANO CT,APT E,FORT BENNING,GA,31905,7,YANO CT,APT E,FORT BENNING,GA,31905,A,,,09/06/2020,09/18/2020,,MAILED,NO,NO,NO,,1,002,015,138,CHAT,00003,,00037,37,
CHATTAHOOCHEE,00231206,RINER,KENDELL,,,122,WILHELMINA DR, ,CUSSETA,GA,31805,,PO BOX 203,,CUSSETA,GA,31805-0020,A,,,04/07/2020,,,MAILED,NO,NO,NO,,1,002,015,138,CHAT,00003,,,,
CHATTAHOOCHEE,02770910,KUHN,HEINZ,WALTER G,,171,GORDY MILL POND RD, ,CUSSETA,GA,31805-3719,171,GORDY MILL POND RD,,CUSSETA,GA,31805-3719,A,,,08/06/2020,,,MAILED,NO,NO,NO,,1,002,015,138,CHAT,00003,,,,
CHATTAHOOCHEE,00231541,BOWDEN,WILLIE,JAMES,SR,147,JAMESTOWN RD, ,CUSSETA,GA,31805,,PO BOX 454,,CUSSETA,GA,31805-0045,A,,,04/21/2020,,,MAILED,NO,NO,NO,,1,002,015,138,CHAT,00003,,,,
CHATTAHOOCHEE,12591880,SALAAM,NATHANIEL,,,6198,WALKING STICK WAY, ,FORT BENNING,GA,31905,,PSC 560 BOX 869,,"APO, AP 96376",,,A,,,03/13/2020,09/16/2020,,ELECTRONIC,NO,NO,NO,,1,002,015,138,CHAT,00003,,00025,104,
CHATTAHOOCHEE,00466819,BROWN,KRISTAN,LESZCZYNSKI,,114,EAMES AVE, ,FORT BENNING,GA,31905,114,EAMES AVE,,FORT BENNING,GA,31905,A,,,09/06/2020,09/18/2020,,MAILED,NO,NO,NO,,1,002,015,138,CHAT,00003,,00038,38,
CHATTAHOOCHEE,05529002,MILLER,LINDA,HORTON,,821,HWY 520, ,CUSSETA,GA,31805,821,GA HWY 520,,CUSSETA,GA,31805-0000,A,,,08/21/2020,,,MAILED,NO,NO,NO,,1,002,015,138,CHAT,00003,,,,
CHATTAHOOCHEE,00231069,PETERSON,PATRICIA,,,177,MANTA RD, ,CUSSETA,GA,31805-3715,177,MANTA RD,,CUSSETA,GA,31805-3715,A,,,08/06/2020,,,MAILED,NO,NO,NO,,1,002,015,138,CHAT,00003,,,,
CHATTAHOOCHEE,05279738,WORTHINGTON,BETTY JEAN,,,142,GAFFORD RD, ,CUSSETA,GA,31805-4008,245,CHANDLER CT,,SUGAR HILL,GA,31518,A,,,04/08/2020,,,MAILED,NO,NO,NO,,1,002,015,138,CHAT,00003,,,,
CHATTAHOOCHEE,12615932,VANDERKOOI,STUART,THOMAS,,4,MCKIBBEN CT, ,FORT BENNING,GA,31905,4,MCKIBBEN CT,ABT B,FT BENNING,GA,31905,A,,,04/01/2020,09/14/2020,,MAILED,NO,NO,NO,,1,002,015,138,CHAT,00003,,00094,94,
CHATTAHOOCHEE,10600922,SALAAM,MARIA,ISABEL,,6198,WALKING STICK WAY, ,FORT BENNING,GA,31905,,PSC 560 BOX 689,,APO AP 96376,GA,,A,,,03/05/2020,09/14/2020,,MAILED,NO,NO,NO,,1,002,015,138,CHAT,00003,,00057,57,
CHATTAHOOCHEE,12192079,SIMS,RICHARD,ROBERT,,243,GORDY MILL POND RD, ,CUSSETA,GA,31805,6985,SNOW WAY DR,,ST. LOUIS,MO,63130,A,,,09/11/2020,09/18/2020,,MAILED,NO,NO,NO,,1,002,015,138,CHAT,00003,,00049,49,
CHATTAHOOCHEE,12254633,MIMS,DESTINIE,ARIANNA,,448,OLD LOUVALE RD, ,CUSSETA,GA,31805,448,OLD LOUVALE RD,,CUSSETA,GA,31805-3914,A,,,08/31/2020,09/18/2020,,MAILED,NO,NO,NO,,1,002,015,138,CHAT,00003,,00020,20,
CHATTAHOOCHEE,00230890,CHESTER,MARY,RUTH,,392,HWY 137, ,CUSSETA,GA,31805,392,HWY 137,,CUSSETA,GA,31805,A,,,08/06/2020,,,MAILED,NO,NO,NO,,1,002,015,138,CHAT,00003,,,,
CHATTAHOOCHEE,00231330,WEST,ANTHONY,R,,104,RANKIN ST, ,CUSSETA,GA,31805,,PO BOX 562,,CUSSETA,GA,31805-0056,A,,,08/06/2020,,,MAILED,NO,NO,NO,,1,002,015,138,CHAT,00003,,,,
CHATTAHOOCHEE,00231201,RHODES,DARRELL,L,,116,WILHELMINA DR, ,CUSSETA,GA,31805,,PO BOX 622,,CUSSETA,GA,31805,A,,,04/08/2020,,,MAILED,NO,NO,NO,,1,002,015,138,CHAT,00003,,,,
