County,Voter Registration #,Last Name,First Name,Middle Name,Suffix,Street #,Street Name,Apt/Unit,City,State,Zip Code,Mailing Street #,Mailing Street Name,Mailing Apt/Unit,Mailing City,Mailing State,Mailing Zip Code,Application Status,Ballot Status,Status Reason,Application Date,Ballot Issued Date,Ballot Return Date,Ballot Style,Ballot Assisted,Challenged/Provisional,ID Required,Municipal Precinct,County Precinct,CNG,SEN,HOUSE	,JUD,Combo #,Vote Center ID,Ballot ID,Post #,Party
CLAY,10095441,CARNES,DEBI,GATLIN,,105,BLUFF ST N, ,FORT GAINES,GA,39851,105,BLUFF ST N,,FORT GAINES,GA,39851-3614,A,,,04/08/2020,09/18/2020,,MAILED,NO,NO,NO,1,3,002,012,151,PATA,00008,,00025,92,
CLAY,05903664,KRINKE,STEVEN,CARL,,2040,EUFAULA HWY,LOT 7A,FORT GAINES,GA,39851,2040,EUFAULA HWY,LOT 7A,FORT GAINES,GA,39851-2159,A,,,04/08/2020,09/18/2020,,MAILED,NO,NO,NO,,4,002,012,151,PATA,00009,,00037,144,
CLAY,01337650,WILLIAMS,JERRY,L,,321,WASHINGTON ST S, ,FORT GAINES,GA,39851-4316,410,BLUFF ST,,FORT GAINES,GA,39851-4316,A,,,09/01/2020,09/18/2020,,MAILED,NO,NO,NO,1,2,002,012,151,PATA,00005,,00013,258,
CLAY,05850100,MOODY,ROSELLE,,,402,HANCOCK ST N, ,FORT GAINES,GA,39851-3218,,PO BOX 328,,FORT GAINES,GA,39851-0032,A,,,04/14/2020,09/18/2020,,MAILED,NO,NO,NO,1,3,002,012,151,PATA,00008,,00013,79,
CLAY,01336511,HALL,ELVARIA,,,957,MOUNT CALVARY RD, ,FORT GAINES,GA,39851-4236,957,MOUNT CALVARY RD,,FORT GAINES,GA,39851-4236,A,,,05/08/2020,09/18/2020,,MAILED,NO,NO,NO,,2,002,012,151,PATA,00004,,00015,50,
CLAY,03627085,LYNN,ANNE,M,,32,LAKEVIEW DR, ,FORT GAINES,GA,39851,32,LAKEVIEW DR,,FORT GAINES,GA,39851,A,,,04/08/2020,09/18/2020,,MAILED,NO,NO,NO,,5,002,012,151,PATA,00011,,00081,229,
CLAY,01337336,YOUNG,CLEO,,JR,322,DAYS AVE, ,FORT GAINES,GA,39851-2228,322,DAYS AVE,,FORT GAINES,GA,39851-2228,A,,,05/21/2020,09/18/2020,,MAILED,NO,NO,NO,,5,002,012,151,PATA,00011,,00054,201,
CLAY,01337220,LINDSEY,JAN,G,,131,GRAVEL POINT RD, ,FORT GAINES,GA,39851-3005,131,GRAVEL POINT RD,,FORT GAINES,GA,39851-3005,A,,,04/21/2020,09/18/2020,,MAILED,NO,NO,NO,,3,002,012,151,PATA,00007,,00007,122,
CLAY,01336998,MONCRIEF,BILLY,P,,108,JACKSON STREET EXT, ,FORT GAINES,GA,39851-3122,,PO BOX 411,,FORT GAINES,GA,39851-0041,A,,,04/21/2020,09/18/2020,,MAILED,NO,NO,NO,1,3,002,012,151,PATA,00008,,00028,96,
CLAY,01337377,FERGUSON,WANDA,B,,512,COTTONHILL RD, ,FORT GAINES,GA,39851,159,DUNAHOO BEND,,FORT GAINES,GA,39851,A,,,09/02/2020,09/18/2020,,MAILED,NO,NO,NO,,4,002,012,151,PATA,00009,,00067,314,
CLAY,01337372,DAVENPORT,LINDA,D,,1111,THORNTON RD, ,MORRIS,GA,39867-3315,1111,THORNTON RD,,MORRIS,GA,39867-3315,A,,,09/02/2020,09/18/2020,,MAILED,NO,NO,NO,,4,002,012,151,PATA,00009,,00060,304,
CLAY,01337576,BROWN,THELMA,H,,437,PATAULA HEIGHTS LN, ,FORT GAINES,GA,39851-2334,437,PATAULA HEIGHTS LN,,FORT GAINES,GA,39851-2334,A,,,06/04/2020,09/18/2020,,MAILED,NO,NO,NO,,5,002,012,151,PATA,00011,,00007,154,
CLAY,04233241,POWELL,ADA,TOLBERT,,314,BLUFF ST, ,BLUFFTON,GA,39824,,PO BOX 64,,BLUFFTON,GA,39824-0006,A,,,04/08/2020,09/18/2020,,MAILED,NO,NO,NO,2,1,002,012,151,PATA,00002,,00001,5,
CLAY,00030058,MONFORT,PAMELA,MARIE,,132,GRIFFITH DR, ,FORT GAINES,GA,39851-2443,132,GRIFFITH DR,,FORT GAINES,GA,39851-2443,A,,,09/02/2020,09/18/2020,,MAILED,NO,NO,NO,,4,002,012,151,PATA,00009,,00049,290,
CLAY,01336575,PRISE,ROOSEVELT,,,311,JEFFERSON ST E, ,FORT GAINES,GA,39851-3529,311,JEFFERSON ST E,,FORT GAINES,GA,39851-3529,A,,,09/02/2020,09/18/2020,,MAILED,NO,NO,NO,1,4,002,012,151,PATA,00010,,00007,289,
CLAY,04941445,DAVENPORT,FARRAH,LAVETTE,,1111,THORNTON RD, ,MORRIS,GA,39867-3315,1111,THORNTON RD,,MORRIS,GA,39867-3315,A,,,09/02/2020,09/18/2020,,MAILED,NO,NO,NO,,4,002,012,151,PATA,00009,,00061,305,
CLAY,03479422,SMITH,ROBERT,,,500,MAC GRUDER RD, ,GEORGETOWN,GA,39854,500,MAC GRUDER RD,,GEORGETOWN,GA,39854,A,,,04/01/2020,09/18/2020,,MAILED,NO,NO,NO,,5,002,012,151,PATA,00011,,00034,181,
CLAY,01337790,HODGE,JOHN,L,,1112,THORNTON RD, ,MORRIS,GA,39867-3314,1112,THORNTON RD,,MORRIS,GA,39867-3314,A,,,09/02/2020,09/18/2020,,MAILED,NO,NO,NO,,4,002,012,151,PATA,00009,,00056,299,
CLAY,01336801,SANDS,BYRON,,,111,HABERSHAM ST W, ,FORT GAINES,GA,39851-3201,,PO BOX 305,,FORT GAINES,GA,39851-0030,A,,,09/01/2020,09/18/2020,,MAILED,NO,NO,NO,1,3,002,012,151,PATA,00008,,00034,241,
CLAY,05284956,REYNOLDS,DONALD,EUGENE,,305,JACKSON ST N, ,FORT GAINES,GA,39851-3223,,PO BOX 457,,FORT GAINES,GA,39851-0045,A,,,04/21/2020,09/18/2020,,MAILED,NO,NO,NO,1,3,002,012,151,PATA,00008,,00014,81,
CLAY,01336687,HULL,VEHESTER,,,109,ELM ST, ,FORT GAINES,GA,39851-3117,,PO BOX 600,,FORT GAINES,GA,39851-0060,A,,,04/08/2020,09/18/2020,,MAILED,NO,NO,NO,1,3,002,012,151,PATA,00008,,00009,74,
CLAY,01336606,WETHERBY,VICKIE,J,,620,HARTFORD RD E, ,FORT GAINES,GA,39851-3648,,PO BOX 128,,FORT GAINES,GA,39851-0012,A,,,04/21/2020,09/18/2020,,MAILED,NO,NO,NO,1,2,002,012,151,PATA,00005,,00001,29,
CLAY,01337625,HAWKINS,CLAUDIA,J,,1125,W BLUFFTON RD, ,FORT GAINES,GA,39851-4126,1125,W BLUFFTON RD,,FORT GAINES,GA,39851-4126,A,,,04/21/2020,09/18/2020,,MAILED,NO,NO,NO,,2,002,012,151,PATA,00004,,00020,56,
CLAY,01336778,NEVES,ELIZABETH,W,,93,GRAVEL POINT RD, ,FORT GAINES,GA,39851-3003,,PO BOX 296,,FORT GAINES,GA,39851-0029,A,,,04/21/2020,09/18/2020,,MAILED,NO,NO,NO,,3,002,012,151,PATA,00007,,00005,80,
CLAY,01337047,THOMPSON,ELIJAH,F,,805,BETHEL RD, ,FORT GAINES,GA,39851-2817,805,BETHEL RD,,FORT GAINES,GA,39851-2817,A,,,09/02/2020,09/18/2020,,MAILED,NO,NO,NO,,4,002,012,151,PATA,00009,,00046,285,
CLAY,01337470,WALKER,RONALD,,,345,DAYS AVE, ,FORT GAINES,GA,39851,345,DAYS AVE,,FORT GAINES,GA,39851,A,,,09/01/2020,09/18/2020,,MAILED,NO,NO,NO,,5,002,012,151,PATA,00011,,00087,266,
CLAY,04746809,RANDALL,WYNETTA,,,1347,EUFAULA HWY, ,MORRIS,GA,39867-3114,1347,EUFAULA HWY,,MORRIS,GA,39867-3114,A,,,04/08/2020,09/18/2020,,MAILED,NO,NO,NO,,5,002,012,151,PATA,00011,,00069,216,
CLAY,01336934,DUGAN,MICHAEL,,,1990,COTTONHILL RD, ,FORT GAINES,GA,39851-2844,1990,COTTONHILL RD,,FORT GAINES,GA,39851-2844,A,,,04/09/2020,09/18/2020,,MAILED,NO,NO,NO,,4,002,012,151,PATA,00009,,00011,111,
CLAY,00016534,BULLOCH,DEBORAH,WYNN,,15,PINTO TRL, ,FORT GAINES,GA,39851,,72242,,ALBANY,GA,31708-2242,A,,,04/08/2020,09/18/2020,,MAILED,NO,NO,NO,,5,002,012,151,PATA,00011,,00008,155,
CLAY,01961512,FULLER,WALTER,A,,110,COUNTY LINE RD, ,GEORGETOWN,GA,39854-7037,110,COUNTY LINE RD,,GEORGETOWN,GA,39854-7037,A,,,05/04/2020,09/18/2020,,MAILED,NO,NO,NO,,5,002,012,151,PATA,00011,,00002,132,
CLAY,11838070,WALKER,MERLE,MARIE,,123,COLLEGE ST, ,FORT GAINES,GA,39851,123,COLLEGE ST,,FORT GAINES,GA,39851-3322,A,,,09/02/2020,09/18/2020,,MAILED,NO,NO,NO,1,4,002,012,151,PATA,00010,,00014,315,
CLAY,01615831,BATES,AMELIA,GOOCHER,,29,LAKEPOINT DR, ,FORT GAINES,GA,39851,29,LAKEPOINT DR,,FORT GAINES,GA,39851-2439,A,,,04/08/2020,09/18/2020,,MAILED,NO,NO,NO,,4,002,012,151,PATA,00009,,00028,135,
CLAY,07804180,MCKELLER,WILLIAM,E,,48,RIVER BLUFF HTS, ,FORT GAINES,GA,39851-2105,48,RIVER BLUFF HTS,,FORT GAINES,GA,39851-2105,A,,,04/08/2020,09/18/2020,,MAILED,NO,NO,NO,,4,002,012,151,PATA,00009,,00039,146,
CLAY,01336359,LEE,ALDENE,,,227,PINE ST N, ,BLUFFTON,GA,39824-5504,,PO BOX 7,,BLUFFTON,GA,39824,A,,,04/20/2020,09/18/2020,,MAILED,NO,NO,NO,2,1,002,012,151,PATA,00002,,00007,19,
CLAY,01336321,MOSLEY,JANICE,L,,264,W FAINS HATCHERY RD, ,BLUFFTON,GA,39824-5221,264,W FAINS HATCHERY RD,,BLUFFTON,GA,39824-5221,A,,,04/21/2020,09/18/2020,,MAILED,NO,NO,NO,,1,002,012,151,PATA,00001,,00004,4,
CLAY,04698497,THORNTON,BEVERLY,J,,305,DAYS AVE, ,FORT GAINES,GA,39851-2229,305,DAYS AVE,,FORT GAINES,GA,39851-2229,A,,,09/01/2020,09/18/2020,,MAILED,NO,NO,NO,,5,002,012,151,PATA,00011,,00092,271,
CLAY,02360390,SMITH,ARLILLIAN,H,,404,JACKSON ST N, ,FORT GAINES,GA,39851-3224,,PO BOX 566,,FORT GAINES,GA,39851-0063,A,,,04/09/2020,09/18/2020,,MAILED,NO,NO,NO,1,3,002,012,151,PATA,00008,,00017,84,
CLAY,11885204,BARKER,BOBBIE,JO,,452,THORNTON RD, ,MORRIS,GA,39867,452,THORNTON RD,,MORRIS,GA,39867,A,,,04/23/2020,09/18/2020,,MAILED,NO,NO,NO,,4,002,012,151,PATA,00009,,00009,108,
CLAY,10039564,GIBSON,JALISSA,VONDELL,,264,W FAINS HATCHERY RD, ,BLUFFTON,GA,39824,PO,BOX 235,,CUTHBERT,GA,39840-0235,A,,,09/01/2020,09/18/2020,,MAILED,NO,NO,NO,,1,002,012,151,PATA,00001,,00028,254,
CLAY,05471012,CURRY,LINDA,J,,213,BROAD ST N, ,BLUFFTON,GA,39824,213,BROAD ST N,,BLUFFTON,GA,39824,A,,,09/02/2020,09/18/2020,,MAILED,NO,NO,NO,2,1,002,012,151,PATA,00002,,00011,319,
CLAY,03139182,VANDYKE,KATHY,MCMILLAN,,182,ARROWHEAD LN, ,FORT GAINES,GA,39851-2136,182,ARROWHEAD LN,,FORT GAINES,GA,39851-2136,A,,,04/21/2020,09/18/2020,,MAILED,NO,NO,NO,,5,002,012,151,PATA,00011,,00029,176,
CLAY,00666644,JONES,SAMUEL,C,,117,PATAULA SHORES CIR, ,FORT GAINES,GA,39851,117,PATAULA SHORES CIR,,FORT GAINES,GA,39851-2103,A,,,04/09/2020,09/18/2020,,MAILED,NO,NO,NO,,5,002,012,151,PATA,00011,,00041,188,
CLAY,01337730,DAVIS,BENNIE,LEE,,502,DAYS AVE, ,FORT GAINES,GA,39851,502,DAYS AVE,,FORT GAINES,GA,39851,A,,,04/09/2020,09/18/2020,,MAILED,NO,NO,NO,,5,002,012,151,PATA,00011,,00080,228,
CLAY,01337348,WALKER,WILLIE,A,,20,DOUGHTY RD, ,MORRIS,GA,39867-3005,20,DOUGHTY RD,,MORRIS,GA,39867-3005,A,,,04/21/2020,09/18/2020,,MAILED,NO,NO,NO,,5,002,012,151,PATA,00011,,00083,231,
CLAY,01336464,COLEMAN,CAROLINE,W,,122,OLD DAIRY RD, ,FORT GAINES,GA,39851-3811,,PO BOX 345,,FORT GAINES,GA,39851-0034,A,,,04/21/2020,09/18/2020,,MAILED,NO,NO,NO,,2,002,012,151,PATA,00004,,00016,51,
CLAY,04134952,FOWLER,BETTY,JEAN,,85,HIDDEN LAGOON DR, ,FORT GAINES,GA,39851,85,HIDDEN LAGOON DR,,FORT GAINES,GA,39851,A,,,04/21/2020,09/18/2020,,MAILED,NO,NO,NO,,4,002,012,151,PATA,00009,,00030,137,
CLAY,01337849,BYRD,ROBERT,L,,208,LILLY LN, ,FORT GAINES,GA,39851-3600,,PO BOX 553,,FORT GAINES,GA,39851-0055,A,,,05/13/2020,09/18/2020,,MAILED,NO,NO,NO,1,3,002,012,151,PATA,00008,,00004,67,
CLAY,01337058,THORNTON,TONY,,,204,COLLEGE ST, ,FORT GAINES,GA,39851,204,COLLEGE ST,,FORT GAINES,GA,39851,A,,,09/02/2020,09/18/2020,,MAILED,NO,NO,NO,1,4,002,012,151,PATA,00010,,00005,283,
CLAY,01337454,THOMPSON,WILLIE,F,,409,JEFFERSON ST E,UNIT 15,FORT GAINES,GA,39851-3346,409,JEFFERSON ST E,UNIT 15,FORT GAINES,GA,39851-3346,A,,,09/02/2020,09/18/2020,,MAILED,NO,NO,NO,1,4,002,012,151,PATA,00010,,00011,307,
CLAY,01337076,ALLEN,EARNEST,J,,1123,THORNTON RD, ,MORRIS,GA,39867-3315,1123,THORNTON RD,,MORRIS,GA,39867-3315,A,,,05/26/2020,09/18/2020,,MAILED,NO,NO,NO,,4,002,012,151,PATA,00009,,00002,101,
CLAY,06903323,MILLER,AUDREY,S,,201,MEADOWLINKS DR, ,FORT GAINES,GA,39851-2605,201,MEADOWLINKS DR,,FORT GAINES,GA,39851-2605,A,,,04/21/2020,09/18/2020,,MAILED,NO,NO,NO,,4,002,012,151,PATA,00009,,00051,292,
CLAY,06813161,MOORE,LOTTIE,B,,96,THORNTON RD, ,MORRIS,GA,39867-3021,96,THORNTON RD,,MORRIS,GA,39867-3021,A,,,04/21/2020,09/18/2020,,MAILED,NO,NO,NO,,4,002,012,151,PATA,00009,,00022,126,
CLAY,01336304,COLLIER,KATHY,C,,17,SWEETGUM CMNS, ,FORT GAINES,GA,39851-2210,17,SWEETGUM CMNS,,FORT GAINES,GA,39851-2210,A,,,04/09/2020,09/18/2020,,MAILED,NO,NO,NO,,5,002,012,151,PATA,00011,,00011,158,
CLAY,11838051,SHAVER,TIMOTHY,SHAWN,,82,POYA PT, ,FORT GAINES,GA,39851,82,POYA PT,,FORT GAINES,GA,39851-2303,A,,,04/08/2020,09/18/2020,,MAILED,NO,NO,NO,,5,002,012,151,PATA,00011,,00077,225,
CLAY,01336510,GRIGGS,HELEN,,,821,BLAKELY HWY, ,FORT GAINES,GA,39851,821,BLAKELY HWY,,FORT GAINES,GA,39851,A,,,05/20/2020,09/18/2020,,MAILED,NO,NO,NO,,2,002,012,151,PATA,00004,,00002,28,
CLAY,01337226,LITTLETON,LILBON,R,JR,96,CREDDLES MILL RD, ,FORT GAINES,GA,39851-2220,96,CREDDLES MILL RD,,FORT GAINES,GA,39851-2220,A,,,04/21/2020,09/18/2020,,MAILED,NO,NO,NO,,5,002,012,151,PATA,00011,,00076,224,
CLAY,00014322,SLAUGHTER,R,CARL,,219,SUNSET POINT RD, ,FORT GAINES,GA,39851-2217,219,SUNSET POINT RD,,FORT GAINES,GA,39851-2217,A,,,04/21/2020,09/18/2020,,MAILED,NO,NO,NO,,5,002,012,151,PATA,00011,,00047,194,
CLAY,01336722,HALL,ROBERT,D,JR,575,WASHINGTON ST S, ,FORT GAINES,GA,39851-4321,,PO BOX 215,,FORT GAINES,GA,39851-0021,A,,,04/21/2020,09/18/2020,,MAILED,NO,NO,NO,1,2,002,012,151,PATA,00005,,00007,44,
CLAY,01336492,FOY,LOTTIE,G,,129,BRADLEY ST, ,FORT GAINES,GA,39851-3425,,PO BOX 658,,FORT GAINES,GA,39851-0065,A,,,04/21/2020,09/18/2020,,MAILED,NO,NO,NO,,2,002,012,151,PATA,00004,,00013,47,
CLAY,01337307,WADE,MARY,L,,103,THORNTON RD, ,MORRIS,GA,39867-3023,103,THORNTON RD,,MORRIS,GA,39867-3023,A,,,05/04/2020,09/18/2020,,MAILED,NO,NO,NO,,4,002,012,151,PATA,00009,,00007,106,
CLAY,01337691,GILBERT,DEBORAH,DENISET,,341,DAYS AVE, ,FORT GAINES,GA,39851-2229,341,DAYS AVE,,FORT GAINES,GA,39851-2229,A,,,09/01/2020,09/18/2020,,MAILED,NO,NO,NO,,5,002,012,151,PATA,00011,,00097,276,
CLAY,06097965,WILLIAMS,DEBRA,DAVIS,,581,MILL POND RD, ,BLUFFTON,GA,39824,581,MILL POND RD,,BLUFFTON,GA,39824,A,,,04/21/2020,09/18/2020,,MAILED,NO,NO,NO,,1,002,012,151,PATA,00001,,00007,10,
CLAY,04627993,LITTLETON,EUGENE,,,706,EUFAULA HWY, ,FORT GAINES,GA,39851-3026,706,EUFAULA HWY,,FORT GAINES,GA,39851-3026,A,,,09/02/2020,09/18/2020,,MAILED,NO,NO,NO,,4,002,012,151,PATA,00009,,00055,297,
CLAY,08340806,STOVALL,BETTY,JEAN,,409,JEFFERSON ST E,17 C,FORT GAINES,GA,39851,409,JEFFERSON ST E,17 C,FORT GAINES,GA,39851,A,,,04/08/2020,09/18/2020,,MAILED,NO,NO,NO,1,4,002,012,151,PATA,00010,,00004,130,
CLAY,01336989,KENYON,WILLIAM,O,,310,WASHINGTON ST S, ,FORT GAINES,GA,39851-4317,,PO BOX 904,,FORT GAINES,GA,39851-0090,A,,,04/08/2020,09/18/2020,,MAILED,NO,NO,NO,1,2,002,012,151,PATA,00005,,00012,62,
CLAY,01655818,WILSON,NANCY,MAINOR,,172,SWIFT BND, ,GEORGETOWN,GA,39854-7006,172,SWIFT BND,,GEORGETOWN,GA,39854-7006,A,,,06/02/2020,09/18/2020,,MAILED,NO,NO,NO,,5,002,012,151,PATA,00011,,00033,180,
CLAY,06009855,BUTLER,RUBY,PEARL,,14,DOUGHTY RD, ,MORRIS,GA,39867-3005,14,DOUGHTY RD,,MORRIS,GA,39867-3005,A,,,04/01/2020,09/18/2020,,MAILED,NO,NO,NO,,5,002,012,151,PATA,00011,,00057,204,
CLAY,01337280,SMITH,CARRIE,A,,512,MAC GRUDER RD, ,GEORGETOWN,GA,39854,512,MAC GRUDER RD,,GEORGETOWN,GA,39854,A,,,04/08/2020,09/18/2020,,MAILED,NO,NO,NO,,5,002,012,151,PATA,00011,,00071,218,
CLAY,01336769,MASON,WILLIE,E,,408,LILLY LN, ,FORT GAINES,GA,39851-3248,,PO BOX 471,,FORT GAINES,GA,39851-0047,A,,,05/28/2020,09/18/2020,,MAILED,NO,NO,NO,1,3,002,012,151,PATA,00008,,00003,66,
CLAY,01337638,COPELAN,CAROLYN,B,,140,COUNTY LINE RD, ,GEORGETOWN,GA,39854-7037,140,COUNTY LINE RD,,GEORGETOWN,GA,39854-7037,A,,,04/21/2020,09/18/2020,,MAILED,NO,NO,NO,,5,002,012,151,PATA,00011,,00012,159,
CLAY,01337765,DAVIS,MARY,E,,406,JEFFERSON ST E, ,FORT GAINES,GA,39851-3340,,PO BOX 783,,FORT GAINES,GA,39851-0078,A,,,04/08/2020,09/18/2020,,MAILED,NO,NO,NO,1,3,002,012,151,PATA,00008,,00006,70,
CLAY,01336617,WESLEY,HENRY,J,,529,ENTERPRISE RD, ,BLUFFTON,GA,39824-5213,529,ENTERPRISE RD,,BLUFFTON,GA,39824-5213,A,,,04/21/2020,09/18/2020,,MAILED,NO,NO,NO,,1,002,012,151,PATA,00001,,00005,8,
CLAY,07204485,NEUMANN,LAURA,KAY,,203,SUNFLOWER CT, ,GEORGETOWN,GA,39854-7125,203,SUNFLOWER CT,,GEORGETOWN,GA,39854-7125,A,,,05/08/2020,09/18/2020,,MAILED,NO,NO,NO,,5,002,012,151,PATA,00011,,00018,165,
CLAY,01336491,DANIELS,SARA,J,,119,W BLUFFTON RD, ,FORT GAINES,GA,39851-4035,119,W BLUFFTON RD,,FORT GAINES,GA,39851-4035,A,,,09/01/2020,09/18/2020,,MAILED,NO,NO,NO,,2,002,012,151,PATA,00004,,00026,235,
CLAY,01337354,ADAMS,CAROL,I,,2904,EDISON HWY, ,COLEMAN,GA,39836-3131,2904,EDISON HWY,,COLEMAN,GA,39836-3131,A,,,05/04/2020,09/18/2020,,MAILED,NO,NO,NO,,1,002,012,151,PATA,00001,,00008,12,
CLAY,04565425,WESLEY,CHRISTOPHER,,,71,HIDDEN LAGOON DR, ,FORT GAINES,GA,39851,71,HIDDEN LAGOON DR,,FORT GAINES,GA,39851,A,,,09/02/2020,09/18/2020,,MAILED,NO,NO,NO,,4,002,012,151,PATA,00009,,00064,309,
CLAY,01337059,TIM,JERRY,,,416,BLUFF ST N, ,FORT GAINES,GA,39851-3244,,PO BOX 515,,FORT GAINES,GA,39851-0051,A,,,04/08/2020,09/18/2020,,MAILED,NO,NO,NO,1,3,002,012,151,PATA,00008,,00020,87,
CLAY,01336448,BUCK,CHARLES,E,,204,ELM ST, ,FORT GAINES,GA,39851-3120,,PO BOX 773,,FORT GAINES,GA,39851-0077,A,,,06/01/2020,09/18/2020,,MAILED,NO,NO,NO,1,3,002,012,151,PATA,00008,,00001,63,
CLAY,01336292,BROOKS,BOBBY,,,265,ENTERPRISE RD, ,EDISON,GA,39846-8316,265,ENTERPRISE RD,,EDISON,GA,39846-8316,A,,,04/10/2020,09/18/2020,,MAILED,NO,NO,NO,,1,002,012,151,PATA,00001,,00009,13,
CLAY,01337162,GILBERT,JOHNNY,C,,2530,EUFAULA HWY, ,GEORGETOWN,GA,39854-7027,2530,EUFAULA HWY,,GEORGETOWN,GA,39854-7027,A,,,09/01/2020,09/18/2020,,MAILED,NO,NO,NO,,5,002,012,151,PATA,00011,,00099,278,
CLAY,01336478,DAVIS,WILLIE,F,,24,PIPKIN HILL RD, ,FORT GAINES,GA,39851-3401,24,PIPKIN HILL RD,,FORT GAINES,GA,39851-3401,A,,,09/01/2020,09/18/2020,,MAILED,NO,NO,NO,,2,002,012,151,PATA,00004,,00028,237,
CLAY,12238843,NICHOLSON,BERRY,DEYVONE,,2000,COTTONHILL RD, ,FORT GAINES,GA,39851,2000,COTTONHILL RD,,FORT GAINES,GA,39851-2845,A,,,04/28/2020,09/18/2020,,MAILED,NO,NO,NO,,4,002,012,151,PATA,00009,,00042,149,
CLAY,05210160,PUTNAL,AUDREY,JOAN,,191,SUNSET POINT RD, ,FORT GAINES,GA,39851-2215,191,SUNSET POINT RD,,FORT GAINES,GA,39851-2215,A,,,04/23/2020,09/18/2020,,MAILED,NO,NO,NO,,5,002,012,151,PATA,00011,,00020,167,
CLAY,01337066,WILLIAMS,AMMIE,F,,48,MOUNT ZION RD, ,FORT GAINES,GA,39851-3042,,PO BOX 745,,FORT GAINES,GA,39851-0074,A,,,09/02/2020,09/18/2020,,MAILED,NO,NO,NO,1,4,002,012,151,PATA,00010,,00012,311,
CLAY,01337863,DANIELS,JERRY,L,,119,W BLUFFTON RD, ,FORT GAINES,GA,39851-4035,119,W BLUFFTON RD,,FORT GAINES,GA,39851-4035,A,,,09/01/2020,09/18/2020,,MAILED,NO,NO,NO,,2,002,012,151,PATA,00004,,00027,236,
CLAY,01336479,DAWKINS,CORRINE,M,,892,MARTIN LUTHER KING BLVD, ,FORT GAINES,GA,39851-3436,892,MARTIN LUTHER KING ,,FORT GAINES,GA,39851-3436,A,,,06/03/2020,,,MAILED,NO,NO,NO,,2,002,012,151,PATA,00004,,,,
CLAY,01337408,YOUNG,BEVERLY,JEAN,,47,DOUGHTY RD, ,MORRIS,GA,39867,47,DOUGHTY RD,,MORRIS,GA,39867,A,,,04/21/2020,09/18/2020,,MAILED,NO,NO,NO,,5,002,012,151,PATA,00011,,00073,220,
CLAY,01337056,THOMPSON,WILLIE,V,,805,BETHEL RD, ,FORT GAINES,GA,39851-2817,805,BETHEL RD,,FORT GAINES,GA,39851-2817,A,,,09/02/2020,09/18/2020,,MAILED,NO,NO,NO,,4,002,012,151,PATA,00009,,00045,284,
CLAY,01336935,DUGAN,SANDRA,J,,1990,COTTONHILL RD, ,FORT GAINES,GA,39851-2844,1990,COTTONHILL RD,,FORT GAINES,GA,39851-2844,A,,,04/09/2020,09/18/2020,,MAILED,NO,NO,NO,,4,002,012,151,PATA,00009,,00032,139,
CLAY,01336586,SANDERS,JOHN,C,JR,244,TOWER RD, ,FORT GAINES,GA,39851-3734,244,TOWER RD,,FORT GAINES,GA,39851-3734,A,,,04/08/2020,09/18/2020,,MAILED,NO,NO,NO,,1,002,012,151,PATA,00001,,00015,22,
CLAY,01336529,JOHNSON,ARTHUR,J,,890,MARTIN LUTHER KING BLVD, ,FORT GAINES,GA,39851-3436,,PO BOX 304,,FORT GAINES,GA,39851-0030,A,,,04/09/2020,09/18/2020,,MAILED,NO,NO,NO,,2,002,012,151,PATA,00004,,00007,39,
CLAY,00238542,CHAFFIN,RUBY,BELL,,23,ASBURY SPEIGHT RD, ,FORT GAINES,GA,39851,,PO BOX 413,,FORT GAINES,GA,39851-0413,A,,,09/01/2020,09/18/2020,,MAILED,NO,NO,NO,,2,002,012,151,PATA,00004,,00030,262,
CLAY,07542563,THORNTON,KENDALL,GERARD,,300,DAYS AVE, ,FORT GAINES,GA,39851-2228,300,DAYS AVE,,FORT GAINES,GA,39851-2228,A,,,09/01/2020,09/18/2020,,MAILED,NO,NO,NO,,5,002,012,151,PATA,00011,,00090,269,
CLAY,07804154,MCKELLER,SANDRA,L,,48,RIVER BLUFF HTS, ,FORT GAINES,GA,39851-2105,48,RIVER BLUFF HTS,,FORT GAINES,GA,39851-2105,A,,,04/08/2020,09/18/2020,,MAILED,NO,NO,NO,,4,002,012,151,PATA,00009,,00040,147,
CLAY,11479571,RHODES,SUSIE,,,204,JACKSON ST N, ,FORT GAINES,GA,39851,,PO BOX 206,,FORT GAINES,GA,39851,A,,,04/07/2020,09/18/2020,,MAILED,NO,NO,NO,1,3,002,012,151,PATA,00008,,00027,95,
CLAY,01337358,GLASS,LARRY,M,JR,302,HANCOCK ST N, ,FORT GAINES,GA,39851-3214,302,HANCOCK ST N,,FORT GAINES,GA,39851-3214,A,,,04/08/2020,09/18/2020,,MAILED,NO,NO,NO,1,3,002,012,151,PATA,00008,,00008,72,
CLAY,00016178,WILLS,JANET,WHEELER,,25,MOCCASIN LN, ,FORT GAINES,GA,39851-2122,25,MOCCASIN LN,,FORT GAINES,GA,39851-2122,A,,,04/08/2020,09/18/2020,,MAILED,NO,NO,NO,,5,002,012,151,PATA,00011,,00032,179,
CLAY,02767982,SMITH,SHARON,M,,14,LAKEVIEW DR, ,FORT GAINES,GA,39851-2307,14,LAKEVIEW DR,,FORT GAINES,GA,39851-2307,A,,,05/11/2020,09/18/2020,,MAILED,NO,NO,NO,,5,002,012,151,PATA,00011,,00026,173,
CLAY,01336397,SISSON,JAMES,D,,228,VILULAH RD, ,COLEMAN,GA,39836-3211,228,VILULAH RD,,COLEMAN,GA,39836-3211,A,,,04/21/2020,09/18/2020,,MAILED,NO,NO,NO,,1,002,012,151,PATA,00001,,00018,25,
CLAY,00032101,GILBERT,RICHARD,LEE,,140,GRIFFITH DR, ,FORT GAINES,GA,39851-2443,140,GRIFFITH DR,,FORT GAINES,GA,39851-2443,A,,,04/08/2020,09/18/2020,,MAILED,NO,NO,NO,,4,002,012,151,PATA,00009,,00013,114,
CLAY,01336344,INGRAM,J,T,,24362,US HIGHWAY 27, ,EDISON,GA,39846-8332,24362,US HIGHWAY 27,,EDISON,GA,39846-8332,A,,,03/20/2020,09/18/2020,,MAILED,NO,NO,NO,,1,002,012,151,PATA,00001,,00011,17,
CLAY,01336386,POWELL,LEROY,,JR,314,BLUFF ST, ,BLUFFTON,GA,39824-5525,,PO BOX 64,,BLUFFTON,GA,39824-0006,A,,,04/08/2020,09/18/2020,,MAILED,NO,NO,NO,2,1,002,012,151,PATA,00002,,00008,32,
CLAY,07055280,GILBERT,EARTHA,LENE,,37,GILBERTVILLE RD, ,FORT GAINES,GA,39851-2250,37,GILBERTVILLE RD,,FORT GAINES,GA,39851-2250,A,,,04/14/2020,09/18/2020,,MAILED,NO,NO,NO,,5,002,012,151,PATA,00011,,00070,217,
CLAY,03281264,JONES,MARILYN,,,145,SUNFLOWER CT, ,GEORGETOWN,GA,39854,145,SUNFLOWER CT,,GEORGETOWN,GA,39854,A,,,05/08/2020,09/18/2020,,MAILED,NO,NO,NO,,5,002,012,151,PATA,00011,,00017,164,
CLAY,06017364,SPIRES,TERESA,ANN,,120,ENTERPRISE RD, ,EDISON,GA,39846-8402,120,ENTERPRISE RD,,EDISON,GA,39846-8402,A,,,09/01/2020,09/18/2020,,MAILED,NO,NO,NO,,1,002,012,151,PATA,00001,,00021,247,
CLAY,06809123,GILBERT,THERESA,,,345,DAYS AVE, ,FORT GAINES,GA,39851,345,DAYS AVE,,FORT GAINES,GA,39851,A,,,09/01/2020,09/18/2020,,MAILED,NO,NO,NO,,5,002,012,151,PATA,00011,,00096,275,
CLAY,02115357,SUMPTER,KENNETH,M,,402,HANCOCK ST N, ,FORT GAINES,GA,39851-3218,,PO BOX 417,,FORT GAINES,GA,39851-0041,A,,,04/21/2020,09/18/2020,,MAILED,NO,NO,NO,1,3,002,012,151,PATA,00008,,00019,86,
CLAY,01336791,REYNOLDS,EFFIE,L,,305,JACKSON ST N, ,FORT GAINES,GA,39851-3223,,PO BOX 457,,FORT GAINES,GA,39851-0045,A,,,04/21/2020,09/18/2020,,MAILED,NO,NO,NO,1,3,002,012,151,PATA,00008,,00015,82,
CLAY,01336401,STAIB,ANN,M,,111,PINE ST N, ,BLUFFTON,GA,39824-5546,111,PINE ST N,,BLUFFTON,GA,39824-5546,A,,,04/21/2020,09/18/2020,,MAILED,NO,NO,NO,2,1,002,012,151,PATA,00002,,00002,6,
CLAY,07178146,POPE,KAY,TODD,,325,WASHINGTON ST S, ,FORT GAINES,GA,39851-4316,,PO BOX 97,,FORT GAINES,GA,39851-0009,A,,,04/21/2020,09/18/2020,,MAILED,NO,NO,NO,1,2,002,012,151,PATA,00005,,00003,33,
CLAY,01337127,DAVIS,ROSIE,L,,21,BULLDOG BND, ,FORT GAINES,GA,39851-2208,21,BULLDOG BND,,FORT GAINES,GA,39851-2208,A,,,03/11/2020,09/18/2020,,MAILED,NO,NO,NO,,5,002,012,151,PATA,00011,,00060,207,
CLAY,04818127,DULMAGE,MELINDA,COUEY,,364,JENNY LYNN LN, ,GEORGETOWN,GA,39854,364,JENNY LYNN LN,,GEORGETOWN,GA,39854-7102,A,,,04/08/2020,09/18/2020,,MAILED,NO,NO,NO,,5,002,012,151,PATA,00011,,00037,184,
CLAY,01337099,BROWN,MOZELL,,,5,FALCON LN, ,FORT GAINES,GA,39851-3006,5,FALCON LN,,FORT GAINES,GA,39851-3006,A,,,05/04/2020,09/18/2020,,MAILED,NO,NO,NO,,3,002,012,151,PATA,00007,,00002,68,
CLAY,02715665,PATRICK,JERRY,PHILLIP,,3,AZALEA TRCE, ,GEORGETOWN,GA,39854-7112,3,AZALEA TRCE,,GEORGETOWN,GA,39854-7112,A,,,04/21/2020,09/18/2020,,MAILED,NO,NO,NO,,5,002,012,151,PATA,00011,,00050,197,
CLAY,01336701,FOY,BOBBY,JEAN,,507,JEFFERSON ST E, ,FORT GAINES,GA,39851-3344,,PO BOX 762,,FORT GAINES,GA,39851-0076,A,,,04/07/2020,09/18/2020,,MAILED,NO,NO,NO,1,4,002,012,151,PATA,00010,,00002,112,
CLAY,01337626,HAWKINS,JAMES,C,,1125,W BLUFFTON RD, ,FORT GAINES,GA,39851-4126,1125,W BLUFFTON RD,,FORT GAINES,GA,39851-4126,A,,,04/21/2020,09/18/2020,,MAILED,NO,NO,NO,,2,002,012,151,PATA,00004,,00019,55,
CLAY,01337116,DANIELS,LULA,B,,40,DRAKE SPRING RD, ,FORT GAINES,GA,39851-2207,40,DRAKE SPRING RD,,FORT GAINES,GA,39851-2207,A,,,04/21/2020,09/18/2020,,MAILED,NO,NO,NO,,5,002,012,151,PATA,00011,,00075,222,
CLAY,00016181,WILLS,PHILLIP,B,,25,MOCCASIN LN, ,FORT GAINES,GA,39851-2122,25,MOCCASIN LN,,FORT GAINES,GA,39851-2122,A,,,05/19/2020,09/18/2020,,MAILED,NO,NO,NO,,5,002,012,151,PATA,00011,,00067,214,
CLAY,01336563,MILLS,BETTY,K,,290,BLAKELY HWY, ,FORT GAINES,GA,39851-4203,290,BLAKELY HWY,,FORT GAINES,GA,39851-4203,A,,,04/21/2020,09/18/2020,,MAILED,NO,NO,NO,,2,002,012,151,PATA,00004,,00022,58,
CLAY,07179701,MONTOYA,ORPHA,JANE,,330,JENNY LYNN LN, ,GEORGETOWN,GA,39854-7102,,PO BOX 477,,GEORGETOWN,GA,39854-0047,A,,,09/01/2020,09/18/2020,,MAILED,NO,NO,NO,,5,002,012,151,PATA,00011,,00095,274,
CLAY,03607403,KRINKE,KATHRYN,MARTIN,,2040,EUFAULA HWY, ,FORT GAINES,GA,39851,2040,EUFAULA HWY,,FORT GAINES,GA,39851,A,,,04/08/2020,09/18/2020,,MAILED,NO,NO,NO,,4,002,012,151,PATA,00009,,00036,143,
CLAY,01337283,SMITH,ERLINE,,,484,MAC GRUDER RD, ,GEORGETOWN,GA,39854,484,MAC GRUDER RD,,GEORGETOWN,GA,39854,A,,,04/01/2020,09/18/2020,,MAILED,NO,NO,NO,,5,002,012,151,PATA,00011,,00082,230,
CLAY,01337833,WILLIAMS,THELMA,P,,1373,EUFAULA HWY, ,MORRIS,GA,39867-3115,,PO BOX 784,,FORT GAINES,GA,39851-0078,A,,,04/27/2020,09/18/2020,,MAILED,NO,NO,NO,,5,002,012,151,PATA,00011,,00056,203,
CLAY,01337053,THOMPSON,NETTYE,R,,848,BETHEL RD, ,FORT GAINES,GA,39851-2816,848,BETHEL RD,,FORT GAINES,GA,39851-2816,A,,,04/21/2020,09/18/2020,,MAILED,NO,NO,NO,,4,002,012,151,PATA,00009,,00008,107,
CLAY,01337114,CROZIER,SHIRLEY,,,49,FAIR RD, ,MORRIS,GA,39867-3102,49,FAIR RD,,MORRIS,GA,39867-3102,A,,,09/02/2020,09/18/2020,,MAILED,NO,NO,NO,,4,002,012,151,PATA,00009,,00066,313,
CLAY,01336576,PRISE,ROSIE,J,,719,COMMERCE ST E, ,FORT GAINES,GA,39851-3451,719,COMMERCE ST E,,FORT GAINES,GA,39851-3451,A,,,04/14/2020,09/18/2020,,MAILED,NO,NO,NO,,4,002,012,151,PATA,00009,,00024,128,
CLAY,10039576,SPELTS,THOMAS,HUEY,JR,209,PINE ST S, ,BLUFFTON,GA,39824,209,PINE ST S,,BLUFFTON,GA,39824-5535,A,,,05/26/2020,09/18/2020,,MAILED,NO,NO,NO,2,1,002,012,151,PATA,00002,,00004,11,
CLAY,03094269,JOHNSON,KENNETH,EDMOND,,110,LAKEVIEW DR, ,FORT GAINES,GA,39851,110,LAKEVIEW DR,,FORT GAINES,GA,39851-2309,A,,,04/21/2020,09/18/2020,,MAILED,NO,NO,NO,,5,002,012,151,PATA,00011,,00042,189,
CLAY,05479435,WATERS,BARRY,PHILIP,,101,TROUPE ST S, ,FORT GAINES,GA,39851-3550,,114 WILLOE AVE,,HEMPSTEAD,NY,11550,A,,,04/21/2020,09/18/2020,,MAILED,NO,NO,NO,1,3,002,012,151,PATA,00008,,00021,88,
CLAY,03458687,WILLIAMS,DELORIS,PARKMAN,,863,EUFAULA HWY, ,FORT GAINES,GA,39851-3046,,PO BOX 466,,FORT GAINES,GA,39851-0046,A,,,04/09/2020,09/18/2020,,MAILED,NO,NO,NO,,4,002,012,151,PATA,00009,,00026,131,
CLAY,04695450,DUCHAINE,KENT,ROY,,196,ARROWHEAD LN, ,FORT GAINES,GA,39851-2136,196,ARROWHEAD LN,,FORT GAINES,GA,39851-2136,A,,,04/20/2020,09/18/2020,,MAILED,NO,NO,NO,,5,002,012,151,PATA,00011,,00061,208,
CLAY,01670678,GARNETT,HELEN,MARIE,,230,JENNY LYNN LN, ,GEORGETOWN,GA,39854-7217,230,JENNY LYNN LN,,GEORGETOWN,GA,39854-7217,A,,,04/21/2020,09/18/2020,,MAILED,NO,NO,NO,,5,002,012,151,PATA,00011,,00014,161,
CLAY,08745441,STEFANSKI,CAROLYN,DERTON,,141,MOUNT ZION CHURCH RD, ,GEORGETOWN,GA,39854,141,MOUNT ZION CHURCH RD,,GEORGETOWN,GA,39854-7203,A,,,09/02/2020,09/18/2020,,MAILED,NO,NO,NO,,4,002,012,151,PATA,00009,,00048,287,
CLAY,04096258,HEARD,SHEWANDA,SHATIA,,273,GARNERSVILLE RD, ,MORRIS,GA,39867-3325,273,GARNERSVILLE RD,,MORRIS,GA,39867-3325,A,,,09/02/2020,09/18/2020,,MAILED,NO,NO,NO,,4,002,012,151,PATA,00009,,00057,300,
CLAY,01337326,WILLIAMS,GLORIA,D,,2536,EUFAULA HWY, ,GEORGETOWN,GA,39854,2536,EUFAULA HWY,,GEORGETOWN,GA,39854,A,,,04/21/2020,09/18/2020,,MAILED,NO,NO,NO,,5,002,012,151,PATA,00011,,00072,219,
CLAY,11837671,POPE,KIRK,KYLE,,137,GRAVEL POINT RD, ,FORT GAINES,GA,39851,137,GRAVEL POINT RD,,FORT GAINES,GA,39851,A,,,04/21/2020,09/18/2020,,MAILED,NO,NO,NO,,3,002,012,151,PATA,00007,,00006,94,
CLAY,00027309,SHAPARD,JOHN,THOMAS,,31,GOPHER RIDGE PKWY, ,FORT GAINES,GA,39851,31,GOPHER RIDGE PKWY,,FORT GAINES,GA,39851,A,,,04/21/2020,09/18/2020,,MAILED,NO,NO,NO,,5,002,012,151,PATA,00011,,00045,192,
CLAY,01336457,INGRAM,ELDORA,D,,854,MARTIN LUTHER KING BLVD, ,FORT GAINES,GA,39851-3436,854,MARTIN LUTHER KING,,FORT GAINES,GA,39851,A,,,04/08/2020,09/18/2020,,MAILED,NO,NO,NO,,2,002,012,151,PATA,00004,,00010,42,
CLAY,01337233,MCCOY,WILLIE,H,,870,DAYS AVE, ,MORRIS,GA,39867-3128,870,DAYS AVE,,MORRIS,GA,39867-3128,A,,,04/21/2020,09/18/2020,,MAILED,NO,NO,NO,,4,002,012,151,PATA,00009,,00021,125,
CLAY,08369573,MOORE,GENNET,,,24251,US HIGHWAY 27, ,EDISON,GA,39846-8330,24251,US HIGHWAY 27,,EDISON,GA,39846-8330,A,,,09/02/2020,,,MAILED,NO,NO,NO,,1,002,012,151,PATA,00001,,,321,
CLAY,01337438,BERTRAND,JENNIFER,N,,1009,CLAY TRL, ,MORRIS,GA,39867-3217,1009,CLAY TRL,,MORRIS,GA,39867-3217,A,,,04/22/2020,09/18/2020,,MAILED,NO,NO,NO,,4,002,012,151,PATA,00009,,00010,109,
CLAY,02719830,LITTLETON,SALITA,A,,202,COLLEGE ST, ,FORT GAINES,GA,39851-3323,202,COLLEGE ST,,FORT GAINES,GA,39851-3323,A,,,09/02/2020,09/18/2020,,MAILED,NO,NO,NO,1,4,002,012,151,PATA,00010,,00008,294,
CLAY,01337303,THORNTON,CLEO,,JR,300,DAYS AVE, ,FORT GAINES,GA,39851-2228,300,DAYS AVE,,FORT GAINES,GA,39851-2228,A,,,09/01/2020,09/18/2020,,MAILED,NO,NO,NO,,5,002,012,151,PATA,00011,,00091,270,
CLAY,04627994,HARRELL,JIMMIE,ANN,,646,MILL POND RD, ,BLUFFTON,GA,39824-5321,646,MILL POND RD,,BLUFFTON,GA,39824-5321,A,,,05/01/2020,09/18/2020,,MAILED,NO,NO,NO,,1,002,012,151,PATA,00001,,00002,2,
CLAY,01337165,GILBERT,ROBERT,L,,37,GILBERTVILLE RD, ,FORT GAINES,GA,39851-2250,37,GILBERTVILLE RD,,FORT GAINES,GA,39851-2250,A,,,04/15/2020,09/18/2020,,MAILED,NO,NO,NO,,5,002,012,151,PATA,00011,,00062,209,
CLAY,00018695,HUGGINS,ROBERT,JERRY,,81,DOCKS HOOK LN, ,GEORGETOWN,GA,39854-7132,81,DOCKS HOOK LN,,GEORGETOWN,GA,39854-7132,A,,,04/21/2020,09/18/2020,,MAILED,NO,NO,NO,,5,002,012,151,PATA,00011,,00015,162,
CLAY,01336340,HUBBARD,CURTIS,L,JR,204,BROAD ST N, ,BLUFFTON,GA,39824-5541,,PO BOX 68,,BLUFFTON,GA,39824-0006,A,,,04/21/2020,09/18/2020,,MAILED,NO,NO,NO,2,1,002,012,151,PATA,00002,,00005,14,
CLAY,01337143,FAISON,CAROLYN,L,,304,OLD CEDAR RD, ,FORT GAINES,GA,39851-2706,304,OLD CEDAR RD,,FORT GAINES,GA,39851-2706,A,,,09/02/2020,09/18/2020,,MAILED,NO,NO,NO,,4,002,012,151,PATA,00009,,00059,302,
CLAY,01337229,MCCOY,MABEL,,,1009,CLAY TRL, ,MORRIS,GA,39867-3217,1009,CLAY TRL,,MORRIS,GA,39867-3217,A,,,04/27/2020,09/18/2020,,MAILED,NO,NO,NO,,4,002,012,151,PATA,00009,,00038,145,
CLAY,04440854,KINSELL,KAREN,SUE,,201,JEFFERSON ST W, ,FORT GAINES,GA,39851-3533,,PO BOX 281,,FORT GAINES,GA,39851-0028,A,,,09/07/2020,,,MAILED,NO,NO,NO,1,3,002,012,151,PATA,00008,,,,
CLAY,01337681,POWELL,RUTH,D,,720,COTTONHILL RD, ,FORT GAINES,GA,39851-2741,720,COTTONHILL RD,,FORT GAINES,GA,39851-2741,A,,,04/21/2020,09/18/2020,,MAILED,NO,NO,NO,,4,002,012,151,PATA,00009,,00023,127,
CLAY,04962418,LITTLETON,KIM,LEAH,,706,EUFAULA HWY, ,FORT GAINES,GA,39851,706,EUFAULA HWY,,FORT GAINES,GA,39851-3026,A,,,09/02/2020,09/18/2020,,MAILED,NO,NO,NO,,4,002,012,151,PATA,00009,,00053,295,
CLAY,10916751,JACKSON,ADREONNA,MONIQUE,,231,HANCOCK ST S,C7,FORT GAINES,GA,39851,231,HANCOCK ST S,C7,FORT GAINES,GA,39851,A,,,09/01/2020,09/18/2020,,MAILED,NO,NO,NO,1,2,002,012,151,PATA,00005,,00014,260,
CLAY,03744203,CHILDS,CARL,ESPY,JR,76,LAKEVIEW DR, ,FORT GAINES,GA,39851-2307,76,LAKEVIEW DR,,FORT GAINES,GA,39851-2307,A,,,04/09/2020,09/18/2020,,MAILED,NO,NO,NO,,5,002,012,151,PATA,00011,,00035,182,
CLAY,04673294,MURPHY,MARGIE,HAMPTON,,204,PEBBLE SHORES DR, ,GEORGETOWN,GA,39854-7014,204,PEBBLE SHORES DR,,GEORGETOWN,GA,39854-7014,A,,,04/21/2020,09/18/2020,,MAILED,NO,NO,NO,,5,002,012,151,PATA,00011,,00052,199,
CLAY,01337120,DAVIS,CAROLYN,SUE,,117,DOUGHTY RD, ,MORRIS,GA,39867-3008,,PO BOX 674,,FORT GAINES,GA,39851-0067,A,,,09/01/2020,09/18/2020,,MAILED,NO,NO,NO,,5,002,012,151,PATA,00011,,00098,277,
CLAY,08199099,MCGLOWN,BROSTON,MERE,,414,LILLY LN, ,FORT GAINES,GA,39851-3248,,PO BOX 717,,FORT GAINES,GA,39851-0071,A,,,04/21/2020,09/18/2020,,MAILED,NO,NO,NO,1,3,002,012,151,PATA,00008,,00012,78,
CLAY,01614175,MIDDLETON,SHIRLEY,RAMELLE,,39,PATAULA HEIGHTS LN, ,FORT GAINES,GA,39851,39,PATAULA SHORES CIR,,FORT GAINES,GA,39851-2100,A,,,05/18/2020,09/18/2020,,MAILED,NO,NO,NO,,5,002,012,151,PATA,00011,,00006,153,
CLAY,11838046,SHAVER,SHARON,ANN HAMLIN,,82,POYA PT, ,FORT GAINES,GA,39851,82,POYA PT,,FORT GAINES,GA,39851-2303,A,,,05/21/2020,09/18/2020,,MAILED,NO,NO,NO,,5,002,012,151,PATA,00011,,00023,170,
CLAY,12328963,RODENBROCK,ROY,WILLIAM,,6,HILLTOP LN, ,FORT GAINES,GA,39851,6,HILLTOP LN,,FORT GAINES,GA,39851-9700,A,,,04/21/2020,09/18/2020,,MAILED,NO,NO,NO,1,2,002,012,151,PATA,00005,,00010,59,
CLAY,04414305,LITTLETON,ARWIN,,SR,202,COLLEGE ST, ,FORT GAINES,GA,39851-3323,202,COLLEGE ST,,FORT GAINES,GA,39851-3323,A,,,09/02/2020,09/18/2020,,MAILED,NO,NO,NO,1,4,002,012,151,PATA,00010,,00009,298,
CLAY,01337301,THORNTON,YOLANDA,Y,,300,DAYS AVE, ,FORT GAINES,GA,39851-2228,300,DAYS AVE,,FORT GAINES,GA,39851-2228,A,,,09/01/2020,09/18/2020,,MAILED,NO,NO,NO,,5,002,012,151,PATA,00011,,00088,267,
CLAY,11452748,WILLIAMS,WILLIE,,,123,TROUPE STREET EXT, ,FORT GAINES,GA,39851,123,TROUPE STREET EXT,,FORT GAINES,GA,39851,A,,,04/21/2020,09/18/2020,,MAILED,NO,NO,NO,1,3,002,012,151,PATA,00008,,00022,89,
CLAY,01336530,JOHNSON,ELIZABETH,V,,890,MARTIN LUTHER KING BLVD, ,FORT GAINES,GA,39851-3436,,PO BOX 304,,FORT GAINES,GA,39851-0030,A,,,04/09/2020,09/18/2020,,MAILED,NO,NO,NO,,2,002,012,151,PATA,00004,,00006,38,
CLAY,05807038,JOHNS,MINNIE,M,,387,FAINS HATCHERY RD, ,EDISON,GA,39846,387,FAINS HATCHERY RD,,EDISON,GA,39846,A,,,09/01/2020,09/18/2020,,MAILED,NO,NO,NO,,1,002,012,151,PATA,00001,,00026,252,
CLAY,01336958,HARTLEY,JACKIE,P,,237,COTTONHILL RD, ,FORT GAINES,GA,39851-2617,237,COTTONHILL RD,,FORT GAINES,GA,39851-2617,A,,,04/21/2020,09/18/2020,,MAILED,NO,NO,NO,,4,002,012,151,PATA,00009,,00035,142,
CLAY,02718613,SMITH,PINKIE,MAE,,120,ENTERPRISE RD, ,EDISON,GA,39846,120,ENTERPRISE RD,,EDISON,GA,39846,A,,,09/01/2020,09/18/2020,,MAILED,NO,NO,NO,,1,002,012,151,PATA,00001,,00022,248,
CLAY,12568950,FOSTER,VALERIE,,,231,HANCOCK ST S,B1,FORT GAINES,GA,39851,231,HANCOCK ST S,B1,FORT GAINES,GA,39851,A,,,09/02/2020,09/18/2020,,MAILED,NO,NO,NO,1,2,002,012,151,PATA,00005,,00015,318,
CLAY,01336322,HARRIS,JOYCE,G,,260,W FAINS HATCHERY RD, ,BLUFFTON,GA,39824-5221,260,W FAINS HATCHERY RD,,BLUFFTON,GA,39824-5221,A,,,04/08/2020,,,MAILED,NO,NO,NO,,1,002,012,151,PATA,00001,,,,
CLAY,01336780,NEVES,ROY,F,JR,93,GRAVEL POINT RD, ,FORT GAINES,GA,39851-3003,,PO BOX 296,,FORT GAINES,GA,39851-0029,A,,,05/29/2020,09/18/2020,,MAILED,NO,NO,NO,,3,002,012,151,PATA,00007,,00001,65,
CLAY,01336543,KING,EILENE,M,,193,BLAKELY HWY, ,FORT GAINES,GA,39851-4201,193,BLAKELY HWY,,FORT GAINES,GA,39851-4201,A,,,04/08/2020,09/18/2020,,MAILED,NO,NO,NO,,2,002,012,151,PATA,00004,,00021,57,
CLAY,01336782,PATE,GLORIA,,,310,JEFFERSON ST E, ,FORT GAINES,GA,39851-3528,,PO BOX 427,,FORT GAINES,GA,39851-0042,A,,,04/09/2020,09/18/2020,,MAILED,NO,NO,NO,1,3,002,012,151,PATA,00008,,00031,99,
CLAY,01337696,WESLEY,NANITA,JACKSON,,71,HIDDEN LAGOON DR, ,FORT GAINES,GA,39851-2432,71,HIDDEN LAGOON DR,,FORT GAINES,GA,39851-2432,A,,,09/02/2020,09/18/2020,,MAILED,NO,NO,NO,,4,002,012,151,PATA,00009,,00065,310,
CLAY,07319323,WILLIAMS,MARVIN,ALBERT,,581,MILL POND RD, ,BLUFFTON,GA,39824-5320,521,MILL POND RD,,BLUFFTON,GA,39824-5320,A,,,05/18/2020,09/18/2020,,MAILED,NO,NO,NO,,1,002,012,151,PATA,00001,,00006,9,
CLAY,00031829,PICHELMAYER,BETTINA,L PICHELMAYER,,223,PATAULA HEIGHTS LN, ,FORT GAINES,GA,39851,223,PATAULA HEIGHTS LN,,FORT GAINES,GA,39851,A,,,09/01/2020,09/18/2020,,MAILED,NO,NO,NO,,5,002,012,151,PATA,00011,,00101,280,
CLAY,11365844,MONTOYA,THOMAS,,,330,JENNY LYNN LN, ,GEORGETOWN,GA,39854,PO BOX,477,,GEORGETOWN,GA,39854,A,,,09/01/2020,09/18/2020,,MAILED,NO,NO,NO,,5,002,012,151,PATA,00011,,00094,273,
CLAY,00018160,SEDBERRY,SONJA,DAVIS,,82,PATAULA SHORES CIR, ,FORT GAINES,GA,39851,82,PATAULA SHORES CIR,,FORT GAINES,GA,39851,A,,,04/09/2020,09/18/2020,,MAILED,NO,NO,NO,,5,002,012,151,PATA,00011,,00022,169,
CLAY,01337607,MALLARD,SHIRLEY,J,,124,NEW PARK RD, ,FORT GAINES,GA,39851-4300,124,NEW PARK RD,,FORT GAINES,GA,39851-4300,A,,,04/08/2020,09/18/2020,,MAILED,NO,NO,NO,1,2,002,012,151,PATA,00005,,00004,35,
CLAY,01336475,DAVIS,RETHEL,,,24,PIPKIN HILL RD, ,FORT GAINES,GA,39851-3401,23,PIPKIN HILL RD,,FORT GAINES,GA,39851-0044,A,,,03/10/2020,09/18/2020,,MAILED,NO,NO,NO,,2,002,012,151,PATA,00004,,00014,49,
CLAY,04985868,JENKINS,FRANKLYN,,,417,JACKSON ST N, ,FORT GAINES,GA,39851-3225,417,JACKSON ST N,,FORT GAINES,GA,39851-3225,A,,,03/10/2020,,,MAILED,NO,NO,NO,1,3,002,012,151,PATA,00008,,,,
CLAY,01337277,SELLERS,JOYCE,,,13,PATAULA HEIGHTS LN, ,FORT GAINES,GA,39851-2325,13,PATAULA HEIGHTS LN,,FORT GAINES,GA,39851-2325,A,,,04/20/2020,09/18/2020,,MAILED,NO,NO,NO,,5,002,012,151,PATA,00011,,00043,190,
CLAY,04458647,SHAW,ROBERT,JAMES,,405,JACKSON ST N, ,FORT GAINES,GA,39851-3225,,PO BOX 489,,FORT GAINES,GA,39851-0048,A,,,04/21/2020,09/18/2020,,MAILED,NO,NO,NO,1,3,002,012,151,PATA,00008,,00016,83,
CLAY,01336402,STAIB,DANIEL,J,,111,PINE ST N, ,BLUFFTON,GA,39824-5546,111,PINE ST N,,BLUFFTON,GA,39824-5546,A,,,04/21/2020,09/18/2020,,MAILED,NO,NO,NO,2,1,002,012,151,PATA,00002,,00003,7,
CLAY,00006601,GORDON,MARY,CHANDLER,,249,MOUNT CALVARY RD, ,FORT GAINES,GA,39851-4220,249,MOUNT CALVARY RD,,FORT GAINES,GA,39851-4220,A,,,04/21/2020,09/18/2020,,MAILED,NO,NO,NO,,2,002,012,151,PATA,00004,,00011,45,
CLAY,01337267,RIVERS,THURSTON,,JR,159,THORNTON RD, ,MORRIS,GA,39867-3024,159,THORNTON RD,,MORRIS,GA,39867-3024,A,,,04/07/2020,09/18/2020,,MAILED,NO,NO,NO,,4,002,012,151,PATA,00009,,00043,223,
CLAY,07685391,WILLIAMS,CAROLYN,DELORES,,23,ANTIOCH CHURCH RD, ,COLEMAN,GA,39836-3104,23,ANTIOCH CHURCH RD,,COLEMAN,GA,39836-3104,A,,,04/08/2020,09/18/2020,,MAILED,NO,NO,NO,,1,002,012,151,PATA,00001,,00019,26,
CLAY,08308393,SMITH,HOLLIS,,,68,SWIFT BND, ,GEORGETOWN,GA,39854-7005,68,SWIFT BND,,GEORGETOWN,GA,39854-7005,A,,,04/21/2020,09/18/2020,,MAILED,NO,NO,NO,,5,002,012,151,PATA,00011,,00027,174,
CLAY,01336971,HULL,ALMATINE,,,721,COMMERCE ST E, ,FORT GAINES,GA,39851,,PO BOX 533,,FORT GAINES,GA,39851-0053,A,,,04/21/2020,09/18/2020,,MAILED,NO,NO,NO,,4,002,012,151,PATA,00009,,00017,118,
CLAY,04321150,WADE,CEDRIC,C,,103,THORNTON RD, ,MORRIS,GA,39867-3023,103,THORNTON RD,,MORRIS,GA,39867-3023,A,,,05/04/2020,09/18/2020,,MAILED,NO,NO,NO,,4,002,012,151,PATA,00009,,00005,104,
CLAY,03371787,LYNN-SMITH,BRENDA,ANNE,,32,LAKEVIEW DR, ,FORT GAINES,GA,39851-2307,,50 GALLEY HILL VIEW,,TN40 1SX,,,A,,,11/04/2019,,,MAILED,NO,NO,NO,,5,002,012,151,PATA,00011,,,,
CLAY,01337552,JOHNSON,KEMBLE,M,,512,WASHINGTON ST N, ,FORT GAINES,GA,39851-3232,512,WASHINGTON ST N,,FORT GAINES,GA,39851-3232,A,,,09/04/2020,,,MAILED,NO,NO,NO,1,3,002,012,151,PATA,00008,,,,
CLAY,04986213,GRIMSLEY,PATRICIA,R,,960,EUFAULA HWY, ,FORT GAINES,GA,39851-2608,,PO BOX 834,,FORT GAINES,GA,39851-0083,A,,,04/21/2020,09/18/2020,,MAILED,NO,NO,NO,,4,002,012,151,PATA,00009,,00014,115,
CLAY,11213143,MATHIS,IRENE,DAVIS,,234,SANDY BRANCH RD, ,FORT GAINES,GA,39851,244,SANDY BRANCH RD,,FORT GAINES,GA,39851-2450,A,,,04/21/2020,09/18/2020,,MAILED,NO,NO,NO,,5,002,012,151,PATA,00011,,00001,123,
CLAY,05411482,LITTLETON,HELEN,ROSE,,706,EUFAULA HWY, ,FORT GAINES,GA,39851-3026,706,EUFAULA HWY,,FORT GAINES,GA,39851-3026,A,,,09/02/2020,09/18/2020,,MAILED,NO,NO,NO,,4,002,012,151,PATA,00009,,00054,296,
CLAY,01336994,MCCLENDON,JACQUELINE,L,,103,ELM ST, ,FORT GAINES,GA,39851-3117,103,ELM ST,,FORT GAINES,GA,39851-3117,A,,,04/09/2020,09/18/2020,,MAILED,NO,NO,NO,1,3,002,012,151,PATA,00008,,00011,77,
CLAY,01337149,FOWLER,PAUL,F,,85,HIDDEN LAGOON DR, ,FORT GAINES,GA,39851-2432,85,HIDDEN LAGOON DR,,FORT GAINES,GA,39851-2432,A,,,04/21/2020,09/18/2020,,MAILED,NO,NO,NO,,4,002,012,151,PATA,00009,,00031,138,
CLAY,04096255,HANDY,NATHANIEL,M,,396,GARNERSVILLE RD, ,MORRIS,GA,39867-3326,396,GARNERSVILLE RD,,MORRIS,GA,39867-3326,A,,,09/02/2020,09/18/2020,,MAILED,NO,NO,NO,,4,002,012,151,PATA,00009,,00058,301,
CLAY,07235264,WILLIAMS,ALVIN,TICE,,13,SHERWOOD LN, ,MORRIS,GA,39867-3002,13,SHERWOOD LN,,MORRIS,GA,39867-3002,A,,,09/01/2020,09/18/2020,,MAILED,NO,NO,NO,,5,002,012,151,PATA,00011,,00086,265,
CLAY,04909690,PICHELMAYER,PATTY,H,,223,PATAULA HEIGHTS LN, ,FORT GAINES,GA,39851,223,PATAULA HEIGHTS LN,,FORT GAINES,GA,39851,A,,,06/04/2020,09/18/2020,,MAILED,NO,NO,NO,,5,002,012,151,PATA,00011,,00102,281,
CLAY,04284766,THOMAS,DONELL,,,290,CHURCH ST, ,FORT GAINES,GA,39851,290,CHURCH ST,,FORT GAINES,GA,39851,A,,,09/02/2020,09/18/2020,,MAILED,NO,NO,NO,1,4,002,012,151,PATA,00010,,00013,312,
CLAY,03427334,JACKSON,CYNTHIA,L,,412,JACKSON ST N, ,FORT GAINES,GA,39851-3224,412,JACKSON ST N,,FORT GAINES,GA,39851-3224,A,,,09/01/2020,09/18/2020,,MAILED,NO,NO,NO,1,3,002,012,151,PATA,00008,,00037,245,
CLAY,11589411,THOMAS,HOWARD,ERIC,,942,EUFAULA HWY, ,FORT GAINES,GA,39851,942,EUFAULA HWY,,FORT GAINES,GA,39851-2608,A,,,09/02/2020,09/18/2020,,MAILED,NO,NO,NO,,4,002,012,151,PATA,00009,,00047,286,
CLAY,08341046,WALTON,JAMES,WILLARD,,20,MILLSTONE WAY, ,FORT GAINES,GA,39851,,PO BOX 277,,FORT GAINES,GA,39851-0027,A,,,04/08/2020,09/18/2020,,MAILED,NO,NO,NO,,5,002,012,151,PATA,00011,,00031,178,
CLAY,07299656,BARFIELD,EUGENIA,,,67,MACEDONIA RD, ,FORT GAINES,GA,39851,67,MACEDONIA RD,,FORT GAINES,GA,39851-2313,A,,,04/08/2020,09/18/2020,,MAILED,NO,NO,NO,,5,002,012,151,PATA,00011,,00049,196,
CLAY,01337279,SHORTER,BEWFUS,,,1347,EUFAULA HWY, ,MORRIS,GA,39867-3114,1347,EUFAULA HWY,,MORRIS,GA,39867-3114,A,,,04/27/2020,09/18/2020,,MAILED,NO,NO,NO,,5,002,012,151,PATA,00011,,00084,232,
CLAY,07055281,HANDY,SHIRLEY,ANN,,396,GARNERSVILLE RD, ,MORRIS,GA,39867-3326,396,GARNERSVILLE RD,,MORRIS,GA,39867-3326,A,,,04/08/2020,09/18/2020,,MAILED,NO,NO,NO,,4,002,012,151,PATA,00009,,00015,116,
CLAY,01337005,PARKMAN,BETTY,J,,411,SANDY BRANCH RD, ,FORT GAINES,GA,39851-2344,,PO BOX 486,,FORT GAINES,GA,39851-0048,A,,,05/21/2020,09/18/2020,,MAILED,NO,NO,NO,,4,002,012,151,PATA,00009,,00003,102,
CLAY,01336999,MONCRIEF,JOY,,,108,JACKSON STREET EXT, ,FORT GAINES,GA,39851-3122,,PO BOX 411,,FORT GAINES,GA,39851-0041,A,,,04/21/2020,09/18/2020,,MAILED,NO,NO,NO,1,3,002,012,151,PATA,00008,,00026,93,
CLAY,00018157,SEDBERRY,MARK,A,,82,PATAULA SHORES CIR, ,FORT GAINES,GA,39851-2101,82,PATAULA SHORES CIR,,FORT GAINES,GA,39851-2101,A,,,04/09/2020,09/18/2020,,MAILED,NO,NO,NO,,5,002,012,151,PATA,00011,,00021,168,
CLAY,03572510,MALLARD,BOBBY,L,,124,NEW PARK RD, ,FORT GAINES,GA,39851-4300,124,NEW PARK RD,,FORT GAINES,GA,39851-4300,A,,,04/08/2020,09/18/2020,,MAILED,NO,NO,NO,1,2,002,012,151,PATA,00005,,00005,36,
CLAY,01336538,KILLINGSWORTH,WALTON,,,1803,EDISON HWY, ,FORT GAINES,GA,39851-3746,1803,EDISON HWY,,FORT GAINES,GA,39851-3746,A,,,04/07/2020,09/18/2020,,MAILED,NO,NO,NO,,1,002,012,151,PATA,00001,,00003,3,
CLAY,11894430,WILLIAMS,ARGUSTUS,,,207,GRIST ST, ,FORT GAINES,GA,39851,,P.O. BOX 794,,FORT GAINES,GA,39851,A,,,09/01/2020,09/18/2020,,MAILED,NO,NO,NO,1,3,002,012,151,PATA,00008,,00032,238,
CLAY,01337297,THORNTON,BETTY,J,,300,DAYS AVE, ,FORT GAINES,GA,39851-2228,300,DAYS AVE,,FORT GAINES,GA,39851-2228,A,,,09/01/2020,09/18/2020,,MAILED,NO,NO,NO,,5,002,012,151,PATA,00011,,00093,272,
CLAY,04223351,LAWERY,WILMA,E,,421,DAYS AVE, ,FORT GAINES,GA,39851-2234,421,DAYS AVE,,FORT GAINES,GA,39851-2234,A,,,04/21/2020,09/18/2020,,MAILED,NO,NO,NO,,5,002,012,151,PATA,00011,,00066,213,
CLAY,05585997,SMITH,SHIRLEY,ANN,,13,SMITH LN, ,FORT GAINES,GA,39851-3847,13,SMITH LN,,FORT GAINES,GA,39851-3847,A,,,04/17/2020,09/18/2020,,MAILED,NO,NO,NO,,2,002,012,151,PATA,00004,,00023,60,
CLAY,01265581,PEARL,WANDA,PARKER,,32,GOPHER RIDGE PKWY, ,FORT GAINES,GA,39851-2301,32,GOPHER RIDGE PKWY,,FORT GAINES,GA,39851-2301,A,,,04/15/2020,09/18/2020,,MAILED,NO,NO,NO,,5,002,012,151,PATA,00011,,00019,166,
CLAY,11727671,CHISHOLM,PATRICIA,ANN,,280,JENNY LYNN LN, ,GEORGETOWN,GA,39854,280,JENNY LYNN LN,,GEORGETOWN,GA,39854-7101,A,,,04/08/2020,09/18/2020,,MAILED,NO,NO,NO,,5,002,012,151,PATA,00011,,00009,156,
CLAY,01336341,INGRAM,CONNIE,G,,24362,US HIGHWAY 27, ,EDISON,GA,39846-8332,24362,US HIGHWAY 27,,EDISON,GA,39846-8332,A,,,03/20/2020,09/18/2020,,MAILED,NO,NO,NO,,1,002,012,151,PATA,00001,,00010,16,
CLAY,00959763,PHILLIPS,STANLEY,RAY,,215,PATAULA HEIGHTS LN, ,FORT GAINES,GA,39851-2330,215,PATAULA HEIGHTS LN,,FORT GAINES,GA,39851-2330,A,,,04/08/2020,09/18/2020,,MAILED,NO,NO,NO,,5,002,012,151,PATA,00011,,00039,186,
CLAY,11999265,BURNETTE,SAMUEL,JOSEPH,,223,PATAULA HEIGHTS LN, ,FORT GAINES,GA,39851,223,PATAULA HEIGHTS LN,,FORT GAINES,GA,39851-2330,A,,,09/01/2020,09/18/2020,,MAILED,NO,NO,NO,,5,002,012,151,PATA,00011,,00100,279,
CLAY,01337075,ALLEN,BETTY,J,,1121,THORNTON RD, ,MORRIS,GA,39867-3315,1121,THORNTON RD,,MORRIS,GA,39867-3315,A,,,05/26/2020,09/18/2020,,MAILED,NO,NO,NO,,4,002,012,151,PATA,00009,,00001,100,
CLAY,07673322,JACKSON,BOBBY,JEAN,,10,BLUEBIRD LN, ,FORT GAINES,GA,39851-3414,10,BLUEBIRD LN,,FORT GAINES,GA,39851-3414,A,,,04/08/2020,09/18/2020,,MAILED,NO,NO,NO,,2,002,012,151,PATA,00004,,00008,40,
CLAY,01337001,MORRISON,MARY,A,,86,COTTONHILL RD, ,FORT GAINES,GA,39851-2613,86,COTTONHILL RD,,FORT GAINES,GA,39851-2613,A,,,04/21/2020,09/18/2020,,MAILED,NO,NO,NO,,4,002,012,151,PATA,00009,,00041,148,
CLAY,01336477,TURNER,VERDELL,D,,10,DAVIS LN, ,FORT GAINES,GA,39851-3011,,PO BOX 637,,FORT GAINES,GA,39851-0063,A,,,04/27/2020,09/18/2020,,MAILED,NO,NO,NO,,2,002,012,151,PATA,00004,,00003,30,
CLAY,01337213,KING,EULA,MAE,,37,BATTLE LN, ,MORRIS,GA,39867-3308,37,BATTLE LN,,MORRIS,GA,39867-3308,A,,,04/21/2020,09/18/2020,,MAILED,NO,NO,NO,,4,002,012,151,PATA,00009,,00019,121,
CLAY,00014321,SLAUGHTER,KATHRYN,MILTON,,219,SUNSET POINT RD, ,FORT GAINES,GA,39851-2217,219,SUNSET POINT RD,,FORT GAINES,GA,39851-2217,A,,,04/21/2020,09/18/2020,,MAILED,NO,NO,NO,,5,002,012,151,PATA,00011,,00046,193,
CLAY,11978761,GOINS,AMBER,,,293,GARNERSVILLE RD, ,MORRIS,GA,39867,293,GARNERSVILLE RD,,MORRIS,GA,39867,A,,,05/16/2020,09/18/2020,,MAILED,NO,NO,NO,,4,002,012,151,PATA,00009,,00004,103,
CLAY,00639795,SMITH,DOROTHY,E,,68,SWIFT BND, ,GEORGETOWN,GA,39854-7005,68,SWIFT BND,,GEORGETOWN,GA,39854-7005,A,,,04/21/2020,09/18/2020,,MAILED,NO,NO,NO,,5,002,012,151,PATA,00011,,00024,171,
CLAY,11116241,HARPER,SHEKA,,,411,FAINS HATCHERY RD, ,EDISON,GA,39846,411,FAINS HATCHERY RD,,EDISON,GA,39846,A,,,09/01/2020,09/18/2020,,MAILED,NO,NO,NO,,1,002,012,151,PATA,00001,,00030,257,
CLAY,05609907,FAIR,RASHAD,P,,109,GRAHAM ST, ,FORT GAINES,GA,39851-3303,,PO BOX 363,,FORT GAINES,GA,39851-0036,A,,,09/01/2020,09/18/2020,,MAILED,NO,NO,NO,1,3,002,012,151,PATA,00008,,00036,244,
CLAY,01336290,BELL,BYRON,J,JR,326,SHEPPARD ST, ,BLUFFTON,GA,39824-5404,3595,WREN DRIVE,,WAYCROSS,GA,31503,A,,,09/01/2020,09/18/2020,,MAILED,NO,NO,NO,2,1,002,012,151,PATA,00002,,00009,255,
CLAY,05909336,HANKS,BETTY,C,,306,CALHOUN ST W, ,FORT GAINES,GA,39851-3212,306,CALHOUN ST W,,FORT GAINES,GA,39851-3212,A,,,09/02/2020,09/18/2020,,MAILED,NO,NO,NO,1,3,002,012,151,PATA,00008,,00038,320,
CLAY,04149331,HEARD,KILO,KERTREL,,279,GARNERSVILLE RD, ,MORRIS,GA,39867,279,GARNERSVILLE RD,,MORRIS,GA,39867,A,,,09/02/2020,09/18/2020,,MAILED,NO,NO,NO,,4,002,012,151,PATA,00009,,00068,316,
CLAY,05176190,JACKSON,EDDIE,CLIFFORD,,10,BLUEBIRD LN, ,FORT GAINES,GA,39851-3414,10,BLUEBIRD LN,,FORT GAINES,GA,39851-3414,A,,,09/01/2020,09/18/2020,,MAILED,NO,NO,NO,,2,002,012,151,PATA,00004,,00031,263,
CLAY,01337876,DANIELS,CONNIE,MORGAN,,894,MARTIN LUTHER KING BLVD, ,FORT GAINES,GA,39851-3453,894,MARTIN LUTHER KING ,,FORT GAINES,GA,39851-3453,A,,,09/01/2020,09/18/2020,,MAILED,NO,NO,NO,,2,002,012,151,PATA,00004,,00029,261,
CLAY,02044229,MELVIN,LONZO,,,124,PINEYGROVE RD, ,FORT GAINES,GA,39851,124,PINEYGROVE RD,,FORT GAINES,GA,39851,A,,,04/07/2020,09/18/2020,,MAILED,NO,NO,NO,,2,002,012,151,PATA,00004,,00004,34,
CLAY,01336607,LINDSEY,MARION,BRUNER,,208,E CARROLL ST, ,FORT GAINES,GA,39851,208,E CARROLL ST,,FORT GAINES,GA,39851,A,,,04/08/2020,09/18/2020,,MAILED,NO,NO,NO,1,2,002,012,151,PATA,00005,,00011,61,
CLAY,07712903,SNYDER,JAMES,PETERS,,325,WASHINGTON ST S, ,FORT GAINES,GA,39851,,PO BOX 145,,FORT GAINES,GA,39851-0016,A,,,04/21/2020,09/18/2020,,MAILED,NO,NO,NO,1,2,002,012,151,PATA,00005,,00002,31,
CLAY,01336790,SMITH,CHERRY,F,,647,COMMERCE ST E, ,FORT GAINES,GA,39851-3448,,PO BOX 610,,FORT GAINES,GA,39851-0061,A,,,04/21/2020,09/18/2020,,MAILED,NO,NO,NO,1,3,002,012,151,PATA,00008,,00018,85,
CLAY,01336324,GIBSON,PAMELA,,,268,W FAINS HATCHERY RD, ,BLUFFTON,GA,39824,268,W FAINS HATCHERY RD,,BLUFFTON,GA,39824-5221,A,,,09/01/2020,09/18/2020,,MAILED,NO,NO,NO,,1,002,012,151,PATA,00001,,00027,253,
CLAY,08826944,MITCHELL,DOROTHY,J,,375,FAINS HATCHERY RD, ,EDISON,GA,39846-8414,375,FAINS HATCHERY RD,,EDISON,GA,39846-8414,A,,,09/01/2020,09/18/2020,,MAILED,NO,NO,NO,,1,002,012,151,PATA,00001,,00023,249,
CLAY,01337154,GILBERT,BESSIE,M,,341,DAYS AVE, ,FORT GAINES,GA,39851-2229,341,DAYS AVE,,FORT GAINES,GA,39851-2229,A,,,04/08/2020,09/18/2020,,MAILED,NO,NO,NO,,5,002,012,151,PATA,00011,,00078,226,
CLAY,01336494,GARRETT,FRED,C,JR,185,MOUNT CALVARY RD, ,FORT GAINES,GA,39851-4218,185,MOUNT CALVARY RD,,FORT GAINES,GA,39851-4218,A,,,04/08/2020,09/18/2020,,MAILED,NO,NO,NO,,2,002,012,151,PATA,00004,,00017,53,
CLAY,01336593,SHIVERS,MICKIE,P,,948,W BLUFFTON RD, ,FORT GAINES,GA,39851-4121,948,W BLUFFTON RD,,FORT GAINES,GA,39851-4121,A,,,04/23/2020,09/18/2020,,MAILED,NO,NO,NO,,2,002,012,151,PATA,00004,,00024,150,
CLAY,04729925,ELLIS,PATRICIA,SHELHORN,,2,HILLTOP LN, ,FORT GAINES,GA,39851-9700,2,HILLTOP LN,,FORT GAINES,GA,39851-9700,A,,,04/21/2020,09/18/2020,,MAILED,NO,NO,NO,1,2,002,012,151,PATA,00005,,00008,48,
CLAY,10315732,DAVIS,PRECIOUS,,,117,DOUGHTY RD, ,MORRIS,GA,39867,117,DOUGHTY RD,,MORRIS,GA,39867,A,,,05/18/2020,09/18/2020,,MAILED,NO,NO,NO,,5,002,012,151,PATA,00011,,00055,202,
CLAY,01336493,GARRETT,REGINA,W,,185,MOUNT CALVARY RD, ,FORT GAINES,GA,39851-4218,185,MOUNT CALVARY RD,,FORT GAINES,GA,39851-4218,A,,,04/08/2020,09/18/2020,,MAILED,NO,NO,NO,,2,002,012,151,PATA,00004,,00018,54,
CLAY,01337976,COLEMAN,MAGGIE,C,,340,DAYS AVE, ,FORT GAINES,GA,39851-2228,340,DAYS AVE,,FORT GAINES,GA,39851-2228,A,,,04/07/2020,09/18/2020,,MAILED,NO,NO,NO,,5,002,012,151,PATA,00011,,00079,227,
CLAY,08385253,ROAN,GARY,,,14,DOUGHTY RD, ,MORRIS,GA,39867-3005,14,DOUGHTY RD,,MORRIS,GA,39867-3005,A,,,04/07/2020,09/18/2020,,MAILED,NO,NO,NO,,5,002,012,151,PATA,00011,,00068,215,
CLAY,03428626,JACKSON,EDDIE,LEE,,232,CHURCH ST, ,FORT GAINES,GA,39851-3327,,PO BOX 542,,FORT GAINES,GA,39851-0054,A,,,04/21/2020,09/18/2020,,MAILED,NO,NO,NO,1,4,002,012,151,PATA,00010,,00003,119,
CLAY,01337202,JACKSON,FRANKIE,N,,73,HIDDEN LAGOON DR, ,FORT GAINES,GA,39851-2432,73,HIDDEN LAGOON DR,,FORT GAINES,GA,39851-2432,A,,,04/21/2020,09/18/2020,,MAILED,NO,NO,NO,,4,002,012,151,PATA,00009,,00018,120,
CLAY,01336697,DUPREE,BOBBY,,,370,COMMERCE ST E, ,FORT GAINES,GA,39851-3331,,PO BOX 13,,FORT GAINES,GA,39851-0001,A,,,04/17/2020,09/18/2020,,MAILED,NO,NO,NO,1,3,002,012,151,PATA,00008,,00023,90,
CLAY,05022029,WILLIAMS,BOBBY,C,,213,BROAD ST N, ,BLUFFTON,GA,39824,213,N BROAD STREET,,BLUFFTON,GA,39824-0000,A,,,09/01/2020,09/18/2020,,MAILED,NO,NO,NO,2,1,002,012,151,PATA,00002,,00010,259,
CLAY,04096232,CHILDS,NORMA,SANDERS,,76,LAKEVIEW DR, ,FORT GAINES,GA,39851-2307,76,LAKEVIEW DR,,FORT GAINES,GA,39851-2307,A,,,04/09/2020,09/18/2020,,MAILED,NO,NO,NO,,5,002,012,151,PATA,00011,,00036,183,
CLAY,01337366,JAMES,DEBORAH,A,,118,ACADEMY ST, ,FORT GAINES,GA,39851,118,ACADEMY,,FORT GAINES,GA,39851,A,,,04/27/2020,09/18/2020,,MAILED,NO,NO,NO,1,3,002,012,151,PATA,00008,,00010,75,
CLAY,01812648,CHISHOLM,RICHARD,RALPH,,280,JENNY LYNN LN, ,GEORGETOWN,GA,39854,280,JENNY LYNN LN,,GEORGETOWN,GA,39854-7101,A,,,04/21/2020,09/18/2020,,MAILED,NO,NO,NO,,5,002,012,151,PATA,00011,,00010,157,
CLAY,04788100,CHITTY,EDNA,DEANE,,303,HANCOCK ST N, ,FORT GAINES,GA,39851-3215,,PO BOX 788,,FORT GAINES,GA,39851-0078,A,,,04/08/2020,09/18/2020,,MAILED,NO,NO,NO,1,3,002,012,151,PATA,00008,,00024,91,
CLAY,11648205,SIMMONS,KARIN,M,,122,LAKEVIEW DR, ,FORT GAINES,GA,39851,122,LAKEVIEW DR,,FORT GAINES,GA,39851-2309,A,,,04/09/2020,09/18/2020,,MAILED,NO,NO,NO,,5,002,012,151,PATA,00011,,00025,172,
CLAY,01336924,DANIELS,CATHERINE,,,129,COLLEGE ST, ,FORT GAINES,GA,39851,,PO BOX 336,,FORT GAINES,GA,39851-0033,A,,,04/08/2020,09/18/2020,,MAILED,NO,NO,NO,1,4,002,012,151,PATA,00010,,00001,110,
CLAY,01336910,CRAPPS,MERILYN,P,,168,MCCULLOUGH ST, ,FORT GAINES,GA,39851,17,SWEETGUM,,FORT GAINES,GA,39851,A,,,06/01/2020,09/18/2020,,MAILED,NO,NO,NO,1,3,002,012,151,PATA,00008,,00030,98,
CLAY,01337171,GILBERT,WILLIE,E,SR,12,SHERWOOD LN, ,MORRIS,GA,39867-3003,,PO BOX 986,,FORT GAINES,GA,39851-0098,A,,,04/21/2020,09/18/2020,,MAILED,NO,NO,NO,,5,002,012,151,PATA,00011,,00064,211,
CLAY,03593750,LYNN,TALLY,,,106,BELL FARM RD, ,EDISON,GA,39846-8303,106,BELL FARM RD,,EDISON,GA,39846-8303,A,,,09/01/2020,09/18/2020,,MAILED,NO,NO,NO,,1,002,012,151,PATA,00001,,00025,251,
CLAY,01336959,HARTLEY,MIKE,,,263,COTTONHILL RD, ,FORT GAINES,GA,39851-2617,263,COTTONHILL RD,,FORT GAINES,GA,39851-2617,A,,,04/21/2020,09/18/2020,,MAILED,NO,NO,NO,,4,002,012,151,PATA,00009,,00034,141,
CLAY,11078102,MARTIN,CHARLIE,,,120,ENTERPRISE RD, ,EDISON,GA,39846,120,ENTERPRISE RD,,EDISON,GA,39846,A,,,09/01/2020,09/18/2020,,MAILED,NO,NO,NO,,1,002,012,151,PATA,00001,,00024,250,
CLAY,01337129,DOUGHTY,AREANA,F,,363,DAYS AVE, ,FORT GAINES,GA,39851-2230,363,DAYS AVE,,FORT GAINES,GA,39851-2230,A,,,03/02/2020,09/18/2020,,MAILED,NO,NO,NO,,5,002,012,151,PATA,00011,,00085,233,
CLAY,01336590,SHIVERS,MARY,K,,2170,EDISON HWY, ,COLEMAN,GA,39836-3026,2170,EDISON HWY,,COLEMAN,GA,39836-3026,A,,,04/21/2020,09/18/2020,,MAILED,NO,NO,NO,,1,002,012,151,PATA,00001,,00017,24,
CLAY,07804308,SANDERS,DOROTHY,T,,159,DUNAHOO BND, ,FORT GAINES,GA,39851-2904,159,DUNAHOO BND,,FORT GAINES,GA,39851-2904,A,,,04/21/2020,09/18/2020,,MAILED,NO,NO,NO,,1,002,012,151,PATA,00001,,00014,21,
CLAY,04052841,CLAYTON,JOYCE,KNIGHT,,152,GRIFFITH DR, ,FORT GAINES,GA,39851-2443,152,GRIFFITH DR,,FORT GAINES,GA,39851-2443,A,,,05/16/2020,09/18/2020,,MAILED,NO,NO,NO,,4,002,012,151,PATA,00009,,00027,134,
CLAY,03572438,ISLER,CHRISTINE,R,,23902,US HIGHWAY 27, ,BLUFFTON,GA,39824-5237,23902,US HIGHWAY 27,,BLUFFTON,GA,39824-5237,A,,,04/21/2020,09/18/2020,,MAILED,NO,NO,NO,,1,002,012,151,PATA,00001,,00012,18,
CLAY,01337156,GILBERT,EDDIE,MAE,,40,HIDDEN LAGOON DR, ,FORT GAINES,GA,39851-2433,40,HIDDEN LAGOON DR,,FORT GAINES,GA,39851-2433,A,,,04/21/2020,09/18/2020,,MAILED,NO,NO,NO,,4,002,012,151,PATA,00009,,00012,113,
CLAY,01336740,JOHNSON,FREDDIE,L,,3,MOCKINGBIRD LN, ,FORT GAINES,GA,39851-3409,,PO BOX 734,,FORT GAINES,GA,39851-0073,A,,,04/29/2020,09/18/2020,,MAILED,NO,NO,NO,,2,002,012,151,PATA,00004,,00005,37,
CLAY,00593461,WILLIAMS,RAY,LEE,,41,HIDDEN LAGOON DR, ,FORT GAINES,GA,39851,41,HIDDEN LAGOON DR,,FORT GAINES,GA,39851-2432,A,,,09/02/2020,09/18/2020,,MAILED,NO,NO,NO,,4,002,012,151,PATA,00009,,00063,308,
CLAY,01337909,INGRAM,FREDDY,L,,854,MARTIN LUTHER KING BLVD, ,FORT GAINES,GA,39851-3436,854,MARTIN LUTHER KING,,FORT GAINES,GA,39851,A,,,04/08/2020,09/18/2020,,MAILED,NO,NO,NO,,2,002,012,151,PATA,00004,,00009,41,
CLAY,01337305,WADE,GLADYS,D,,103,THORNTON RD, ,MORRIS,GA,39867-3023,103,THORNTON RD,,MORRIS,GA,39867-3023,A,,,09/02/2020,09/18/2020,,MAILED,NO,NO,NO,,4,002,012,151,PATA,00009,,00044,282,
CLAY,04223356,LAWERY,WILLIAM,E,,421,DAYS AVE, ,FORT GAINES,GA,39851-2234,421,DAYS AVE,,FORT GAINES,GA,39851-2234,A,,,04/21/2020,09/18/2020,,MAILED,NO,NO,NO,,5,002,012,151,PATA,00011,,00065,212,
CLAY,05165860,MURPHY,CHARLES,HENRY,,204,PEBBLE SHORES DR, ,GEORGETOWN,GA,39854-7014,204,PEBBLE SHORES DR,,GEORGETOWN,GA,39854-7014,A,,,04/21/2020,09/18/2020,,MAILED,NO,NO,NO,,5,002,012,151,PATA,00011,,00051,198,
CLAY,01336548,LINDSEY,WILLIAM,E,,87,GRAVEL POINT RD, ,FORT GAINES,GA,39851-3003,,PO BOX 247,,FORT GAINES,GA,39851-0024,A,,,04/08/2020,09/18/2020,,MAILED,NO,NO,NO,,3,002,012,151,PATA,00007,,00004,76,
CLAY,01337192,HEARD,MARY,E,,275,GARNERSVILLE RD, ,MORRIS,GA,39867-3325,275,GARNERSVILLE RD,,MORRIS,GA,39867-3325,A,,,09/02/2020,09/18/2020,,MAILED,NO,NO,NO,,4,002,012,151,PATA,00009,,00069,317,
CLAY,10787559,STANDIFER,WARRINGTON,,,584,COMMERCE ST E, ,FORT GAINES,GA,39851,584,COMMERCE ST E,,FORT GAINES,GA,39851,A,,,09/01/2020,09/18/2020,,MAILED,NO,NO,NO,1,3,002,012,151,PATA,00008,,00033,239,
CLAY,01337288,STANDLEY,ALPHEUS,L,,15,MACEDONIA RD, ,FORT GAINES,GA,39851-2311,15,MACEDONIA RD,,FORT GAINES,GA,39851-2311,A,,,04/21/2020,09/18/2020,,MAILED,NO,NO,NO,,5,002,012,151,PATA,00011,,00028,175,
CLAY,03139186,VANDYKE,RICHARD,DALE,,182,ARROWHEAD LN, ,FORT GAINES,GA,39851-2136,182,ARROWHEAD LN,,FORT GAINES,GA,39851-2136,A,,,04/21/2020,09/18/2020,,MAILED,NO,NO,NO,,5,002,012,151,PATA,00011,,00030,177,
CLAY,04764991,WADE,CURTIS,LEE,,2532,W BLUFFTON RD, ,BLUFFTON,GA,39824,2532,W BLUFFTON RD,,BLUFFTON,GA,39824-5638,A,,,09/01/2020,09/18/2020,,MAILED,NO,NO,NO,,1,002,012,151,PATA,00001,,00020,246,
CLAY,01337022,SHIVERS,SUZANNE,B,,400,COTTONHILL RD, ,FORT GAINES,GA,39851-2620,400,COTTONHILL RD,,FORT GAINES,GA,39851-2620,A,,,04/08/2020,09/18/2020,,MAILED,NO,NO,NO,,4,002,012,151,PATA,00009,,00025,129,
CLAY,01337169,GILBERT,THELMA,,,37,GILBERTVILLE RD, ,FORT GAINES,GA,39851-2250,37,GILBERTVILLE RD,,FORT GAINES,GA,39851-2250,A,,,04/15/2020,09/18/2020,,MAILED,NO,NO,NO,,5,002,012,151,PATA,00011,,00063,210,
CLAY,01337467,CODY,SHIRLEY,G,,428,DAYS AVE, ,FORT GAINES,GA,39851-2232,428,DAYS AVE,,FORT GAINES,GA,39851-2232,A,,,04/08/2020,09/18/2020,,MAILED,NO,NO,NO,,5,002,012,151,PATA,00011,,00058,205,
CLAY,00959749,PHILLIPS,ELISABETH,ANNA,,215,PATAULA HEIGHTS LN, ,FORT GAINES,GA,39851-2330,215,PATAULA HEIGHTS LN,,FORT GAINES,GA,39851-2330,A,,,04/08/2020,09/18/2020,,MAILED,NO,NO,NO,,5,002,012,151,PATA,00011,,00040,187,
CLAY,00017743,PALMER,KENNETH,MARVIN,,68,COUNTY LINE RD, ,GEORGETOWN,GA,39854-7035,68,COUNTY LINE RD,,GEORGETOWN,GA,39854-7035,A,,,04/21/2020,09/18/2020,,MAILED,NO,NO,NO,,5,002,012,151,PATA,00011,,00038,185,
CLAY,01336733,JACKSON,HERMAN,,,410,TROUPE ST N, ,FORT GAINES,GA,39851,,P O BOX 326,,FORT GAINES,GA,39851,A,,,05/29/2020,09/18/2020,,MAILED,NO,NO,NO,1,3,002,012,151,PATA,00008,,00002,64,
CLAY,08228462,GORDON,CHARLES,MCDOWELL,,249,MOUNT CALVARY RD, ,FORT GAINES,GA,39851-4220,249,MOUNT CALVARY RD,,FORT GAINES,GA,39851-4220,A,,,04/21/2020,09/18/2020,,MAILED,NO,NO,NO,,2,002,012,151,PATA,00004,,00012,46,
CLAY,07859248,SKIPPER,TERESA,CROZIER,,301,HARTFORD RD E,UNIT 1,FORT GAINES,GA,39851,301,HARTFORD RD E,,FORT GAINES,GA,39851-3643,A,,,04/08/2020,09/18/2020,,MAILED,NO,NO,NO,1,3,002,012,151,PATA,00008,,00029,97,
CLAY,01663413,JONES,CATHY,MAEGER,,117,PATAULA SHORES CIR, ,FORT GAINES,GA,39851,117,PATAULA SHORES CIR,,FORT GAINES,GA,39851-2103,A,,,04/09/2020,09/18/2020,,MAILED,NO,NO,NO,,5,002,012,151,PATA,00011,,00044,191,
CLAY,04720333,SMITH,ANGELA,CHAREE,,104,COLLEGE ST, ,FORT GAINES,GA,39851,104,COLLEGE ST,,FORT GAINES,GA,39851,A,,,09/02/2020,09/18/2020,,MAILED,NO,NO,NO,1,4,002,012,151,PATA,00010,,00006,288,
CLAY,12658367,HANKS,ELYSSA,,,306,CALHOUN ST W, ,FORT GAINES,GA,39851,306,CALHOUN ST W,,FORT GAINES,GA,39851,A,,,09/01/2020,09/18/2020,,MAILED,NO,NO,NO,1,3,002,012,151,PATA,00008,,00035,242,
CLAY,11082642,DAVIS,PRECIOUS,,,117,DOUGHTY RD, ,MORRIS,GA,39867,117,DOUGHTY RD,,MORRIS,GA,39867,R,,DUPLICATE APPLICATION,04/08/2020,,,MAILED,NO,NO,NO,,5,002,012,151,PATA,00011,,,206,
CLAY,01336547,LEWIS,WILLIAM,J,SR,1693,EDISON HWY, ,FORT GAINES,GA,39851-3741,1693,EDISON HWY,,FORT GAINES,GA,39851-3741,A,,,03/06/2020,09/18/2020,,MAILED,NO,NO,NO,,1,002,012,151,PATA,00001,,00013,20,
CLAY,12328201,ADAMS,JOHN,HOWARD,,77,DOCKS HOOK LN, ,GEORGETOWN,GA,39854,77,DOCKS HOOK LN,,GEORGETOWN,GA,39854-7132,A,,,04/21/2020,09/18/2020,,MAILED,NO,NO,NO,,5,002,012,151,PATA,00011,,00003,133,
CLAY,10142462,BENNETT,CORNELIUS,MARCELUS,,24247,US HIGHWAY 27, ,EDISON,GA,39846,24247,US HIGHWAY 27,,EDISON,GA,39846,A,,,09/01/2020,09/18/2020,,MAILED,NO,NO,NO,,1,002,012,151,PATA,00001,,00029,256,
CLAY,01336337,HUBBARD,GAIL,,,204,BROAD ST N, ,BLUFFTON,GA,39824-5541,,PO BOX 68,,BLUFFTON,GA,39824-0006,A,,,04/21/2020,09/18/2020,,MAILED,NO,NO,NO,2,1,002,012,151,PATA,00002,,00006,15,
CLAY,12533097,COBB,SHA'MAYA,SHA'NIQUE,,273,GARNERSVILLE RD, ,MORRIS,GA,39867,273,GARNERSVILLE RD,,MORRIS,GA,39867-3325,A,,,09/02/2020,09/18/2020,,MAILED,NO,NO,NO,,4,002,012,151,PATA,00009,,00062,306,
CLAY,10442122,GAVIN,ANGELINA,SANTANA,,123,GRAVEL POINT RD, ,FORT GAINES,GA,39851,123,GRAVEL POINT RD,,FORT GAINES,GA,39851,A,,,09/01/2020,09/18/2020,,MAILED,NO,NO,NO,,3,002,012,151,PATA,00007,,00009,243,
CLAY,01337537,TURNER,JAMES,,JR,10,DAVIS LN, ,FORT GAINES,GA,39851-3011,10,DAVIS LN,,FORT GAINES,GA,39851-3011,A,,,09/01/2020,09/18/2020,,MAILED,NO,NO,NO,,2,002,012,151,PATA,00004,,00032,264,
CLAY,08743191,SPEARS,SANDRA,LOUISE,,39,DOUGHTY RD, ,MORRIS,GA,39867-3004,39,DOUGHTY RD,,MORRIS,GA,39867-3004,A,,,04/21/2020,09/18/2020,,MAILED,NO,NO,NO,,5,002,012,151,PATA,00011,,00074,221,
CLAY,01267598,HINDMON,LOUISE,,,2040,EUFAULA HWY, ,FORT GAINES,GA,39851,2040,EUFAULA HWY,,FORT GAINES,GA,39851,A,,,04/21/2020,09/18/2020,,MAILED,NO,NO,NO,,4,002,012,151,PATA,00009,,00033,140,
CLAY,12298979,FLEMING,JAMES,RUSSELL,,14,LAKEVIEW DR,LOT 40,FORT GAINES,GA,39851,14,LAKEVIEW DR,LOT 40,FORT GAINES,GA,39851,A,,,04/08/2020,09/18/2020,,MAILED,NO,NO,NO,,5,002,012,151,PATA,00011,,00013,160,
CLAY,01337268,RIVERS,THURSTON,,SR,159,THORNTON RD, ,MORRIS,GA,39867,159,THORNTON RD,,MORRIS,GA,39867,A,,,04/01/2020,,,MAILED,NO,NO,NO,,4,002,012,151,PATA,00009,,,,
CLAY,01336880,BROWN,PEGGY,G,,149,EUFAULA RD, ,FORT GAINES,GA,39851-3227,,PO BOX 1,,FORT GAINES,GA,39851,A,,,04/08/2020,09/18/2020,,MAILED,NO,NO,NO,1,3,002,012,151,PATA,00008,,00005,69,
CLAY,03572567,DAVIS,BILLY,WILLIAM,,18,COX LN, ,FORT GAINES,GA,39851,18,COX LN,,FORT GAINES,GA,39851,A,,,09/02/2020,09/18/2020,,MAILED,NO,NO,NO,1,4,002,012,151,PATA,00010,,00010,303,
CLAY,01336458,CLARK,ALICE,R,,868,MARTIN LUTHER KING BLVD, ,FORT GAINES,GA,39851-3436,,PO BOX 433,,FORT GAINES,GA,39851-0043,A,,,05/22/2020,09/18/2020,,MAILED,NO,NO,NO,,2,002,012,151,PATA,00004,,00001,27,
CLAY,01336417,WALKER,MATTIE,PEARL,,660,MILL POND RD, ,BLUFFTON,GA,39824,660,MILL POND RD,,BLUFFTON,GA,39824,A,,,06/04/2020,09/18/2020,,MAILED,NO,NO,NO,,1,002,012,151,PATA,00001,,00001,1,
CLAY,01337231,MCCOY,SHIRLEY,A,,870,DAYS AVE, ,MORRIS,GA,39867-3128,870,DAYS AVE,,MORRIS,GA,39867-3128,A,,,04/21/2020,09/18/2020,,MAILED,NO,NO,NO,,4,002,012,151,PATA,00009,,00020,124,
CLAY,04232835,MONFORT,PHIL,,,132,GRIFFITH DR, ,FORT GAINES,GA,39851-2443,132,GRIFFITH DR,,FORT GAINES,GA,39851-2443,A,,,09/02/2020,09/18/2020,,MAILED,NO,NO,NO,,4,002,012,151,PATA,00009,,00050,291,
CLAY,01973333,GRIFFIN,JAMES,LESTER,,428,DAYS AVE, ,FORT GAINES,GA,39851-2232,428,DAYS AVE,,FORT GAINES,GA,39851-2232,A,,,06/05/2020,09/18/2020,,MAILED,NO,NO,NO,,5,002,012,151,PATA,00011,,00053,200,
CLAY,06108409,SPANN,DEBORAH,DUNCAN,,617,EUFAULA HWY, ,FORT GAINES,GA,39851-3023,617,EUFAULA HWY,,FORT GAINES,GA,39851-3023,A,,,09/01/2020,09/18/2020,,MAILED,NO,NO,NO,,3,002,012,151,PATA,00007,,00008,240,
CLAY,04321152,WADE,BENJAMIN,,,103,THORNTON RD, ,MORRIS,GA,39867-3023,103,THORNTON RD,,MORRIS,GA,39867-3023,A,,,05/04/2020,09/18/2020,,MAILED,NO,NO,NO,,4,002,012,151,PATA,00009,,00006,105,
CLAY,01337193,HEARD,MARY,M,,279,GARNERSVILLE RD, ,MORRIS,GA,39867-3325,279,GARNERSVILLE RD,,MORRIS,GA,39867-3325,A,,,04/08/2020,09/18/2020,,MAILED,NO,NO,NO,,4,002,012,151,PATA,00009,,00016,117,
CLAY,03437485,DAVIS,REGINA,HODGE,,402,JEFFERSON ST E, ,FORT GAINES,GA,39851-3340,,PO BOX 568,,FORT GAINES,GA,39851-0056,A,,,04/01/2020,09/18/2020,,MAILED,NO,NO,NO,1,3,002,012,151,PATA,00008,,00007,71,
CLAY,04729915,ELLIS,HOWARD,MITCHELL,,2,HILLTOP LN, ,FORT GAINES,GA,39851-9700,2,HILLTOP LN,,FORT GAINES,GA,39851-9700,A,,,04/21/2020,09/18/2020,,MAILED,NO,NO,NO,1,2,002,012,151,PATA,00005,,00009,52,
CLAY,01337179,GOINS,MILTON,,,617,EUFAULA HWY, ,FORT GAINES,GA,39851-3023,617,EUFAULA HWY,,FORT GAINES,GA,39851-3023,A,,,04/07/2020,09/18/2020,,MAILED,NO,NO,NO,,3,002,012,151,PATA,00007,,00003,73,
CLAY,12228270,HUNTER,CONSTANCE,LEANN,,14,LAKEVIEW DR, ,FORT GAINES,GA,39851,14,LAKEVIEW DR,LOT 40,FORT GAINES,GA,39851,A,,,04/08/2020,09/18/2020,,MAILED,NO,NO,NO,,5,002,012,151,PATA,00011,,00016,163,
CLAY,01337547,MALLARD,ANNETTE,,,612,BETHEL RD, ,FORT GAINES,GA,39851-2812,612,BETHEL RD,,FORT GAINES,GA,39851-2812,A,,,09/02/2020,09/18/2020,,MAILED,NO,NO,NO,,4,002,012,151,PATA,00009,,00052,293,
CLAY,00637194,MATHIS,SANDRA,A,,240,CREDDLES MILL RD, ,FORT GAINES,GA,39851,,PO BOX 396,,FORT GAINES,GA,39851,A,,,05/18/2020,09/18/2020,,MAILED,NO,NO,NO,,5,002,012,151,PATA,00011,,00005,152,
CLAY,04979281,HAYES,MARY,,,231,HANCOCK ST S,A2,FORT GAINES,GA,39851,231,HANCOCK ST S,A2,FORT GAINES,GA,39851,A,,,04/08/2020,09/18/2020,,MAILED,NO,NO,NO,1,2,002,012,151,PATA,00005,,00006,43,
CLAY,00592889,SELLERS,RICHARD,VANN,,2557,EUFAULA HWY, ,GEORGETOWN,GA,39854,2557,EUFAULA HWY,,GEORGETOWN,GA,39854,A,,,06/01/2020,09/18/2020,,MAILED,NO,NO,NO,,5,002,012,151,PATA,00011,,00004,151,
CLAY,01336583,SANDERS,JOYCE,J,,244,TOWER RD, ,FORT GAINES,GA,39851-3734,244,TOWER RD,,FORT GAINES,GA,39851-3734,A,,,04/08/2020,09/18/2020,,MAILED,NO,NO,NO,,1,002,012,151,PATA,00001,,00016,23,
CLAY,01337081,BASS,SUE,,,665,COTTONHILL RD, ,FORT GAINES,GA,39851-2740,665,COTTONHILL RD,,FORT GAINES,GA,39851-2740,A,,,04/21/2020,09/18/2020,,MAILED,NO,NO,NO,,4,002,012,151,PATA,00009,,00029,136,
CLAY,00034920,MATHIS,DON,MARION,,263,SUNSET POINT RD, ,FORT GAINES,GA,39851-2217,,PO BOX 333,,FORT GAINES,GA,39851-0033,A,,,04/21/2020,09/18/2020,,MAILED,NO,NO,NO,,5,002,012,151,PATA,00011,,00048,195,
CLAY,06985613,JACKSON,RUBY,,,144,ALEXANDER ST, ,FORT GAINES,GA,39851,144,ALEXANDER ST,,FORT GAINES,GA,39851,A,,,09/01/2020,09/18/2020,,MAILED,NO,NO,NO,,2,002,012,151,PATA,00004,,00025,234,
CLAY,04514681,THORNTON,SAMUEL,,,305,DAYS AVE, ,FORT GAINES,GA,39851-2229,305,DAYS AVE,,FORT GAINES,GA,39851-2229,A,,,09/01/2020,09/18/2020,,MAILED,NO,NO,NO,,5,002,012,151,PATA,00011,,00089,268,
