County,Voter Registration #,Last Name,First Name,Middle Name,Suffix,Street #,Street Name,Apt/Unit,City,State,Zip Code,Mailing Street #,Mailing Street Name,Mailing Apt/Unit,Mailing City,Mailing State,Mailing Zip Code,Application Status,Ballot Status,Status Reason,Application Date,Ballot Issued Date,Ballot Return Date,Ballot Style,Ballot Assisted,Challenged/Provisional,ID Required,Municipal Precinct,County Precinct,CNG,SEN,HOUSE	,JUD,Combo #,Vote Center ID,Ballot ID,Post #,Party
CLINCH,05552371,SMITH,WILLIE,LEE,,128,JENNIFER RD, ,HOMERVILLE,GA,31634,128,JENNIFER RD,,HOMERVILLE,GA,31634,A,,,09/01/2020,09/18/2020,,MAILED,NO,NO,NO,,H,001,008,174,ALAP,00002,,00001,23,
CLINCH,01059410,WILLIAMS,GEORGIA,LEE,,337,BROWN ST, ,HOMERVILLE,GA,31634,337,BROWN ST,,HOMERVILLE,GA,31634,A,,,04/14/2020,,,MAILED,NO,NO,NO,H,H,001,008,174,ALAP,00012,,,,
CLINCH,01058886,REGISTER,KATHERINE,M,,638,DOUGLAS RD, ,DU PONT,GA,31630,,PO BOX 95,,DU PONT,GA,31630-0009,A,,,04/14/2020,,,MAILED,NO,NO,NO,D,D,001,008,174,ALAP,00007,,,,
CLINCH,07388826,BABBIT,ALICE E,WARNKEN,,285,MIDWAY SCHOOL RD, ,HOMERVILLE,GA,31634,285,MIDWAY SCHOOL RD,,HOMERVILLE,GA,31634,A,,,04/21/2020,,,MAILED,NO,NO,NO,,H,001,008,174,ALAP,00003,,,,
CLINCH,01058738,CARSWELL,ELAINE,M,,83,COURTLAND AVE, ,HOMERVILLE,GA,31634,83,COURTLAND AVE,,HOMERVILLE,GA,31634,A,,,07/31/2020,,,MAILED,NO,NO,NO,H,H,001,008,174,ALAP,00009,,,,
CLINCH,04750718,HANCOCK,RUBY,JEAN,,102,S DICKERSON ST, ,HOMERVILLE,GA,31634-3052,102,S DICKERSON ST,,HOMERVILLE,GA,31634-3052,A,,,09/05/2020,09/18/2020,,MAILED,NO,NO,NO,H,H,001,008,174,ALAP,00011,,00011,61,
CLINCH,03664435,DAVIS,MICHAEL,JORDAN,,129,CARSWELL ST, ,HOMERVILLE,GA,31634,129,CARSWELL ST,,HOMERVILLE,GA,31634,A,,,04/22/2020,,,MAILED,NO,NO,NO,H,H,001,008,174,ALAP,00009,,,,
CLINCH,03725441,TINER,ERA,BELLE,,269,ALVIN DICKERSON LN, ,DU PONT,GA,31630-2353,269,ALVIN DICKERSON LN,,DU PONT,GA,31630-2353,A,,,04/14/2020,,,MAILED,NO,NO,NO,,D,001,008,174,ALAP,00002,,,,
CLINCH,00710422,WRICE,GEORGE,LEWIS,JR,503,WIREGRASS ST,APT. C,HOMERVILLE,GA,31634-2941,,PO BOX 812,,HOMERVILLE,GA,31634,A,,,04/21/2020,,,MAILED,NO,NO,NO,H,H,001,008,174,ALAP,00011,,,,
CLINCH,05888256,GRIFFIS,HOLLOWAY,N,,447,E ELNA ST, ,HOMERVILLE,GA,31634-2543,447,E ELNA ST,,HOMERVILLE,GA,31634-2543,A,,,04/21/2020,,,MAILED,NO,NO,NO,H,H,001,008,174,ALAP,00009,,,,
CLINCH,01060155,CLEARY,MARY,E,,78,HOLMES RD, ,HOMERVILLE,GA,31634-6153,78,HOLMES RD,,HOMERVILLE,GA,31634-6153,A,,,04/21/2020,,,MAILED,NO,NO,NO,,H,001,008,174,ALAP,00005,,,,
CLINCH,08813152,PADGETT,HELEN,,,230,HENRY PADGETT RD, ,FARGO,GA,31631-4242,230,HENRY PADGETT RD,,FARGO,GA,31631-4242,A,,,04/21/2020,,,MAILED,NO,NO,NO,,F,001,008,174,ALAP,00005,,,,
CLINCH,11901391,JOHNSTON,MELISSA,HENDRIX,,103,HOPPYS LOOP RD, ,HOMERVILLE,GA,31634,103,HOPPYS LOOP RD,,HOMERVILLE,GA,31634,A,,,04/21/2020,,,MAILED,NO,NO,NO,,H,001,008,174,ALAP,00005,,,,
CLINCH,01059222,STEPHENS,OCIE,J,,1246,RICHARD JAMES RD, ,HOMERVILLE,GA,31634-4616,1246,RICHARD JAMES RD,,HOMERVILLE,GA,31634-4616,A,,,09/08/2020,09/18/2020,,MAILED,NO,NO,NO,,AG,001,008,174,ALAP,00001,,00001,75,
CLINCH,01057803,CHAUNCEY,ZELMA,REE,,109,W FOREST AVE, ,HOMERVILLE,GA,31634-3415,109,W FOREST AVE,,HOMERVILLE,GA,31634-3415,A,,,04/21/2020,,,MAILED,NO,NO,NO,H,H,001,008,174,ALAP,00011,,,,
CLINCH,08475780,DORSEY,JAMES,ANTHONY,,181,HAPPYVILLE LN, ,HOMERVILLE,GA,31634-2854,,PO BOX 276,,HOMERVILLE,GA,31634-0027,A,,,09/01/2020,09/18/2020,,MAILED,NO,NO,NO,H,H,001,008,174,ALAP,00011,,00001,18,
CLINCH,02688954,LEWIS,TIMOTHY,DALE,SR,113,WILSON ST, ,HOMERVILLE,GA,31634,113,WILSON ST,,HOMERVILLE,GA,31634,A,,,09/01/2020,09/18/2020,,MAILED,NO,NO,NO,H,H,001,008,174,ALAP,00012,,00003,10,
CLINCH,01059397,WHITE,RONSEA,L,,4363,SHILOH HWY, ,HOMERVILLE,GA,31634-4819,4363,SHILOH HWY,,HOMERVILLE,GA,31634-4819,A,,,04/13/2020,,,MAILED,NO,NO,NO,,H,001,008,174,ALAP,00003,,,,
CLINCH,04626778,COX,LOYD,E,,368,WILFORD RD, ,HOMERVILLE,GA,31634-4857,368,WILFORD RD,,HOMERVILLE,GA,31634-4857,A,,,04/21/2020,,,MAILED,NO,NO,NO,,H,001,008,174,ALAP,00003,,,,
CLINCH,01058203,HEATH,SUSAN,MARIE,,128,SWEAT ST, ,HOMERVILLE,GA,31634-2509,2801,ALBANY AVE,,WAYCROSS,GA,31503-0068,A,,,04/21/2020,,,MAILED,NO,NO,NO,H,H,001,008,174,ALAP,00009,,,,
CLINCH,01059656,VOIGHT,WALTER,JOSEPH,,1321,CARSWELL STREET EXT, ,HOMERVILLE,GA,31634-1444,1321,CARSWELL STREET EXT,,HOMERVILLE,GA,31634-1444,A,,,04/21/2020,,,MAILED,NO,NO,NO,,H,001,008,174,ALAP,00001,,,,
CLINCH,03787124,PARKERSON,CLEVELAND,J,,2756,VALDOSTA HWY, ,HOMERVILLE,GA,31634-6212,2756,VALDOSTA HWY,,HOMERVILLE,GA,31634-6212,A,,,04/27/2020,,,MAILED,NO,NO,NO,,H,001,008,174,ALAP,00002,,,,
CLINCH,01059811,ALLEN,LAWTON,TERRY,,139,DICKERSON ST N, ,HOMERVILLE,GA,31634-2536,139,DICKERSON ST N,,HOMERVILLE,GA,31634-2536,A,,,09/08/2020,09/18/2020,,MAILED,NO,NO,NO,H,H,001,008,174,ALAP,00009,,00002,52,
CLINCH,01057787,CHAMBERS,THOMAS,C,III,196,VIRGINIA AVE, ,HOMERVILLE,GA,31634-3020,,PO BOX 536,,HOMERVILLE,GA,31634-0053,A,,,05/11/2020,,,MAILED,NO,NO,NO,H,H,001,008,174,ALAP,00012,,,,
CLINCH,01058852,CARTER,SHALLER,PORTER,,888,CARSWELL ST,N-84,HOMERVILLE,GA,31634,888,CARSWELL ST,N-84,HOMERVILLE,GA,31634,A,,,09/01/2020,09/18/2020,,MAILED,NO,NO,NO,,H,001,008,174,ALAP,00001,,00002,19,
CLINCH,01058091,GRADDY,BETTY,SUE,,440,WOODLAKE DR, ,HOMERVILLE,GA,31634-1918,,PO BOX 101,,HOMERVILLE,GA,31634-0010,A,,,04/21/2020,,,MAILED,NO,NO,NO,,H,001,008,174,ALAP,00002,,,,
CLINCH,01059166,STEEDLEY,JESSE,REAVIS,,715,STEEDLEY FARM RD, ,HOMERVILLE,GA,31634,715,STEEDLEY FARM RD,,HOMERVILLE,GA,31634,A,,,04/13/2020,,,MAILED,NO,NO,NO,,AG,001,008,174,ALAP,00001,,,,
CLINCH,03378991,STEEDLEY,TELISA,KAY,,535,HUGHES CIR, ,ARGYLE,GA,31623-2124,,PO BOX 194,,ARGYLE,GA,31623-0019,A,,,09/08/2020,09/18/2020,,MAILED,NO,NO,NO,AG,AG,001,008,174,ALAP,00006,,00001,55,
CLINCH,08023797,MALONE,CHRISTOPHER,LAMAR,,230,NORTHGATE RD, ,HOMERVILLE,GA,31634-3604,230,NORTHGATE RD,,HOMERVILLE,GA,31634-3604,A,,,09/01/2020,09/18/2020,,MAILED,YES,NO,NO,,H,001,008,174,ALAP,00001,,00004,33,
CLINCH,01058834,MIKELL,DONNA,SHERYL,,49,WILLIAM ST, ,HOMERVILLE,GA,31634,49,WILLIAM ST,,HOMERVILLE,GA,31634,A,,,04/21/2020,,,MAILED,NO,NO,NO,,H,001,008,174,ALAP,00002,,,,
CLINCH,01057932,ANDREWS,JIMMY,,,161,BROOKS RD, ,DU PONT,GA,31630-3061,,PO BOX 3,,HOMERVILLE,GA,31634,A,,,09/01/2020,09/18/2020,,MAILED,NO,NO,NO,,D,001,008,174,ALAP,00002,,00002,38,
CLINCH,01058304,INFINGER,WILLIAM,HASTINGS,,489,TOWER RD EXT, ,FARGO,GA,31631,489,TOWER RD EXT,,FARGO,GA,31631,A,,,05/05/2020,,,MAILED,NO,NO,NO,,F,001,008,174,ALAP,00005,,,,
CLINCH,08788030,SMITH,DEWEY,DANIEL,,22,TIMBERLANE DR, ,HOMERVILLE,GA,31634,22,TIMBERLANE DR,,HOMERVILLE,GA,31634,R,,ADDRESS IS IN THE WRONG COMBO,09/08/2020,,,MAILED,NO,NO,NO,,H,001,008,174,ALAP,00004,,,69,
CLINCH,01058530,LEVITON,LOUIS,E,SR,67,LEVITON AVE, ,FARGO,GA,31631-3228,,PO BOX 38,,FARGO,GA,31631-0003,A,,,04/21/2020,,,MAILED,NO,NO,NO,F,F,001,008,174,ALAP,00013,,,,
CLINCH,05598481,MIXON,BRENDA,J,,430,JAMESTOWN RD, ,ARGYLE,GA,31623,,PO BOX 141,,ARGYLE,GA,31623-0014,A,,,04/21/2020,,,MAILED,NO,NO,NO,AG,AG,001,008,174,ALAP,00006,,,,
CLINCH,01058149,GUY,JOHNNY,W,,10528,FARGO HWY, ,HOMERVILLE,GA,31634-6039,10528,FARGO HWY,,HOMERVILLE,GA,31634-6039,A,,,04/21/2020,,,MAILED,NO,NO,NO,,H,001,008,174,ALAP,00005,,,,
CLINCH,01057863,CORBITT,LOIS,L,,760,W FOREST AVE, ,HOMERVILLE,GA,31634-3556,760,W FOREST AVE,,HOMERVILLE,GA,31634-3556,A,,,04/21/2020,,,MAILED,NO,NO,NO,,H,001,008,174,ALAP,00005,,,,
CLINCH,03007072,CROCKER,DAVID,WESLEY,,769,W FOREST AVE, ,HOMERVILLE,GA,31634,769,W FOREST AVE,,HOMERVILLE,GA,31634,A,,,05/05/2020,,,MAILED,NO,NO,NO,,H,001,008,174,ALAP,00005,,,,
CLINCH,12244490,BAGGETT,KATHERINE,ANITA,,341,COURTLAND AVE, ,HOMERVILLE,GA,31634,341,COURTLAND AVE,,HOMERVILLE,GA,31634-0597,A,,,05/05/2020,,,MAILED,NO,NO,NO,H,H,001,008,174,ALAP,00009,,,,
CLINCH,12316365,COLLIER,SUSIE,MAE,,187,BROWN ST, ,HOMERVILLE,GA,31634,187,BROWN ST,,HOMERVILLE,GA,31634-3318,A,,,09/01/2020,09/18/2020,,MAILED,NO,NO,NO,H,H,001,008,174,ALAP,00012,,00006,13,
CLINCH,04950001,SWINSON,CHERRY,,,534,W FOREST AVE, ,HOMERVILLE,GA,31634-2077,534,W FOREST AVE,,HOMERVILLE,GA,31634-2077,A,,,04/21/2020,,,MAILED,NO,NO,NO,H,H,001,008,174,ALAP,00012,,,,
CLINCH,01058369,JOHNSON,MARY,K,,6438,MAIN ST, ,ARGYLE,GA,31623-2200,,PO BOX 143,,ARGYLE,GA,31623-0014,A,,,04/14/2020,,,MAILED,NO,NO,NO,AG,AG,001,008,174,ALAP,00006,,,,
CLINCH,03261176,FORD,STACY,L,,85,SMITH LN, ,HOMERVILLE,GA,31634,85,SMITH LN,,HOMERVILLE,GA,31634,A,,,09/08/2020,09/18/2020,,MAILED,NO,NO,NO,,H,001,008,174,ALAP,00004,,00001,67,
CLINCH,12386219,THOMAS,PATRICIA,LOFTON,,201,CRAIG CIR, ,HOMERVILLE,GA,31634,201,CRAIG CIR,,HOMERVILLE,GA,31634,A,,,09/01/2020,09/18/2020,,MAILED,NO,NO,NO,H,H,001,008,174,ALAP,00012,,00002,5,
CLINCH,01060165,SHERROD,JOE,,III,116,DARLEY CREEK RD,UNIT 80 M,HOMERVILLE,GA,31634-1435,116,DARLEY CREEK RD,UNIT 80 M,HOMERVILLE,GA,31634-1435,A,,,04/21/2020,,,MAILED,NO,NO,NO,,H,001,008,174,ALAP,00001,,,,
CLINCH,01058957,SANDLIN,BARBARA,FAYE,,63,COURT ST, ,HOMERVILLE,GA,31634-2441,63,COURT ST,,HOMERVILLE,GA,31634-2441,A,,,04/21/2020,,,MAILED,NO,NO,NO,H,H,001,008,174,ALAP,00010,,,,
CLINCH,04937406,SMITH,SHELTON,BROCK,,6472,MAIN ST, ,ARGYLE,GA,31623-2200,,PO BOX 103,,ARGYLE,GA,31623-0010,A,,,04/29/2020,,,MAILED,NO,NO,NO,AG,AG,001,008,174,ALAP,00006,,,,
CLINCH,12023117,MCCLELLAND,CHARLES,QUINCY,,226,CAMP FOUR RD, ,DU PONT,GA,31630,101,E. CORRY ST,UNIT 125,CINCINNATI,OH,45219,A,,,09/08/2020,09/18/2020,,MAILED,NO,NO,NO,,D,001,008,174,ALAP,00002,,00003,77,
CLINCH,01057573,BAKER,MARGARET,EFFIE,,90,BLUFF ST, ,FARGO,GA,31631-3215,,PO BOX 53,,FARGO,GA,31631-0005,A,,,04/21/2020,,,MAILED,NO,NO,NO,F,F,001,008,174,ALAP,00013,,,,
CLINCH,01059867,SWINSON,RAYMOND,ALLEN,,161,OLD FARGO RD, ,HOMERVILLE,GA,31634-2801,161,OLD FARGO RD,,HOMERVILLE,GA,31634-2801,A,,,09/01/2020,09/18/2020,,MAILED,NO,NO,NO,H,H,001,008,174,ALAP,00011,,00003,25,
CLINCH,12470462,JOHNSON,OCTAVIS,CRESHAN,,513,REDDICK ST, ,HOMERVILLE,GA,31634,513,REDDICK ST,,HOMERVILLE,GA,31634-3306,A,,,09/01/2020,09/18/2020,,MAILED,NO,NO,NO,H,H,001,008,174,ALAP,00012,,00011,26,
CLINCH,04244143,CALHOUN,JOSHUA,HOWARD,JR,888,CARSWELL ST,APT. F-39,HOMERVILLE,GA,31634,888,CARSWELL ST,APT. F-39,HOMERVILLE,GA,31634,A,,,04/14/2020,,,MAILED,NO,NO,NO,,H,001,008,174,ALAP,00001,,,,
CLINCH,04949983,SWINSON,CHARLENE,,,534,W FOREST AVE, ,HOMERVILLE,GA,31634,534,W FOREST AVE,,HOMERVILLE,GA,31634,A,,,04/21/2020,,,MAILED,NO,NO,NO,H,H,001,008,174,ALAP,00012,,,,
CLINCH,12267311,RIGDON,LINDA,VONELL,,74,JUNE ST, ,HOMERVILLE,GA,31634,74,JUNE ST,,HOMERVILLE,GA,31634,A,,,04/21/2020,,,MAILED,NO,NO,NO,,H,001,008,174,ALAP,00002,,,,
CLINCH,01057598,BATESON,MARION,K,,205,PEAGLER ST, ,HOMERVILLE,GA,31634-2439,205,PEAGLER ST,,HOMERVILLE,GA,31634-2439,A,,,04/21/2020,,,MAILED,NO,NO,NO,H,H,001,008,174,ALAP,00010,,,,
CLINCH,06454333,FINCH,BOBBY,GENE,,193,EDDIE RD, ,HOMERVILLE,GA,31634,193,EDDIE RD,,HOMERVILLE,GA,31634,A,,,04/21/2020,,,MAILED,NO,NO,NO,,H,001,008,174,ALAP,00001,,,,
CLINCH,07388879,WHIGAM,GRIGGS,MILLER,,10822,FARGO HWY, ,HOMERVILLE,GA,31634-6061,10822,FARGO HWY,,HOMERVILLE,GA,31634-6061,A,,,04/21/2020,,,MAILED,NO,NO,NO,,H,001,008,174,ALAP,00005,,,,
CLINCH,06866794,THIBIDEAU,BARBARA,FAY,,182,GILLICAN CIR, ,HOMERVILLE,GA,31634,182,GILLICAN CIR,,HOMERVILLE,GA,31634,A,,,09/08/2020,09/18/2020,,MAILED,NO,NO,NO,H,H,001,008,174,ALAP,00012,,00016,72,
CLINCH,01058540,LIEUPO,DONNA,RUTH,,888,CARSWELL ST,UNIT 23,HOMERVILLE,GA,31634-1550,888,CARSWELL ST,UNIT 23,HOMERVILLE,GA,31634-1550,A,,,04/21/2020,,,MAILED,NO,NO,NO,,H,001,008,174,ALAP,00001,,,,
CLINCH,01057752,COX,JANET,J,,368,WILFORD RD, ,HOMERVILLE,GA,31634-4857,368,WILFORD RD,,HOMERVILLE,GA,31634-4857,A,,,04/21/2020,,,MAILED,NO,NO,NO,,H,001,008,174,ALAP,00003,,,,
CLINCH,01060701,CALHOUN,TONYA,LYNETTE,,888,CARSWELL ST,F-39,HOMERVILLE,GA,31634,888,CARSWELL ST,F-39,HOMERVILLE,GA,31634,A,,,04/21/2020,,,MAILED,NO,NO,NO,,H,001,008,174,ALAP,00001,,,,
CLINCH,03877101,MAGBY,JANICE,MARIE,,66,SMITH LN, ,HOMERVILLE,GA,31634,66,SMITH LN,,HOMERVILLE,GA,31634,A,,,04/14/2020,,,MAILED,NO,NO,NO,,H,001,008,174,ALAP,00004,,,,
CLINCH,01058889,REGISTER,MARTIN,D,,1139,JOHN REGISTER RD, ,DU PONT,GA,31630-3935,1139,JOHN REGISTER RD,,DU PONT,GA,31630-3935,A,,,04/21/2020,,,MAILED,NO,NO,NO,,D,001,008,174,ALAP,00005,,,,
CLINCH,01060485,TOLBERT,JOHN,SAMMY,,365,CUTTINGS LOOP RD, ,HOMERVILLE,GA,31634,365,CUTTINGS LOOP RD,,HOMERVILLE,GA,31634,A,,,09/01/2020,09/18/2020,,MAILED,NO,NO,NO,,H,001,008,174,ALAP,00005,,00003,7,
CLINCH,01058027,FORBES,ROBBIE,JOHNSTON,,343,PINE ST, ,HOMERVILLE,GA,31634-2159,343,PINE ST,,HOMERVILLE,GA,31634-2159,A,,,04/13/2020,,,MAILED,NO,NO,NO,H,H,001,008,174,ALAP,00010,,,,
CLINCH,01060630,WHITLEY,CARLOS,C,,341,VIRGINIA AVE, ,HOMERVILLE,GA,31634-3057,341,VIRGINIA AVE,,HOMERVILLE,GA,31634-3057,A,,,04/21/2020,,,MAILED,NO,NO,NO,H,H,001,008,174,ALAP,00011,,,,
CLINCH,01060236,FOSKEY,EULA,LE,,142,GILLICAN CIR, ,HOMERVILLE,GA,31634,,PO BOX 186,,HOMERVILLE,GA,31634-0018,A,,,05/15/2020,,,MAILED,NO,NO,NO,H,H,001,008,174,ALAP,00012,,,,
CLINCH,01058582,MARTIN,ELLICE,PASSMORE,,64,LOCKLIER RD, ,HOMERVILLE,GA,31634-1503,,PO BOX 296,,HOMERVILLE,GA,31634-0029,A,,,04/21/2020,,,MAILED,NO,NO,NO,H,H,001,008,174,ALAP,00009,,,,
CLINCH,11951281,CALHOUN,WILLIE,FRANK,JR,121,HAPPYVILLE LN, ,HOMERVILLE,GA,31634,121,HAPPYVILLE LN,,HOMERVILLE,GA,31634,A,,,09/01/2020,09/18/2020,,MAILED,NO,NO,NO,H,H,001,008,174,ALAP,00011,,00004,28,
CLINCH,01211864,REGISTER,PHYLLIS,A,,184,CLARK ST, ,DU PONT,GA,31630-3205,184,CLARK ST,,DU PONT,GA,31630-3205,A,,,04/14/2020,,,MAILED,NO,NO,NO,D,D,001,008,174,ALAP,00007,,,,
CLINCH,01058531,LEVITON,CAROLYN,H,,530,SHILOH HWY, ,HOMERVILLE,GA,31634-5130,530,SHILOH HWY,,HOMERVILLE,GA,31634-5130,A,,,04/13/2020,,,MAILED,NO,NO,NO,,H,001,008,174,ALAP,00003,,,,
CLINCH,04936710,SMITH,MARYLOU,,,6472,MAIN ST, ,ARGYLE,GA,31623-2200,,PO BOX 103,,ARGYLE,GA,31623-0010,A,,,04/29/2020,,,MAILED,NO,NO,NO,AG,AG,001,008,174,ALAP,00006,,,,
CLINCH,01057584,BARBER,JOHNNY,PAUL,,102,GREEN ST, ,HOMERVILLE,GA,31634-1103,102,GREEN ST,,HOMERVILLE,GA,31634-1103,A,,,05/11/2020,,,MAILED,NO,NO,NO,,H,001,008,174,ALAP,00001,,,,
CLINCH,01058274,ALLEN,MAUDIE,,,139,DICKERSON ST N, ,HOMERVILLE,GA,31634-2536,139,DICKERSON ST N,,HOMERVILLE,GA,31634-2536,A,,,09/08/2020,09/18/2020,,MAILED,NO,NO,NO,H,H,001,008,174,ALAP,00009,,00003,53,
CLINCH,01058642,MCLAINE,CAROL,JUNE BROWN,,83,ROSE ST, ,HOMERVILLE,GA,31634-2423,83,ROSE ST,,HOMERVILLE,GA,31634-2423,A,,,04/21/2020,,,MAILED,NO,NO,NO,H,H,001,008,174,ALAP,00009,,,,
CLINCH,01059885,ARMSTRONG,ROBERT,,,126,REDDICK ST, ,HOMERVILLE,GA,31634-3222,126,REDDICK ST,,HOMERVILLE,GA,31634-3222,A,,,04/15/2020,,,MAILED,NO,NO,NO,H,H,001,008,174,ALAP,00012,,,,
CLINCH,01059661,GRIFFIS,KIMBERLY,DAWN,,721,ISHAM BENNET RD, ,HOMERVILLE,GA,31634-4319,721,ISHAM BENNET RD,,HOMERVILLE,GA,31634-4319,A,,,04/21/2020,,,MAILED,NO,NO,NO,,AG,001,008,174,ALAP,00001,,,,
CLINCH,01057585,BARBER,PATRICIA,T,,102,GREEN ST, ,HOMERVILLE,GA,31634-1103,102,GREEN ST,,HOMERVILLE,GA,31634-1103,A,,,05/11/2020,,,MAILED,NO,NO,NO,,H,001,008,174,ALAP,00001,,,,
CLINCH,01057578,BALLANCE,GLENDA,T,,931,NELLIE SMITH RD, ,HOMERVILLE,GA,31634-5409,931,NELLIE SMITH RD,,HOMERVILLE,GA,31634-5409,A,,,04/21/2020,,,MAILED,NO,NO,NO,,H,001,008,174,ALAP,00005,,,,
CLINCH,07533789,JOYNER,WANDA,JACKSON,,7,PALMETTO DR, ,HOMERVILLE,GA,31634,7,PALMETTO DR,,HOMERVILLE,GA,31634,A,,,04/21/2020,,,MAILED,NO,NO,NO,H,H,001,008,174,ALAP,00011,,,,
CLINCH,08109384,GRIFFIS,LINDA,FAYE,,447,E ELNA ST, ,HOMERVILLE,GA,31634-2543,447,E ELNA ST,,HOMERVILLE,GA,31634-2543,A,,,04/21/2020,,,MAILED,NO,NO,NO,H,H,001,008,174,ALAP,00009,,,,
CLINCH,03261934,TOWNSEND,PRISCILLA,LEE,,92,STALVEY DR, ,HOMERVILLE,GA,31634,,P.O. BOX 41,,HOMERVILLE,GA,31634,A,,,04/14/2020,,,MAILED,NO,NO,NO,,H,001,008,174,ALAP,00003,,,,
CLINCH,00521045,CHAUNCEY,JOHN,CALVIN,,180,CHAUNCEY RD, ,HOMERVILLE,GA,31634-6053,180,CHAUNCEY RD,,HOMERVILLE,GA,31634-6053,A,,,04/21/2020,,,MAILED,NO,NO,NO,,H,001,008,174,ALAP,00005,,,,
CLINCH,01060426,BATEMAN,KATHRYN,MOYLAN,,199,SHANNON RD, ,HOMERVILLE,GA,31634-1603,199,SHANNON RD,,HOMERVILLE,GA,31634-1603,A,,,05/05/2020,,,MAILED,NO,NO,NO,,H,001,008,174,ALAP,00001,,,,
CLINCH,01059226,WETHERINGTON,JUNE,MARIE,,526,HUCKLEBERRY RD, ,HOMERVILLE,GA,31634,526,HUCKLEBERRY RD,,HOMERVILLE,GA,31634-1306,A,,,05/12/2020,,,MAILED,NO,NO,NO,,H,001,008,174,ALAP,00001,,,,
CLINCH,01059413,WILLIAMS,HOSIE,LEE,SR,439,WEST PLANT AVE, ,HOMERVILLE,GA,31634,439,WEST PLANT AVE,,HOMERVILLE,GA,31634,A,,,09/01/2020,09/18/2020,,MAILED,NO,NO,NO,H,H,001,008,174,ALAP,00012,,00001,3,
CLINCH,01883113,ANDERSON-LEWIS,VERONICA,C,,113,WILSON ST, ,HOMERVILLE,GA,31634,113,WILSON ST,,HOMERVILLE,GA,31634,A,,,09/01/2020,09/18/2020,,MAILED,NO,NO,NO,H,H,001,008,174,ALAP,00012,,00004,11,
CLINCH,04033428,MIXON,BRENDA,JOYCE,,66,PARK ST, ,FARGO,GA,31631-3517,66,PARK ST,,FARGO,GA,31631-3517,A,,,04/21/2020,,,MAILED,NO,NO,NO,F,F,001,008,174,ALAP,00016,,,,
CLINCH,01060664,WATT,BESSIE,HOLMES,,1931,HOLMES CHAPEL RD, ,HOMERVILLE,GA,31634-4029,1931,HOLMES CHAPEL RD,,HOMERVILLE,GA,31634-4029,A,,,04/27/2020,,,MAILED,NO,NO,NO,,H,001,008,174,ALAP,00001,,,,
CLINCH,08841751,TYSON,TERRY,GENE,,150,TYSON RD, ,HOMERVILLE,GA,31634-5110,150,TYSON RD,,HOMERVILLE,GA,31634-5110,A,,,04/13/2020,,,MAILED,NO,NO,NO,,H,001,008,174,ALAP,00003,,,,
CLINCH,01060248,BARNES,MARY,LOUISE,,1644,MEXICO RD, ,PEARSON,GA,31642-2111,1644,MEXICO RD,,PEARSON,GA,31642-2111,A,,,09/08/2020,09/18/2020,,MAILED,NO,NO,NO,,H,001,008,174,ALAP,00001,,00012,57,
CLINCH,01059384,WETHERINGTON,GEORGE,DARRELL,,526,HUCKLEBERRY RD, ,HOMERVILLE,GA,31634-1306,526,HUCKLEBERRY RD,,HOMERVILLE,GA,31634-1306,A,,,05/12/2020,,,MAILED,NO,NO,NO,,H,001,008,174,ALAP,00001,,,,
CLINCH,01058951,ROUNDTREE,WILLIAM,FELTON,,6474,VALDOSTA HWY, ,HOMERVILLE,GA,31634-6329,6474,VALDOSTA HWY,,HOMERVILLE,GA,31634-6329,A,,,04/13/2020,,,MAILED,NO,NO,NO,,D,001,008,174,ALAP,00002,,,,
CLINCH,01057543,ADAMS,BONNIE,SUE,,160,ANNIE LAURIE LN, ,HOMERVILLE,GA,31634-4222,160,ANNIE LAURIE LN,,HOMERVILLE,GA,31634-4222,A,,,04/21/2020,,,MAILED,NO,NO,NO,,H,001,008,174,ALAP,00001,,,,
CLINCH,01060332,STEEDLEY,JAMES,,,535,HUGHES CIR, ,ARGYLE,GA,31623-2124,,PO BOX 194,,ARGYLE,GA,31623-0019,A,,,04/21/2020,,,MAILED,NO,NO,NO,AG,AG,001,008,174,ALAP,00006,,,,
CLINCH,06518433,HENDLEY,EUGENE,NELSON,,625,N CHURCH ST, ,HOMERVILLE,GA,31634,625,N CHURCH ST,,HOMERVILLE,GA,31634,A,,,04/14/2020,,,MAILED,NO,NO,NO,H,H,001,008,174,ALAP,00010,,,,
CLINCH,01057549,ALLEN,JAMES,CLYDE,JR,566,SHANNON RD, ,HOMERVILLE,GA,31634-1610,566,SHANNON RD,,HOMERVILLE,GA,31634-1610,A,,,04/21/2020,,,MAILED,NO,NO,NO,,H,001,008,174,ALAP,00001,,,,
CLINCH,08599792,ISAAC,DANIEL,RAYDER,,436,CARSWELL ST, ,HOMERVILLE,GA,31634-2312,436,CARSWELL ST,,HOMERVILLE,GA,31634-2312,A,,,04/13/2020,,,MAILED,NO,NO,NO,H,H,001,008,174,ALAP,00009,,,,
CLINCH,01357801,REGISTER,EUEL,GENE,,362,WALTER REGISTER RD, ,HOMERVILLE,GA,31634-1151,362,WALTER REGISTER RD,,HOMERVILLE,GA,31634-1151,A,,,04/21/2020,,,MAILED,NO,NO,NO,,H,001,008,174,ALAP,00001,,,,
CLINCH,02196916,TANNER,BENJAMIN,F,II,623,AVRIETT FARM RD, ,HOMERVILLE,GA,31634-4039,623,AVRIETT FARM RD,,HOMERVILLE,GA,31634-4039,A,,,09/01/2020,09/18/2020,,MAILED,NO,NO,NO,,H,001,008,174,ALAP,00001,,00006,40,
CLINCH,03959241,MCMILLAN,AUDREY,D,,144,PRESCOTT RD, ,HOMERVILLE,GA,31634-4510,144,PRESCOTT RD,,HOMERVILLE,GA,31634-4510,A,,,04/21/2020,,,MAILED,NO,NO,NO,,AG,001,008,174,ALAP,00001,,,,
CLINCH,01059040,SMITH,IRIS,GAIL,,345,LUCILLE SMITH RD, ,HOMERVILLE,GA,31634-5203,345,LUCILLE SMITH RD,,HOMERVILLE,GA,31634-5203,A,,,04/21/2020,,,MAILED,NO,NO,NO,,H,001,008,174,ALAP,00003,,,,
CLINCH,01058318,JAMES,BETTY,S,,5625,WAYCROSS HWY, ,HOMERVILLE,GA,31634-4643,5625,WAYCROSS HWY,,HOMERVILLE,GA,31634-4643,A,,,04/21/2020,,,MAILED,NO,NO,NO,,AG,001,008,174,ALAP,00001,,,,
CLINCH,01059379,WEST,BERTHA,LEE,,342,NORTHGATE RD, ,HOMERVILLE,GA,31634-3606,342,NORTHGATE RD,,HOMERVILLE,GA,31634-3606,A,,,09/08/2020,09/18/2020,,MAILED,NO,NO,NO,,H,001,008,174,ALAP,00001,,00010,54,
CLINCH,01059391,WHITE,BERNICE,V,,4363,SHILOH HWY, ,HOMERVILLE,GA,31634-4819,4363,SHILOH HWY,,HOMERVILLE,GA,31634-4819,A,,,04/13/2020,,,MAILED,NO,NO,NO,,H,001,008,174,ALAP,00003,,,,
CLINCH,01060095,MCLAUGHLIN,IDA,M,,96,DOUGLAS RD, ,DU PONT,GA,31630-3012,96,DOUGLAS RD,,DU PONT,GA,31630-3012,A,,,04/14/2020,,,MAILED,NO,NO,NO,,D,001,008,174,ALAP,00002,,,,
CLINCH,01353784,RUDD,LEE,WOODTON,III,535,JAMESTOWN RD, ,ARGYLE,GA,31623,,PO BOX 224,,ARGYLE,GA,31623-0022,A,,,04/14/2020,,,MAILED,NO,NO,NO,AG,AG,001,008,174,ALAP,00006,,,,
CLINCH,01058699,MINSON,EDDIE,,,137,S COLLEGE ST, ,HOMERVILLE,GA,31634-3401,137,S COLLEGE ST,,HOMERVILLE,GA,31634-3401,A,,,04/14/2020,,,MAILED,NO,NO,NO,H,H,001,008,174,ALAP,00012,,,,
CLINCH,01059959,WILLIAMS,JIMMY,LEE,,337,BROWN ST, ,HOMERVILLE,GA,31634-3353,337,BROWN ST,,HOMERVILLE,GA,31634-3353,A,,,09/02/2020,09/18/2020,,MAILED,NO,NO,NO,H,H,001,008,174,ALAP,00012,,00015,47,
CLINCH,05959716,KENNEY,SUSIE,JEANETTE,,84,KYLEE RD, ,HOMERVILLE,GA,31634-9799,84,KYLEE RD,,HOMERVILLE,GA,31634-9799,A,,,05/22/2020,,,MAILED,NO,NO,NO,,H,001,008,174,ALAP,00001,,,,
CLINCH,01060616,WALKER,XAVIER,CAMEQWA,,70,PINEVIEW ST, ,HOMERVILLE,GA,31634-2828,70,PINEVIEW ST,,HOMERVILLE,GA,31634-2828,A,,,04/21/2020,,,MAILED,NO,NO,NO,H,H,001,008,174,ALAP,00011,,,,
CLINCH,01057705,BROWN,MAXIE,W,,83,ROSE ST, ,HOMERVILLE,GA,31634,83,ROSE ST,,HOMERVILLE,GA,31634,A,,,04/21/2020,,,MAILED,NO,NO,NO,H,H,001,008,174,ALAP,00009,,,,
CLINCH,03788927,MCRAE,VIRA,ROBINSON,,15,AVRIETT FARM RD, ,HOMERVILLE,GA,31634-4036,15,AVRIETT FARM RD,,HOMERVILLE,GA,31634-4036,A,,,04/21/2020,,,MAILED,NO,NO,NO,,H,001,008,174,ALAP,00001,,,,
CLINCH,01060450,VINCE,ANNIE,RUTH,,665,W FOREST AVE, ,HOMERVILLE,GA,31634-3555,665,W FOREST AVE,,HOMERVILLE,GA,31634-3555,A,,,04/14/2020,,,MAILED,NO,NO,NO,H,H,001,008,174,ALAP,00012,,,,
CLINCH,01058532,LEVITON,ROSEMARY,B,,67,LEVITON AVE, ,FARGO,GA,31631-3228,,PO BOX 38,,FARGO,GA,31631-0003,A,,,04/21/2020,,,MAILED,NO,NO,NO,F,F,001,008,174,ALAP,00013,,,,
CLINCH,12129760,MOW,JOHN HENRY,KANAKA'OLE,,12,PINE ST, ,HOMERVILLE,GA,31634,12,PINE ST,,HOMERVILLE,GA,31634-2242,A,,,09/01/2020,09/18/2020,,MAILED,NO,NO,NO,H,H,001,008,174,ALAP,00010,,00001,34,
CLINCH,11947647,SMITH,KATHERINE,NICOLE,,741,NELLIE SMITH RD, ,HOMERVILLE,GA,31634,741,NELLIE SMITH RD,,HOMERVILLE,GA,31634,A,,,09/08/2020,09/18/2020,,MAILED,NO,NO,NO,,H,001,008,174,ALAP,00005,,00015,73,
CLINCH,03725394,ANDREWS,MELINDA,ANN,,161,BROOKS RD, ,DU PONT,GA,31630-3061,161,BROOKS RD,,DUPONT,GA,31630,A,,,09/01/2020,09/18/2020,,MAILED,NO,NO,NO,,D,001,008,174,ALAP,00002,,00001,1,
CLINCH,03877237,MAYNARD,MAVIS,STUDEBAKER,,2293,THELMA HWY, ,HOMERVILLE,GA,31634-5905,2293,THELMA HWY,,HOMERVILLE,GA,31634-5905,A,,,04/21/2020,,,MAILED,NO,NO,NO,,H,001,008,174,ALAP,00005,,,,
CLINCH,01058568,MALONE,IDA BELL,C,,256,NORTHGATE RD, ,HOMERVILLE,GA,31634-3604,256,NORTHGATE RD,,HOMERVILLE,GA,31634-3604,A,,,05/05/2020,,,MAILED,NO,NO,NO,,H,001,008,174,ALAP,00001,,,,
CLINCH,01059644,SWINSON,WILLIE,J,,11,CARSWELL CIR, ,HOMERVILLE,GA,31634-3238,11,CARSWELL CIR,,HOMERVILLE,GA,31634-3238,A,,,09/01/2020,09/18/2020,,MAILED,NO,NO,NO,H,H,001,008,174,ALAP,00012,,00014,44,
CLINCH,01341987,HAZEL,DONALD,VIRGIL,SR,652,KIRKLAND PLACE RD, ,DU PONT,GA,31630,652,KIRKLAND PLACE RD,,DU PONT,GA,31630,A,,,05/26/2020,,,MAILED,NO,NO,NO,,D,001,008,174,ALAP,00005,,,,
CLINCH,07547986,MERIWEATHER,DIANDRA,NICOLE,,1166,CUTTINGS LOOP RD, ,HOMERVILLE,GA,31634,1166,CUTTINGS LOOP RD,,HOMERVILLE,GA,31634,A,,,09/08/2020,09/18/2020,,MAILED,NO,NO,NO,,H,001,008,174,ALAP,00005,,00016,78,
CLINCH,01060193,TEW,HELEN,HENDRIX,,19,GRANT RD, ,HOMERVILLE,GA,31634-4500,19,GRANT RD,,HOMERVILLE,GA,31634-4500,A,,,04/21/2020,,,MAILED,NO,NO,NO,,AG,001,008,174,ALAP,00001,,,,
CLINCH,01058959,SANDLIN,JAMES,DANIEL,,63,COURT ST,A,HOMERVILLE,GA,31634-2441,63,COURT ST,A,HOMERVILLE,GA,31634-2441,A,,,04/21/2020,,,MAILED,NO,NO,NO,H,H,001,008,174,ALAP,00010,,,,
CLINCH,01058615,MCCLAINE,JAMES,IVIE,,249,LOGANBERRY RD, ,DU PONT,GA,31630-3749,249,LOGANBERRY RD,,DU PONT,GA,31630-3749,A,,,04/21/2020,,,MAILED,NO,NO,NO,,D,001,008,174,ALAP,00005,,,,
CLINCH,01058635,MCKNIGHT,ULYSEESS,O,,54,BEAL ST, ,HOMERVILLE,GA,31634,54,BEAL ST,,HOMERVILLE,GA,31634,A,,,09/01/2020,,,MAILED,NO,NO,NO,H,H,001,008,174,ALAP,00012,,,,
CLINCH,07533460,MOTON,JOANNE,SMITH,,220,MIDWAY SCHOOL RD, ,HOMERVILLE,GA,31634,220,MIDWAY SCHOOL RD,,HOMERVILLE,GA,31634,A,,,04/21/2020,,,MAILED,NO,NO,NO,,H,001,008,174,ALAP,00003,,,,
CLINCH,01060028,TINER,HAROLD,,,269,ALVIN DICKERSON LN, ,DU PONT,GA,31630-2353,269,ALVIN DICKERSON LN,,DU PONT,GA,31630-2353,A,,,04/14/2020,,,MAILED,NO,NO,NO,,D,001,008,174,ALAP,00002,,,,
CLINCH,07920324,MCCAIN,WADE,RUSSELL,,75,BUCK RD, ,HOMERVILLE,GA,31634,75,BUCK RD,,HOMERVILLE,GA,31634,A,,,04/14/2020,,,MAILED,NO,NO,NO,,AB,001,008,174,ALAP,00002,,,,
CLINCH,03493866,BENNETT,CLIFF,,,313,WOODLAKE DR, ,HOMERVILLE,GA,31634,313,WOODLAKE DR,,HOMERVILLE,GA,31634,A,,,05/21/2020,,,MAILED,NO,NO,NO,,H,001,008,174,ALAP,00002,,,,
CLINCH,03688604,JOHNSON,RUTH,DARLENE,,50,TOMLINSON ST, ,HOMERVILLE,GA,31634-1742,50,TOMLINSON ST,,HOMERVILLE,GA,31634-1742,A,,,04/21/2020,,,MAILED,NO,NO,NO,H,H,001,008,174,ALAP,00010,,,,
CLINCH,01300283,BRADLEY,MARY,ALICE KING,,115,N MARY ST, ,HOMERVILLE,GA,31634,115,N MARY ST,,HOMERVILLE,GA,31634-1826,A,,,05/12/2020,,,MAILED,NO,NO,NO,,H,001,008,174,ALAP,00002,,,,
CLINCH,01207603,THOMAS,BLANCHE,B,,187,BROWN CIR, ,DU PONT,GA,31630-3761,187,BROWN CIR,,DU PONT,GA,31630-3761,A,,,09/01/2020,09/18/2020,,MAILED,NO,NO,NO,,D,001,008,174,ALAP,00005,,00001,2,
CLINCH,03877208,MAYNARD,FLOYD,DAVID,SR,2293,THELMA HWY, ,HOMERVILLE,GA,31634,2293,THELMA HWY,,HOMERVILLE,GA,31634,A,,,04/13/2020,,,MAILED,NO,NO,NO,,H,001,008,174,ALAP,00005,,,,
CLINCH,01059375,WEBB,MERVIN,LEE,,291,WHISPERWOOD RD, ,HOMERVILLE,GA,31634,291,WHISPERWOOD RD,,HOMERVILLE,GA,31634,A,,,04/21/2020,,,MAILED,NO,NO,NO,,H,001,008,174,ALAP,00002,,,,
CLINCH,01058872,REGISTER,WILLIAM,JASPER,,205,W JEROME ST, ,HOMERVILLE,GA,31634-2256,205,W JEROME ST,,HOMERVILLE,GA,31634-2256,A,,,04/21/2020,,,MAILED,NO,NO,NO,H,H,001,008,174,ALAP,00010,,,,
CLINCH,01058561,LUTZ,SARAH,H,,88,HOLLY DR, ,HOMERVILLE,GA,31634-1160,88,HOLLY DR,,HOMERVILLE,GA,31634-1160,A,,,04/21/2020,,,MAILED,NO,NO,NO,,H,001,008,174,ALAP,00001,,,,
CLINCH,07539607,GEIGER,SHIRLEY,M,,32,SANDY BOTTOM HWY, ,HOMERVILLE,GA,31634-4211,32,SANDY BOTTOM HWY,,HOMERVILLE,GA,31634-4211,A,,,04/21/2020,,,MAILED,NO,NO,NO,,H,001,008,174,ALAP,00001,,,,
CLINCH,10586624,BRANHAM,TANNER,WADE,,40,HOLLY DR, ,HOMERVILLE,GA,31634,,490 BARNETT SHOALS RD,,ATHENS,GA,30605,A,,,09/04/2020,09/18/2020,,MAILED,NO,NO,NO,,H,001,008,174,ALAP,00001,,00014,59,
CLINCH,04683526,BOONE,CYNTHIA,MARIE,,57,WIREGRASS ST, ,HOMERVILLE,GA,31634,57,WIREGRASS ST,,HOMERVILLE,GA,31634,A,,,09/01/2020,09/18/2020,,MAILED,NO,NO,NO,H,H,001,008,174,ALAP,00011,,00008,35,
CLINCH,01058989,WEBB,LONNIE,E,,98,JUNE ST, ,HOMERVILLE,GA,31634,98,JUNE ST,,HOMERVILLE,GA,31634,A,,,04/21/2020,,,MAILED,NO,NO,NO,,H,001,008,174,ALAP,00002,,,,
CLINCH,05796536,TOMLINSON,JOHN,G,JR,181,LOCKLIER RD, ,HOMERVILLE,GA,31634-1505,181,LOCKLIER RD,,HOMERVILLE,GA,31634-1505,A,,,04/21/2020,,,MAILED,NO,NO,NO,,H,001,008,174,ALAP,00001,,,,
CLINCH,01058970,STEEDLEY,DEBORAH,M,,715,STEEDLEY FARM RD, ,HOMERVILLE,GA,31634,715,STEEDLEY FARM RD,,HOMERVILLE,GA,31634,A,,,04/13/2020,,,MAILED,NO,NO,NO,,AG,001,008,174,ALAP,00001,,,,
CLINCH,04400710,HEATH,AMANDA,MOYLIN BRADY,,128,SWEAT ST, ,HOMERVILLE,GA,31634,128,SWEAT ST,,HOMERVILLE,GA,31634,A,,,04/21/2020,,,MAILED,NO,NO,NO,H,H,001,008,174,ALAP,00009,,,,
CLINCH,01057645,BOB,EMMA,JULIA,,72,MELISSA ST, ,HOMERVILLE,GA,31634-3340,72,MELISSA ST,,HOMERVILLE,GA,31634-0001,A,,,09/01/2020,09/18/2020,,MAILED,YES,NO,NO,H,H,001,008,174,ALAP,00012,,00012,27,
CLINCH,01058994,SIRMANS,BOBBIE,LEE,,147,PONDEROSA LN, ,DU PONT,GA,31630-2509,147,PONDEROSA LN,,DU PONT,GA,31630-2509,A,,,04/21/2020,,,MAILED,NO,NO,NO,,D,001,008,174,ALAP,00002,,,,
CLINCH,03605930,KING,SUSAN,R,,603,LOCKLIER RD, ,HOMERVILLE,GA,31634-1317,,PO BOX 343,,HOMERVILLE,GA,31634-0034,A,,,04/21/2020,,,MAILED,NO,NO,NO,,H,001,008,174,ALAP,00001,,,,
CLINCH,01058897,REGISTER,SARAH,D,,667,REGISTER RD, ,HOMERVILLE,GA,31634-1133,667,REGISTER RD,,HOMERVILLE,GA,31634-1133,A,,,04/15/2020,,,MAILED,NO,NO,NO,,H,001,008,174,ALAP,00001,,,,
CLINCH,01058422,JOYCE,PATRICIA,H,,1982,PEARSON HWY, ,HOMERVILLE,GA,31634-1111,1982,PEARSON HWY,,HOMERVILLE,GA,31634-1111,A,,,04/21/2020,,,MAILED,NO,NO,NO,,H,001,008,174,ALAP,00001,,,,
CLINCH,08841632,TYSON,TALITHA,ELAINE,,150,TYSON RD, ,HOMERVILLE,GA,31634-5110,150,TYSON RD,,HOMERVILLE,GA,31634-5110,A,,,04/14/2020,,,MAILED,NO,NO,NO,,H,001,008,174,ALAP,00003,,,,
CLINCH,00574359,WALKER,WADDIE,E,,70,PINEVIEW ST, ,HOMERVILLE,GA,31634,70,PINEVIEW ST,,HOMERVILLE,GA,31634,A,,,04/21/2020,,,MAILED,NO,NO,NO,H,H,001,008,174,ALAP,00011,,,,
CLINCH,01060857,BUCKHAULTS,MAVIS,K,,130,LOCKLIER RD, ,HOMERVILLE,GA,31634-1504,,PO BOX 584,,HOMERVILLE,GA,31634-0058,A,,,04/13/2020,,,MAILED,NO,NO,NO,,H,001,008,174,ALAP,00001,,,,
CLINCH,01057931,DELK,EDITH,NELL,,324,E DAME AVE, ,HOMERVILLE,GA,31634-2529,324,E DAME AVE,,HOMERVILLE,GA,31634-2529,A,,,04/21/2020,,,MAILED,NO,NO,NO,H,H,001,008,174,ALAP,00011,,,,
CLINCH,03493741,MAYNARD,FLOYD,DAVID,JR,2293,THELMA HWY, ,HOMERVILLE,GA,31634,2293,THELMA HWY,,HOMERVILLE,GA,31634-5905,A,,,04/21/2020,,,MAILED,NO,NO,NO,,H,001,008,174,ALAP,00005,,,,
CLINCH,07388810,BABBIT,MICHAEL,JAY,,285,MIDWAY SCHOOL RD, ,HOMERVILLE,GA,31634,285,MIDWAY SCHOOL RD,,HOMERVILLE,GA,31634,A,,,04/21/2020,,,MAILED,NO,NO,NO,,H,001,008,174,ALAP,00003,,,,
CLINCH,08896967,MCRAE,ROOSEVELT,,JR,15,AVRIETT FARM RD, ,HOMERVILLE,GA,31634-4036,15,AVRIETT FARM RD,,HOMERVILLE,GA,31634-4036,A,,,04/21/2020,,,MAILED,NO,NO,NO,,H,001,008,174,ALAP,00001,,,,
CLINCH,01058388,JONES,GENEVA,P,,43,RIVERSIDE AVE, ,FARGO,GA,31631-3440,43,"PO BOX 186,RIVERSIDE DR",,FARGO,GA,31631,A,,,09/08/2020,09/18/2020,,MAILED,YES,NO,NO,F,F,001,008,174,ALAP,00013,,00001,74,
CLINCH,10952392,CALHOUN,LINDA,D,,121,HAPPYVILLE LN, ,HOMERVILLE,GA,31634,121,HAPPYVILLE LN,,HOMERVILLE,GA,31634,A,,,09/01/2020,09/18/2020,,MAILED,NO,NO,NO,H,H,001,008,174,ALAP,00011,,00005,29,
CLINCH,01060044,WELCH,IONE,P,,166,PADGETT CIR, ,FARGO,GA,31631-3638,166,PADGETT CIR,,FARGO,GA,31631-3638,A,,,04/21/2020,,,MAILED,NO,NO,NO,F,F,001,008,174,ALAP,00016,,,,
CLINCH,03688341,MCRAE,SHIRLEY,ANN,,91,AVRIETT FARM RD, ,HOMERVILLE,GA,31634-4036,91,AVRIETT FARM RD,,HOMERVILLE,GA,31634-4036,A,,,09/01/2020,09/18/2020,,MAILED,NO,NO,NO,,H,001,008,174,ALAP,00001,,00003,31,
CLINCH,06853812,DELK,ROSALIND,D,,341,HOLLY DR, ,HOMERVILLE,GA,31634-1625,341,HOLLY DR,,HOMERVILLE,GA,31634-1625,A,,,04/14/2020,,,MAILED,NO,NO,NO,,H,001,008,174,ALAP,00001,,,,
CLINCH,01058584,MARTIN,LOUIS,PHILIPS,,64,LOCKLIER RD, ,HOMERVILLE,GA,31634-1503,64,"PO BOX 296,LOCKLIER RD.",,HOMERVILLE,GA,31634-0029,A,,,04/21/2020,,,MAILED,NO,NO,NO,H,H,001,008,174,ALAP,00009,,,,
CLINCH,01060325,HERRIN,GROVER,ALLEN,,143,SWEAT ST, ,HOMERVILLE,GA,31634-2510,143,SWEAT ST,,HOMERVILLE,GA,31634-2510,A,,,07/28/2020,,,MAILED,NO,NO,NO,H,H,001,008,174,ALAP,00009,,,,
CLINCH,10945794,SUTTON,APRIL,MARIE,,370,HUCKLEBERRY RD, ,HOMERVILLE,GA,31634,,5108 SW GENESEE,,SEATTLE,GA,98116,A,,,09/06/2020,09/18/2020,,MAILED,NO,NO,NO,,H,001,008,174,ALAP,00001,,00016,64,
CLINCH,05340593,GORE,WILLIE,MAE,,888,CARSWELL ST, ,HOMERVILLE,GA,31634,,PO BOX 646,,HOMERVILLE,GA,31634-0064,A,,,09/02/2020,09/02/2020,,MAILED,NO,NO,NO,,H,001,008,174,ALAP,00001,,00008,49,
CLINCH,07796093,MERIWEATHER,BARBARA,WILLIAMS,,169,HOLMES RD, ,HOMERVILLE,GA,31634-6105,169,HOLMES RD,,HOMERVILLE,GA,31634-6105,A,,,09/01/2020,09/18/2020,,MAILED,NO,NO,NO,,H,001,008,174,ALAP,00005,,00004,8,
CLINCH,08599789,ISAAC,MARTHA,SMITH,,436,CARSWELL ST, ,HOMERVILLE,GA,31634-2312,436,CARSWELL ST,,HOMERVILLE,GA,31634-2312,A,,,04/13/2020,,,MAILED,NO,NO,NO,H,H,001,008,174,ALAP,00009,,,,
CLINCH,01058148,GUY,BRENDA,,,10528,FARGO HWY, ,HOMERVILLE,GA,31634-6039,10528,FARGO HWY,,HOMERVILLE,GA,31634-6039,A,,,04/21/2020,,,MAILED,NO,NO,NO,,H,001,008,174,ALAP,00005,,,,
CLINCH,01060418,VOIGHT,DREMA,S,,1321,CARSWELL STREET EXT, ,HOMERVILLE,GA,31634-1444,1321,CARSWELL STREET EXT,,HOMERVILLE,GA,31634-1444,A,,,04/21/2020,,,MAILED,NO,NO,NO,,H,001,008,174,ALAP,00001,,,,
CLINCH,01059213,SMITH,KAREN,C,,479,SWEAT ST, ,HOMERVILLE,GA,31634,479,SWEAT ST,,HOMERVILLE,GA,31634,A,,,04/21/2020,,,MAILED,NO,NO,NO,H,H,001,008,174,ALAP,00009,,,,
CLINCH,01058081,GORDON,JERONIA,G,,182,CHASITY LN, ,STOCKTON,GA,31649,182,CHASTITY LN,,STOCKTON,GA,31649-0971,A,,,04/21/2020,,,MAILED,NO,NO,NO,,D,001,008,174,ALAP,00002,,,,
CLINCH,01059789,GRADDY,CAROLYN,MANAC,,110,DAY AVE, ,FARGO,GA,31631-3318,110,DAY AVE,,FARGO,GA,31631-3318,A,,,04/21/2020,,,MAILED,NO,NO,NO,F,F,001,008,174,ALAP,00014,,,,
CLINCH,03590239,WYNN,JAMES,DAVID,JR,436,DOUGLAS RD, ,DU PONT,GA,31630,436,DOUGLAS RD,,DU PONT,GA,31630,A,,,04/29/2020,,,MAILED,NO,NO,NO,,D,001,008,174,ALAP,00002,,,,
CLINCH,01641839,CALHOUN,WILLIE,F,SR,121,HAPPYVILLE LN, ,HOMERVILLE,GA,31634,121,HAPPYVILLE LN,,HOMERVILLE,GA,31634,A,,,09/01/2020,09/18/2020,,MAILED,NO,NO,NO,H,H,001,008,174,ALAP,00011,,00006,30,
CLINCH,01059109,SMITH,WILLIE,GLENN,,11,DICKERSON ST N, ,HOMERVILLE,GA,31634-2505,,PO BOX 603,,HOMERVILLE,GA,31634-0060,A,,,04/21/2020,,,MAILED,NO,NO,NO,H,H,001,008,174,ALAP,00009,,,,
CLINCH,01058950,ROUNDTREE,BOBBIE,NELL,,6474,VALDOSTA HWY, ,HOMERVILLE,GA,31634-6329,6474,VALDOSTA HWY,,HOMERVILLE,GA,31634-6329,A,,,04/14/2020,,,MAILED,NO,NO,NO,,D,001,008,174,ALAP,00002,,,,
CLINCH,01060016,DUMAS,NATHANIEL,FRANKLIN,,52,CHURCH ST, ,DU PONT,GA,31630,,PO BOX 51,,DU PONT,GA,31630-0005,A,,,05/05/2020,,,MAILED,NO,NO,NO,D,D,001,008,174,ALAP,00007,,,,
CLINCH,07931706,HARRIS,CAROLE,JOHNS,,515,COURT ST, ,HOMERVILLE,GA,31634-2230,515,COURT ST,,HOMERVILLE,GA,31634-2230,A,,,04/21/2020,,,MAILED,NO,NO,NO,H,H,001,008,174,ALAP,00010,,,,
CLINCH,03388917,WILLIAMS,DIANE,F,,686,WEST PLANT AVE, ,HOMERVILLE,GA,31634,686,WEST PLANT AVE,,HOMERVILLE,GA,31634,A,,,05/22/2020,,,MAILED,NO,NO,NO,H,H,001,008,174,ALAP,00012,,,,
CLINCH,08463166,SWINSON,DAVID,EARL,JR,110,WASHINGTON CIR, ,HOMERVILLE,GA,31634,110,WASHINGTON CIR,,HOMERVILLE,GA,31634,A,,,09/01/2020,09/18/2020,,MAILED,YES,NO,NO,H,H,001,008,174,ALAP,00012,,00009,17,
CLINCH,01058572,MANLEY,LUCY,B,,517,HUCKLEBERRY DR, ,HOMERVILLE,GA,31634-1138,,PO BOX 472,,HOMERVILLE,GA,31634-0047,A,,,04/21/2020,,,MAILED,NO,NO,NO,,H,001,008,174,ALAP,00001,,,,
CLINCH,11639373,MCLAINE,TERRY,DUANNE,,888,CARSWELL ST,H-56,HOMERVILLE,GA,31634,888,CARSWELL ST,H-56,HOMERVILLE,GA,31634,A,,,04/21/2020,,,MAILED,NO,NO,NO,,H,001,008,174,ALAP,00001,,,,
CLINCH,01059957,MCCALL,ANGELA,T,,129,HOPPYS LOOP RD, ,HOMERVILLE,GA,31634,129,HOPPYS LOOP RD,,HOMERVILLE,GA,31634,A,,,04/21/2020,,,MAILED,NO,NO,NO,,H,001,008,174,ALAP,00005,,,,
CLINCH,11415332,WHEELER,CHARLIE,MARTIN,,85,DICKERSON ST N, ,HOMERVILLE,GA,31634,85,DICKERSON ST N,,HOMERVILLE,GA,31634,A,,,04/21/2020,,,MAILED,NO,NO,NO,H,H,001,008,174,ALAP,00009,,,,
CLINCH,05550030,RIOLO,ROBERT,PAUL,,746,W FOREST AVE, ,HOMERVILLE,GA,31634-3556,746,W FOREST AVE,,HOMERVILLE,GA,31634-3556,A,,,04/21/2020,,,MAILED,NO,NO,NO,,H,001,008,174,ALAP,00005,,,,
CLINCH,01058557,LUPO,AUDREY,M,,501,N COLLEGE ST, ,HOMERVILLE,GA,31634-2251,501,N COLLEGE ST,,HOMERVILLE,GA,31634-2251,A,,,04/21/2020,,,MAILED,NO,NO,NO,H,H,001,008,174,ALAP,00010,,,,
CLINCH,03261162,JENKINS,HENRY,ANN,,888,CARSWELL ST,APT.C17,HOMERVILLE,GA,31634,888,CARSWELL ST,APT.C17,HOMERVILLE,GA,31634,A,,,05/05/2020,,,MAILED,NO,NO,NO,,H,001,008,174,ALAP,00001,,,,
CLINCH,01059334,TURNER,IONA,H,,1341,HOMEPLACE RD, ,HOMERVILLE,GA,31634-5048,1341,HOMEPLACE RD,,HOMERVILLE,GA,31634-5048,A,,,07/23/2020,,,MAILED,NO,NO,NO,,H,001,008,174,ALAP,00003,,,,
CLINCH,03686137,ELLIS,SARAH,NELLOUISE,,384,ALFRED GRIFFIS RD, ,FARGO,GA,31631,384,ALFRED GRIFFIS RD,,FARGO,GA,31631,A,,,09/08/2020,09/18/2020,,MAILED,NO,NO,NO,F,F,001,008,174,ALAP,00015,,00001,68,
CLINCH,05959704,KENNEY,HENRY,J,,84,KYLEE RD, ,HOMERVILLE,GA,31634-9799,84,KYLEE RD,,HOMERVILLE,GA,31634-9799,A,,,05/22/2020,,,MAILED,NO,NO,NO,,H,001,008,174,ALAP,00001,,,,
CLINCH,07794720,DIAL,VERGIL,QUITMAN,,601,N CHURCH ST, ,HOMERVILLE,GA,31634-2336,601,N CHURCH ST,,HOMERVILLE,GA,31634-2336,A,,,04/21/2020,,,MAILED,NO,NO,NO,H,H,001,008,174,ALAP,00010,,,,
CLINCH,05392744,MARSHALL,TERESA,CARLENE,,513,REDDICK ST, ,HOMERVILLE,GA,31634-3306,513,REDDICK ST,,HOMERVILLE,GA,31634-3306,A,,,09/01/2020,09/18/2020,,MAILED,NO,NO,NO,H,H,001,008,174,ALAP,00012,,00008,16,
CLINCH,01059436,WILSON,JIMMY,MARTIN,,86,MAPLE ST, ,HOMERVILLE,GA,31634-3436,86,MAPLE ST,,HOMERVILLE,GA,31634-3436,A,,,04/21/2020,,,MAILED,NO,NO,NO,H,H,001,008,174,ALAP,00012,,,,
CLINCH,00685880,DUBOIS,ROSA,LEA,,419,MOONSHADOW RD, ,HOMERVILLE,GA,31634-3725,419,MOONSHADOW RD,,HOMERVILLE,GA,31634-3725,A,,,04/21/2020,,,MAILED,NO,NO,NO,,H,001,008,174,ALAP,00001,,,,
CLINCH,01057780,CASON,LOUIE,A,,129,TOMLINSON ST, ,HOMERVILLE,GA,31634-1246,129,TOMLINSON ST,,HOMERVILLE,GA,31634-1246,A,,,04/13/2020,,,MAILED,NO,NO,NO,H,H,001,008,174,ALAP,00010,,,,
CLINCH,01057594,BARNES,LUCIUS,,,1644,MEXICO RD, ,PEARSON,GA,31642-2111,1644,MEXICO RD,,PEARSON,GA,31642-2111,A,,,09/08/2020,09/18/2020,,MAILED,YES,NO,NO,,H,001,008,174,ALAP,00001,,00013,58,
CLINCH,01058567,MALONE,ARTHOR,LEE,,230,NORTHGATE RD, ,HOMERVILLE,GA,31634-3604,230,NORTHGATE RD,,HOMERVILLE,GA,31634-3604,A,,,09/01/2020,09/18/2020,,MAILED,NO,NO,NO,,H,001,008,174,ALAP,00001,,00007,43,
CLINCH,01058643,MCLAINE,KENTON,E,,83,ROSE ST, ,HOMERVILLE,GA,31634-2423,83,ROSE ST,,HOMERVILLE,GA,31634-2423,A,,,04/21/2020,,,MAILED,NO,NO,NO,H,H,001,008,174,ALAP,00009,,,,
CLINCH,06404108,ALLEN,VIVIAN,M,,566,SHANNON RD, ,HOMERVILLE,GA,31634-1610,566,SHANNON RD,,HOMERVILLE,GA,31634-1610,A,,,04/21/2020,,,MAILED,NO,NO,NO,,H,001,008,174,ALAP,00001,,,,
CLINCH,01058900,REGISTER,WALTER,REID,,667,REGISTER RD, ,HOMERVILLE,GA,31634-1133,667,REGISTER RD,,HOMERVILLE,GA,31634-1133,A,,,04/21/2020,,,MAILED,NO,NO,NO,,H,001,008,174,ALAP,00001,,,,
CLINCH,01058633,MCKNIGHT,AVA,NELL,,85,SMITH LN, ,HOMERVILLE,GA,31634,85,SMITH LN,,HOMERVILLE,GA,31634,A,,,09/01/2020,,,MAILED,NO,NO,NO,,H,001,008,174,ALAP,00004,,,,
CLINCH,12603372,HODGES,ROBERT,LASAVA,,93,TRAVIS LN, ,HOMERVILLE,GA,31634,93,TRAVIS LN,,HOMERVILLE,GA,31634,A,,,09/01/2020,09/18/2020,,MAILED,NO,NO,NO,,H,001,008,174,ALAP,00005,,00008,36,
CLINCH,01057870,COX,CONRAD,KEITH,,630,LOCKLIER RD, ,HOMERVILLE,GA,31634-1316,630,LOCKLIER RD,,HOMERVILLE,GA,31634-1316,A,,,04/21/2020,,,MAILED,NO,NO,NO,,H,001,008,174,ALAP,00001,,,,
CLINCH,01059434,WILSON,EVELYN,S,,86,MAPLE ST, ,HOMERVILLE,GA,31634-3436,86,MAPLE ST,,HOMERVILLE,GA,31634-3436,A,,,04/21/2020,,,MAILED,NO,NO,NO,H,H,001,008,174,ALAP,00012,,,,
CLINCH,01059569,TOLBERT,JANICE,LAVERNE,,67,CRAIG CIR,A,HOMERVILLE,GA,31634,67,CRAIG CIR,A,HOMERVILLE,GA,31634,A,,,04/29/2020,,,MAILED,NO,NO,NO,,H,001,008,174,ALAP,00005,,,,
CLINCH,01059652,EDWARDS,JERRY,W,,568,LOCKLIER RD, ,HOMERVILLE,GA,31634-1314,568,LOCKLIER RD,,HOMERVILLE,GA,31634-1314,A,,,04/27/2020,,,MAILED,NO,NO,NO,,H,001,008,174,ALAP,00001,,,,
CLINCH,06518888,SCOTT,MARY,E,,120,APRIL RD,C3,HOMERVILLE,GA,31634,120,APRIL RD,C3,HOMERVILLE,GA,31634,A,,,05/15/2020,,,MAILED,NO,NO,NO,,H,001,008,174,ALAP,00001,,,,
CLINCH,06868800,BROWN,JACQUALINE,M,,12,CATY RD, ,HOMERVILLE,GA,31634-3351,12,CATY RD,,HOMERVILLE,GA,31634-3351,A,,,09/01/2020,09/18/2020,,MAILED,NO,NO,NO,H,H,001,008,174,ALAP,00012,,00007,15,
CLINCH,04225902,SHERROD,CAROLYN,G,,5076,FARGO HWY, ,HOMERVILLE,GA,31634,5076,FARGO HWY,,HOMERVILLE,GA,31634,A,,,04/14/2020,,,MAILED,NO,NO,NO,,H,001,008,174,ALAP,00005,,,,
CLINCH,12012195,FUTCH,MOODY,JONATHAN,,152,MUSGROVE AVE, ,HOMERVILLE,GA,31634,152,MUSGROVE AVE,,HOMERVILLE,GA,31634,A,,,04/21/2020,,,MAILED,NO,NO,NO,H,H,001,008,174,ALAP,00011,,,,
CLINCH,01058092,GRADY,ALLENE,WEST,,5196,LAKELAND HWY, ,DU PONT,GA,31630-2402,5196,LAKELAND HWY,,DU PONT,GA,31630-2402,A,,,04/21/2020,,,MAILED,NO,NO,NO,,AB,001,008,174,ALAP,00002,,,,
CLINCH,03664408,FOSTER,IDELLA,A,,234,HAPPYVILLE LN, ,HOMERVILLE,GA,31634-2853,234,HAPPYVILLE LN,,HOMERVILLE,GA,31634-2853,A,,,09/02/2020,09/18/2020,,MAILED,NO,NO,NO,H,H,001,008,174,ALAP,00011,,00010,48,
CLINCH,01057716,BRYANT,ROSIE,LEE,,319,WEST PLANT AVE, ,HOMERVILLE,GA,31634,319,WEST PLANT AVE,,HOMERVILLE,GA,31634,A,,,04/14/2020,,,MAILED,NO,NO,NO,H,H,001,008,174,ALAP,00012,,,,
CLINCH,03404329,LACEY,BILLY,J,JR,197,BROWN ST, ,HOMERVILLE,GA,31634,197,BROWN ST,,HOMERVILLE,GA,31634,A,,,09/01/2020,09/18/2020,,MAILED,NO,NO,NO,H,H,001,008,174,ALAP,00012,,00013,37,
CLINCH,01059136,STALVEY,JAMES,HAROLD,,1481,OLIVE LEAF RD, ,DU PONT,GA,31630-3831,1481,OLIVE LEAF RD,,DU PONT,GA,31630-3831,A,,,05/05/2020,,,MAILED,NO,NO,NO,,D,001,008,174,ALAP,00005,,,,
CLINCH,01059653,EDWARDS,JEANETTE,R,,568,LOCKLIER RD, ,HOMERVILLE,GA,31634-1314,568,LOCKLIER RD,,HOMERVILLE,GA,31634-1314,A,,,04/27/2020,,,MAILED,NO,NO,NO,,H,001,008,174,ALAP,00001,,,,
CLINCH,05199119,GUY,ANGELIA,MICHELLE,,10250,FARGO HWY, ,HOMERVILLE,GA,31634,10250,FARGO HWY,,HOMERVILLE,GA,31634,A,,,04/27/2020,,,MAILED,NO,NO,NO,,H,001,008,174,ALAP,00005,,,,
CLINCH,10766463,ANDREWS,JANICE,M,,888,CARSWELL ST,D 22,HOMERVILLE,GA,31634,888,CARSWELL ST,D 22,HOMERVILLE,GA,31634,A,,,09/01/2020,09/18/2020,,MAILED,NO,NO,NO,,H,001,008,174,ALAP,00001,,00005,39,
CLINCH,10804553,ANDREWS,KYNA,LORRIANE,,234,HAPPYVILLE LN, ,HOMERVILLE,GA,31634,234,HAPPYVILLE LN,,HOMERVILLE,GA,31634,A,,,09/01/2020,09/18/2020,,MAILED,NO,NO,NO,H,H,001,008,174,ALAP,00011,,00009,41,
CLINCH,01059528,REDDICK,CHARLES,R,,58,WHISPERWOOD LN, ,HOMERVILLE,GA,31634-1236,,PO BOX 515,,HOMERVILLE,GA,31634-0051,A,,,04/30/2020,,,MAILED,NO,NO,NO,,H,001,008,174,ALAP,00002,,,,
CLINCH,07771905,MCLAUGHLIN,JAMES,PAUL,,96,DOUGLAS RD, ,DU PONT,GA,31630-3012,96,DOUGLAS RD,,DU PONT,GA,31630-3012,A,,,04/14/2020,,,MAILED,NO,NO,NO,,D,001,008,174,ALAP,00002,,,,
CLINCH,06824684,BESS,EMMA,LEE,,235,OLD FARGO RD, ,HOMERVILLE,GA,31634-2813,,PO BOX 194,,HOMERVILLE,GA,31634-0019,A,,,04/21/2020,,,MAILED,NO,NO,NO,H,H,001,008,174,ALAP,00011,,,,
CLINCH,01059933,BARCLAY,LEEGIRTHA,M,,198,REDDICK ST, ,HOMERVILLE,GA,31634-3221,198,REDDICK ST,,HOMERVILLE,GA,31634-3221,A,,,04/21/2020,,,MAILED,NO,NO,NO,H,H,001,008,174,ALAP,00012,,,,
CLINCH,06628871,MERIWEATHERS,CLARENCE,J,,169,HOLMES RD, ,HOMERVILLE,GA,31634,169,HOLMES RD,,HOMERVILLE,GA,31634-6105,A,,,09/01/2020,09/18/2020,,MAILED,NO,NO,NO,,H,001,008,174,ALAP,00005,,00005,9,
CLINCH,03673546,GALLAGHER,LARRY,DOBY,,62,PALMETTO DR, ,HOMERVILLE,GA,31634,62,PALMETTO DR,,HOMERVILLE,GA,31634,A,,,04/21/2020,,,MAILED,NO,NO,NO,H,H,001,008,174,ALAP,00011,,,,
CLINCH,03648571,STABLER,TAMMY,GRADDY,,115,BECCA LN, ,HOMERVILLE,GA,31634,115,BECCA LANE,,HOMERVILLE,GA,31634,A,,,09/02/2020,09/02/2020,,MAILED,NO,NO,NO,,H,001,008,174,ALAP,00005,,00010,46,
CLINCH,01058504,SWINSON,LILLIE,MAE,,161,OLD FARGO RD, ,HOMERVILLE,GA,31634,161,OLD FARGO RD,,HOMERVILLE,GA,31634,A,,,09/01/2020,09/18/2020,,MAILED,NO,NO,NO,H,H,001,008,174,ALAP,00011,,00002,24,
CLINCH,07239536,WARNER,BETTY,,,535,JAMESTOWN RD, ,ARGYLE,GA,31623,,PO BOX 224,,ARGYLE,,31623,A,,,04/14/2020,,,MAILED,NO,NO,NO,AG,AG,001,008,174,ALAP,00006,,,,
CLINCH,10770030,NEWTON,JEFFREY,RANDALL,,1326,ANTIOCH CHURCH RD, ,HOMERVILLE,GA,31634,1326,ANTIOCH CHURCH RD,,HOMERVILLE,GA,31634,A,,,04/21/2020,,,MAILED,NO,NO,NO,,AG,001,008,174,ALAP,00003,,,,
CLINCH,01059858,ENFINGER,HAZEL,LOU,,730,GA HIGHWAY 94, ,FARGO,GA,31631-3414,730,GA HIGHWAY 94,,FARGO,GA,31631-3414,A,,,04/21/2020,,,MAILED,NO,NO,NO,F,F,001,008,174,ALAP,00014,,,,
CLINCH,01057673,ROGERS,THELDA,BRADFORD,,285,ALFRED GRIFFIS RD, ,FARGO,GA,31631,,PO BOX 165,,FARGO,GA,31631-0016,A,,,05/20/2020,,,MAILED,NO,NO,NO,F,F,001,008,174,ALAP,00016,,,,
CLINCH,01058240,HERRIN,BRUCE,,,588,COURT ST, ,HOMERVILLE,GA,31634-2229,588,COURT ST,,HOMERVILLE,GA,31634-2229,A,,,04/21/2020,,,MAILED,NO,NO,NO,H,H,001,008,174,ALAP,00010,,,,
CLINCH,01059486,SHIRLEY,PHYLLIS,S,,10625,FARGO HWY, ,HOMERVILLE,GA,31634-6050,10625,FARGO HWY,,HOMERVILLE,GA,31634-6050,A,,,04/22/2020,,,MAILED,NO,NO,NO,,H,001,008,174,ALAP,00005,,,,
CLINCH,01060123,PITTMAN,BILLY,GEARL,JR,1419,PEARSON HWY, ,HOMERVILLE,GA,31634,1312,SOUTH 4TH ST.,,FLORESVILLE,TX,78114,A,,,09/08/2020,09/18/2020,,MAILED,NO,NO,NO,,H,001,008,174,ALAP,00002,,00003,79,
CLINCH,00581183,NASH,IVA,ELAINE,,992,LOCKLIER RD, ,HOMERVILLE,GA,31634,992,LOCKLIER RD,,HOMERVILLE,GA,31634,A,,,04/15/2020,,,MAILED,NO,NO,NO,,H,001,008,174,ALAP,00001,,,,
CLINCH,12105579,BRYANT,PATRICIA,ANN,,216,W FOREST AVE, ,HOMERVILLE,GA,31634,216,W FOREST AVE,,HOMERVILLE,GA,31634,A,,,09/08/2020,09/18/2020,,MAILED,NO,NO,NO,H,H,001,008,174,ALAP,00012,,00017,76,
CLINCH,03725473,WILLIAMS,WANDA,ANNE,,11,TRAVIS LN, ,HOMERVILLE,GA,31634,11,TRAVIS LN,,HOMERVILLE,GA,31634,A,,,09/01/2020,09/18/2020,,MAILED,NO,NO,NO,,H,001,008,174,ALAP,00005,,00001,4,
CLINCH,01057712,BRYANT,CHARLES,LAMAR,,109,BRYANT RD, ,HOMERVILLE,GA,31634,109,BRYANT RD,,HOMERVILLE,GA,31634-6103,A,,,09/01/2020,09/18/2020,,MAILED,NO,NO,NO,,H,001,008,174,ALAP,00005,,00006,21,
CLINCH,01059893,SMITH,VIVIAN,H,,39,TOMLINSON ST, ,HOMERVILLE,GA,31634-1741,39,TOMLINSON ST,,HOMERVILLE,GA,31634-1741,A,,,04/21/2020,,,MAILED,NO,NO,NO,H,H,001,008,174,ALAP,00010,,,,
CLINCH,01058060,GASKINS,JEWELL,L,,8977,NASHVILLE HWY, ,LAKELAND,GA,31635-3039,8977,NASHVILLE HWY,,LAKELAND,GA,31635-3039,A,,,04/21/2020,,,MAILED,NO,NO,NO,,AB,001,008,174,ALAP,00002,,,,
CLINCH,01058327,JAMES,HARRY,LEO,,5625,WAYCROSS HWY, ,HOMERVILLE,GA,31634-4643,5625,WAYCROSS HWY,,HOMERVILLE,GA,31634-4643,A,,,04/21/2020,,,MAILED,NO,NO,NO,,AG,001,008,174,ALAP,00001,,,,
CLINCH,07398032,HANES,JEFFREY,SCOTT,,9098,WITHERS RD, ,DU PONT,GA,31630,9098,WITHERS RD,,DU PONT,GA,31630,A,,,04/22/2020,,,MAILED,NO,NO,NO,,D,001,008,174,ALAP,00005,,,,
CLINCH,01058740,MORRISON,JAMES,R,,581,LOCKLIER RD, ,HOMERVILLE,GA,31634-1315,581,LOCKLIER RD,,HOMERVILLE,GA,31634-1315,A,,,07/23/2020,,,MAILED,NO,NO,NO,,H,001,008,174,ALAP,00001,,,,
CLINCH,01057970,DORSEY,ANGELA,R,,181,HAPPYVILLE LN, ,HOMERVILLE,GA,31634-2854,181,HAPPYVILLE LN,,HOMERVILLE,GA,31634-2854,A,,,09/18/2020,,,MAILED,NO,NO,NO,H,H,001,008,174,ALAP,00011,,,,
CLINCH,04400457,JENKINS,DANIEL,,,383,OLD FARGO RD, ,HOMERVILLE,GA,31634-2811,,PO BOX 122,,HOMERVILLE,GA,31634-0012,A,,,05/13/2020,,,MAILED,NO,NO,NO,H,H,001,008,174,ALAP,00011,,,,
CLINCH,01058879,REGISTER,HERBERT,PHILLIP,,137,NICHOLS ST, ,DU PONT,GA,31630,137,NICHOLS ST,,DU PONT,GA,31630,A,,,04/14/2020,,,MAILED,NO,NO,NO,D,D,001,008,174,ALAP,00007,,,,
CLINCH,03348595,SMITH,JANET,FAYE,,103,CINDY RD, ,HOMERVILLE,GA,31634-1422,103,CINDY RD,,HOMERVILLE,GA,31634-1422,A,,,09/08/2020,09/18/2020,,MAILED,NO,NO,NO,,H,001,008,174,ALAP,00001,,00011,56,
CLINCH,10914755,MEIER,ANDREW,GENE,,431,SHANNON RD, ,HOMERVILLE,GA,31634,431,SHANNON RD,,HOMERVILLE,GA,31634,A,,,09/04/2020,09/18/2020,,MAILED,NO,NO,NO,,H,001,008,174,ALAP,00001,,00015,60,
CLINCH,03705511,LEFFINGWELL,JEAN,,,571,WIREGRASS ST, ,HOMERVILLE,GA,31634-2954,571,WIREGRASS ST,,HOMERVILLE,GA,31634-2954,A,,,04/21/2020,,,MAILED,NO,NO,NO,H,H,001,008,174,ALAP,00011,,,,
CLINCH,01057784,CHAMBERS,CAROL,W,,196,VIRGINIA AVE, ,HOMERVILLE,GA,31634-3020,196,VIRGINIA AVE,,HOMERVILLE,GA,31634-3020,A,,,06/16/2020,,,MAILED,NO,NO,NO,H,H,001,008,174,ALAP,00012,,,,
CLINCH,01058047,FUTCH,JAMES,EDWARD,,607,BETHEL CHURCH RD, ,HOMERVILLE,GA,31634-6013,607,BETHEL CHURCH RD,,HOMERVILLE,GA,31634-6013,A,,,08/04/2020,,,MAILED,NO,NO,NO,,H,001,008,174,ALAP,00005,,,,
CLINCH,01060854,BUCKHAULTS,BILLY,JOE,,130,LOCKLIER RD, ,HOMERVILLE,GA,31634-1504,,PO BOX 584,,HOMERVILLE,GA,31634-0058,A,,,04/13/2020,,,MAILED,NO,NO,NO,,H,001,008,174,ALAP,00001,,,,
CLINCH,12126397,PADGETT,RUTHY,VIOLA,,145,CYPRESS DR, ,HOMERVILLE,GA,31634,145,CYPRESS DR,,HOMERVILLE,GA,31634,A,,,04/14/2020,,,MAILED,NO,NO,NO,,H,001,008,174,ALAP,00002,,,,
CLINCH,01060641,BROWN,SUSAN,GRADDY,,861,WOODLAKE DR, ,HOMERVILLE,GA,31634-1060,861,WOODLAKE DR,,HOMERVILLE,GA,31634-1060,A,,,05/22/2020,,,MAILED,NO,NO,NO,,H,001,008,174,ALAP,00002,,,,
CLINCH,07554075,FLOWERS,ELMER,EDWARD,,6339,MAIN ST, ,ARGYLE,GA,31623-2013,,PO BOX 121,,ARGYLE,GA,31623-0012,A,,,05/15/2020,,,MAILED,NO,NO,NO,AG,AG,001,008,174,ALAP,00006,,,,
CLINCH,10293951,RICHARDSON,BLAKE,LAMAR ANDERSON,,113,WILSON ST, ,HOMERVILLE,GA,31634,113,WILSON ST,,HOMERVILLE,GA,31634,A,,,09/01/2020,09/18/2020,,MAILED,NO,NO,NO,H,H,001,008,174,ALAP,00012,,00005,12,
CLINCH,01057774,CASON,PATRICIA,GAIL,,129,TOMLINSON ST, ,HOMERVILLE,GA,31634-1246,129,TOMLINSON ST,,HOMERVILLE,GA,31634-1246,A,,,04/13/2020,,,MAILED,NO,NO,NO,H,H,001,008,174,ALAP,00010,,,,
CLINCH,07713324,NUNEZ-DURON,MILAGROS,,,1921,ANTIOCH CHURCH RD, ,HOMERVILLE,GA,31634-4736,1921,ANTIOCH CHURCH RD,,HOMERVILLE,GA,31634-4736,A,,,09/01/2020,09/18/2020,,MAILED,NO,NO,NO,,AG,001,008,174,ALAP,00003,,00001,42,
CLINCH,04817449,BRYANT,SHEILA,JONES,,876,W FOREST AVE, ,HOMERVILLE,GA,31634-3558,876,W FOREST AVE,,HOMERVILLE,GA,31634-3558,A,,,09/08/2020,09/18/2020,,MAILED,NO,NO,NO,,H,001,008,174,ALAP,00005,,00013,66,
CLINCH,03788473,GAMBLE,LANNIE,BELL,,32,SMITH LN, ,HOMERVILLE,GA,31634,32,SMITH LN,,HOMERVILLE,GA,31634,A,,,04/14/2020,,,MAILED,NO,NO,NO,,H,001,008,174,ALAP,00004,,,,
CLINCH,01058928,RIGDON,JAMES,C,JR,74,JUNE ST, ,HOMERVILLE,GA,31634-9546,74,JUNE ST,,HOMERVILLE,GA,31634-9546,A,,,04/21/2020,,,MAILED,NO,NO,NO,,H,001,008,174,ALAP,00002,,,,
CLINCH,01057775,CASON,JESSE,D,,93,SHIRLEY RD, ,HOMERVILLE,GA,31634-2922,93,SHIRLEY RD,,HOMERVILLE,GA,31634-2922,A,,,08/04/2020,,,MAILED,NO,NO,NO,H,H,001,008,174,ALAP,00011,,,,
CLINCH,03592530,TAYLOR,ALICE,MARIE,,480,SWEAT ST,APT 52,HOMERVILLE,GA,31634,480,SWEAT ST,APT 52,HOMERVILLE,GA,31634,A,,,09/02/2020,09/18/2020,,MAILED,NO,NO,NO,H,H,001,008,174,ALAP,00009,,00001,50,
CLINCH,07388895,WHIGAM,SANDRA,CHAUNCEY,,10822,FARGO HWY, ,HOMERVILLE,GA,31634-6061,10822,FARGO HWY,,HOMERVILLE,GA,31634-6061,A,,,04/21/2020,,,MAILED,NO,NO,NO,,H,001,008,174,ALAP,00005,,,,
CLINCH,01059709,TOLBERT,ELIZABETH,H,,365,CUTTINGS LOOP RD, ,HOMERVILLE,GA,31634-6123,365,CUTTINGS LOOP RD,,HOMERVILLE,GA,31634-6123,A,,,09/01/2020,09/18/2020,,MAILED,NO,NO,NO,,H,001,008,174,ALAP,00005,,00002,6,
CLINCH,03688158,BURCH,ODELL,GRADDY,,1144,LOCKLIER RD, ,HOMERVILLE,GA,31634-1330,1144,LOCKLIER RD,,HOMERVILLE,GA,31634-1330,A,,,04/21/2020,,,MAILED,NO,NO,NO,,H,001,008,174,ALAP,00001,,,,
CLINCH,01359084,COX,EDITH,CHLOE,,185,HOMEPLACE RD, ,HOMERVILLE,GA,31634,185,HOMEPLACE RD,,HOMERVILLE,GA,31634,A,,,04/21/2020,,,MAILED,NO,NO,NO,,H,001,008,174,ALAP,00003,,,,
CLINCH,01058087,GRADDY,BILLY,A,,110,DAY AVE, ,FARGO,GA,31631-3318,110,DAY AVE,,FARGO,GA,31631-3318,A,,,04/21/2020,,,MAILED,NO,NO,NO,F,F,001,008,174,ALAP,00014,,,,
CLINCH,01058418,STALVEY,IRMA,ROE,,71,PACE ST, ,HOMERVILLE,GA,31634,71,PACE ST,,HOMERVILLE,GA,31634,A,,,04/30/2020,,,MAILED,NO,NO,NO,H,H,001,008,174,ALAP,00010,,,,
CLINCH,01059238,SWINSON,CAROLYN,M,,110,WASHINGTON CIR, ,HOMERVILLE,GA,31634-3102,110,WASHINGTON CIR,,HOMERVILLE,GA,31634-3102,A,,,04/21/2020,,,MAILED,NO,NO,NO,H,H,001,008,174,ALAP,00012,,,,
CLINCH,03981129,WRICE,BETTY,RUTH,,29,OAKLAND ST, ,HOMERVILLE,GA,31634,,PO BOX 812,,HOMERVILLE,GA,31634-0081,A,,,04/14/2020,,,MAILED,NO,NO,NO,H,H,001,008,174,ALAP,00011,,,,
CLINCH,08421207,NETTLES,LOUISE,CHRISTINE,,296,CHEROKEE PHOENIX LN, ,HOMERVILLE,GA,31634-6065,296,CHEROKEE PHOENIX LN,,HOMERVILLE,GA,31634-6065,A,,,04/21/2020,,,MAILED,NO,NO,NO,,H,001,008,174,ALAP,00005,,,,
CLINCH,01058098,SMITH,KNEENA,KENETA,,790,SHILOH HWY, ,HOMERVILLE,GA,31634-5134,790,SHILOH HWY,,HOMERVILLE,GA,31634-5134,A,,,04/14/2020,,,MAILED,NO,NO,NO,,H,001,008,174,ALAP,00003,,,,
CLINCH,11095184,WARD,SARAH,JANE,,302,CHEROKEE PHOENIX LN, ,HOMERVILLE,GA,31634,302,CHEROKEE PHOENIX LN,,HOMERVILLE,GA,31634,A,,,09/06/2020,09/18/2020,,MAILED,NO,NO,NO,,H,001,008,174,ALAP,00005,,00012,65,
CLINCH,05344031,KING,BRIAN,RIGDON,,74,JUNE ST, ,HOMERVILLE,GA,31634,74,JUNE ST,,HOMERVILLE,GA,31634,A,,,09/06/2020,09/18/2020,,MAILED,NO,NO,NO,,H,001,008,174,ALAP,00002,,00002,62,
CLINCH,04961265,JAMES,ERNEST,EVERETT,,133,SUWANNEE DR, ,FARGO,GA,31631-3305,133,SUWANNEE DR,,FARGO,GA,31631-3305,A,,,04/21/2020,,,MAILED,NO,NO,NO,F,F,001,008,174,ALAP,00014,,,,
CLINCH,01058462,LAMIE,ELSIE,ELIZABETH,,329,GRIFFIN CIR, ,HOMERVILLE,GA,31634-5008,329,GRIFFIN CIR,,HOMERVILLE,GA,31634-5008,A,,,04/21/2020,,,MAILED,NO,NO,NO,,H,001,008,174,ALAP,00003,,,,
CLINCH,01058883,REGISTER,JANICE,S,,71,HOLLY DR, ,HOMERVILLE,GA,31634-1161,71,HOLLY DR,,HOMERVILLE,GA,31634-1161,A,,,04/30/2020,,,MAILED,NO,NO,NO,,H,001,008,174,ALAP,00001,,,,
CLINCH,01058881,REGISTER,JEFFREY,TIMOTHY,SR,71,HOLLY DR, ,HOMERVILLE,GA,31634-1616,71,HOLLY DR,,HOMERVILLE,GA,31634-1616,A,,,04/30/2020,,,MAILED,NO,NO,NO,,H,001,008,174,ALAP,00001,,,,
CLINCH,12681121,STABLER,BRYAN,MONROE,,115,BECCA LN, ,HOMERVILLE,GA,31634,115,BECCA LANE,,HOMERVILLE,GA,31634,A,,,09/02/2020,09/18/2020,,MAILED,NO,NO,NO,,H,001,008,174,ALAP,00005,,00009,45,
CLINCH,01060413,SMITH,VICKI,ANNETTE,,22,TIMBERLANE DR, ,HOMERVILLE,GA,31634,22,TIMBERLANE DR,,HOMERVILLE,GA,31634,R,,ADDRESS IS IN THE WRONG COMBO,09/08/2020,,,MAILED,NO,NO,NO,,H,001,008,174,ALAP,00004,,,71,
CLINCH,01060404,LIEUPO,MELISSA,ANNE,,74,REDMAN MORRIS RD, ,HOMERVILLE,GA,31634,74,REDMAN MORRIS RD,,HOMERVILLE,GA,31634,A,,,04/21/2020,,,MAILED,NO,NO,NO,,H,001,008,174,ALAP,00001,,,,
CLINCH,07021472,BALLANCE,DAVID,TY,,751,NELLIE SMITH RD, ,HOMERVILLE,GA,31634,751,NELLIE SMITH RD,,HOMERVILLE,GA,31634,A,,,09/08/2020,09/18/2020,,MAILED,NO,NO,NO,,H,001,008,174,ALAP,00005,,00014,70,
CLINCH,11095177,LEE,BROUGHTON,EARL,,302,CHEROKEE PHOENIX LN, ,HOMERVILLE,GA,31634,302,CHEROKEE PHOENIX LN,,HOMERVILLE,GA,31634,A,,,09/06/2020,09/18/2020,,MAILED,NO,NO,NO,,H,001,008,174,ALAP,00005,,00011,63,
CLINCH,01058581,MARSHALL,PATRICIA,ANN,,3394,PEARSON HWY, ,HOMERVILLE,GA,31634-3643,3394,PEARSON HWY,,HOMERVILLE,GA,31634-3643,A,,,09/01/2020,09/18/2020,,MAILED,NO,NO,NO,,H,001,008,174,ALAP,00001,,00001,14,
CLINCH,11901090,CLARK,SAMUEL,LAMAR,,121,HAPPYVILLE LN, ,HOMERVILLE,GA,31634,121,HAPPYVILLE LN,,HOMERVILLE,GA,31634,A,,,09/01/2020,09/18/2020,,MAILED,NO,NO,NO,H,H,001,008,174,ALAP,00011,,00007,32,
CLINCH,04597253,LASHLEY,JAMES,EDWIN,,217,NETTLES RD, ,HOMERVILLE,GA,31634-4403,217,NETTLES RD,,HOMERVILLE,GA,31634-4403,A,,,04/13/2020,,,MAILED,NO,NO,NO,,AG,001,008,174,ALAP,00001,,,,
CLINCH,07706356,BOONE,TORRANCE,D,,5220,LAKELAND HWY, ,DU PONT,GA,31630-2404,5220,LAKELAND HWY,,DU PONT,GA,31630-2404,A,,,04/27/2020,,,MAILED,NO,NO,NO,,AB,001,008,174,ALAP,00002,,,,
CLINCH,01058700,MINSON,STELLA,LEE,,137,S COLLEGE ST, ,HOMERVILLE,GA,31634-3401,137,S COLLEGE ST,,HOMERVILLE,GA,31634-3401,A,,,04/14/2020,,,MAILED,NO,NO,NO,H,H,001,008,174,ALAP,00012,,,,
CLINCH,01058490,LEE,BILLY,,,375,APRIL RD, ,HOMERVILLE,GA,31634,375,APRIL RD,,HOMERVILLE,GA,31634,A,,,04/21/2020,,,MAILED,NO,NO,NO,,H,001,008,174,ALAP,00001,,,,
CLINCH,01057958,DICKERSON,ELVA,LEE,,50,JOE BILL RD, ,HOMERVILLE,GA,31634-1951,50,JOE BILL RD,,HOMERVILLE,GA,31634-1951,A,,,04/21/2020,,,MAILED,NO,NO,NO,,H,001,008,174,ALAP,00002,,,,
CLINCH,01058168,HARDEE,WILLIE,ALFRED,JR,405,WEST PLANT AVE, ,HOMERVILLE,GA,31634,,PO BOX 361,,HOMERVILLE,GA,31634-0036,A,,,04/14/2020,,,MAILED,NO,NO,NO,H,H,001,008,174,ALAP,00012,,,,
CLINCH,01058028,FORBES,WILLIAM,ELWOOD,,343,PINE ST, ,HOMERVILLE,GA,31634-2159,343,PINE ST,,HOMERVILLE,GA,31634-2159,A,,,04/13/2020,,,MAILED,NO,NO,NO,H,H,001,008,174,ALAP,00010,,,,
CLINCH,01057576,BALLANCE,CHARLES,DUNCAN,,931,NELLIE SMITH RD, ,HOMERVILLE,GA,31634-5409,931,NELLIE SMITH RD,,HOMERVILLE,GA,31634-5409,A,,,04/21/2020,,,MAILED,NO,NO,NO,,H,001,008,174,ALAP,00005,,,,
CLINCH,07388861,LANIER,JOHN,R,,214,FOREST AVE, ,FARGO,GA,31631,214,FOREST AVE,,FARGO,GA,31631,A,,,05/18/2020,,,MAILED,NO,NO,NO,F,F,001,008,174,ALAP,00015,,,,
CLINCH,07533771,STEPHENS,EVELYN,BARNES,,385,MOONSHADOW RD, ,HOMERVILLE,GA,31634,385,MOONSHADOW RD,,HOMERVILLE,GA,31634,A,,,09/08/2020,09/18/2020,,MAILED,NO,NO,NO,,H,001,008,174,ALAP,00001,,00009,51,
CLINCH,11114776,WILLIAMS,DIANA,WHITE,,686,W PLANT AVE, ,HOMERVILLE,GA,31634,686,W PLANT AVE,,HOMERVILLE,GA,31634,A,,,09/01/2020,09/18/2020,,MAILED,NO,NO,NO,H,H,001,008,174,ALAP,00012,,00010,20,
CLINCH,04166310,TOWNSEND,JOHN,WESLEY,,92,STALVEY DR, ,HOMERVILLE,GA,31634,92,STALVEY DR,,HOMERVILLE,GA,31634,A,,,04/14/2020,,,MAILED,NO,NO,NO,,H,001,008,174,ALAP,00003,,,,
CLINCH,05972336,WILLIAMS,ALFONSO,,,337,BROWN ST, ,HOMERVILLE,GA,31634-3353,337,BROWN ST,,HOMERVILLE,GA,31634-3353,A,,,04/14/2020,,,MAILED,NO,NO,NO,H,H,001,008,174,ALAP,00012,,,,
CLINCH,01059339,TURNER,RUBY,L,,465,VIRGINIA AVE, ,HOMERVILLE,GA,31634-3033,465,VIRGINIA AVE,,HOMERVILLE,GA,31634-3033,A,,,04/27/2020,,,MAILED,NO,NO,NO,H,H,001,008,174,ALAP,00011,,,,
CLINCH,03493824,BENNETT,CLIFF,EDWARD,,313,WOODLAKE DR, ,HOMERVILLE,GA,31634,313,WOODLAKE DR,,HOMERVILLE,GA,31634,A,,,05/21/2020,,,MAILED,NO,NO,NO,,H,001,008,174,ALAP,00002,,,,
CLINCH,04249672,WILLIAMS,KENNETH,EUGENE,,11,TRAVIS LN, ,HOMERVILLE,GA,31634,11,TRAVIS LN,,HOMERVILLE,GA,31634,A,,,09/01/2020,09/18/2020,,MAILED,NO,NO,NO,,H,001,008,174,ALAP,00005,,00007,22,
CLINCH,01058242,HERRIN,LOUNETTE,Y,,121,KIGHT ST, ,HOMERVILLE,GA,31634-2903,121,KIGHT ST,,HOMERVILLE,GA,31634-2903,A,,,04/21/2020,,,MAILED,NO,NO,NO,H,H,001,008,174,ALAP,00011,,,,
