County,Voter Registration #,Last Name,First Name,Middle Name,Suffix,Street #,Street Name,Apt/Unit,City,State,Zip Code,Mailing Street #,Mailing Street Name,Mailing Apt/Unit,Mailing City,Mailing State,Mailing Zip Code,Application Status,Ballot Status,Status Reason,Application Date,Ballot Issued Date,Ballot Return Date,Ballot Style,Ballot Assisted,Challenged/Provisional,ID Required,Municipal Precinct,County Precinct,CNG,SEN,HOUSE	,JUD,Combo #,Vote Center ID,Ballot ID,Post #,Party
ECHOLS,08069944,PLATT,ROSALINDA,LOPEZ,,1080,MELROSE RD, ,LAKE PARK,GA,31636-5843,1080,MELROSE RD,,LAKE PARK,GA,31636-5843,A,,,09/15/2020,09/18/2020,,MAILED,NO,NO,NO,,1058,001,008,174,STHN,00001,,00019,19,
ECHOLS,10414704,MOORE,MICHAEL,STEVE,JR,114,STEPHANIE LN, ,STATENVILLE,GA,31648,114,STEPHANIE LN,,STATENVILLE,GA,31648,A,,,09/15/2020,09/18/2020,,MAILED,NO,NO,NO,,1058,001,008,174,STHN,00001,,00015,15,
ECHOLS,00685044,CARTER,GARLAND,FRANKLIN,,125,GALLBERRY LN, ,LAKE PARK,GA,31636-6044,,PO BOX 43,,STATENVILLE,GA,31648-0004,A,,,04/08/2020,,,MAILED,NO,NO,NO,,1058,001,008,174,STHN,00001,,,,
ECHOLS,00686047,SPELLS,RONALD,LAMAR,,480,MAYDAY RD, ,LAKE PARK,GA,31636-6319,480,MAYDAY RD,,LAKE PARK,GA,31636-6319,A,,,04/08/2020,,,MAILED,NO,NO,NO,,1058,001,008,174,STHN,00001,,,,
ECHOLS,00685762,FENDER,ALTON,GILFORD,,3808,HWY 187 E, ,DU PONT,GA,31630-2016,3808,HWY 187 E,,DU PONT,GA,31630-2016,A,,,04/13/2020,,,MAILED,NO,NO,NO,,1058,001,008,174,STHN,00001,,,,
ECHOLS,00685922,MCLEOD,SHELLIE,RAE,,108,MCLEOD RD, ,LAKE PARK,GA,31636-5715,108,MCLEOD RD,,LAKE PARK,GA,31636-5715,A,,,04/09/2020,,,MAILED,NO,NO,NO,,1058,001,008,174,STHN,00001,,,,
ECHOLS,10126170,DIGGS,PATRICIA,ANN,,155,JAMES DR, ,LAKE PARK,GA,31636,,PO BOX 905,,LAKE PARK,GA,31636-5431,A,,,04/21/2020,,,MAILED,NO,NO,NO,,1058,001,008,174,STHN,00001,,,,
ECHOLS,11679559,PATEL,MANUBHAI,K,,160,US HIGHWAY 129 S, ,STATENVILLE,GA,31648,160,US HIGHWAY 129 S,,STATENVILLE,GA,31648,A,,,09/15/2020,09/18/2020,,MAILED,NO,NO,NO,,1058,001,008,174,STHN,00001,,00022,22,
ECHOLS,05736848,CULPEPPER,CALEB,WAYNE,,356,US HIGHWAY 129 N, ,STATENVILLE,GA,31648,356,US HIGHWAY 129 N,,STATENVILLE,GA,31648,A,,,09/05/2020,09/18/2020,,MAILED,NO,NO,NO,,1058,001,008,174,STHN,00001,,00011,11,
ECHOLS,00685481,STEWART,JANE,ADAMS,,3393,HIGHWAY 135 N, ,LAKE PARK,GA,31636-6151,3393,HIGHWAY 135 N,,LAKE PARK,GA,31636-6151,A,,,04/08/2020,,,MAILED,NO,NO,NO,,1058,001,008,174,STHN,00001,,,,
ECHOLS,00686107,ZEIGLER,LAWRENCE,E,,223,CARROLL RD, ,LAKE PARK,GA,31636-6317,223,CARROLL RD,,LAKE PARK,GA,31636-6317,A,,,04/09/2020,,,MAILED,NO,NO,NO,,1058,001,008,174,STHN,00001,,,,
ECHOLS,00685108,DAUGHARTY,RALPH,,,1352,HOWELL RD, ,LAKE PARK,GA,31636-6115,1352,HOWELL RD,,LAKE PARK,GA,31636-6115,A,,,04/21/2020,,,MAILED,NO,NO,NO,,1058,001,008,174,STHN,00001,,,,
ECHOLS,00685947,PADGETT,MARY,ROSE,,678,ROY PADGETT RD, ,LAKE PARK,GA,31636-5862,678,ROY PADGETT RD,,LAKE PARK,GA,31636-5862,A,,,09/15/2020,09/18/2020,,MAILED,NO,NO,NO,,1058,001,008,174,STHN,00001,,00018,18,
ECHOLS,00686226,PETERSON,GERTRUDE,S,,2449,J FRANK CULPEPPER RD, ,LAKE PARK,GA,31636-5646,2449,J FRANK CULPEPPER RD,,LAKE PARK,GA,31636-5646,A,,,04/09/2020,,,MAILED,NO,NO,NO,,1058,001,008,174,STHN,00001,,,,
ECHOLS,00685381,REID,JEAN,G,,2304,GA HIGHWAY 135 N, ,LAKE PARK,GA,31636-6405,2304,GA HIGHWAY 135 N,,LAKE PARK,GA,31636-6405,A,,,04/08/2020,,,MAILED,NO,NO,NO,,1058,001,008,174,STHN,00001,,,,
ECHOLS,03725367,SEXTON,PENNY,LOUISE,,448,COPELAND RD, ,LAKE PARK,GA,31636-6131,448,COPELAND RD,,LAKE PARK,GA,31636-6131,A,,,04/08/2020,,,MAILED,NO,NO,NO,,1058,001,008,174,STHN,00001,,,,
ECHOLS,00685145,MATHIS,WANDA,SWILLEY,,314,SWILLEY RD, ,LAKE PARK,GA,31636,314,SWILLEY RD,,LAKE PARK,GA,31636,A,,,05/18/2020,,,MAILED,NO,NO,NO,,1058,001,008,174,STHN,00001,,,,
ECHOLS,04227516,BRYANT,JOHN,GLENN,SR,113,WYNELL LN, ,STATENVILLE,GA,31648,113,WYNELL LN,,STATENVILLE,GA,31648,A,,,09/14/2020,09/18/2020,,MAILED,NO,NO,NO,,1058,001,008,174,STHN,00001,,00003,3,
ECHOLS,00685153,GODWIN,BARBARA,JOAN,,138,GENERAL DELOACH RD, ,STATENVILLE,GA,31648-2262,,PO BOX 52,,STATENVILLE,GA,31648-0005,A,,,05/20/2020,,,MAILED,NO,NO,NO,,1058,001,008,174,STHN,00001,,,,
ECHOLS,00685600,CANADY,EMILY,,,1433,HOWELL RD, ,LAKE PARK,GA,31636-6106,1433,HOWELL RD,,LAKE PARK,GA,31636-6106,A,,,09/14/2020,09/18/2020,,MAILED,NO,NO,NO,,1058,001,008,174,STHN,00001,,00004,4,
ECHOLS,04942108,TOAL,JUANITA,J,,196,CHARLES CIR, ,STATENVILLE,GA,31648-2100,,PO BOX 372,,STATENVILLE,GA,31648,A,,,05/18/2020,,,MAILED,NO,NO,NO,,1058,001,008,174,STHN,00001,,,,
ECHOLS,00685774,FOSTER,JAMES,W,,1464,HOWELL RD, ,LAKE PARK,GA,31636-6102,1464,HOWELL RD,,LAKE PARK,GA,31636-6102,A,,,09/14/2020,09/18/2020,,MAILED,NO,NO,NO,,1058,001,008,174,STHN,00001,,00007,7,
ECHOLS,08626975,POUNCY,CARMEN,DEINESE,,114,STEPHANIE LN, ,STATENVILLE,GA,31648,114,STEPHANIE LN,,STATENVILLE,GA,31648,A,,,09/15/2020,09/18/2020,,MAILED,NO,NO,NO,,1058,001,008,174,STHN,00001,,00020,20,
ECHOLS,00685141,COMMANDER,PEGGY,SHIRLEY,,125,BYLINDA ST, ,STATENVILLE,GA,31648,125,BYLINDA ST,,STATENVILLE,GA,31648,A,,,04/08/2020,,,MAILED,NO,NO,NO,,1058,001,008,174,STHN,00001,,,,
ECHOLS,00685505,SANDLIN,GEORGE,TALMADGE,JR,1014,MELROSE RD, ,LAKE PARK,GA,31636,1014,MELROSE RD,,LAKE PARK,GA,31636,A,,,04/09/2020,,,MAILED,NO,NO,NO,,1058,001,008,174,STHN,00001,,,,
ECHOLS,12665061,PATEL,GITABEN,MANUBHAI,,160,US HIGHWAY 129 S, ,STATENVILLE,GA,31648,160,US HIGHWAY 129 S,,STATENVILLE,GA,31648,A,,,09/15/2020,09/18/2020,,MAILED,NO,NO,NO,,1058,001,008,174,STHN,00001,,00021,21,
ECHOLS,00685399,RICHARDSON,EDNA,LAVERNE,,1520,HOWELL RD, ,LAKE PARK,GA,31636-6101,1520,HOWELL RD,,LAKE PARK,GA,31636-6101,A,,,09/14/2020,,,MAILED,NO,NO,NO,,1058,001,008,174,STHN,00001,,,,
ECHOLS,10695242,MESTER,MORGAN,DELAINE,,155,PARADISE LN, ,LAKE PARK,GA,31636,155,PARADISE LN,,LAKE PARK,GA,31636,A,,,04/09/2020,,,MAILED,NO,NO,NO,,1058,001,008,174,STHN,00001,,,,
ECHOLS,00685920,MCLEOD,WILLIAM,R,,1555,J FRANK CULPEPPER RD, ,LAKE PARK,GA,31636-5637,1555,J FRANK CULPEPPER RD,,LAKE PARK,GA,31636-5637,A,,,04/14/2020,,,MAILED,NO,NO,NO,,1058,001,008,174,STHN,00001,,,,
ECHOLS,00685287,STEWART,KATHERINE,M,,131,RICHARDSON RD, ,LAKE PARK,GA,31636,131,RICHARDSON RD,,LAKE PARK,GA,31636,A,,,04/17/2020,,,MAILED,NO,NO,NO,,1058,001,008,174,STHN,00001,,,,
ECHOLS,00685036,MATHIS,ALEC,THOMAS,,314,SWILLEY RD, ,LAKE PARK,GA,31636-5926,314,SWILLEY RD,,LAKE PARK,GA,31636-5926,A,,,05/19/2020,,,MAILED,NO,NO,NO,,1058,001,008,174,STHN,00001,,,,
ECHOLS,04831486,SMITH,MARY,E,,160,STRICKLAND RD, ,LAKE PARK,GA,31636,160,STRICKLAND RD,,LAKE PARK,GA,31636,A,,,04/08/2020,,,MAILED,NO,NO,NO,,1058,001,008,174,STHN,00001,,,,
ECHOLS,01202864,GREENE,HENRY,M,,3473,GA HIGHWAY 135 N, ,LAKE PARK,GA,31636-6117,3473,GA HIGHWAY 135 N,,LAKE PARK,GA,31636-6117,A,,,04/09/2020,,,MAILED,NO,NO,NO,,1058,001,008,174,STHN,00001,,,,
ECHOLS,00686024,ROWE,NANCY,R,,3916,GA HIGHWAY 187 E, ,DU PONT,GA,31630-2018,3916,GA HIGHWAY 187 E,,DU PONT,GA,31630-2018,A,,,04/09/2020,,,MAILED,NO,NO,NO,,1058,001,008,174,STHN,00001,,,,
ECHOLS,00685453,STABLER,DAVY,LAMAR,,173,FERMAN STATEN CIR, ,STATENVILLE,GA,31648-2011,173,FERMAN STATEN CIR,,STATENVILLE,GA,31648-2011,A,,,09/15/2020,09/18/2020,,MAILED,NO,NO,NO,,1058,001,008,174,STHN,00001,,00023,23,
ECHOLS,05419760,FLOWERS,HENRY,DONNIE,,328,EDGAR RD, ,LAKE PARK,GA,31636-5824,328,EDGAR RD,,LAKE PARK,GA,31636-5824,A,,,04/09/2020,,,MAILED,NO,NO,NO,,1058,001,008,174,STHN,00001,,,,
ECHOLS,08690282,WOOD,DARWIN,GENE,,301,QUAIL LN, ,LAKE PARK,GA,31636-6077,301,QUAIL LN,,LAKE PARK,GA,31636-6077,A,,,09/15/2020,09/18/2020,,MAILED,NO,NO,NO,,1058,001,008,174,STHN,00001,,00027,27,
ECHOLS,00685429,SIMS,KATHERINE,,,3124,NEW STATENVILLE , ,VALDOSTA,GA,31606-9100,3124,NEW STATENVILLE ,,VALDOSTA,GA,31606-9100,A,,,04/08/2020,,,MAILED,NO,NO,NO,,1058,001,008,174,STHN,00001,,,,
ECHOLS,01309580,DAUGHARTY,SANDRA,K,,3063,GA HIGHWAY 135 N, ,LAKE PARK,GA,31636-6140,3063,GA HIGHWAY 135 N,,LAKE PARK,GA,31636-6140,A,,,09/15/2020,09/18/2020,,MAILED,NO,NO,NO,,1058,001,008,174,STHN,00001,,00028,28,
ECHOLS,03291370,NIXON,KATHERINE,A,,155,JAMES DR, ,LAKE PARK,GA,31636,155,JAMES DR,,LAKE PARK,GA,31636,A,,,09/15/2020,09/18/2020,,MAILED,NO,NO,NO,,1058,001,008,174,STHN,00001,,00016,16,
ECHOLS,00685100,DELOACH,CHRISTINE,B,,122,SINGLETARY LN, ,LAKE PARK,GA,31636-6107,122,SINGLETARY LN,,LAKE PARK,GA,31636-6107,A,,,04/08/2020,,,MAILED,NO,NO,NO,,1058,001,008,174,STHN,00001,,,,
ECHOLS,04940203,ROGERS,MARY,LINDA C,,2628,GA HIGHWAY 135 S, ,LAKE PARK,GA,31636-5913,2628,GA HIGHWAY 135 S,,LAKE PARK,GA,31636-5913,A,,,04/09/2020,,,MAILED,NO,NO,NO,,1058,001,008,174,STHN,00001,,,,
ECHOLS,00685915,MCLEOD,CAROLYN,ANNETTE,,1555,J FRANK CULPEPPER RD, ,LAKE PARK,GA,31636-5637,1555,J FRANK CULPEPPER RD,,LAKE PARK,GA,31636-5637,A,,,04/14/2020,,,MAILED,NO,NO,NO,,1058,001,008,174,STHN,00001,,,,
ECHOLS,00685734,CULPEPPER,CHARLIE,M,,2401,J FRANK CULPEPPER RD, ,LAKE PARK,GA,31636-5646,2401,J FRANK CULPEPPER RD,,LAKE PARK,GA,31636-5646,A,,,04/09/2020,,,MAILED,NO,NO,NO,,1058,001,008,174,STHN,00001,,,,
ECHOLS,00686018,ROGERS,FRANCES,JUANITA,,381,BETHEL CHURCH RD, ,LAKE PARK,GA,31636-5701,381,BETHEL CHURCH RD,,LAKE PARK,GA,31636-5701,A,,,04/09/2020,,,MAILED,NO,NO,NO,,1058,001,008,174,STHN,00001,,,,
ECHOLS,06921506,BERGERON,JAMES,FRANKLIN,,202,US HIGHWAY 129 S, ,STATENVILLE,GA,31648-2250,202,US HIGHWAY 129 S,,STATENVILLE,GA,31648-2250,A,,,09/14/2020,09/18/2020,,MAILED,NO,NO,NO,,1058,001,008,174,STHN,00001,,00002,2,
ECHOLS,00685912,CORBETT,BILLY,L,,935,US HIGHWAY 129 N, ,LAKE PARK,GA,31636-6409,935,US HIGHWAY 129 N,,LAKE PARK,GA,31636-6409,A,,,05/04/2020,,,MAILED,NO,NO,NO,,1058,001,008,174,STHN,00001,,,,
ECHOLS,00685784,GASKINS,BERNICE,ELIZABETH,,233,JAMES DR, ,LAKE PARK,GA,31636,233,JAMES DR,,LAKE PARK,GA,31636,A,,,07/31/2020,,,MAILED,NO,NO,NO,,1058,001,008,174,STHN,00001,,,,
ECHOLS,00685641,CARTER,RHONDA,SUE,,553,SARDIS CHURCH RD, ,LAKE PARK,GA,31636-5330,553,SARDIS CHURCH RD,,LAKE PARK,GA,31636-5330,A,,,04/09/2020,,,MAILED,NO,NO,NO,,1058,001,008,174,STHN,00001,,,,
ECHOLS,12469171,ONTIVEROS GARCIA,HUMBERTO,,,101,DOROTHY ST, ,STATENVILLE,GA,31648,101,DOROTHY ST,,STATENVILLE,GA,31648,A,,,09/15/2020,09/18/2020,,MAILED,NO,NO,NO,,1058,001,008,174,STHN,00001,,00017,17,
ECHOLS,00685107,DAUGHARTY,JUANITA,M,,1352,HOWELL RD, ,LAKE PARK,GA,31636-6115,1352,HOWELL RD,,LAKE PARK,GA,31636-6115,A,,,04/14/2020,,,MAILED,NO,NO,NO,,1058,001,008,174,STHN,00001,,,,
ECHOLS,10449835,VELEZ,MIRTA,,,1619,US HIGHWAY 129 N, ,LAKE PARK,GA,31636,1619,US HIGHWAY 129 N,,LAKE PARK,GA,31636,A,,,09/15/2020,09/18/2020,,MAILED,NO,NO,NO,,1058,001,008,174,STHN,00001,,00026,26,
ECHOLS,00685918,MCLEOD,HAROLD,JULIAN,,108,MCLEOD RD, ,LAKE PARK,GA,31636-5715,108,MCLEOD RD,,LAKE PARK,GA,31636-5715,A,,,04/09/2020,,,MAILED,NO,NO,NO,,1058,001,008,174,STHN,00001,,,,
ECHOLS,00685490,STRICKLAND,PATRICIA,J,,1047,GA HIGHWAY 129 S, ,LAKE PARK,GA,31636-6031,1047,GA HIGHWAY 129 S,,LAKE PARK,GA,31636-6031,A,,,04/08/2020,,,MAILED,NO,NO,NO,,1058,001,008,174,STHN,00001,,,,
ECHOLS,05096677,LEE,DARLENE,,,472,LONG CREEK RD, ,LAKE PARK,GA,31636-5828,472,LONG CREEK RD,,LAKE PARK,GA,31636-5828,A,,,04/08/2020,,,MAILED,NO,NO,NO,,1058,001,008,174,STHN,00001,,,,
ECHOLS,00685927,MELTON,TERRY,G,,3970,GA HIGHWAY 187 E, ,DU PONT,GA,31630-2018,3970,GA HIGHWAY 187 E,,DU PONT,GA,31630-2018,A,,,04/09/2020,,,MAILED,NO,NO,NO,,1058,001,008,174,STHN,00001,,,,
ECHOLS,00685361,RAULERSON,DELORIS,B,,112,JOHN HAMPTON RD, ,STATENVILLE,GA,31648,,PO BOX 65,,STATENVILLE,GA,31648-0006,A,,,04/09/2020,,,MAILED,NO,NO,NO,,1058,001,008,174,STHN,00001,,,,
ECHOLS,00685786,GASKINS,WALLACE,N,JR,233,JAMES DR, ,LAKE PARK,GA,31636-5432,233,JAMES DR,,LAKE PARK,GA,31636-5432,A,,,04/09/2020,,,MAILED,NO,NO,NO,,1058,001,008,174,STHN,00001,,,,
ECHOLS,00685667,COGGINS,THOMAS,GERALD,,1794,J FRANK CULPEPPER RD, ,LAKE PARK,GA,31636-5620,1794,J FRANK CULPEPPER RD,,LAKE PARK,GA,31636-5620,A,,,04/24/2020,,,MAILED,NO,NO,NO,,1058,001,008,174,STHN,00001,,,,
ECHOLS,08006880,HANCOCK,JEANNETTE,LEE,,276,CHARLES CIR, ,STATENVILLE,GA,31648,276,CHARLES CIR,,STATENVILLE,GA,31648,A,,,09/06/2020,09/18/2020,,MAILED,NO,NO,NO,,1058,001,008,174,STHN,00001,,00013,13,
ECHOLS,10734172,ARNOLD,SHIRLEY,A,,132,BAPTIST CHURCH ST, ,STATENVILLE,GA,31648,132,BAPTIST CHURCH ST,,STATENVILLE,GA,31648,A,,,04/14/2020,,,MAILED,NO,NO,NO,,1058,001,008,174,STHN,00001,,,,
ECHOLS,05499913,CONNER,JERRY,LYLE,,2642,J FRANK CULPEPPER RD, ,LAKE PARK,GA,31636-5629,2642,J FRANK CULPEPPER RD,,LAKE PARK,GA,31636-5629,A,,,04/17/2020,,,MAILED,NO,NO,NO,,1058,001,008,174,STHN,00001,,,,
ECHOLS,00684963,ADAMS,JOAN,LEFAY,,199,US HIGHWAY 129 S, ,STATENVILLE,GA,31648-2213,,PO BOX 192,,STATENVILLE,GA,31648-0019,A,,,05/15/2020,,,MAILED,NO,NO,NO,,1058,001,008,174,STHN,00001,,,,
ECHOLS,00685732,CULPEPPER,BILLY,DAVID,,1684,J FRANK CULPEPPER RD, ,LAKE PARK,GA,31636-5619,1684,J FRANK CULPEPPER RD,,LAKE PARK,GA,31636-5619,A,,,04/21/2020,,,MAILED,NO,NO,NO,,1058,001,008,174,STHN,00001,,,,
ECHOLS,01212400,LEVY,JACKIE,WILSON,,177,IDA K LN, ,LAKE PARK,GA,31636-5953,177,IDA K LN,,LAKE PARK,GA,31636-5953,A,,,04/09/2020,,,MAILED,NO,NO,NO,,1058,001,008,174,STHN,00001,,,,
ECHOLS,00685646,CARTER,WILLIAM,A,,345,MELROSE RD, ,LAKE PARK,GA,31636-5708,345,MELROSE RD,,LAKE PARK,GA,31636-5708,A,,,04/14/2020,,,MAILED,NO,NO,NO,,1058,001,008,174,STHN,00001,,,,
ECHOLS,00685809,HENDERSON,ELAINE,,,1192,TINCE RD, ,LAKE PARK,GA,31636-5509,1192,TINCE RD,,LAKE PARK,GA,31636-5509,A,,,04/13/2020,,,MAILED,NO,NO,NO,,1058,001,008,174,STHN,00001,,,,
ECHOLS,08857047,HINKLEY,LOUISE,,,143,SHADY LN, ,LAKE PARK,GA,31636,143,SHADY LN,,LAKE PARK,GA,31636,A,,,04/21/2020,,,MAILED,NO,NO,NO,,1058,001,008,174,STHN,00001,,,,
ECHOLS,04940211,ROGERS,RONALD,V,,2628,GA HIGHWAY 135 S, ,LAKE PARK,GA,31636-5913,2628,GA HIGHWAY 135 S,,LAKE PARK,GA,31636-5913,A,,,04/09/2020,,,MAILED,NO,NO,NO,,1058,001,008,174,STHN,00001,,,,
ECHOLS,05669251,LEE,JOHN,WENDELL,,472,LONG CREEK RD, ,LAKE PARK,GA,31636-5828,472,LONG CREEK RD,,LAKE PARK,GA,31636-5828,A,,,04/08/2020,,,MAILED,NO,NO,NO,,1058,001,008,174,STHN,00001,,,,
ECHOLS,00685958,PINHOLSTER,GARY,M,,1523,SARDIS CHURCH RD, ,LAKE PARK,GA,31636-5447,1523,SARDIS CHURCH RD,,LAKE PARK,GA,31636-5447,A,,,04/13/2020,,,MAILED,NO,NO,NO,,1058,001,008,174,STHN,00001,,,,
ECHOLS,00685736,CULPEPPER,EVELYN,M,,1684,J FRANK CULPEPPER RD, ,LAKE PARK,GA,31636-5619,1684,J FRANK CULPEPPER RD,,LAKE PARK,GA,31636-5619,A,,,04/21/2020,,,MAILED,NO,NO,NO,,1058,001,008,174,STHN,00001,,,,
ECHOLS,00685622,CARTER,JEWELL,MAXINE,,345,MELROSE RD, ,LAKE PARK,GA,31636-5708,345,MELROSE RD,,LAKE PARK,GA,31636-5708,A,,,04/14/2020,,,MAILED,NO,NO,NO,,1058,001,008,174,STHN,00001,,,,
ECHOLS,00686048,SPELLS,DOROTHY,WYNELL,,480,MAYDAY RD, ,LAKE PARK,GA,31636-6319,480,MAYDAY RD,,LAKE PARK,GA,31636-6319,A,,,04/08/2020,,,MAILED,NO,NO,NO,,1058,001,008,174,STHN,00001,,,,
ECHOLS,01196840,SULLIVAN,BERRY,JACKSON,JR,294,SULLIVAN LN, ,LAKE PARK,GA,31636,294,SULLIVAN LN,,LAKE PARK,GA,31636,A,,,09/05/2020,09/18/2020,,MAILED,NO,NO,NO,,1058,001,008,174,STHN,00001,,00012,12,
ECHOLS,00685835,HOWELL,CLARISE,MONTEZ,,262,GA HIGHWAY 187 N, ,LAKE PARK,GA,31636-6204,262,GA HIGHWAY 187 N,,LAKE PARK,GA,31636-6204,A,,,04/09/2020,,,MAILED,NO,NO,NO,,1058,001,008,174,STHN,00001,,,,
ECHOLS,00685586,CONNER,GLENDA,FAYE,,2642,J FRANK CULPEPPER RD, ,LAKE PARK,GA,31636-5629,2642,J FRANK CULPEPPER RD,,LAKE PARK,GA,31636-5629,A,,,04/17/2020,,,MAILED,NO,NO,NO,,1058,001,008,174,STHN,00001,,,,
ECHOLS,11328837,TYSON,RICHARD,EDWARD,,2271,J FRANK CULPEPPER RD, ,LAKE PARK,GA,31636,2271,J FRANK CULPEPPER RD,,LAKE PARK,GA,31636-5644,A,,,04/19/2020,,,MAILED,NO,NO,NO,,1058,001,008,174,STHN,00001,,,,
ECHOLS,00685390,REWIS,JOHN,WALTER,,116,BILL SMITH RD, ,STATENVILLE,GA,31648,116,BILL SMITH RD,,STATENVILLE,GA,31648,A,,,05/06/2020,,,MAILED,NO,NO,NO,,1058,001,008,174,STHN,00001,,,,
ECHOLS,00685815,HENDLEY,ROBERT,H,,3946,GA HIGHWAY 187 E, ,DU PONT,GA,31630,3946,GA HIGHWAY 187 E,,DU PONT,GA,31630,A,,,09/16/2020,,,MAILED,NO,NO,NO,,1058,001,008,174,STHN,00001,,,,
ECHOLS,11713395,MANAC,NATHANIEL,SHANE,,1334,CHAUNCEY RD, ,DU PONT,GA,31630,1326,CHAUNCEY RD,,DU PONT,GA,31630,A,,,09/15/2020,09/18/2020,,MAILED,NO,NO,NO,,1058,001,008,174,STHN,00001,,00014,14,
ECHOLS,00685760,EVANS,MARION,JEAN,,225,KING RD, ,LAKE PARK,GA,31636-6412,,PO BOX 356,,STATENVILLE,GA,31648-0035,A,,,04/09/2020,,,MAILED,NO,NO,NO,,1058,001,008,174,STHN,00001,,,,
ECHOLS,00685351,POWELL,ALINE,J,,155,ANDERSON ST, ,STATENVILLE,GA,31648-2119,,PO BOX 188,,STATENVILLE,GA,31648-0018,A,,,04/08/2020,,,MAILED,NO,NO,NO,,1058,001,008,174,STHN,00001,,,,
ECHOLS,00685812,HENDLEY,LINDA,L,,3946,GA HIGHWAY 187 E, ,DU PONT,GA,31630-2018,3946,GA HIGHWAY 187 E,,DU PONT,GA,31630-2018,A,,,09/16/2020,,,MAILED,NO,NO,NO,,1058,001,008,174,STHN,00001,,,,
ECHOLS,00685566,ZEIGLER,MARJORIE,,,136,ANDERSON ST, ,STATENVILLE,GA,31648,136,ANDERSON ST,,STAENVILLE,GA,31648,A,,,09/15/2020,09/18/2020,,MAILED,NO,NO,NO,,1058,001,008,174,STHN,00001,,00029,29,
ECHOLS,10624675,CROSBY,PEGGY,ELIZABETH,,3108,HIGHWAY 135 S, ,LAKE PARK,GA,31636,3108,HIGHWAY 135 S,,LAKE PARK,GA,31636,A,,,04/21/2020,,,MAILED,NO,NO,NO,,1058,001,008,174,STHN,00001,,,,
ECHOLS,00686022,ROWE,BILLY,,,3916,GA HIGHWAY 187 E, ,DU PONT,GA,31630-2018,3916,GA HIGHWAY 187 E,,DU PONT,GA,31630-2018,A,,,04/09/2020,,,MAILED,NO,NO,NO,,1058,001,008,174,STHN,00001,,,,
ECHOLS,00685458,STABLER,SYLVIA,,,173,FERMAN STATEN CIR, ,STATENVILLE,GA,31648-2011,173,FERMAN STATEN CIR,,STATENVILLE,GA,31648-2011,A,,,09/15/2020,09/18/2020,,MAILED,NO,NO,NO,,1058,001,008,174,STHN,00001,,00024,24,
ECHOLS,00685078,CORBETT,DOROTHY,JO,,984,GA HIGHWAY 135 N, ,LAKE PARK,GA,31636-6508,984,GA HIGHWAY 135 N,,LAKE PARK,GA,31636-6508,A,,,04/09/2020,,,MAILED,NO,NO,NO,,1058,001,008,174,STHN,00001,,,,
ECHOLS,00685683,CORBETT,JANICE,ANN,,182,MARTHA BRANCH RD, ,LAKE PARK,GA,31636-5340,182,MARTHA BRANCH RD,,LAKE PARK,GA,31636-5340,A,,,04/08/2020,,,MAILED,NO,NO,NO,,1058,001,008,174,STHN,00001,,,,
ECHOLS,00685268,LONG,JANICE,ENID,,276,FERMAN STATEN CIR, ,STATENVILLE,GA,31648-2012,276,FERMAN STATEN CIR,,STATENVILLE,GA,31648-2012,A,,,04/21/2020,,,MAILED,NO,NO,NO,,1058,001,008,174,STHN,00001,,,,
ECHOLS,06032298,HERRING,PATRICK,L,,268,LONG CREEK RD, ,LAKE PARK,GA,31636-5802,268,LONG CREEK RD,,LAKE PARK,GA,31636-5802,A,,,04/09/2020,,,MAILED,NO,NO,NO,,1058,001,008,174,STHN,00001,,,,
ECHOLS,00685116,DAVIS,ROBERT,A,,235,WHIPPOORWILL LN, ,LAKE PARK,GA,31636-6407,235,WHIPPOORWILL LN,,LAKE PARK,GA,31636-6407,A,,,04/09/2020,,,MAILED,NO,NO,NO,,1058,001,008,174,STHN,00001,,,,
ECHOLS,11329257,DELOACH,SHERMAN,EDWARD,,122,SINGLETARY LN, ,LAKE PARK,GA,31636,122,SINGLETARY LN,,LAKE PARK,GA,31636-6107,A,,,04/09/2020,,,MAILED,NO,NO,NO,,1058,001,008,174,STHN,00001,,,,
ECHOLS,00685775,FOSTER,LANA,R,,1464,HOWELL RD, ,LAKE PARK,GA,31636-6102,1464,HOWELL RD,,LAKE PARK,GA,31636-6102,A,,,09/14/2020,09/18/2020,,MAILED,NO,NO,NO,,1058,001,008,174,STHN,00001,,00008,8,
ECHOLS,11801320,WADE,MARGARET,A,,2669,J FRANK CULPEPPER RD, ,LAKE PARK,GA,31636,817,HICKMAN RD,APT. A39,AUGUSTA,GA,30904,A,,,09/14/2020,09/18/2020,,MAILED,NO,NO,NO,,1058,001,008,174,STHN,00001,,00001,1,
ECHOLS,07114784,DENNIS,CHLOE,YUVANNE,,2734,GA HIGHWAY 135 S, ,LAKE PARK,GA,31636-5914,2734,GA HIGHWAY 135 S,,LAKE PARK,GA,31636-5914,A,,,04/09/2020,,,MAILED,NO,NO,NO,,1058,001,008,174,STHN,00001,,,,
ECHOLS,10429737,HITSON,NICHOLAS,,,476,US HIGHWAY 129 N, ,STATENVILLE,GA,31648,476,US HIGHWAY 129 N,,STATENVILLE,GA,31648,A,,,04/14/2020,,,MAILED,NO,NO,NO,,88888,99999,99999,99999,99999,00000,,,,
ECHOLS,00686078,TOMLINSON,JOYCE,,,827,MAYDAY RD, ,LAKE PARK,GA,31636-6330,827,MAYDAY RD,,LAKE PARK,GA,31636-6330,A,,,04/09/2020,,,MAILED,NO,NO,NO,,1058,001,008,174,STHN,00001,,,,
ECHOLS,03502594,MELTON,VICKY,A,,3970,GA HIGHWAY 187 E, ,DU PONT,GA,31630-2018,3970,GA HIGHWAY 187 E,,DU PONT,GA,31630-2018,A,,,04/09/2020,,,MAILED,NO,NO,NO,,1058,001,008,174,STHN,00001,,,,
ECHOLS,01952294,EVERETTE,GEORGE,ANTHONY,,386,US HIGHWAY 129 N, ,STATENVILLE,GA,31648-2247,386,US HIGHWAY 129 N,,STATENVILLE,GA,31648-2247,A,,,09/14/2020,09/18/2020,,MAILED,NO,NO,NO,,1058,001,008,174,STHN,00001,,00006,6,
ECHOLS,00685126,DELOACH,JEAN,,,160,GENERAL DELOACH RD, ,STATENVILLE,GA,31648-2262,,PO BOX 7,,STATENVILLE,GA,31648,A,,,05/20/2020,,,MAILED,NO,NO,NO,,1058,001,008,174,STHN,00001,,,,
ECHOLS,00685321,PADGETT,MARQUEEN,T,,308,MARQUEEN LN, ,LAKE PARK,GA,31636-6033,308,MARQUEEN LN,,LAKE PARK,GA,31636-6033,A,,,04/09/2020,,,MAILED,NO,NO,NO,,1058,001,008,174,STHN,00001,,,,
ECHOLS,00686274,GANDY,PEGGY,L,,117,HITSON ST, ,STATENVILLE,GA,31648,,PO BOX 68,,STATENVILLE,GA,31648-0006,A,,,04/08/2020,,,MAILED,NO,NO,NO,,1058,001,008,174,STHN,00001,,,,
ECHOLS,00685382,REID,JUHAN,LAMAR,,2304,GA HIGHWAY 135 N, ,LAKE PARK,GA,31636-6405,2304,GA HIGHWAY 135 N,,LAKE PARK,GA,31636-6405,A,,,04/08/2020,,,MAILED,NO,NO,NO,,1058,001,008,174,STHN,00001,,,,
ECHOLS,00685038,CANTEY,JAMES,EDWARD,,213,GA HIGHWAY 94 E, ,STATENVILLE,GA,31648,,PO BOX 141,,STATENVILLE,GA,31648-0014,A,,,04/08/2020,,,MAILED,NO,NO,NO,,1058,001,008,174,STHN,00001,,,,
ECHOLS,00685759,EVANS,JAMES,W,,225,KING RD, ,LAKE PARK,GA,31636-6412,,PO BOX 356,,STATENVILLE,GA,31648-0035,A,,,04/09/2020,,,MAILED,NO,NO,NO,,1058,001,008,174,STHN,00001,,,,
ECHOLS,00685985,REGISTER,GLORIA,JEAN,,854,J FRANK CULPEPPER RD, ,LAKE PARK,GA,31636-5611,854,J FRANK CULPEPPER RD,,LAKE PARK,GA,31636-5611,A,,,05/14/2020,,,MAILED,NO,NO,NO,,1058,001,008,174,STHN,00001,,,,
ECHOLS,00686084,TURNER,RODNEY,RAY,,569,PETE RD, ,LAKE PARK,GA,31636-5737,569,PETE RD,,LAKE PARK,GA,31636-5737,A,,,04/08/2020,,,MAILED,NO,NO,NO,,1058,001,008,174,STHN,00001,,,,
ECHOLS,12482005,SALGADO HERNANDEZ,CONSUELO,,,170,MAPLE LN, ,LAKE PARK,GA,31636,170,MAPLE LN,,LAKE PARK,GA,31636,A,,,09/14/2020,09/18/2020,,MAILED,NO,NO,NO,,1058,001,008,174,STHN,00001,,00009,9,
ECHOLS,00685905,LIGHTSEY,JOANN,C,,394,SARDIS CHURCH RD, ,LAKE PARK,GA,31636-5323,394,SARDIS CHURCH RD,,LAKE PARK,GA,31636-5323,A,,,04/09/2020,,,MAILED,NO,NO,NO,,1058,001,008,174,STHN,00001,,,,
ECHOLS,12746495,DOUGLAS,CALLIE,MAE,,2271,J FRANK CULPEPPER RD, ,LAKE PARK,GA,31636,2271,J FRANK CULPEPPER RD,,LAKE PARK,GA,31636,A,,,09/14/2020,09/18/2020,,MAILED,NO,NO,NO,,1058,001,008,174,STHN,00001,,00005,5,
ECHOLS,00685623,CARTER,JACKIE,CLIFFORD,,553,SARDIS CHURCH RD, ,LAKE PARK,GA,31636-5330,553,SARDIS CHURCH RD,,LAKE PARK,GA,31636-5330,A,,,04/09/2020,,,MAILED,NO,NO,NO,,1058,001,008,174,STHN,00001,,,,
ECHOLS,00584633,BLAND,BRENDA,D,,1247,HOWELL RD, ,LAKE PARK,GA,31636,,PO BOX 652,,VALDOSTA,GA,31603,A,,,06/03/2020,,,MAILED,NO,NO,NO,,1058,001,008,174,STHN,00001,,,,
ECHOLS,05725568,EAVENSON,ROSE,MAE,,265,CHARLES CIR, ,STATENVILLE,GA,31648-2103,,PO BOX 254,,STATENVILLE,GA,31648-0025,A,,,07/30/2020,,,MAILED,NO,NO,NO,,1058,001,008,174,STHN,00001,,,,
ECHOLS,00685508,TIPPER,BOBBY,HOWARD,,160,STRICKLAND RD, ,LAKE PARK,GA,31636-6060,160,STRICKLAND RD,,LAKE PARK,GA,31636-6060,A,,,04/08/2020,,,MAILED,NO,NO,NO,,1058,001,008,174,STHN,00001,,,,
ECHOLS,07927857,WALKER,JAMES,MICHAEL,SR,2397,GA HIGHWAY 135 N, ,LAKE PARK,GA,31636,2397,GA HIGHWAY 135 N,,LAKE PARK,GA,31636,A,,,09/15/2020,09/18/2020,,MAILED,NO,NO,NO,,1058,001,008,174,STHN,00001,,00025,25,
ECHOLS,00685114,DAVIS,LOLA,JANE,,235,WHIPPOORWILL LN, ,LAKE PARK,GA,31636-6407,235,WHIPPOORWILL LN,,LAKE PARK,GA,31636-6407,A,,,04/09/2020,,,MAILED,NO,NO,NO,,1058,001,008,174,STHN,00001,,,,
ECHOLS,10639732,MILLER,MICHAEL,WAYNE,,339,HESTER RD, ,LAKE PARK,GA,31636,,PO BOX 55,,STATENVILLE,GA,31648,A,,,04/09/2020,,,MAILED,NO,NO,NO,,1058,001,008,174,STHN,00001,,,,
ECHOLS,03725395,MAHONEY,CHELLIE,ANN,,122,HERCULES ST, ,STATENVILLE,GA,31648-2245,122,HERCULES ST,,STATENVILLE,GA,31648-2245,A,,,09/14/2020,09/18/2020,,MAILED,NO,NO,NO,,1058,001,008,174,STHN,00001,,00010,10,
ECHOLS,00685047,CARTER,JEWELL,JUANITA,,125,GALLBERRY LN, ,LAKE PARK,GA,31636-6044,,PO BOX 43,,STATENVILLE,GA,31648-0004,A,,,04/08/2020,,,MAILED,NO,NO,NO,,1058,001,008,174,STHN,00001,,,,
