County,Voter Registration #,Last Name,First Name,Middle Name,Suffix,Street #,Street Name,Apt/Unit,City,State,Zip Code,Mailing Street #,Mailing Street Name,Mailing Apt/Unit,Mailing City,Mailing State,Mailing Zip Code,Application Status,Ballot Status,Status Reason,Application Date,Ballot Issued Date,Ballot Return Date,Ballot Style,Ballot Assisted,Challenged/Provisional,ID Required,Municipal Precinct,County Precinct,CNG,SEN,HOUSE	,JUD,Combo #,Vote Center ID,Ballot ID,Post #,Party
GLASCOCK,06681867,BECKWORTH,GLORIA,JEAN,,4305,GA HIGHWAY 171 N, ,GIBSON,GA,30810,4305,GA HIGHWAY 171 N,,GIBSON,GA,30810,A,,,04/10/2020,,,MAILED,NO,NO,NO,,MILL,010,023,128,TOOM,00001,,,,
GLASCOCK,02722659,DRUMMOND,MAXINE,H,,4530,SNIDER RD, ,GIBSON,GA,30810,4530,SNIDER RD,,GIBSON,GA,30810,A,,,04/08/2020,,,MAILED,NO,NO,NO,,GIBS,010,023,128,TOOM,00001,,,,
GLASCOCK,00213579,DOWNS,G KAY,,,5057,GA HIGHWAY 102 W, ,MITCHELL,GA,30820-3439,5057,GA HIGHWAY 102 W,,MITCHELL,GA,30820-3439,A,,,04/17/2020,,,MAILED,NO,NO,NO,,MITC,010,023,128,TOOM,00001,,,,
GLASCOCK,00213192,CHALKER,JOHN,LEE,,537,E MAIN ST, ,GIBSON,GA,30810-4132,537,E MAIN ST,,GIBSON,GA,30810-4132,A,,,05/08/2020,,,MAILED,NO,NO,NO,GIBS,GIBS,010,023,128,TOOM,00002,,,,
GLASCOCK,00242768,CHALKER,JOHN,DANIEL,,7316,DAVID RD, ,STAPLETON,GA,30823-5334,7316,DAVID RD,,STAPLETON,GA,30823-5334,A,,,05/11/2020,,,MAILED,NO,NO,NO,,MILL,010,023,128,TOOM,00001,,,,
GLASCOCK,00213600,HUNNICUTT,CRISTAL,BALES,,6728,OLD MITCHELL RD, ,MITCHELL,GA,30820-3228,6728,OLD MITCHELL RD,,MITCHELL,GA,30820-3228,A,,,04/13/2020,,,MAILED,NO,NO,NO,,MITC,010,023,128,TOOM,00001,,,,
GLASCOCK,00259226,MAY,PATRICIA,TAYLOR,,279,W MAIN ST, ,GIBSON,GA,30810,279,W MAIN ST,,GIBSON,GA,30810,A,,,04/08/2020,,,MAILED,NO,NO,NO,GIBS,GIBS,010,023,128,TOOM,00002,,,,
GLASCOCK,03800061,DENTON,JULIA,D,,4296,BETHEL ACRES RD, ,GIBSON,GA,30810-5205,4296,BETHEL ACRES RD,,GIBSON,GA,30810-5205,A,,,04/06/2020,,,MAILED,NO,NO,NO,,MILL,010,023,128,TOOM,00001,,,,
GLASCOCK,00243512,PRESCOTT,MARY,JANE,,4802,GA HIGHWAY 80, ,STAPLETON,GA,30823-6417,4802,GA HIGHWAY 80,,STAPLETON,GA,30823-6417,A,,,08/26/2020,09/18/2020,,MAILED,NO,NO,NO,,MILL,010,023,128,TOOM,00001,,00006,13,
GLASCOCK,00213319,KITCHENS,EULAWYNNE,D,,271,SMITH LN, ,GIBSON,GA,30810-4042,271,SMITH LN,,GIBSON,GA,30810-4042,A,,,04/10/2020,,,MAILED,NO,NO,NO,GIBS,GIBS,010,023,128,TOOM,00002,,,,
GLASCOCK,00213194,CHALKER,KATHERINE,E,,784,N USRY ST, ,GIBSON,GA,30810-4130,784,N USRY ST,,GIBSON,GA,30810-4130,A,,,04/06/2020,,,MAILED,NO,NO,NO,GIBS,GIBS,010,023,128,TOOM,00002,,,,
GLASCOCK,00213220,DEAL,CARY,T,,615,PALMETTO ST, ,GIBSON,GA,30810-3611,,PO BOX 145,,GIBSON,GA,30810-0014,A,,,04/06/2020,,,MAILED,NO,NO,NO,,GIBS,010,023,128,TOOM,00001,,,,
GLASCOCK,02276021,CLOUD,NICKY,A,,5239,HOBBS RD, ,GIBSON,GA,30810-5239,5239,HOBBS RD,,GIBSON,GA,30810-5239,A,,,04/06/2020,,,MAILED,NO,NO,NO,,MILL,010,023,128,TOOM,00001,,,,
GLASCOCK,04426741,KITCHENS,MARY,LOIS,,5841,CEDAR RD, ,MITCHELL,GA,30820-3235,5841,CEDAR RD,,MITCHELL,GA,30820-3235,A,,,04/22/2020,,,MAILED,NO,NO,NO,,MITC,010,023,128,TOOM,00001,,,,
GLASCOCK,00212658,JOHNSON,BILLY,K,,6564,GA HIGHWAY 102 W, ,MITCHELL,GA,30820,6564,GA HIGHWAY 102 W,,MITCHELL,GA,30820,A,,,04/10/2020,,,MAILED,NO,NO,NO,MITC,MITC,010,023,128,TOOM,00003,,,,
GLASCOCK,00213197,CHALKER,LINDA,J,,866,W MAIN ST, ,GIBSON,GA,30810-4017,866,W MAIN ST,,GIBSON,GA,30810-4017,A,,,04/07/2020,,,MAILED,NO,NO,NO,GIBS,GIBS,010,023,128,TOOM,00002,,,,
GLASCOCK,03570820,CHOLAR,JOHN,A,JR,6518,MAGNOLIA CHURCH RD, ,GIBSON,GA,30810,6518,MAGNOLIA CHURCH RD,,GIBSON,GA,30810,A,,,04/15/2020,,,MAILED,NO,NO,NO,,MILL,010,023,128,TOOM,00001,,,,
GLASCOCK,00213373,MURPHY,DIANNE,B,,484,BEALL SPRINGS RD, ,GIBSON,GA,30810,484,BEALL SPRINGS RD,,GIBSON,GA,30810,A,,,04/10/2020,,,MAILED,NO,NO,NO,GIBS,GIBS,010,023,128,TOOM,00002,,,,
GLASCOCK,00213086,WILLIAMS,BOBBY,,,2358,BASTONVILLE RD, ,GIBSON,GA,30810-5031,2358,BASTONVILLE RD,,GIBSON,GA,30810-5031,A,,,03/05/2020,,,MAILED,NO,NO,NO,,MILL,010,023,128,TOOM,00001,,,,
GLASCOCK,06445081,KITCHENS,JOANNE,BLACK,,748,GRIFFIN ST, ,GIBSON,GA,30810-4113,748,GRIFFIN ST,,GIBSON,GA,30810-4113,A,,,03/05/2020,,,MAILED,NO,NO,NO,GIBS,GIBS,010,023,128,TOOM,00002,,,,
GLASCOCK,02238021,IRBY,BRIAN,VINCENT,,4995,IRBY RD, ,GIBSON,GA,30810-4765,4995,IRBY RD,,GIBSON,GA,30810-4765,A,,,04/20/2020,,,MAILED,NO,NO,NO,,MILL,010,023,128,TOOM,00001,,,,
GLASCOCK,00212896,IRBY,REGINALD,GARLAND,,4995,IRBY RD, ,GIBSON,GA,30810-4731,4995,IRBY RD,,GIBSON,GA,30810-4731,A,,,04/20/2020,,,MAILED,NO,NO,NO,,MILL,010,023,128,TOOM,00001,,,,
GLASCOCK,12062468,CROW,CAROL,ANN,,81,WARREN ST, ,GIBSON,GA,30810,81,WARREN ST,,GIBSON,GA,30810,A,,,04/21/2020,,,MAILED,NO,NO,NO,GIBS,GIBS,010,023,128,TOOM,00002,,,,
GLASCOCK,02240578,RALEY,DAPHINE,MCFAY,,7440,GRIFFIN CHAPEL RD, ,MITCHELL,GA,30820-3928,7440,GRIFFIN CHAPEL RD,,MITCHELL,GA,30820-3928,A,,,04/29/2020,,,MAILED,NO,NO,NO,MITC,MITC,010,023,128,TOOM,00003,,,,
GLASCOCK,07503543,MAY,SUZANNE,P,,6854,GA HIGHWAY 102 W, ,MITCHELL,GA,30820,6854,GA HIGHWAY 102 W,,MITCHELL,GA,30820,A,,,09/11/2020,,,MAILED,NO,NO,NO,MITC,MITC,010,023,128,TOOM,00003,,,,
GLASCOCK,00212947,MAY,MARGIE,T,,5760,SHELTON RD, ,GIBSON,GA,30810-4910,5760,SHELTON RD,,GIBSON,GA,30810-4910,A,,,04/15/2020,,,MAILED,NO,NO,NO,,MILL,010,023,128,TOOM,00001,,,,
GLASCOCK,00212666,JOHNSON,LOIS,S,,6564,GA HIGHWAY 102 W, ,MITCHELL,GA,30820,6564,GA HIGHWAY 102 W,,MITCHELL,GA,30820,A,,,04/10/2020,,,MAILED,NO,NO,NO,MITC,MITC,010,023,128,TOOM,00003,,,,
GLASCOCK,00212761,WALDEN,FAYE,S,,6260,WARREN ST, ,MITCHELL,GA,30820-3136,6260,WARREN ST,,MITCHELL,GA,30820-3136,A,,,04/13/2020,,,MAILED,NO,NO,NO,MITC,MITC,010,023,128,TOOM,00003,,,,
GLASCOCK,10195680,RABUN,CATHY,SILAS,,10319,RABUN CIR, ,WARRENTON,GA,30828,10319,RABUN CIR,,WARRENTON,GA,30828,A,,,04/08/2020,,,MAILED,NO,NO,NO,,MILL,010,023,128,TOOM,00001,,,,
GLASCOCK,00683133,CORLEY,MITCHELL,LANE,,1710,OLD MITCHELL RD, ,GIBSON,GA,30810-4306,1710,OLD MITCHELL RD,,GIBSON,GA,30810-4306,A,,,04/06/2020,,,MAILED,NO,NO,NO,,GIBS,010,023,128,TOOM,00001,,,,
GLASCOCK,00212719,RACHELS,EFFIE,,,6416,WARREN ST, ,MITCHELL,GA,30820-3132,6416,WARREN ST,,MITCHELL,GA,30820-3132,A,,,04/08/2020,,,MAILED,NO,NO,NO,MITC,MITC,010,023,128,TOOM,00003,,,,
GLASCOCK,00213193,CHALKER,DAISY,M,,537,E MAIN ST, ,GIBSON,GA,30810-4132,,PO BOX 178,,GIBSON,GA,30810-0017,A,,,05/14/2020,,,MAILED,NO,NO,NO,GIBS,GIBS,010,023,128,TOOM,00002,,,,
GLASCOCK,00239215,MAY,WILLIAM,GORDON,,2340,GA HIGHWAY 171 N, ,GIBSON,GA,30810-4209,2340,GA HIGHWAY 171 N,,GIBSON,GA,30810-4209,A,,,05/08/2020,,,MAILED,NO,NO,NO,,MILL,010,023,128,TOOM,00001,,,,
GLASCOCK,08658999,MOBLEY,PATRICIA,DEAN,,8561,MITCHELL WARRENTON RD, ,MITCHELL,GA,30820,8561,MITCHELL WARRENTON ,,MITCHELL,GA,30820,A,,,04/10/2020,,,MAILED,NO,NO,NO,,MITC,010,023,128,TOOM,00001,,,,
GLASCOCK,04601112,STEPHENS,JAMES,VINSON,SR,2243,OLD MITCHELL RD, ,GIBSON,GA,30810,2243,OLD MITCHELL RD,,GIBSON,GA,30810,A,,,04/15/2020,,,MAILED,NO,NO,NO,,GIBS,010,023,128,TOOM,00001,,,,
GLASCOCK,04566237,KELLY,MARY,MAIORANO,,1212,COUNTY LINE RD E, ,GIBSON,GA,30810,1212,COUNTY LINE RD E,,GIBSON,GA,30810,A,,,04/21/2020,,,MAILED,NO,NO,NO,,MILL,010,023,128,TOOM,00001,,,,
GLASCOCK,00744287,TAYLOR,JO,FARNSWORTH,,6615,ECC MINE RD, ,GIBSON,GA,30810,6615,ECC MINE RD,,GIBSON,GA,30810,A,,,05/15/2020,,,MAILED,NO,NO,NO,,EDGH,010,023,128,TOOM,00001,,,,
GLASCOCK,00212487,BLACK,ANNETTE,H,,6283,EUPHRATES CHURCH RD, ,GIBSON,GA,30810-3808,6283,EUPHRATES CHURCH RD,,GIBSON,GA,30810-3808,A,,,04/10/2020,,,MAILED,NO,NO,NO,EDGH,EDGH,010,023,128,TOOM,00004,,,,
GLASCOCK,00744723,VEAL,THERESA,B,,401,PROJECT ST, ,GIBSON,GA,30810,401,PROJECT ST,,GIBSON,GA,30810,A,,,03/13/2020,,,MAILED,NO,NO,NO,GIBS,GIBS,010,023,128,TOOM,00002,,,,
GLASCOCK,00212983,PITTMAN,ANNETTE,U,,11042,GA HIGHWAY 102 E, ,GIBSON,GA,30810,11042,GA HIGHWAY 102 E,,GIBSON,GA,30810,A,,,04/27/2020,,,MAILED,NO,NO,NO,,MILL,010,023,128,TOOM,00001,,,,
GLASCOCK,04634715,NEWSOME,GEORGE,F,,5916,COUNTY LINE RD W, ,MITCHELL,GA,30820-3158,5916,COUNTY LINE RD W,,MITCHELL,GA,30820-3158,A,,,09/02/2020,09/18/2020,,MAILED,NO,NO,NO,,MITC,010,023,128,TOOM,00001,,00005,23,
GLASCOCK,00213213,COLE,HOYT,M,,4637,BEALL SPRINGS RD, ,GIBSON,GA,30810-4509,4637,BEALL SPRINGS RD,,GIBSON,GA,30810-4509,A,,,04/17/2020,,,MAILED,NO,NO,NO,,GIBS,010,023,128,TOOM,00001,,,,
GLASCOCK,06120069,SNELL,JUNE,NEWSOME,,657,CALHOUN ST, ,GIBSON,GA,30810,657,CALHOUN ST,,GIBSON,GA,30810,A,,,04/13/2020,,,MAILED,NO,NO,NO,GIBS,GIBS,010,023,128,TOOM,00002,,,,
GLASCOCK,06507861,NEWSOME,JOAN,PALMER,,6883,GA HIGHWAY 123, ,MITCHELL,GA,30820,,PO BOX 42,,MITCHELL,GA,30820-0005,A,,,04/13/2020,,,MAILED,NO,NO,NO,MITC,MITC,010,023,128,TOOM,00003,,,,
GLASCOCK,10718179,ELLIS,THELMA,STEVENSON,,7615,ECC MINE RD, ,GIBSON,GA,30810,7615,ECC MINE RD,,GIBSON,GA,30810,A,,,05/04/2020,,,MAILED,NO,NO,NO,,EDGH,010,023,128,TOOM,00001,,,,
GLASCOCK,00212624,HARRELL,CYNTHIA,G,,8940,GA HIGHWAY 102 W, ,MITCHELL,GA,30820-3030,8940,GA HIGHWAY 102 W,,MITCHELL,GA,30820-3030,A,,,08/31/2020,09/18/2020,,MAILED,NO,NO,NO,,MITC,010,023,128,TOOM,00001,,00004,21,
GLASCOCK,00212570,BERRY,LEWIS,ANDERSON,,6719,WASHINGTON ST, ,MITCHELL,GA,30820-3125,6719,WASHINGTON ST,,MITCHELL,GA,30820-3125,A,,,04/10/2020,,,MAILED,NO,NO,NO,MITC,MITC,010,023,128,TOOM,00003,,,,
GLASCOCK,10128027,SALISBURY,GLORIA,DODD,,116,E MAIN ST, ,GIBSON,GA,30810,116,E MAIN ST,,GIBSON,GA,30810,A,,,04/08/2020,,,MAILED,NO,NO,NO,GIBS,GIBS,010,023,128,TOOM,00002,,,,
GLASCOCK,00212581,CANTRELL,MARTHA,LINDA,,11514,ELLEN SMITH RD, ,MITCHELL,GA,30820-3853,11514,ELLEN SMITH RD,,MITCHELL,GA,30820-3853,A,,,04/10/2020,,,MAILED,NO,NO,NO,,MITC,010,023,128,TOOM,00001,,,,
GLASCOCK,00213431,REDFERN,TERRY,,,775,N USRY ST, ,GIBSON,GA,30810-4131,775,N USRY ST,,GIBSON,GA,30810-4131,A,,,04/08/2020,,,MAILED,NO,NO,NO,GIBS,GIBS,010,023,128,TOOM,00002,,,,
GLASCOCK,00213212,COLE,DOROTHY,DYE,,4637,BEALL SPRINGS RD, ,GIBSON,GA,30810-4509,4637,BEALL SPRINGS RD,,GIBSON,GA,30810-4509,A,,,04/17/2020,,,MAILED,NO,NO,NO,,GIBS,010,023,128,TOOM,00001,,,,
GLASCOCK,00213040,USRY,DAVID,DEE,,4154,BETHEL CHURCH RD, ,GIBSON,GA,30810-4900,4154,BETHEL CHURCH RD,,GIBSON,GA,30810-4900,A,,,04/20/2020,,,MAILED,NO,NO,NO,,MILL,010,023,128,TOOM,00001,,,,
GLASCOCK,00212915,KITCHENS,LESTER,RALPH,,1623,BASTONVILLE RD, ,GIBSON,GA,30810-4806,1623,BASTONVILLE RD,,GIBSON,GA,30810-4806,A,,,04/08/2020,,,MAILED,NO,NO,NO,,MILL,010,023,128,TOOM,00001,,,,
GLASCOCK,00212994,RABUN,EUGENE,,,3288,BASTONVILLE RD, ,GIBSON,GA,30810-5010,3288,BASTONVILLE RD,,GIBSON,GA,30810-5010,A,,,04/29/2020,,,MAILED,NO,NO,NO,,MILL,010,023,128,TOOM,00001,,,,
GLASCOCK,00213322,KITCHENS,DONALD,F,,121,W MAIN ST, ,GIBSON,GA,30810-4000,121,W MAIN ST,,GIBSON,GA,30810-4000,A,,,04/08/2020,,,MAILED,NO,NO,NO,GIBS,GIBS,010,023,128,TOOM,00002,,,,
GLASCOCK,00213222,DEAL,JUDY,R,,615,PALMETTO ST, ,GIBSON,GA,30810-3611,,PO BOX 145,,GIBSON,GA,30810-0014,A,,,04/06/2020,,,MAILED,NO,NO,NO,,GIBS,010,023,128,TOOM,00001,,,,
GLASCOCK,00212812,BRASSELL,DONNA,,,1324,GA HIGHWAY 102 E, ,GIBSON,GA,30810-3702,1324,GA HIGHWAY 102 E,,GIBSON,GA,30810-3702,A,,,02/21/2020,,,MAILED,NO,NO,NO,,MILL,010,023,128,TOOM,00001,,,,
GLASCOCK,00213262,HADDEN,MYRA,M,,6616,HADDEN RANCH RD, ,GIBSON,GA,30810-4610,6616,HADDEN RANCH RD,,GIBSON,GA,30810-4610,A,,,03/05/2020,,,MAILED,NO,NO,NO,,GIBS,010,023,128,TOOM,00001,,,,
GLASCOCK,00213441,REESE,ZYLPHIA,ANN,,774,W MAIN ST, ,GIBSON,GA,30810-4014,774,W MAIN ST,,GIBSON,GA,30810-4014,A,,,04/08/2020,,,MAILED,NO,NO,NO,GIBS,GIBS,010,023,128,TOOM,00002,,,,
GLASCOCK,00213214,COLE,DAVID,,,4594,GUY RD, ,GIBSON,GA,30810-4516,4594,GUY RD,,GIBSON,GA,30810-4516,A,,,04/13/2020,,,MAILED,NO,NO,NO,,GIBS,010,023,128,TOOM,00001,,,,
GLASCOCK,00213514,WILLIFORD,HELEN,H,,1868,GA HIGHWAY 102 W, ,GIBSON,GA,30810-4437,1868,GA HIGHWAY 102 W,,GIBSON,GA,30810-4437,A,,,04/08/2020,,,MAILED,NO,NO,NO,,GIBS,010,023,128,TOOM,00001,,,,
GLASCOCK,02222922,WOODALL,RONALD,,,7482,SANDHILL RD, ,MITCHELL,GA,30820-2020,7482,SANDHILL RD,,MITCHELL,GA,30820-2020,A,,,04/08/2020,,,MAILED,NO,NO,NO,,MITC,010,023,128,TOOM,00001,,,,
GLASCOCK,00212518,KELLEY,JAMES,RALPH,,5503,BIG CREEK RD, ,MITCHELL,GA,30820-3801,5503,BIG CREEK RD,,MITCHELL,GA,30820-3801,A,,,04/08/2020,,,MAILED,NO,NO,NO,,EDGH,010,023,128,TOOM,00001,,,,
GLASCOCK,00213429,RALEY,SARA,W,,774,BEALL SPRINGS RD, ,GIBSON,GA,30810-4231,774,BEALL SPRINGS RD,,GIBSON,GA,30810-4231,A,,,02/10/2020,,,MAILED,NO,NO,NO,,GIBS,010,023,128,TOOM,00001,,,,
GLASCOCK,00213059,USRY,WANDA,,,4154,BETHEL CHURCH RD, ,GIBSON,GA,30810,4154,BETHEL CHURCH RD,,GIBSON,GA,30810,A,,,04/20/2020,,,MAILED,NO,NO,NO,,MILL,010,023,128,TOOM,00001,,,,
GLASCOCK,00222306,REESE,DENNIS,WAYNE,,3324,GA HIGHWAY 171 N, ,GIBSON,GA,30810,3324,GA HIGHWAY 171 N,,GIBSON,GA,30810,A,,,07/28/2020,,,MAILED,NO,NO,NO,,MILL,010,023,128,TOOM,00001,,,,
GLASCOCK,00212903,KITCHENS,ANN,C,,1623,BASTONVILLE RD, ,GIBSON,GA,30810-4806,1623,BASTONVILLE RD,,GIBSON,GA,30810-4806,A,,,04/08/2020,,,MAILED,NO,NO,NO,,MILL,010,023,128,TOOM,00001,,,,
GLASCOCK,00213358,MATHIS,HENRY,,JR,1033,GA HIGHWAY 102 W, ,GIBSON,GA,30810-4023,1033,GA HIGHWAY 102 W,,GIBSON,GA,30810-4023,A,,,02/27/2020,,,MAILED,NO,NO,NO,GIBS,GIBS,010,023,128,TOOM,00002,,,,
GLASCOCK,00212720,RACHELS,THOMAS,CARL,,6416,WARREN ST, ,MITCHELL,GA,30820-3132,6416,WARREN ST,,MITCHELL,GA,30820-3132,A,,,04/08/2020,,,MAILED,NO,NO,NO,MITC,MITC,010,023,128,TOOM,00003,,,,
GLASCOCK,00213035,TODD,LOLLIE,DELL,,3893,BASTONVILLE RD, ,GIBSON,GA,30810-5009,3893,BASTONVILLE RD,,GIBSON,GA,30810-5009,A,,,05/08/2020,,,MAILED,NO,NO,NO,,MILL,010,023,128,TOOM,00001,,,,
GLASCOCK,00271358,DELOACH,FREDDY,ALLEN,,175,PALMER ST, ,GIBSON,GA,30810-3652,175,PALMER ST,,GIBSON,GA,30810-3652,A,,,04/10/2020,,,MAILED,NO,NO,NO,GIBS,GIBS,010,023,128,TOOM,00002,,,,
GLASCOCK,01238122,WYNN,SHIRLEY,DIANE,,9813,BROADNAX RD, ,MITCHELL,GA,30820-2113,9813,BROADNAX RD,,MITCHELL,GA,30820-2113,A,,,04/09/2020,,,MAILED,NO,NO,NO,,MITC,010,023,128,TOOM,00001,,,,
GLASCOCK,10895244,CLARY,JAMES,B,,1785,OLD MITCHELL RD, ,GIBSON,GA,30810,1785,OLD MITCHELL RD,,GIBSON,GA,30810,A,,,04/06/2020,,,MAILED,NO,NO,NO,,GIBS,010,023,128,TOOM,00001,,,,
GLASCOCK,10961188,ALLEN,AUTUMN,ROSE,,1098,BEALL SPRINGS RD, ,GIBSON,GA,30810,1098,BEALL SPRINGS RD,,GIBSON,GA,30810,A,,,09/15/2020,09/15/2020,,MAILED,NO,NO,NO,,GIBS,010,023,128,TOOM,00001,,00001,30,
GLASCOCK,00204699,PENNINGTON,ANDREA,KENT,,73,W MAIN ST, ,GIBSON,GA,30810-4066,73,W MAIN ST,,GIBSON,GA,30810-4066,A,,,07/06/2020,,,MAILED,NO,NO,NO,GIBS,GIBS,010,023,128,TOOM,00002,,,,
GLASCOCK,06043023,DYE,SHIRLEY,KITCHENS,,405,E MAIN ST, ,GIBSON,GA,30810-4135,405,E MAIN ST,,GIBSON,GA,30810-4135,A,,,04/10/2020,,,MAILED,NO,NO,NO,GIBS,GIBS,010,023,128,TOOM,00002,,,,
GLASCOCK,00213083,WILLIAMS,FRANCES,N,,10922,GA HIGHWAY 80, ,WARRENTON,GA,30828-2103,10922,GA HIGHWAY 80,,WARRENTON,GA,30828-2103,A,,,04/10/2020,,,MAILED,NO,NO,NO,,MILL,010,023,128,TOOM,00001,,,,
GLASCOCK,00212853,DOWNS,SHIRLEY,,,2777,GA HIGHWAY 102 E, ,GIBSON,GA,30810-3731,2777,GA HIGHWAY 102 E,,GIBSON,GA,30810-3731,A,,,04/10/2020,,,MAILED,NO,NO,NO,,MILL,010,023,128,TOOM,00001,,,,
GLASCOCK,12565853,KITCHENS,BREANA,RACHEL,,4344,LAMPP RD, ,GIBSON,GA,30810,501,COLLEGE STREET,,CUTHBERT,GA,39840,A,,,08/31/2020,09/18/2020,,MAILED,NO,NO,NO,,MILL,010,023,128,TOOM,00001,,00008,22,
GLASCOCK,07264107,RUFF,FREDERICK,ANTONIO,,3484,GA HIGHWAY 171 N, ,GIBSON,GA,30810-5614,3484,GA HIGHWAY 171 N,,GIBSON,GA,30810-5614,A,,,08/20/2020,09/18/2020,,MAILED,NO,NO,NO,,MILL,010,023,128,TOOM,00001,,00005,11,
GLASCOCK,00212768,WILCHER,ETTA,GRISWELL,,6644,GA HIGHWAY 102 W, ,MITCHELL,GA,30820,6644,GA HIGHWAY 102 W,,MITCHELL,GA,30820,A,,,02/21/2020,,,MAILED,NO,NO,NO,MITC,MITC,010,023,128,TOOM,00003,,,,
GLASCOCK,00212964,MCGAHEE,MARY,NELL,,5287,STEEPHOLLOW RD, ,GIBSON,GA,30810-5131,5287,STEEPHOLLOW RD,,GIBSON,GA,30810-5131,A,,,04/10/2020,,,MAILED,NO,NO,NO,,MILL,010,023,128,TOOM,00001,,,,
GLASCOCK,06062100,BECKWORTH,JOSEPH,A,,4305,GA HIGHWAY 171 N, ,GIBSON,GA,30810-5631,4305,GA HIGHWAY 171 N,,GIBSON,GA,30810-5631,A,,,04/10/2020,,,MAILED,NO,NO,NO,,MILL,010,023,128,TOOM,00001,,,,
GLASCOCK,00212917,KITCHENS,PATRICIA,W,,5298,SCARBER RD, ,GIBSON,GA,30810-5227,5298,SCARBER RD,,GIBSON,GA,30810-5227,A,,,07/31/2020,09/18/2020,,MAILED,NO,NO,NO,,MILL,010,023,128,TOOM,00001,,00002,3,
GLASCOCK,00213449,SILAS,BILLY,EDWARD,,2794,STEEPHOLLOW RD, ,GIBSON,GA,30810,2794,STEEPHOLLOW RD,,GIBSON,GA,30810,A,,,04/15/2020,,,MAILED,NO,NO,NO,,MILL,010,023,128,TOOM,00001,,,,
GLASCOCK,01445741,PRESCOTT,ELIZABETH,C,,4514,HOBBS RD, ,GIBSON,GA,30810-5254,4514,HOBBS RD,,GIBSON,GA,30810-5254,A,,,04/08/2020,,,MAILED,NO,NO,NO,,MILL,010,023,128,TOOM,00001,,,,
GLASCOCK,00212724,ANSLEY,LILLIE,RALEY,,11542,JEFFERSON ST, ,MITCHELL,GA,30820-3506,,PO BOX 35,,MITCHELL,GA,30820,A,,,04/10/2020,,,MAILED,NO,NO,NO,MITC,MITC,010,023,128,TOOM,00003,,,,
GLASCOCK,00247224,BELCHER,DEWEY,V,,6096,GA HIGHWAY 171 S, ,EDGE HILL,GA,30810-3802,6096,GA HIGHWAY 171 S,,EDGE HILL,GA,30810-3802,A,,,04/10/2020,,,MAILED,NO,NO,NO,EDGH,EDGH,010,023,128,TOOM,00004,,,,
GLASCOCK,00213439,REESE,MARY,ANN,,1008,JW BRASWELL RD, ,GIBSON,GA,30810-4243,1008,JW BRASWELL RD,,GIBSON,GA,30810-4243,A,,,04/08/2020,,,MAILED,NO,NO,NO,GIBS,GIBS,010,023,128,TOOM,00002,,,,
GLASCOCK,00213266,HADDEN,RONNIE,H,,6616,HADDEN RANCH RD, ,GIBSON,GA,30810-4610,6616,HADDEN RANCH RD,,GIBSON,GA,30810-4610,A,,,03/05/2020,,,MAILED,NO,NO,NO,,GIBS,010,023,128,TOOM,00001,,,,
GLASCOCK,00212469,JACKSON,ANN,K,,7040,EDGEHILL MITCHELL RD, ,MITCHELL,GA,30820-3768,7040,EDGEHILL MITCHELL RD,,MITCHELL,GA,30820-3768,A,,,04/17/2020,,,MAILED,NO,NO,NO,,EDGH,010,023,128,TOOM,00001,,,,
GLASCOCK,00213494,WALDEN,JIMMIE,CHALKER,,365,PROJECT ST, ,GIBSON,GA,30810-4005,365,PROJECT ST,,GIBSON,GA,30810-4005,A,,,04/10/2020,,,MAILED,NO,NO,NO,GIBS,GIBS,010,023,128,TOOM,00002,,,,
GLASCOCK,00214838,DALLAS,ALBERT,HAWES,,4834,GA HIGHWAY 171 N, ,GIBSON,GA,30810,4834,GA HIGHWAY 171 N,,GIBSON,GA,30810,A,,,04/06/2020,,,MAILED,NO,NO,NO,,MILL,010,023,128,TOOM,00001,,,,
GLASCOCK,06976330,MITTS,ROSA,ELLAR,,464,RAILROAD AVE, ,GIBSON,GA,30810-4030,464,RAILROAD AVE,,GIBSON,GA,30810-4030,A,,,05/11/2020,,,MAILED,NO,NO,NO,GIBS,GIBS,010,023,128,TOOM,00002,,,,
GLASCOCK,10641565,KELLEY,BETTY,JEAN,,4986,GA HIGHWAY 171 S, ,MITCHELL,GA,30820,4986,GA HIGHWAY 171 S,,MITCHELL,GA,30820,A,,,05/14/2020,,,MAILED,NO,NO,NO,,EDGH,010,023,128,TOOM,00001,,,,
GLASCOCK,12023946,GRANT,GARRETT,ANTHONY,,3317,GA HIGHWAY 102 E, ,GIBSON,GA,30810,,PO BOX 43,,GIBSON,GA,30810,A,,,08/25/2020,09/18/2020,,MAILED,NO,NO,NO,,MILL,010,023,128,TOOM,00001,,00007,20,
GLASCOCK,00213026,SIMS,MARTHA,ENGLISH,,5280,GA HIGHWAY 80, ,STAPLETON,GA,30823-5310,5280,GA HIGHWAY 80,,STAPLETON,GA,30823-5310,A,,,04/10/2020,,,MAILED,NO,NO,NO,,MILL,010,023,128,TOOM,00001,,,,
GLASCOCK,00213165,BRASSELL,ZONA,,,3304,OLD MITCHELL RD, ,GIBSON,GA,30810-4321,3304,OLD MITCHELL RD,,GIBSON,GA,30810-4321,A,,,04/13/2020,,,MAILED,NO,NO,NO,,GIBS,010,023,128,TOOM,00001,,,,
GLASCOCK,00212674,KENT,MARY,C,,4258,GA HIGHWAY 102 W, ,MITCHELL,GA,30820-3432,4258,GA HIGHWAY 102 W,,MITCHELL,GA,30820-3432,A,,,03/13/2020,,,MAILED,NO,NO,NO,,MITC,010,023,128,TOOM,00001,,,,
GLASCOCK,00212952,MILLER,JUDY,MATHIS,,237,CHURCH ST, ,GIBSON,GA,30810,237,CHURCH ST,,GIBSON,GA,30810,A,,,04/10/2020,,,MAILED,NO,NO,NO,GIBS,GIBS,010,023,128,TOOM,00002,,,,
GLASCOCK,02629393,ALLEN,RITA,MOENK,,1098,BEALL SPRINGS RD, ,GIBSON,GA,30810-4235,1098,BEALL SPRINGS RD,,GIBSON,GA,30810-4235,A,,,09/11/2020,,,MAILED,NO,NO,NO,,GIBS,010,023,128,TOOM,00001,,,,
GLASCOCK,12598923,FIELDS,LEON,S,,7354,GA HIGHWAY 123, ,MITCHELL,GA,30820,,PO BOX 656,,SPARTA,GA,31087,A,,,08/20/2020,09/18/2020,,MAILED,NO,NO,NO,,MITC,010,023,128,TOOM,00001,,00003,19,
GLASCOCK,00213485,USRY,KAROLYN,W,,2275,GA HIGHWAY 102 W, ,GIBSON,GA,30810-4429,2275,GA HIGHWAY 102 W,,GIBSON,GA,30810-4429,A,,,04/22/2020,,,MAILED,NO,NO,NO,,GIBS,010,023,128,TOOM,00001,,,,
GLASCOCK,00213159,BRADDOCK,VIVIAN,S,,1191,BEALL SPRINGS RD, ,GIBSON,GA,30810-4333,1191,BEALL SPRINGS RD,,GIBSON,GA,30810-4333,A,,,04/08/2020,,,MAILED,NO,NO,NO,,GIBS,010,023,128,TOOM,00001,,,,
GLASCOCK,00212753,TUCKER,LENORA,,,6424,MITCHELL WARRENTON RD, ,MITCHELL,GA,30820-3265,6424,MITCHELL WARRENTON ,,MITCHELL,GA,30820-3265,A,,,08/31/2020,09/18/2020,,MAILED,NO,NO,NO,,MITC,010,023,128,TOOM,00001,,00001,7,
GLASCOCK,00213024,SHELTON,PATSY,HINTON,,5613,GA HIGHWAY 80, ,STAPLETON,GA,30823-5303,5613,GA HIGHWAY 80,,STAPLETON,GA,30823-5303,A,,,08/31/2020,09/18/2020,,MAILED,NO,NO,NO,,MILL,010,023,128,TOOM,00001,,00004,10,
GLASCOCK,02268901,BURKE,BARBARA,HALL,,3513,GA HIGHWAY 102 E, ,GIBSON,GA,30810,3509,GA HIGHWAY 102 E,,GIBSON,GA,30810,A,,,05/07/2020,,,MAILED,NO,NO,NO,,MILL,010,023,128,TOOM,00001,,,,
GLASCOCK,03314844,KELLEY,FRANCES,GODOWNS,,5797,EDGEHILL MITCHELL RD, ,MITCHELL,GA,30820-3759,5797,EDGEHILL MITCHELL RD,,MITCHELL,GA,30820-3759,A,,,04/08/2020,,,MAILED,NO,NO,NO,,EDGH,010,023,128,TOOM,00001,,,,
GLASCOCK,04130560,SHIPLEY,JAMES,,,388,PROJECT ST,APT 1,GIBSON,GA,30810,388,PROJECT ST,APT 1,GIBSON,GA,30810,A,,,04/13/2020,,,MAILED,NO,NO,NO,GIBS,GIBS,010,023,128,TOOM,00002,,,,
GLASCOCK,00212871,HADDEN,DIANNE,W,,6134,HOBBS RD, ,GIBSON,GA,30810,6134,HOBBS RD,,GIBSON,GA,30810-5255,A,,,04/08/2020,09/18/2020,,MAILED,NO,NO,NO,,MILL,010,023,128,TOOM,00001,,00012,32,
GLASCOCK,00212755,USRY,JANIE,,,7013,GA HIGHWAY 123, ,MITCHELL,GA,30820-2011,7013,GA HIGHWAY 123,,MITCHELL,GA,30820-2011,A,,,04/08/2020,,,MAILED,NO,NO,NO,MITC,MITC,010,023,128,TOOM,00003,,,,
GLASCOCK,00212681,LANE,RUBY,LEE,,6007,GA HIGHWAY 102 W, ,MITCHELL,GA,30820-3249,6007,GA HIGHWAY 102 W,,MITCHELL,GA,30820-3249,A,,,08/26/2020,09/18/2020,,MAILED,NO,NO,NO,MITC,MITC,010,023,128,TOOM,00003,,00001,4,
GLASCOCK,00213254,HADDEN,CHARLES,A,,748,N USRY ST, ,GIBSON,GA,30810-4130,748,N USRY ST,,GIBSON,GA,30810-4130,A,,,04/08/2020,,,MAILED,NO,NO,NO,GIBS,GIBS,010,023,128,TOOM,00002,,,,
GLASCOCK,00213395,NEWSOME,MARY,E,,749,GRIFFIN ST, ,GIBSON,GA,30810-4112,749,GRIFFIN ST,,GIBSON,GA,30810-4112,A,,,04/09/2020,,,MAILED,NO,NO,NO,GIBS,GIBS,010,023,128,TOOM,00002,,,,
GLASCOCK,00213692,YOUNGBLOOD,WANDA,G,,1973,MATHIS RD, ,GIBSON,GA,30810-4812,1973,MATHIS RD,,GIBSON,GA,30810-4812,A,,,04/10/2020,,,MAILED,NO,NO,NO,,MILL,010,023,128,TOOM,00001,,,,
GLASCOCK,00212854,DOWNS,VERLON,,,2777,GA HIGHWAY 102 E, ,GIBSON,GA,30810,2777,GA HIGHWAY 102 E,,GIBSON,GA,30810,A,,,04/10/2020,,,MAILED,NO,NO,NO,,MILL,010,023,128,TOOM,00001,,,,
GLASCOCK,02285576,RALEY,MELBA,F,,812,BEALL SPRINGS RD, ,GIBSON,GA,30810,812,BEALL SPRINGS RD,,GIBSON,GA,30810,A,,,04/10/2020,,,MAILED,NO,NO,NO,,GIBS,010,023,128,TOOM,00001,,,,
GLASCOCK,00213393,NEWSOME,LESTER,E,III,793,N USRY ST, ,GIBSON,GA,30810-4131,,PO BOX 92,,GIBSON,GA,30810-0009,A,,,04/08/2020,,,MAILED,NO,NO,NO,GIBS,GIBS,010,023,128,TOOM,00002,,,,
GLASCOCK,00213818,PRICE,CONNIE,FAYE,,3894,GA HIGHWAY 171 N, ,GIBSON,GA,30810-5620,3894,GA HIGHWAY 171 N,,GIBSON,GA,30810-5620,A,,,04/08/2020,,,MAILED,NO,NO,NO,,MILL,010,023,128,TOOM,00001,,,,
GLASCOCK,00212693,LYONS,PEGGY,A,,750,W MAIN ST, ,GIBSON,GA,30810,750,W MAIN ST,,GIBSON,GA,30810,A,,,03/13/2020,,,MAILED,NO,NO,NO,GIBS,GIBS,010,023,128,TOOM,00002,,,,
GLASCOCK,00212934,LANDRUM,CAROL,,,5386,LANDRUM RD, ,GIBSON,GA,30810-5607,5386,LANDRUM RD,,GIBSON,GA,30810-5607,A,,,04/08/2020,,,MAILED,NO,NO,NO,,MILL,010,023,128,TOOM,00001,,,,
GLASCOCK,06122299,BLACK,MELVIN,,,2008,BASTONVILLE RD, ,GIBSON,GA,30810,2008,BASTONVILLE RD,,GIBSON,GA,30810,A,,,04/17/2020,,,MAILED,NO,NO,NO,,MILL,010,023,128,TOOM,00001,,,,
GLASCOCK,00213419,PRICE,JUDY,DALE,,166,CALHOUN ST, ,GIBSON,GA,30810-3603,,PO BOX 127,,GIBSON,GA,30810-0012,A,,,04/15/2020,,,MAILED,NO,NO,NO,GIBS,GIBS,010,023,128,TOOM,00002,,,,
GLASCOCK,06932107,MCNEAL,TROY,VINSON,,602,S USRY ST, ,GIBSON,GA,30810-3625,602,S USRY ST,,GIBSON,GA,30810-3625,A,,,04/13/2020,,,MAILED,NO,NO,NO,GIBS,GIBS,010,023,128,TOOM,00002,,,,
GLASCOCK,00213746,PARKER,JERRY,L,,485,HOWARD ST, ,GIBSON,GA,30810,485,HOWARD ST,,GIBSON,GA,30810,A,,,04/29/2020,,,MAILED,NO,NO,NO,GIBS,GIBS,010,023,128,TOOM,00002,,,,
GLASCOCK,05186470,WATSON,WALTER,DEAN,,565,W MAIN ST, ,GIBSON,GA,30810-4010,565,W MAIN ST,,GIBSON,GA,30810-4010,A,,,04/08/2020,,,MAILED,NO,NO,NO,GIBS,GIBS,010,023,128,TOOM,00002,,,,
GLASCOCK,00212633,HAYWOOD,JACKY,L,,6469,GA HIGHWAY 102 W, ,MITCHELL,GA,30820,6469,GA HIGHWAY 102 W,,MITCHELL,GA,30820,A,,,05/15/2020,,,MAILED,NO,NO,NO,MITC,MITC,010,023,128,TOOM,00003,,,,
GLASCOCK,00212565,BECKWORTH,HENRY,F,,9913,EDGEHILL MITCHELL RD, ,MITCHELL,GA,30820-3529,9913,EDGEHILL MITCHELL RD,,MITCHELL,GA,30820-3529,A,,,05/08/2020,,,MAILED,NO,NO,NO,,MITC,010,023,128,TOOM,00001,,,,
GLASCOCK,00213022,SHELTON,CECIL,SHERYL,SR,5613,GA HIGHWAY 80, ,STAPLETON,GA,30823,5613,GA HIGHWAY 80,,STAPLETON,GA,30823,A,,,05/11/2020,,,MAILED,NO,NO,NO,,MILL,010,023,128,TOOM,00001,,,,
GLASCOCK,10722894,HUGHES,CHRISTOPHER,KEITH,,7429,STEEPHOLLOW RD, ,STAPLETON,GA,30823,,PO BOX 54,,STAPLETON,GA,30823,A,,,04/10/2020,,,MAILED,NO,NO,NO,,MILL,010,023,128,TOOM,00001,,,,
GLASCOCK,00215137,EVANS,LEON,HARVEY,,7906,GA HIGHWAY 102 W, ,MITCHELL,GA,30820-3060,7906,GA HIGHWAY 102 W,,MITCHELL,GA,30820-3060,A,,,04/13/2020,,,MAILED,NO,NO,NO,,MITC,010,023,128,TOOM,00001,,,,
GLASCOCK,00829512,SEARCY,JOHN,STEVE,,9048,EDGEHILL MITCHELL RD, ,MITCHELL,GA,30820,9048,EDGEHILL MITCHELL RD,,MITCHELL,GA,30820,A,,,04/17/2020,,,MAILED,NO,NO,NO,,MITC,010,023,128,TOOM,00001,,,,
GLASCOCK,07526758,FOLK,CHARLES,ALBERT,,2185,OLD MITCHELL RD, ,GIBSON,GA,30810-4314,2185,OLD MITCHELL RD,,GIBSON,GA,30810-4314,A,,,07/28/2020,,,MAILED,NO,NO,NO,,GIBS,010,023,128,TOOM,00001,,,,
GLASCOCK,00212765,WARTHEN,OSSIE,MAE,,7020,NUNN RD, ,MITCHELL,GA,30820-3204,7020,NUNN RD,,MITCHELL,GA,30820-3204,A,,,05/04/2020,,,MAILED,NO,NO,NO,,MITC,010,023,128,TOOM,00001,,,,
GLASCOCK,00212949,MAY,WILLIAM,JAMES,,279,W MAIN ST, ,GIBSON,GA,30810,279,W MAIN ST,,GIBSON,GA,30810,A,,,04/10/2020,,,MAILED,NO,NO,NO,GIBS,GIBS,010,023,128,TOOM,00002,,,,
GLASCOCK,00212807,BEASLEY,MARY,CLARK,,2149,USRY RD, ,AVERA,GA,30803,2149,USRY RD,,AVERA,GA,30803,A,,,04/08/2020,,,MAILED,NO,NO,NO,,MILL,010,023,128,TOOM,00001,,,,
GLASCOCK,00212959,MCDONALD,JUDY,LASTER,,2830,GA HIGHWAY 102 E, ,GIBSON,GA,30810-3733,2830,GA HIGHWAY 102 E,,GIBSON,GA,30810-3733,A,,,04/22/2020,,,MAILED,NO,NO,NO,,MILL,010,023,128,TOOM,00001,,,,
GLASCOCK,00213143,BLACK,MARGIE,USRY,,2008,BASTONVILLE RD, ,GIBSON,GA,30810-4817,2008,BASTONVILLE RD,,GIBSON,GA,30810-4817,A,,,04/17/2020,,,MAILED,NO,NO,NO,,MILL,010,023,128,TOOM,00001,,,,
GLASCOCK,11838918,WALDEN,WANDA,PERDUE,,9149,WALDEN DR, ,GIBSON,GA,30810,9149,WALDEN DR,,GIBSON,GA,30810-3819,A,,,08/31/2020,09/18/2020,,MAILED,NO,NO,NO,,EDGH,010,023,128,TOOM,00001,,00001,5,
GLASCOCK,06098125,ANDERSON,RONNIE,L,,202,RAILROAD AVE, ,GIBSON,GA,30810,202,RAILROAD AVE,,GIBSON,GA,30810,A,,,04/10/2020,,,MAILED,NO,NO,NO,GIBS,GIBS,010,023,128,TOOM,00002,,,,
GLASCOCK,00213555,UNDERWOOD,GAIL,K,,7249,GA HIGHWAY 123, ,MITCHELL,GA,30820-2033,7249,GA HIGHWAY 123,,MITCHELL,GA,30820-2033,A,,,04/13/2020,,,MAILED,NO,NO,NO,MITC,MITC,010,023,128,TOOM,00003,,,,
GLASCOCK,00212742,TODD,JOHN,LEWIS,,9969,GA HIGHWAY 102 W, ,MITCHELL,GA,30820-3039,9969,GA HIGHWAY 102 W,,MITCHELL,GA,30820-3039,A,,,04/13/2020,,,MAILED,NO,NO,NO,,MITC,010,023,128,TOOM,00001,,,,
GLASCOCK,02270181,CHALKER,BLENDA,G,,877,SCHOOL CIR, ,GIBSON,GA,30810,877,SCHOOL CIR,,GIBSON,GA,30810,A,,,04/10/2020,,,MAILED,NO,NO,NO,GIBS,GIBS,010,023,128,TOOM,00002,,,,
GLASCOCK,00212557,GRISWOLD,SAM,L,,9640,GA HIGHWAY 123, ,MITCHELL,GA,30820-2110,9640,GA HIGHWAY 123,,MITCHELL,GA,30820-2110,A,,,04/08/2020,,,MAILED,NO,NO,NO,,MITC,010,023,128,TOOM,00001,,,,
GLASCOCK,00212493,DIXON,JUDY,R,,6475,BARFORD RD, ,GIBSON,GA,30810-3904,6475,BARFORD RD,,GIBSON,GA,30810-3904,A,,,03/13/2020,,,MAILED,NO,NO,NO,,EDGH,010,023,128,TOOM,00001,,,,
GLASCOCK,00213783,STRINGFIELD,SANDRA,G,,921,W MAIN ST, ,GIBSON,GA,30810-4018,921,W MAIN ST,,GIBSON,GA,30810-4018,A,,,04/08/2020,,,MAILED,NO,NO,NO,GIBS,GIBS,010,023,128,TOOM,00002,,,,
GLASCOCK,00212705,MURRAY,DAISY,NEAL,,5915,CEDAR RD, ,MITCHELL,GA,30820-3237,5915,CEDAR RD,,MITCHELL,GA,30820-3237,A,,,04/13/2020,,,MAILED,NO,NO,NO,,MITC,010,023,128,TOOM,00001,,,,
GLASCOCK,00242690,NEWSOME,LANSIN,OLIN,,6883,GA HIGHWAY 123, ,MITCHELL,GA,30820,6883,GA HIGHWAY 123,,MITCHELL,GA,30820,A,,,04/10/2020,,,MAILED,NO,NO,NO,MITC,MITC,010,023,128,TOOM,00003,,,,
GLASCOCK,00213140,BALES,DAVID,H,,2115,GA HIGHWAY 171 S, ,GIBSON,GA,30810-3937,2115,GA HIGHWAY 171 S,,GIBSON,GA,30810-3937,A,,,04/07/2020,,,MAILED,NO,NO,NO,,GIBS,010,023,128,TOOM,00001,,,,
GLASCOCK,00212933,LANDRUM,L WAYNE,,,5386,LANDRUM RD, ,GIBSON,GA,30810-5607,5386,LANDRUM RD,,GIBSON,GA,30810-5607,A,,,04/08/2020,,,MAILED,NO,NO,NO,,MILL,010,023,128,TOOM,00001,,,,
GLASCOCK,02745151,SEXTON,JANICE,G,,8654,MITCHELL WARRENTON RD, ,MITCHELL,GA,30820-3224,8654,MITCHELL WARRENTON ,,MITCHELL,GA,30820-3224,A,,,04/10/2020,,,MAILED,NO,NO,NO,,MITC,010,023,128,TOOM,00001,,,,
GLASCOCK,00213768,WOOD,PATRICIA,F,,1785,OLD MITCHELL RD, ,GIBSON,GA,30810-4305,1785,OLD MITCHELL RD,,GIBSON,GA,30810-4305,A,,,04/08/2020,,,MAILED,NO,NO,NO,,GIBS,010,023,128,TOOM,00001,,,,
GLASCOCK,01484133,GATLIFF,MARGARET,E,,6952,GA HIGHWAY 171 S, ,GIBSON,GA,30810-3824,6952,GA HIGHWAY 171 S,,GIBSON,GA,30810-3824,A,,,04/10/2020,,,MAILED,NO,NO,NO,,EDGH,010,023,128,TOOM,00001,,,,
GLASCOCK,00213483,USRY,MIRIAM,MAY,,796,W MAIN ST, ,GIBSON,GA,30810-4014,,PO BOX 222,,GIBSON,GA,30810-0022,A,,,04/10/2020,,,MAILED,NO,NO,NO,GIBS,GIBS,010,023,128,TOOM,00002,,,,
GLASCOCK,00213307,KENT,SARAH,,,268,WARREN ST, ,GIBSON,GA,30810-4047,268,WARREN ST,,GIBSON,GA,30810-4047,A,,,04/08/2020,,,MAILED,NO,NO,NO,GIBS,GIBS,010,023,128,TOOM,00002,,,,
GLASCOCK,00213048,USRY,JOYCE,H,,2958,BASTONVILLE RD, ,GIBSON,GA,30810-5016,2958,BASTONVILLE RD,,GIBSON,GA,30810-5016,A,,,04/10/2020,,,MAILED,NO,NO,NO,,MILL,010,023,128,TOOM,00001,,,,
GLASCOCK,01430274,PHILLIPS,BETTY,ANNE,,484,BEALL SPRINGS RD, ,GIBSON,GA,30810-4224,484,BEALL SPRINGS RD,,GIBSON,GA,30810-4224,A,,,03/13/2020,,,MAILED,NO,NO,NO,GIBS,GIBS,010,023,128,TOOM,00002,,,,
GLASCOCK,00213125,RANDALL,DEBORAH,U,,318,RABUN ST, ,GIBSON,GA,30810-4137,318,RABUN ST,,GIBSON,GA,30810-4137,A,,,08/10/2020,09/18/2020,,MAILED,NO,NO,NO,GIBS,GIBS,010,023,128,TOOM,00002,,00004,12,
GLASCOCK,10049749,REESE,JANICE,ELAINE,,3324,GA HIGHWAY 171 N, ,GIBSON,GA,30810,3324,GA HIGHWAY 171 N,,GIBSON,GA,30810,A,,,04/10/2020,,,MAILED,NO,NO,NO,,MILL,010,023,128,TOOM,00001,,,,
GLASCOCK,00212951,MILLER,JOHNNY,EDMOND,,237,CHURCH ST, ,GIBSON,GA,30810,237,CHURCH ST,,GIBSON,GA,30810,A,,,04/10/2020,,,MAILED,NO,NO,NO,GIBS,GIBS,010,023,128,TOOM,00002,,,,
GLASCOCK,08836208,FOLK,TAMARA,MURPHEY,,2185,OLD MITCHELL RD, ,GIBSON,GA,30810,2185,OLD MITCHELL RD,,GIBSON,GA,30810,A,,,07/28/2020,,,MAILED,NO,NO,NO,,GIBS,010,023,128,TOOM,00001,,,,
GLASCOCK,04130834,BELCHER,VICKY,F,,6096,GA HIGHWAY 171 S, ,EDGE HILL,GA,30810-3802,6096,GA HIGHWAY 171 S,,EDGE HILL,GA,30810-3802,A,,,04/10/2020,,,MAILED,NO,NO,NO,EDGH,EDGH,010,023,128,TOOM,00004,,,,
GLASCOCK,00213298,JONES,JAMES,ROBERT,,6338,WARREN ST, ,MITCHELL,GA,30820-3134,6338,WARREN ST,,MITCHELL,GA,30820-3134,A,,,04/08/2020,,,MAILED,NO,NO,NO,MITC,MITC,010,023,128,TOOM,00003,,,,
GLASCOCK,01325319,GARNTO,WILLIAM,E,,3645,BEECHTREE ACRES RD, ,GIBSON,GA,30810,3645,BEECHTREE ACRES RD,,GIBSON,GA,30810,A,,,07/14/2020,,,MAILED,NO,NO,NO,,MILL,010,023,128,TOOM,00001,,,,
GLASCOCK,10746678,TODD,SANDRA,R,,201,CALHOUN ST, ,GIBSON,GA,30810,201,CALHOUN ST,,GIBSON,GA,30810,A,,,04/08/2020,,,MAILED,NO,NO,NO,GIBS,GIBS,010,023,128,TOOM,00002,,,,
GLASCOCK,00212523,LANDRUM,NANCY,L,,6459,GA HIGHWAY 171 S, ,GIBSON,GA,30810-3842,6459,GA HIGHWAY 171 S,,GIBSON,GA,30810-3842,A,,,04/08/2020,,,MAILED,NO,NO,NO,EDGH,EDGH,010,023,128,TOOM,00004,,,,
GLASCOCK,00212722,RALEY,SANDRA,SAMMONS,,8450,PHIL RALEY RD, ,MITCHELL,GA,30820,8450,PHIL RALEY RD,,MITCHELL,GA,30820,A,,,09/04/2020,09/18/2020,,MAILED,NO,NO,NO,,MITC,010,023,128,TOOM,00001,,00006,24,
GLASCOCK,03533324,RODGERS,SARA,ANN,,442,S USRY ST, ,GIBSON,GA,30810,442,S USRY ST,,GIBSON,GA,30810-3615,A,,,08/26/2020,09/18/2020,,MAILED,NO,NO,NO,GIBS,GIBS,010,023,128,TOOM,00002,,00003,8,
GLASCOCK,01424700,CONNELL,KEN,C,,4512,BRASSELL RD, ,GIBSON,GA,30810,4512,BRASSELL RD,,GIBSON,GA,30810,A,,,04/20/2020,,,MAILED,NO,NO,NO,,GIBS,010,023,128,TOOM,00001,,,,
GLASCOCK,05186467,WATSON,LINDA,HARTLY,,565,W MAIN ST, ,GIBSON,GA,30810-4010,,PO BOX 4,,GIBSON,GA,30810,A,,,04/08/2020,,,MAILED,NO,NO,NO,GIBS,GIBS,010,023,128,TOOM,00002,,,,
GLASCOCK,06089133,MORRISON,JERRY,LAYTON,,4163,JOES CREEK RD, ,MITCHELL,GA,30820-3452,4163,JOES CREEK RD,,MITCHELL,GA,30820-3452,A,,,04/08/2020,,,MAILED,NO,NO,NO,,GIBS,010,023,128,TOOM,00001,,,,
GLASCOCK,00213093,WILLIAMS,TERESA,,,2358,BASTONVILLE RD, ,GIBSON,GA,30810-5031,2358,BASTONVILLE RD,,GIBSON,GA,30810-5031,A,,,03/05/2020,,,MAILED,NO,NO,NO,,MILL,010,023,128,TOOM,00001,,,,
GLASCOCK,00212519,KELLEY,HAZEL,REESE,,5503,BIG CREEK RD, ,MITCHELL,GA,30820-3801,5503,BIG CREEK RD,,MITCHELL,GA,30820-3801,A,,,04/08/2020,,,MAILED,NO,NO,NO,,EDGH,010,023,128,TOOM,00001,,,,
GLASCOCK,00212985,PITTMAN,RONNIE,,,11042,GA HIGHWAY 102 E, ,GIBSON,GA,30810,11042,GA HIGHWAY 102 E,,GIBSON,GA,30810,A,,,04/27/2020,,,MAILED,NO,NO,NO,,MILL,010,023,128,TOOM,00001,,,,
GLASCOCK,00326310,MORGAN,JULIA,ANNE W,,5111,CHALKER RD, ,GIBSON,GA,30810-5656,5111,CHALKER RD,,GIBSON,GA,30810-5656,A,,,04/16/2020,,,MAILED,NO,NO,NO,,MILL,010,023,128,TOOM,00001,,,,
GLASCOCK,00213638,RALEY,PHILLIP,LAMAR,,8450,PHIL RALEY RD, ,MITCHELL,GA,30820,8450,PHIL RALEY RD,,MITCHELL,GA,30820,A,,,09/04/2020,09/18/2020,,MAILED,NO,NO,NO,,MITC,010,023,128,TOOM,00001,,00007,25,
GLASCOCK,06119953,COLEMAN,KATHY,ELAINE,,3645,BEECHTREE ACRES RD, ,GIBSON,GA,30810,3645,BEECHTREE ACRES RD,,GIBSON,GA,30810,A,,,07/15/2020,,,MAILED,NO,NO,NO,,MILL,010,023,128,TOOM,00001,,,,
GLASCOCK,00213002,REVILLE,JEANETTE,H,,3906,STEEPHOLLOW RD, ,GIBSON,GA,30810-5115,3906,STEEPHOLLOW RD,,GIBSON,GA,30810-5115,A,,,04/10/2020,,,MAILED,NO,NO,NO,,MILL,010,023,128,TOOM,00001,,,,
GLASCOCK,06977296,BLACK,JESSE,,,234,CHURCH ST, ,GIBSON,GA,30810,234,CHURCH ST,,GIBSON,GA,30810,A,,,04/06/2020,,,MAILED,NO,NO,NO,GIBS,GIBS,010,023,128,TOOM,00002,,,,
GLASCOCK,10746609,TODD,CHARLES,DOUGLAS,,201,CALHOUN ST, ,GIBSON,GA,30810,201,CALHOUN ST,,GIBSON,GA,30810,A,,,04/08/2020,,,MAILED,NO,NO,NO,GIBS,GIBS,010,023,128,TOOM,00002,,,,
GLASCOCK,05708304,COOPER,OLLIE,JOHNSON,,7260,GA HIGHWAY 102 W, ,MITCHELL,GA,30820-3114,7260,GA HIGHWAY 102 W,,MITCHELL,GA,30820-3114,A,,,04/10/2020,,,MAILED,NO,NO,NO,MITC,MITC,010,023,128,TOOM,00003,,,,
GLASCOCK,00213702,SHEPPARD,SHARON,E,,1775,WILD TURKEY DR, ,GIBSON,GA,30810,1775,WILD TURKEY DR,,GIBSON,GA,30810,A,,,04/30/2020,,,MAILED,NO,NO,NO,,GIBS,010,023,128,TOOM,00001,,,,
GLASCOCK,00213174,CARNEY,CLAUDIA,JANET,,221,DEAN ST, ,GIBSON,GA,30810-3650,221,DEAN ST,,GIBSON,GA,30810-3650,A,,,04/06/2020,,,MAILED,NO,NO,NO,GIBS,GIBS,010,023,128,TOOM,00002,,,,
GLASCOCK,00242833,PITTMAN,MARVIN DWAIN,,,5538,GA HIGHWAY 171 S, ,MITCHELL,GA,30820-3764,5538,GA HIGHWAY 171 S,,MITCHELL,GA,30820-3764,A,,,04/10/2020,,,MAILED,NO,NO,NO,,EDGH,010,023,128,TOOM,00001,,,,
GLASCOCK,00213195,CHALKER,KENDALL,WAYNE,,9337,GRIFFIN CHAPEL RD, ,MITCHELL,GA,30820-3911,9337,GRIFFIN CHAPEL RD,,MITCHELL,GA,30820-3911,A,,,04/08/2020,,,MAILED,NO,NO,NO,,MITC,010,023,128,TOOM,00001,,,,
GLASCOCK,00213432,REDFERN,GENEVA,K,,775,N USRY ST, ,GIBSON,GA,30810-4131,775,N USRY ST,,GIBSON,GA,30810-4131,A,,,04/08/2020,,,MAILED,NO,NO,NO,GIBS,GIBS,010,023,128,TOOM,00002,,,,
GLASCOCK,00212569,BERRY,GAIL,J,,6719,WASHINGTON ST, ,MITCHELL,GA,30820-3125,6719,WASHINGTON ST,,MITCHELL,GA,30820-3125,A,,,04/10/2020,,,MAILED,NO,NO,NO,MITC,MITC,010,023,128,TOOM,00003,,,,
GLASCOCK,00212517,KELLEY,JIMMIE,,,5797,EDGEHILL MITCHELL RD, ,MITCHELL,GA,30820,5797,EDGEHILL MITCHELL RD,,MITCHELL,GA,30820,A,,,04/08/2020,,,MAILED,NO,NO,NO,,EDGH,010,023,128,TOOM,00001,,,,
GLASCOCK,10948095,NEWSOME,DAVID,ANTHONY,,664,CALHOUN ST, ,GIBSON,GA,30810,664,CALHOUN ST,,GIBSON,GA,30810,A,,,05/04/2020,,,MAILED,NO,NO,NO,GIBS,GIBS,010,023,128,TOOM,00002,,,,
GLASCOCK,05836760,FARMER,BETTY,JANE,,207,W MAIN ST, ,GIBSON,GA,30810-4002,207,W MAIN ST,,GIBSON,GA,30810-4002,A,,,03/05/2020,,,MAILED,NO,NO,NO,GIBS,GIBS,010,023,128,TOOM,00002,,,,
GLASCOCK,01662147,BLACK,RONNIE,D,,700,CALHOUN ST, ,GIBSON,GA,30810,700,CALHOUN ST,,GIBSON,GA,30810,A,,,08/20/2020,09/18/2020,,MAILED,NO,NO,NO,GIBS,GIBS,010,023,128,TOOM,00002,,00007,17,
GLASCOCK,00213767,WOOD,JOHN,G,,1785,OLD MITCHELL RD, ,GIBSON,GA,30810-4305,1785,OLD MITCHELL RD,,GIBSON,GA,30810-4305,A,,,04/08/2020,,,MAILED,NO,NO,NO,,GIBS,010,023,128,TOOM,00001,,,,
GLASCOCK,00213647,CHALKER,GLORIA,LUKE,,7316,DAVID RD, ,STAPLETON,GA,30823-5334,7316,DAVID RD,,STAPLETON,GA,30823-5334,A,,,05/11/2020,,,MAILED,NO,NO,NO,,MILL,010,023,128,TOOM,00001,,,,
GLASCOCK,00213727,HOBBS,ANNETTE,,,4192,BETHEL ACRES RD, ,GIBSON,GA,30810-5202,4192,BETHEL ACRES RD,,GIBSON,GA,30810-5202,A,,,04/10/2020,,,MAILED,NO,NO,NO,,MILL,010,023,128,TOOM,00001,,,,
GLASCOCK,02152394,YOUNG,PAMELA,C,,6959,WASHINGTON ST, ,MITCHELL,GA,30820-3121,6959,WASHINGTON ST,,MITCHELL,GA,30820-3121,A,,,04/08/2020,,,MAILED,NO,NO,NO,MITC,MITC,010,023,128,TOOM,00003,,,,
GLASCOCK,00212626,HARRELL,LEE,MURPHY,,8940,GA HIGHWAY 102 W, ,MITCHELL,GA,30820-3030,8940,GA HIGHWAY 102 W,,MITCHELL,GA,30820-3030,A,,,04/16/2020,,,MAILED,NO,NO,NO,,MITC,010,023,128,TOOM,00001,,,,
GLASCOCK,06796034,OSHINSKI,JOYCE,MARIE,,336,HAWKINS AVE, ,GIBSON,GA,30810-3639,336,HAWKINS AVE,,GIBSON,GA,30810-3639,A,,,04/13/2020,,,MAILED,NO,NO,NO,GIBS,GIBS,010,023,128,TOOM,00002,,,,
GLASCOCK,00213138,BALES,BARBARA,K,,2115,GA HIGHWAY 171 S, ,GIBSON,GA,30810-3937,2115,GA HIGHWAY 171 S,,GIBSON,GA,30810-3937,A,,,04/07/2020,,,MAILED,NO,NO,NO,,GIBS,010,023,128,TOOM,00001,,,,
GLASCOCK,00213521,WILLIFORD,TERRELL,,,1868,GA HIGHWAY 102 W, ,GIBSON,GA,30810-4437,1868,GA HIGHWAY 102 W,,GIBSON,GA,30810-4437,A,,,04/08/2020,,,MAILED,NO,NO,NO,,GIBS,010,023,128,TOOM,00001,,,,
GLASCOCK,12598410,FIELDS,ERMA,R,,7354,GA HIGHWAY 123, ,MITCHELL,GA,30820,,PO BOX 656,,SPARTA,GA,31087,A,,,05/16/2020,,,MAILED,NO,NO,NO,,MITC,010,023,128,TOOM,00001,,,,
GLASCOCK,06202027,ZIMMERMAN,WILLIAM,J,IV,4142,STEEPHOLLOW RD, ,GIBSON,GA,30810,4142,STEEPHOLLOW RD,,GIBSON,GA,30810,A,,,08/20/2020,09/18/2020,,MAILED,NO,NO,NO,,MILL,010,023,128,TOOM,00001,,00003,9,
GLASCOCK,08658994,MOBLEY,LARRY,,,8561,MITCHELL WARRENTON RD, ,MITCHELL,GA,30820,8561,MITCHELL WARRENTON ,,MITCHELL,GA,30820,A,,,04/21/2020,,,MAILED,NO,NO,NO,,MITC,010,023,128,TOOM,00001,,,,
GLASCOCK,00213007,RIVERS,JAMES,ALBERT,SR,7463,HOBBS RD, ,STAPLETON,GA,30823-5415,7463,HOBBS RD,,STAPLETON,GA,30823-5415,A,,,05/04/2020,,,MAILED,NO,NO,NO,,MILL,010,023,128,TOOM,00001,,,,
GLASCOCK,00213374,MURPHY,FRANK,,,484,BEALL SPRINGS RD, ,GIBSON,GA,30810,484,BEALL SPRINGS RD,,GIBSON,GA,30810,A,,,04/10/2020,,,MAILED,NO,NO,NO,GIBS,GIBS,010,023,128,TOOM,00002,,,,
GLASCOCK,00744281,TAYLOR,JAMES,LARRY,,6615,ECC MINE RD, ,GIBSON,GA,30810,6615,ECC MINE RD,,GIBSON,GA,30810,A,,,05/15/2020,,,MAILED,NO,NO,NO,,EDGH,010,023,128,TOOM,00001,,,,
GLASCOCK,00212963,MCGAHEE,FRANK,OLIVER,,5287,STEEPHOLLOW RD, ,GIBSON,GA,30810-5131,5287,STEEPHOLLOW RD,,GIBSON,GA,30810-5131,A,,,04/10/2020,,,MAILED,NO,NO,NO,,MILL,010,023,128,TOOM,00001,,,,
GLASCOCK,00213380,NEAL,VESTA,W,,814,JAYCEE ST, ,GIBSON,GA,30810-4116,814,JAYCEE ST,,GIBSON,GA,30810-4116,A,,,04/08/2020,,,MAILED,NO,NO,NO,GIBS,GIBS,010,023,128,TOOM,00002,,,,
GLASCOCK,02265685,DELOACH,RACHEL,ELIZABETH,,175,PALMER ST, ,GIBSON,GA,30810-3652,175,PALMER ST,,GIBSON,GA,30810-3652,A,,,08/31/2020,09/18/2020,,MAILED,NO,NO,NO,GIBS,GIBS,010,023,128,TOOM,00002,,00008,18,
GLASCOCK,00213608,KITCHENS,R CLIFFORD,,,6476,WARREN ST, ,MITCHELL,GA,30820-3132,6476,WARREN ST,,MITCHELL,GA,30820-3132,A,,,04/10/2020,,,MAILED,NO,NO,NO,MITC,MITC,010,023,128,TOOM,00003,,,,
GLASCOCK,00213741,MCDONALD,WILLIAM,RICKIE,,467,CALHOUN ST, ,GIBSON,GA,30810-3627,467,CALHOUN ST,,GIBSON,GA,30810-3627,A,,,04/10/2020,,,MAILED,NO,NO,NO,GIBS,GIBS,010,023,128,TOOM,00002,,,,
GLASCOCK,00213484,USRY,JUDY,KITCHENS,,4510,LAMPP RD, ,GIBSON,GA,30810,4510,LAMPP RD,,GIBSON,GA,30810,A,,,04/27/2020,,,MAILED,NO,NO,NO,,MILL,010,023,128,TOOM,00001,,,,
GLASCOCK,04948298,BLACK,LISA,HUGHES,,700,CALHOUN ST, ,GIBSON,GA,30810,700,CALHOUN ST,,GIBSON,GA,30810,A,,,08/20/2020,09/18/2020,,MAILED,NO,NO,NO,GIBS,GIBS,010,023,128,TOOM,00002,,00006,16,
GLASCOCK,02725721,SEXTON,ALVIN,A,,8654,MITCHELL WARRENTON RD, ,MITCHELL,GA,30820-3224,8654,MITCHELL WARRENTON ,,MITCHELL,GA,30820-3224,A,,,04/10/2020,,,MAILED,NO,NO,NO,,MITC,010,023,128,TOOM,00001,,,,
GLASCOCK,00212468,ANDRUS,MARY,TAYLOR,,6581,ECC MINE RD, ,GIBSON,GA,30810-3945,6581,ECC MINE RD,,GIBSON,GA,30810-3945,A,,,04/21/2020,,,MAILED,NO,NO,NO,,EDGH,010,023,128,TOOM,00001,,,,
GLASCOCK,00212476,HAWKINS,GLORIA,W,,6376,GA HIGHWAY 171 S, ,EDGE HILL,GA,30810-3806,6376,GA HIGHWAY 171 S,,EDGE HILL,GA,30810-3806,A,,,04/07/2020,,,MAILED,NO,NO,NO,EDGH,EDGH,010,023,128,TOOM,00004,,,,
GLASCOCK,00212699,MEIN,LILLIAN,ANNE,,10302,EDGEHILL MITCHELL RD, ,MITCHELL,GA,30820-3522,10302,EDGEHILL MITCHELL RD,,MITCHELL,GA,30820-3522,A,,,04/13/2020,,,MAILED,NO,NO,NO,,MITC,010,023,128,TOOM,00001,,,,
GLASCOCK,00213763,VEAZEY,JENNIE,SNIDER,,3309,GA HIGHWAY 102 W, ,MITCHELL,GA,30820-3421,3309,GA HIGHWAY 102 W,,MITCHELL,GA,30820-3421,A,,,04/15/2020,,,MAILED,NO,NO,NO,,GIBS,010,023,128,TOOM,00001,,,,
GLASCOCK,00213306,KENT,FRANCE,DONALD,,268,WARREN ST, ,GIBSON,GA,30810-4047,268,WARREN ST,,GIBSON,GA,30810-4047,A,,,04/08/2020,,,MAILED,NO,NO,NO,GIBS,GIBS,010,023,128,TOOM,00002,,,,
GLASCOCK,10894338,KELLY,DANIEL,PATRICK,,2958,BASTONVILLE RD, ,GIBSON,GA,30810,2958,BASTONVILLE RD,,GIBSON,GA,30810,A,,,08/26/2020,09/18/2020,,MAILED,NO,NO,NO,,MILL,010,023,128,TOOM,00001,,00009,26,
GLASCOCK,00213215,COLE,JESSIE,G,,4594,GUY RD, ,GIBSON,GA,30810-4516,4594,GUY RD,,GIBSON,GA,30810-4516,A,,,04/13/2020,,,MAILED,NO,NO,NO,,GIBS,010,023,128,TOOM,00001,,,,
GLASCOCK,03620714,DUTTON,DAVID,TIMOTHY,,4285,STEEPHOLLOW RD, ,GIBSON,GA,30810-5142,4285,STEEPHOLLOW RD,,GIBSON,GA,30810-5142,A,,,04/22/2020,,,MAILED,NO,NO,NO,,MILL,010,023,128,TOOM,00001,,,,
GLASCOCK,00213603,INSTASI,BARBARA,ANN,,5315,HOBBS RD, ,GIBSON,GA,30810,5315,HOBBS RD,,GIBSON,GA,30810,A,,,05/04/2020,,,MAILED,NO,NO,NO,,MILL,010,023,128,TOOM,00001,,,,
GLASCOCK,00213394,NEWSOME,LINDA,K,,793,N USRY ST, ,GIBSON,GA,30810-4131,793,N USRY ST,,GIBSON,GA,30810-4131,A,,,04/08/2020,,,MAILED,NO,NO,NO,GIBS,GIBS,010,023,128,TOOM,00002,,,,
GLASCOCK,00212622,GRISWOLD,CHARLENE,MCCALL,,9640,GA HIGHWAY 123, ,MITCHELL,GA,30820-2110,9640,GA HIGHWAY 123,,MITCHELL,GA,30820-2110,A,,,04/08/2020,,,MAILED,NO,NO,NO,,MITC,010,023,128,TOOM,00001,,,,
GLASCOCK,00213041,USRY,DAVID,,,3944,USRY MILL RD, ,GIBSON,GA,30810-4930,3944,USRY MILL RD,,GIBSON,GA,30810-4930,A,,,04/22/2020,,,MAILED,NO,NO,NO,,MILL,010,023,128,TOOM,00001,,,,
GLASCOCK,00212603,DOWNS,JACKY,,,5057,GA HIGHWAY 102 W, ,MITCHELL,GA,30820-3439,5057,GA HIGHWAY 102 W,,MITCHELL,GA,30820-3439,A,,,04/21/2020,,,MAILED,NO,NO,NO,,MITC,010,023,128,TOOM,00001,,,,
GLASCOCK,07264101,NEAL,TAVARIS,ANTWONE,,5987,GA HIGHWAY 102 W, ,MITCHELL,GA,30820,5987,GA HIGHWAY 102 W,,MITCHELL,GA,30820,A,,,07/20/2020,09/16/2020,,ELECTRONIC,NO,NO,NO,MITC,MITC,010,023,128,TOOM,00003,,00001,31,
GLASCOCK,00212636,HILSON,ANNIE,RUTH,,10213,GRIFFIN CHAPEL RD, ,MITCHELL,GA,30820-3833,10213,GRIFFIN CHAPEL RD,,MITCHELL,GA,30820-3833,A,,,04/08/2020,,,MAILED,NO,NO,NO,,MITC,010,023,128,TOOM,00001,,,,
GLASCOCK,04256745,CORLEY,ERIN,MORRIS,,1710,OLD MITCHELL RD, ,GIBSON,GA,30810,1710,OLD MITCHELL RD,,GIBSON,GA,30810,A,,,04/10/2020,,,MAILED,NO,NO,NO,,GIBS,010,023,128,TOOM,00001,,,,
GLASCOCK,00212671,JONES,DAISY,U,,6338,WARREN ST, ,MITCHELL,GA,30820,6338,WARREN ST,,MITCHELL,GA,30820,A,,,04/08/2020,,,MAILED,NO,NO,NO,MITC,MITC,010,023,128,TOOM,00003,,,,
GLASCOCK,01898280,BLANCHARD,COLLEEN,CAROL,,78,W MAIN ST, ,GIBSON,GA,30810,78,W MAIN ST,,GIBSON,GA,30810,A,,,09/02/2020,09/18/2020,,MAILED,NO,NO,NO,GIBS,GIBS,010,023,128,TOOM,00002,,00001,1,
GLASCOCK,00212906,KITCHENS,DAVID,P,,5360,SCARBER RD, ,GIBSON,GA,30810-5229,5360,SCARBER RD,,GIBSON,GA,30810-5229,A,,,04/10/2020,,,MAILED,NO,NO,NO,,MILL,010,023,128,TOOM,00001,,,,
GLASCOCK,06340361,PRICE,PAUL,DOUGLAS,SR,166,CALHOUN ST, ,GIBSON,GA,30810-3603,166,CALHOUN ST,,GIBSON,GA,30810-3603,A,,,04/15/2020,,,MAILED,NO,NO,NO,GIBS,GIBS,010,023,128,TOOM,00002,,,,
GLASCOCK,07139738,STRICKLAND,ELAINE,MARTIN,,3594,USRY MILL RD, ,GIBSON,GA,30810,3594,USRY MILL RD,,GIBSON,GA,30810,A,,,04/10/2020,,,MAILED,NO,NO,NO,,MILL,010,023,128,TOOM,00001,,,,
GLASCOCK,00243993,YOUNGBLOOD,FRANKLIN,H,JR,1973,MATHIS RD, ,GIBSON,GA,30810-4812,1973,MATHIS RD,,GIBSON,GA,30810-4812,A,,,04/10/2020,,,MAILED,NO,NO,NO,,MILL,010,023,128,TOOM,00001,,,,
GLASCOCK,00213010,RIVERS,MARTHA,R,,7463,HOBBS RD, ,STAPLETON,GA,30823-5415,7463,HOBBS RD,,STAPLETON,GA,30823-5415,A,,,05/04/2020,,,MAILED,NO,NO,NO,,MILL,010,023,128,TOOM,00001,,,,
GLASCOCK,00213324,KITCHENS,GENEVA,J,,121,W MAIN ST, ,GIBSON,GA,30810-4000,121,W MAIN ST,,GIBSON,GA,30810-4000,A,,,04/08/2020,,,MAILED,NO,NO,NO,GIBS,GIBS,010,023,128,TOOM,00002,,,,
GLASCOCK,00212728,REESE,LYNN,B,,10083,RABUN CIR, ,WARRENTON,GA,30828-2139,10083,RABUN CIR,,WARRENTON,GA,30828-2139,A,,,04/08/2020,,,MAILED,NO,NO,NO,,MILL,010,023,128,TOOM,00001,,,,
GLASCOCK,00212727,REESE,CLEO,E,,8536,GA HIGHWAY 102 W, ,MITCHELL,GA,30820-3048,8536,GA HIGHWAY 102 W,,MITCHELL,GA,30820-3048,A,,,04/22/2020,,,MAILED,NO,NO,NO,,MITC,010,023,128,TOOM,00001,,,,
GLASCOCK,00213101,WILLIFORD,HELEN,C,,4356,STEEPHOLLOW RD, ,GIBSON,GA,30810-5144,4356,STEEPHOLLOW RD,,GIBSON,GA,30810-5144,A,,,05/13/2020,,,MAILED,NO,NO,NO,,MILL,010,023,128,TOOM,00001,,,,
GLASCOCK,00215915,MITTS,RACHEL,IVEY,,452,RAILROAD AVE, ,GIBSON,GA,30810,452,RAILROAD AVE,,GIBSON,GA,30810,A,,,08/24/2020,09/18/2020,,MAILED,NO,NO,NO,GIBS,GIBS,010,023,128,TOOM,00002,,00002,6,
GLASCOCK,04213359,LANDRUM,JANNETTE,D,,4332,BETHEL ACRES RD, ,GIBSON,GA,30810,4332,BETHEL ACRES RD,,GIBSON,GA,30810,A,,,04/16/2020,,,MAILED,NO,NO,NO,,MILL,010,023,128,TOOM,00001,,,,
GLASCOCK,00213063,TILLMAN,FRANCES,E,,5611,GARY USRY RD, ,GIBSON,GA,30810-4718,5611,GARY USRY RD,,GIBSON,GA,30810-4718,A,,,04/08/2020,,,MAILED,NO,NO,NO,,MILL,010,023,128,TOOM,00001,,,,
GLASCOCK,00220025,PAIGE,CAROLE,L,,6088,COUNTY LINE RD W, ,MITCHELL,GA,30820-3159,6088,COUNTY LINE RD W,,MITCHELL,GA,30820-3159,A,,,04/10/2020,,,MAILED,NO,NO,NO,,MITC,010,023,128,TOOM,00001,,,,
GLASCOCK,00213206,CHALKER,TONY,L,,866,W MAIN ST, ,GIBSON,GA,30810-4017,866,W MAIN ST,,GIBSON,GA,30810-4017,A,,,04/07/2020,,,MAILED,NO,NO,NO,GIBS,GIBS,010,023,128,TOOM,00002,,,,
GLASCOCK,00403045,STRICKLAND,JAMES,MICHAEL,,3594,USRY MILL RD, ,GIBSON,GA,30810,3594,USRY MILL RD,,GIBSON,GA,30810,A,,,04/10/2020,,,MAILED,NO,NO,NO,,MILL,010,023,128,TOOM,00001,,,,
GLASCOCK,00213355,MARKINS,LORENE,MCNEAL,,707,LAMB ST, ,GIBSON,GA,30810-4120,707,LAMB ST,,GIBSON,GA,30810-4120,A,,,03/13/2020,,,MAILED,NO,NO,NO,GIBS,GIBS,010,023,128,TOOM,00002,,,,
GLASCOCK,00213469,HOCKENBURY,CATHERINE,S,,722,LAMB ST, ,GIBSON,GA,30810-4121,722,LAMB ST,,GIBSON,GA,30810-4121,A,,,04/24/2020,,,MAILED,NO,NO,NO,GIBS,GIBS,010,023,128,TOOM,00002,,,,
GLASCOCK,00950022,PRESCOTT,RALPH,C,SR,4514,HOBBS RD, ,GIBSON,GA,30810-5254,4514,HOBBS RD,,GIBSON,GA,30810-5254,A,,,04/08/2020,,,MAILED,NO,NO,NO,,MILL,010,023,128,TOOM,00001,,,,
GLASCOCK,10311574,TESSIER,DARLENE,MARTHE,,5858,GA HIGHWAY 171 S, ,EDGE HILL,GA,30810,5858,GA HIGHWAY 171 S,,EDGE HILL,GA,30810,A,,,04/08/2020,,,MAILED,NO,NO,NO,EDGH,EDGH,010,023,128,TOOM,00004,,,,
GLASCOCK,00212760,UNDERWOOD,GEORGE,ALLEN,,7249,GA HIGHWAY 123, ,MITCHELL,GA,30820-2033,7249,GA HIGHWAY 123,,MITCHELL,GA,30820-2033,A,,,04/13/2020,,,MAILED,NO,NO,NO,MITC,MITC,010,023,128,TOOM,00003,,,,
GLASCOCK,00212918,KITCHENS,SANDRA,T,,11171,KITCHENS RD, ,STAPLETON,GA,30823-5519,11171,KITCHENS RD,,STAPLETON,GA,30823-5519,A,,,05/01/2020,,,MAILED,NO,NO,NO,,MILL,010,023,128,TOOM,00001,,,,
GLASCOCK,06535726,FRANKLIN,SUSAN,ELAINE,,4272,STEEPHOLLOW RD, ,GIBSON,GA,30810-5143,4272,STEEPHOLLOW RD,,GIBSON,GA,30810-5143,A,,,04/08/2020,,,MAILED,NO,NO,NO,,MILL,010,023,128,TOOM,00001,,,,
GLASCOCK,00213203,CHALKER,MARY,D,,820,HARPER ST, ,GIBSON,GA,30810,,PO BOX 116,,GIBSON,GA,30810-0011,A,,,04/10/2020,,,MAILED,NO,NO,NO,GIBS,GIBS,010,023,128,TOOM,00002,,,,
GLASCOCK,06509649,BUCKNER,ALICE,T,,227,W MAIN ST, ,GIBSON,GA,30810-4002,227,W MAIN ST,,GIBSON,GA,30810-4002,A,,,05/15/2020,,,MAILED,NO,NO,NO,GIBS,GIBS,010,023,128,TOOM,00002,,,,
GLASCOCK,00939448,ALGIER,ARMAND,ALLYN,JR,8439,GA HIGHWAY 102 W, ,MITCHELL,GA,30820,8439,GA HIGHWAY 102 W,,MITCHELL,GA,30820,A,,,08/26/2020,09/18/2020,,MAILED,NO,NO,NO,,MITC,010,023,128,TOOM,00001,,00002,15,
GLASCOCK,00212764,WARTHEN,M,H,,7020,NUNN RD, ,MITCHELL,GA,30820-3204,7020,NUNN RD,,MITCHELL,GA,30820-3204,A,,,05/04/2020,,,MAILED,NO,NO,NO,,MITC,010,023,128,TOOM,00001,,,,
GLASCOCK,08703814,IVEY,A C,,,2385,AVANT CHALKER RD, ,GIBSON,GA,30810-4818,2385,AVANT CHALKER RD,,GIBSON,GA,30810-4818,A,,,04/08/2020,,,MAILED,NO,NO,NO,,MILL,010,023,128,TOOM,00001,,,,
GLASCOCK,00963460,BELL,RALPHAEL,REESE,,4501,HATTAWAY RD, ,MITCHELL,GA,30820,4501,HATTAWAY RD,,MITCHELL,GA,30820,A,,,04/29/2020,,,MAILED,NO,NO,NO,,MITC,010,023,128,TOOM,00001,,,,
GLASCOCK,00213097,WILLIFORD,GLENIS,U,,5331,SCARBER RD, ,GIBSON,GA,30810-5228,5331,SCARBER RD,,GIBSON,GA,30810-5228,A,,,04/08/2020,,,MAILED,NO,NO,NO,,MILL,010,023,128,TOOM,00001,,,,
GLASCOCK,00212467,CHALKER,AUDREY,H,,9337,GRIFFIN CHAPEL RD, ,MITCHELL,GA,30820-3911,9337,GRIFFIN CHAPEL RD,,MITCHELL,GA,30820-3911,A,,,04/08/2020,,,MAILED,NO,NO,NO,,MITC,010,023,128,TOOM,00001,,,,
GLASCOCK,08941979,BROWN,LARRY,SCOTT,,4352,CHALKER RD, ,GIBSON,GA,30810,4352,CHALKER RD,,GIBSON,GA,30810,A,,,09/09/2020,,,MAILED,NO,NO,NO,,MILL,010,023,128,TOOM,00001,,,,
GLASCOCK,07314168,WRIGHT,DEBORAH,LYNN,,6525,SNIDER RD, ,MITCHELL,GA,30820-3555,6525,SNIDER RD,,MITCHELL,GA,30820-3555,A,,,04/13/2020,,,MAILED,NO,NO,NO,,MITC,010,023,128,TOOM,00001,,,,
GLASCOCK,00646816,HOFFMAN,LORI,A,,8032,GA HIGHWAY 102 W, ,MITCHELL,GA,30820-3058,8032,GA HIGHWAY 102 W,,MITCHELL,GA,30820-3058,A,,,04/22/2020,,,MAILED,NO,NO,NO,,MITC,010,023,128,TOOM,00001,,,,
GLASCOCK,12792302,WALDEN,BENNY,,SR,9149,WALDEN DR, ,GIBSON,GA,30810,9149,WALDEN DR,,GIBSON,GA,30810,A,,,09/08/2020,09/18/2020,,MAILED,NO,NO,NO,,EDGH,010,023,128,TOOM,00001,,00002,28,
GLASCOCK,00213435,REESE,CLARENCE,,JR,1008,JW BRASWELL RD, ,GIBSON,GA,30810-4243,1008,JW BRASWELL RD,,GIBSON,GA,30810-4243,A,,,04/08/2020,,,MAILED,NO,NO,NO,GIBS,GIBS,010,023,128,TOOM,00002,,,,
GLASCOCK,00213359,MATHIS,WILMA,CHALKER,,1033,GA HIGHWAY 102 W, ,GIBSON,GA,30810-4023,1033,GA HIGHWAY 102 W,,GIBSON,GA,30810-4023,A,,,02/27/2020,,,MAILED,NO,NO,NO,GIBS,GIBS,010,023,128,TOOM,00002,,,,
GLASCOCK,00212993,RABUN,BENNIE,WADE,,10319,RABUN CIR, ,WARRENTON,GA,30828-2114,10319,RABUN CIR,,WARRENTON,GA,30828-2114,A,,,04/08/2020,,,MAILED,NO,NO,NO,,MILL,010,023,128,TOOM,00001,,,,
GLASCOCK,05949579,MAY,KEVIN,EDWARD,,6854,GA HIGHWAY 102 W, ,MITCHELL,GA,30820,6854,GA HIGHWAY 102 W,,MITCHELL,GA,30820,A,,,09/11/2020,,,MAILED,NO,NO,NO,MITC,MITC,010,023,128,TOOM,00003,,,,
GLASCOCK,06773646,MAY,BRANDON,DOUGLAS,,2897,BASTONVILLE RD, ,GIBSON,GA,30810,,7128 PAMLICO PL,,AUGUSTA,GA,30909,A,,,09/02/2020,09/18/2020,,MAILED,NO,NO,NO,,MILL,010,023,128,TOOM,00001,,00001,2,
GLASCOCK,00213539,MILBURN,ELSIE,H,,712,CALHOUN ST, ,GIBSON,GA,30810-4109,712,CALHOUN ST,,GIBSON,GA,30810-4109,A,,,06/20/2020,,,MAILED,NO,NO,NO,,GIBS,010,023,128,TOOM,00001,,,,
GLASCOCK,00213387,NEWSOME,DONNA,M,,664,CALHOUN ST, ,GIBSON,GA,30810,664,CALHOUN ST,,GIBSON,GA,30810,A,,,05/04/2020,,,MAILED,NO,NO,NO,GIBS,GIBS,010,023,128,TOOM,00002,,,,
GLASCOCK,02239767,COOPER,JAMES,TEDDY,,7260,GA HIGHWAY 102 W, ,MITCHELL,GA,30820-3114,7260,GA HIGHWAY 102 W,,MITCHELL,GA,30820-3114,A,,,04/10/2020,,,MAILED,NO,NO,NO,MITC,MITC,010,023,128,TOOM,00003,,,,
GLASCOCK,00213184,CHALKER,CAROLYN,R,,762,HARPER ST, ,GIBSON,GA,30810-4106,762,HARPER ST,,GIBSON,GA,30810-4106,A,,,04/08/2020,,,MAILED,NO,NO,NO,GIBS,GIBS,010,023,128,TOOM,00002,,,,
GLASCOCK,04849323,BURGAMY,SONJA,I,,4721,HOBBS RD, ,GIBSON,GA,30810-5250,4721,HOBBS RD,,GIBSON,GA,30810-5250,A,,,03/13/2020,,,MAILED,NO,NO,NO,,MILL,010,023,128,TOOM,00001,,,,
GLASCOCK,07211592,SIMPSON,NICHOLAS,A,,6935,LOG CABIN RD, ,GIBSON,GA,30810-4745,,330 GREAT OAK DR,,ATHENS,GA,30605,A,,,09/06/2020,09/18/2020,,MAILED,NO,NO,NO,,MILL,010,023,128,TOOM,00001,,00010,27,
GLASCOCK,00212489,BLACK,LEROY,GRADY,,6283,EUPHRATES CHURCH RD, ,GIBSON,GA,30810,6283,EUPHRATES CHURCH RD,,GIBSON,GA,30810,A,,,04/09/2020,,,MAILED,NO,NO,NO,EDGH,EDGH,010,023,128,TOOM,00004,,,,
GLASCOCK,00212836,CHALKER,WILLIAM,ANDERSON,SR,1449,BASTONVILLE RD, ,GIBSON,GA,30810-4964,1449,BASTONVILLE RD,,GIBSON,GA,30810-4964,A,,,04/10/2020,,,MAILED,NO,NO,NO,,MILL,010,023,128,TOOM,00001,,,,
GLASCOCK,03267785,COPELAND,WILLIE,GREG,,434,BEALL SPRINGS RD, ,GIBSON,GA,30810,434,BEALL SPRINGS RD,,GIBSON,GA,30810,A,,,03/13/2020,,,MAILED,NO,NO,NO,GIBS,GIBS,010,023,128,TOOM,00002,,,,
GLASCOCK,10565327,MCCORKLE,CYNTHIA,ANN,,183,E MAIN ST, ,GIBSON,GA,30810,183,E MAIN ST,,GIBSON,GA,30810,A,,,08/25/2020,09/18/2020,,MAILED,NO,NO,NO,GIBS,GIBS,010,023,128,TOOM,00002,,00005,14,
GLASCOCK,00213255,HADDEN,ELIZABETH,U,,748,N USRY ST, ,GIBSON,GA,30810-4130,748,N USRY ST,,GIBSON,GA,30810-4130,A,,,04/08/2020,,,MAILED,NO,NO,NO,GIBS,GIBS,010,023,128,TOOM,00002,,,,
GLASCOCK,00212685,LOGUE,BRINSON,B,,5892,BIG CREEK RD, ,MITCHELL,GA,30820-3806,5892,BIG CREEK RD,,MITCHELL,GA,30820-3806,A,,,04/13/2020,,,MAILED,NO,NO,NO,,MITC,010,023,128,TOOM,00001,,,,
GLASCOCK,06120067,ZIMMERMAN,SERENA,DANIELLE,,4142,STEEPHOLLOW RD, ,GIBSON,GA,30810,4142,STEEPHOLLOW RD,,GIBSON,GA,30810,A,,,09/08/2020,09/18/2020,,MAILED,NO,NO,NO,,MILL,010,023,128,TOOM,00001,,00011,29,
GLASCOCK,00605089,LEDFORD,JUDITH,K,,388,PROJECT ST,7,GIBSON,GA,30810,388,PROJECT ST,7,GIBSON,GA,30810,A,,,04/29/2020,,,MAILED,NO,NO,NO,GIBS,GIBS,010,023,128,TOOM,00002,,,,
GLASCOCK,00212895,IRBY,PRISCILLA,A,,4995,IRBY RD, ,GIBSON,GA,30810-4731,4995,IRBY RD,,GIBSON,GA,30810-4731,A,,,04/20/2020,,,MAILED,NO,NO,NO,,MILL,010,023,128,TOOM,00001,,,,
GLASCOCK,00213016,SMITH,RONALD,DAWSON,,9405,COUNTRY LN, ,MITCHELL,GA,30820-3941,9405,COUNTRY LN,,MITCHELL,GA,30820-3941,A,,,04/17/2020,,,MAILED,NO,NO,NO,,MITC,010,023,128,TOOM,00001,,,,
GLASCOCK,00212686,LOGUE,JUDITH,MARY,,5892,BIG CREEK RD, ,MITCHELL,GA,30820-3806,5892,BIG CREEK RD,,MITCHELL,GA,30820-3806,A,,,04/13/2020,,,MAILED,NO,NO,NO,,MITC,010,023,128,TOOM,00001,,,,
GLASCOCK,00212717,PULLIAM,KATHY,H,,6280,WARREN ST, ,MITCHELL,GA,30820,6280,WARREN ST,,MITCHELL,GA,30820,A,,,06/05/2020,,,MAILED,NO,NO,NO,MITC,MITC,010,023,128,TOOM,00003,,,,
