County,Voter Registration #,Last Name,First Name,Middle Name,Suffix,Street #,Street Name,Apt/Unit,City,State,Zip Code,Mailing Street #,Mailing Street Name,Mailing Apt/Unit,Mailing City,Mailing State,Mailing Zip Code,Application Status,Ballot Status,Status Reason,Application Date,Ballot Issued Date,Ballot Return Date,Ballot Style,Ballot Assisted,Challenged/Provisional,ID Required,Municipal Precinct,County Precinct,CNG,SEN,HOUSE	,JUD,Combo #,Vote Center ID,Ballot ID,Post #,Party
LONG,01020945,TRAFTON,FANNIE,S,,2670,FRAZIER HARRIS RD NE, ,LUDOWICI,GA,31316-4054,2670,FRAZIER HARRIS RD NE,,LUDOWICI,GA,31316-4054,A,,,04/10/2020,09/18/2020,,MAILED,NO,NO,NO,,1,001,019,167,ATLC,00101,,00032,52,
LONG,05931678,ALISAU,DOUG,,,8501,GA HIGHWAY 57, ,LUDOWICI,GA,31316-4449,8501,GA HIGHWAY 57,,LUDOWICI,GA,31316-4449,A,,,04/06/2020,09/18/2020,,MAILED,NO,NO,NO,,5,001,019,167,ATLC,00113,,00017,165,
LONG,12055349,POLITE,FRANCIS,,,128,COASTAL MANOR DR SE, ,LUDOWICI,GA,31316,128,COASTAL MANOR DR SE,,LUDOWICI,GA,31316,A,,,04/12/2020,09/18/2020,,MAILED,NO,NO,YES,7,7,001,019,167,ATLC,00202,,00005,230,
LONG,06127259,BERRY,BERNITA,C,,452,CURTIS BERRY EXT NE, ,GLENNVILLE,GA,30427,452,CURTIS BERRY EXT NE,,GLENNVILLE,GA,30427,A,,,04/09/2020,09/18/2020,,MAILED,NO,NO,NO,,1,001,019,167,ATLC,00101,,00054,169,
LONG,11097338,RODRIGUEZ,COLIN,ARTHUR,,450,CARSON ST NE, ,LUDOWICI,GA,31316,450,CARSON ST NE,,LUDOWICI,GA,31316,A,,,04/06/2020,09/18/2020,,MAILED,NO,NO,NO,,4,001,019,167,ATLC,00109,,00027,214,
LONG,10933058,ALFORD,PHYLIS,,,12778,GA HIGHWAY 196, ,LUDOWICI,GA,31316,12778,GA HIGHWAY 196,,LUDOWICI,GA,31316,A,,,04/15/2020,09/18/2020,,MAILED,NO,NO,NO,,2,001,019,167,ATLC,00102,,00052,209,
LONG,04735986,SCHUCHMAN,ROBERT,LOWERY,,444,WHISPERING PINES CIR SE, ,ALLENHURST,GA,31301-5917,444,WHISPERING PINES CIR SE,,ALLENHURST,GA,31301-5917,A,,,04/11/2020,,,MAILED,NO,NO,NO,,3,001,019,167,ATLC,00105,,,,
LONG,01074653,DAWSON,KENNETH,D,,711,THOMPSON RD SE, ,ALLENHURST,GA,31301-5829,,PO BOX 8,,ALLENHURST,GA,31301,A,,,04/07/2020,09/18/2020,,MAILED,NO,NO,NO,,3,001,019,167,ATLC,00105,,00005,121,
LONG,06113200,BRANTLEY,LARRY,L,,3797,TIBET HWY SE, ,LUDOWICI,GA,31316-7135,3797,TIBET HWY SE,,LUDOWICI,GA,31316-7135,A,,,04/16/2020,09/18/2020,,MAILED,NO,NO,NO,,5,001,019,167,ATLC,00113,,00018,168,
LONG,06099225,LONG,BARBARA,DALE,,140,MOODY BRIDGE RD NE, ,LUDOWICI,GA,31316,140,MOODY BRIDGE RD NE,,LUDOWICI,GA,31316,A,,,04/06/2020,09/18/2020,,MAILED,NO,NO,NO,,2,001,019,167,ATLC,00102,,00041,167,
LONG,10933101,ALFORD,AVERY,,,12778,GA HIGHWAY 196, ,LUDOWICI,GA,31316,12778,GA HIGHWAY 196,,LUDOWICI,GA,31316,A,,,04/15/2020,09/18/2020,,MAILED,NO,NO,NO,,2,001,019,167,ATLC,00102,,00053,210,
LONG,05264672,WINGFIELD,BILLY,JOE,,4,MAGNOLIA COVE RD NE, ,LUDOWICI,GA,31316,,PO BOX 1025,,LUDOWICI,GA,31316,A,,,05/13/2020,09/18/2020,,MAILED,NO,NO,NO,,4,001,019,167,ATLC,00109,,00018,162,
LONG,08248294,NICKERSON,BRANTON,DEONDRE,,238,MILL POND LN SE, ,LUDOWICI,GA,31316,,9206 SUGARBERRY ,,DALLAS,GA,75249,A,,,09/05/2020,,,MAILED,NO,NO,NO,,3,001,019,167,ATLC,00105,,,,
LONG,03315326,SMITH,JONATHAN,CHARLES,,247,STEWART HODGES LOOP , ,LUDOWICI,GA,31316,247,STEWART HODGES LOOP ,,LUDOWICI,GA,31316-7007,A,,,04/06/2020,09/18/2020,,MAILED,NO,NO,NO,,2,001,019,167,ATLC,00102,,00033,136,
LONG,01020872,REYNOLDS,JIMMIE,G,,4211,RYE PATCH RD NE, ,LUDOWICI,GA,31316-6603,4211,RYE PATCH RD NE,,LUDOWICI,GA,31316-6603,A,,,04/21/2020,09/18/2020,,MAILED,NO,NO,NO,,2,001,019,167,ATLC,00102,,00010,47,
LONG,01020627,DASHER,BARBARA,,,2924,JONES CREEK LOOP NW, ,LUDOWICI,GA,31316-5303,2924,JONES CREEK LOOP NW,,LUDOWICI,GA,31316-5303,A,,,04/08/2020,09/18/2020,,MAILED,NO,NO,NO,,6,001,019,167,ATLC,00113,,00001,30,
LONG,01021686,MORGAN,DARYL,E,,506,ARCHER RD NE, ,LUDOWICI,GA,31316-1516,,PO BOX 891,,LUDOWICI,GA,31316-0089,A,,,04/07/2020,09/18/2020,,MAILED,NO,NO,NO,,4,001,019,167,ATLC,00109,,00004,73,
LONG,06520608,WALKER,THOMAS,Y,,87,OAK RD NE, ,LUDOWICI,GA,31316-6103,87,OAK RD NE,,LUDOWICI,GA,31316-6103,A,,,04/13/2020,09/18/2020,,MAILED,NO,NO,NO,,4,001,019,167,ATLC,00109,,00020,174,
LONG,07020545,HYNES,AMBER,ROSE,,79,JEFFERSON CIR SE, ,ALLENHURST,GA,31301,79,JEFFERSON CIR SE,,ALLENHURST,GA,31301,A,,,08/28/2020,,,MAILED,NO,NO,NO,,3,001,019,167,ATLC,00105,,,,
LONG,01022342,MOODY,KENNETH,E,,73,HOPE CEMETERY RD SE, ,LUDOWICI,GA,31316-7624,,PO BOX 200,,ALLENHURST,GA,31301-0020,A,,,04/13/2020,09/18/2020,,MAILED,NO,NO,NO,,5,001,019,167,ATLC,00113,,00009,95,
LONG,10598439,PARKER,WILLIAM,MARION,SR,146,EVANS LN NE, ,LUDOWICI,GA,31316,146,EVANS LN NE,,LUDOWICI,GA,31316-3725,A,,,04/15/2020,09/18/2020,,MAILED,NO,NO,NO,,1,001,019,167,ATLC,00101,,00057,200,
LONG,01071848,MURRAY,DIANNE,H,,4742,ELIM CHURCH RD NE, ,LUDOWICI,GA,31316,4742,ELIM CHURCH RD NE,,LUDOWICI,GA,31316,A,,,04/12/2020,09/18/2020,,MAILED,NO,NO,NO,,4,001,019,167,ATLC,00109,,00012,115,
LONG,01020513,SMILEY,SHIRLEY,A,,11188,GA HIGHWAY 196, ,LUDOWICI,GA,31316-4261,11188,GA HIGHWAY 196,,LUDOWICI,GA,31316-4261,A,,,04/03/2020,09/18/2020,,MAILED,NO,NO,NO,,1,001,019,167,ATLC,00101,,00024,25,
LONG,03652336,CORBIN,HERMAN,,,1746,KING RD SE, ,LUDOWICI,GA,31316-5356,1746,KING RD SE,,LUDOWICI,GA,31316-5356,A,,,04/16/2020,09/18/2020,,MAILED,NO,NO,NO,,5,001,019,167,ATLC,00113,,00016,147,
LONG,01075463,WOODWARD,WILLIAM,C,,5985,RYE PATCH RD NE, ,LUDOWICI,GA,31316-6538,5985,RYE PATCH RD NE,,LUDOWICI,GA,31316-6538,A,,,04/03/2020,09/18/2020,,MAILED,NO,NO,NO,,2,001,019,167,ATLC,00102,,00028,123,
LONG,11930169,ANDERSON,JACK,LOUIS,,1821,BRADWELL DUNHAM RD NE, ,LUDOWICI,GA,31316,1821,BRADWELL DUNHAM RD NE,,LUDOWICI,GA,31316,A,,,04/21/2020,09/18/2020,,MAILED,NO,NO,NO,,2,001,019,167,ATLC,00102,,00058,228,
LONG,01022274,WILLIAMS,BOBBY,D,,18,SANDALWOOD DR NW, ,LUDOWICI,GA,31316,18,SANDALWOOD DR NW,,LUDOWICI,GA,31316,A,,,03/11/2020,09/18/2020,,MAILED,NO,NO,NO,7,7,001,019,167,ATLC,00209,,00004,94,
LONG,01033787,LAUFMAN,REBECCA,E,,189,PLANTATION RD NE, ,GLENNVILLE,GA,30427-8872,189,PLANTATION RD NE,,GLENNVILLE,GA,30427-8872,A,,,09/14/2020,09/18/2020,,MAILED,NO,NO,NO,,1,001,019,167,ATLC,00101,,00066,249,
LONG,11014262,STOCK,CHELSEA,E,,144,MURRAY CROSSING BLVD , ,LUDOWICI,GA,31316,6117,ARBOR STREET,,CHEVERLY,MD,20785,A,,,09/02/2020,09/16/2020,,ELECTRONIC,NO,NO,NO,,4,001,019,167,ATLC,00109,,00013,250,
LONG,11014248,ROBERSON,TIA,LYNN,,262,BRIARCREST DR NE, ,LUDOWICI,GA,31316,262,BRIARCREST DR NE,,LUDOWICI,GA,31316,A,,,09/04/2020,,,MAILED,NO,NO,NO,,2,001,019,167,ATLC,00102,,,,
LONG,01023023,TIPPINS,JOHN,E,,8362,TIBET HWY SE, ,LUDOWICI,GA,31316-7150,8362,TIBET HWY SE,,LUDOWICI,GA,31316-7150,A,,,04/21/2020,09/18/2020,,MAILED,NO,NO,NO,,5,001,019,167,ATLC,00113,,00010,105,
LONG,01075421,MORGAN,DANA,NICOLE,,506,ARCHER RD NE, ,LUDOWICI,GA,31316,506,ARCHER RD NE,,LUDOWICI,GA,31316,A,,,04/08/2020,09/18/2020,,MAILED,NO,NO,NO,,4,001,019,167,ATLC,00109,,00013,122,
LONG,06261614,REEVES,JAMES,THOMAS,II,36,SHELBY RAE CT NE, ,LUDOWICI,GA,31316,36,SHELBY RAE CT NE,,LUDOWICI,GA,31316,A,,,04/17/2020,09/18/2020,,MAILED,NO,NO,NO,,4,001,019,167,ATLC,00109,,00019,171,
LONG,10795180,BOWMAN,MAURICE,,,184,TOWER RD NE, ,LUDOWICI,GA,31316,184,TOWER RD NE,,LUDOWICI,GA,31316,A,,,04/06/2020,09/18/2020,,MAILED,NO,NO,NO,,2,001,019,167,ATLC,00102,,00051,205,
LONG,01022866,HOWARD,SHELBY,JEAN,,8790,RYE PATCH RD NE, ,LUDOWICI,GA,31316-6650,8790,RYE PATCH RD NE,,LUDOWICI,GA,31316-6650,A,,,05/04/2020,09/18/2020,,MAILED,NO,NO,NO,,2,001,019,167,ATLC,00102,,00020,104,
LONG,04489759,HORTON,CHARLES,ERIC,,8889,GA HIGHWAY 196, ,LUDOWICI,GA,31316-4133,8889,GA HIGHWAY 196,,LUDOWICI,GA,31316-4133,A,,,08/20/2020,09/18/2020,,MAILED,NO,NO,NO,,1,001,019,167,ATLC,00101,,00063,245,
LONG,05699899,JONES,EBONY,NICOLE,,24,WHIT FRASER RD NE, ,HINESVILLE,GA,31313,24,WHIT FRASER RD,,HINESVILLE,GA,31313-9509,A,,,04/05/2020,,,MAILED,NO,NO,NO,,4,001,019,167,ATLC,00109,,,,
LONG,01021862,FOSTER,ARTHUR,J,,47,MAPLE RD NE, ,LUDOWICI,GA,31316-5620,47,MAPLE RD NE,,LUDOWICI,GA,31316-5620,A,,,05/11/2020,09/18/2020,,MAILED,NO,NO,NO,,4,001,019,167,ATLC,00109,,00007,80,
LONG,04924513,POWELL,BARBARA,WASHINGTON,,141,BRADY LN NE, ,LUDOWICI,GA,31316-1943,141,BRADY LN NE,,LUDOWICI,GA,31316-1943,A,,,04/08/2020,09/18/2020,,MAILED,NO,NO,NO,,2,001,019,167,ATLC,00102,,00037,156,
LONG,07516445,HAMMER,HELEN,THELMA,,159,BACON HOLLAND RD NE, ,LUDOWICI,GA,31316-1605,159,BACON HOLLAND RD ,,LUDOWICI,GA,31316-1605,A,,,04/07/2020,09/18/2020,,MAILED,NO,NO,NO,,6,001,019,167,ATLC,00113,,00009,181,
LONG,07633977,CUNNINGHAM,JAMES,RONNIE,JR,7108,CECIL NOBLES HWY, ,LUDOWICI,GA,31316,7108,CECIL NOBLES HWY,,LUDOWICI,GA,31316-2640,A,,,03/01/2020,09/16/2020,,ELECTRONIC,NO,NO,NO,,6,001,019,167,ATLC,00113,,00011,243,
LONG,01022424,GILLIAM,DONNA,LYNN,,874,THICKETTE RD NE, ,LUDOWICI,GA,31316,874,THICKETTE RD NE,,LUDOWICI,GA,31316-7054,A,,,04/08/2020,09/18/2020,,MAILED,NO,NO,NO,,4,001,019,167,ATLC,00109,,00010,99,
LONG,11727536,LESCALLEET,DIANN,PATRICIA,,4284,GA HIGHWAY 196, ,GLENNVILLE,GA,30427,4284,GA HIGHWAY 196,,GLENNVILLE,GA,30427,A,,,04/04/2020,09/18/2020,,MAILED,NO,NO,NO,,1,001,019,167,ATLC,00101,,00060,224,
LONG,01020571,ADAMS,WOODROW,M,,3279,JOHN WELLS RD NE, ,HINESVILLE,GA,31313-0057,3279,JOHN WELLS RD NE,,HINESVILLE,GA,31313-0057,A,,,04/07/2020,09/18/2020,,MAILED,NO,NO,NO,,1,001,019,167,ATLC,00101,,00028,29,
LONG,12687811,SING,JENNIFER,ARLENE,,226,BELL RD NE, ,LUDOWICI,GA,31316,226,BELL RD NE,,LUDOWICI,GA,31316,A,,,07/15/2020,09/16/2020,,ELECTRONIC,NO,NO,NO,,2,001,019,167,ATLC,00102,,00009,241,
LONG,03929115,HUERD,PATRICK,LIN,,122,SCOTT SPENCER ST NE, ,LUDOWICI,GA,31316,122,SCOTT SPENCER ST ,,LUDOWICI,GA,31316,A,,,09/05/2020,,,MAILED,NO,NO,NO,,4,001,019,167,ATLC,00109,,,,
LONG,01501421,NICKERSON,JOSEPHINE,,,238,MILL POND LN SE, ,LUDOWICI,GA,31316,,9206 SUGARBERRY ,,DALLAS,GA,75249,A,,,09/05/2020,,,MAILED,NO,NO,NO,,3,001,019,167,ATLC,00105,,,,
LONG,01021915,HUTCHESON,JULIE,A,,9156,GA HIGHWAY 57, ,LUDOWICI,GA,31316-4460,9156,GA HIGHWAY 57,,LUDOWICI,GA,31316-4460,A,,,04/06/2020,09/18/2020,,MAILED,NO,NO,NO,,5,001,019,167,ATLC,00113,,00006,82,
LONG,01022372,CHASE,BONNIE,R,,1596,PALMER RD NE, ,LUDOWICI,GA,31316-6228,1596,PALMER RD NE,,LUDOWICI,GA,31316-6228,A,,,04/21/2020,09/18/2020,,MAILED,NO,NO,NO,,2,001,019,167,ATLC,00102,,00018,96,
LONG,01533297,SALTER,ALFRED,KENNETH,,988,COUNTY LINE RD NE, ,LUDOWICI,GA,31316-7636,988,COUNTY LINE RD NE,,LUDOWICI,GA,31316-7636,A,,,04/04/2020,09/18/2020,,MAILED,NO,NO,NO,,2,001,019,167,ATLC,00102,,00030,128,
LONG,10625180,BARLOW,KEVIN,ARTHUR,,136,SHANE OTEY CT NE, ,LUDOWICI,GA,31316,136,SHANE OTEY RD NE,,LUDOWICI,GA,31316-7577,A,,,04/14/2020,09/18/2020,,MAILED,NO,NO,NO,,4,001,019,167,ATLC,00109,,00024,202,
LONG,01020659,FARLOW,ZEPHRINE,MAZEL FRAZIER,,14,FARLOW LN NE, ,LUDOWICI,GA,31316-7712,14,FARLOW LN NE,,LUDOWICI,GA,31316-7712,A,,,03/14/2020,09/18/2020,,MAILED,NO,NO,NO,,1,001,019,167,ATLC,00101,,00030,36,
LONG,11562868,BANKS,ELISE,NICOLE,,534,BURNT PINES RD NE, ,LUDOWICI,GA,31316,534,BURNT PINES RD NE,,LUDOWICI,GA,31316,A,,,09/06/2020,,,MAILED,NO,NO,NO,,4,001,019,167,ATLC,00109,,,,
LONG,04875024,STOKES,MARK,EZRA,,1790,STEWART HODGES LOOP , ,LUDOWICI,GA,31316,1790,STEWART HODGES LOOP ,,LUDOWICI,GA,31316,A,,,08/31/2020,,,MAILED,NO,NO,NO,,2,001,019,167,ATLC,00102,,,,
LONG,12248542,COLSON DAY,KATHRYN,LOUISE,,2289,PEARL DAVIS RD SE, ,LUDOWICI,GA,31316,2289,PEARL DAVIS RD SE,,LUDOWICI,GA,31316-6321,A,,,04/14/2020,09/18/2020,,MAILED,NO,NO,NO,,5,001,019,167,ATLC,00113,,00026,232,
LONG,01020493,SANDERS,JANICE,R,,2050,TOMMIE HINES RD NE, ,GLENNVILLE,GA,30427-5862,2050,TOMMIE HINES RD NE,,GLENNVILLE,GA,30427-5862,A,,,04/07/2020,09/18/2020,,MAILED,NO,NO,NO,,1,001,019,167,ATLC,00101,,00020,21,
LONG,11902410,SPEIDEL,MICHAEL,WILLIAM,,230,WINNTOWN RD SE, ,ALLENHURST,GA,31301,230,WINNTOWN RD SE,,ALLENHURST,GA,31301,A,,,07/09/2020,09/18/2020,,MAILED,NO,NO,NO,,3,001,019,167,ATLC,00105,,00016,226,
LONG,01548106,ALLEN,CAROLYN,B,,106,WHITE OAK DR NE, ,LUDOWICI,GA,31316-5469,106,WHITE OAK DR NE,,LUDOWICI,GA,31316-5469,A,,,04/08/2020,09/18/2020,,MAILED,NO,NO,NO,,2,001,019,167,ATLC,00102,,00032,130,
LONG,01074165,STEPHENS,LINDA,VILORIA,,1904,SMILEY RD NE, ,LUDOWICI,GA,31316,1904,SMILEY RD NE,,LUDOWICI,GA,31316,A,,,04/08/2020,09/18/2020,,MAILED,NO,NO,NO,,2,001,019,167,ATLC,00102,,00027,120,
LONG,08105370,DELLA VOLLE,SUSAN,KAY,,86,WHITE OAK DR NE, ,LUDOWICI,GA,31316,86,WHITE OAK DR NE,,LUDOWICI,GA,31316,A,,,06/23/2020,09/18/2020,,MAILED,NO,NO,NO,,2,001,019,167,ATLC,00102,,00047,187,
LONG,01021805,COOK,ROBERT,T,,4016,TIBET HWY SE, ,LUDOWICI,GA,31316-7140,4016,TIBET HWY SE,,LUDOWICI,GA,31316-7140,A,,,04/03/2020,09/18/2020,,MAILED,NO,NO,NO,,5,001,019,167,ATLC,00113,,00004,78,
LONG,12753944,MANSFIELD,SANDRA,,,8772,GA HIGHWAY 57, ,LUDOWICI,GA,31316,8772,GA HIGHWAY 57,,LUDOWICI,GA,31316,A,,,09/05/2020,,,MAILED,NO,NO,NO,,5,001,019,167,ATLC,00113,,,,
LONG,03564951,EASON,JEAN,N,,12764,CECIL NOBLES HWY, ,LUDOWICI,GA,31316-2835,12764,CECIL NOBLES HWY,,LUDOWICI,GA,31316-2835,A,,,04/04/2020,09/18/2020,,MAILED,NO,NO,NO,,1,001,019,167,ATLC,00101,,00045,140,
LONG,01020628,DASHER,M,EDDIE,,2924,JONES CREEK LOOP NW, ,LUDOWICI,GA,31316-5303,2924,JONES CREEK LOOP NW,,LUDOWICI,GA,31316-5303,A,,,04/08/2020,09/18/2020,,MAILED,NO,NO,NO,,6,001,019,167,ATLC,00113,,00002,31,
LONG,01020843,PARKER,J,E,JR,6083,CECIL NOBLES HWY, ,LUDOWICI,GA,31316-2619,6083,CECIL NOBLES HWY,,LUDOWICI,GA,31316-2619,A,,,04/07/2020,09/18/2020,,MAILED,NO,NO,NO,,2,001,019,167,ATLC,00102,,00008,45,
LONG,01021777,BEECHER,BRENDA,J,,1843,PEARL DAVIS RD SE, ,LUDOWICI,GA,31316-6313,1843,PEARL DAVIS RD SE,,LUDOWICI,GA,31316-6313,A,,,04/08/2020,09/18/2020,,MAILED,NO,NO,NO,,5,001,019,167,ATLC,00113,,00002,76,
LONG,11562897,BRICKLE,MARIE,ANNETTE,,479,MILL POND RD SE, ,LUDOWICI,GA,31316,479,MILL POND RD SE,,LUDOWICI,GA,31316-5749,A,,,04/06/2020,09/18/2020,,MAILED,NO,NO,NO,,3,001,019,167,ATLC,00105,,00014,219,
LONG,01077800,SMILEY,RONALD,W,,4393,CECIL NOBLES HWY, ,LUDOWICI,GA,31316-2545,4393,CECIL NOBLES HWY,,LUDOWICI,GA,31316-2545,A,,,03/14/2020,09/18/2020,,MAILED,NO,NO,NO,,2,001,019,167,ATLC,00102,,00029,125,
LONG,01069752,LLOYD,PHYLLIS,P,,160,HOPE CIR SE, ,LUDOWICI,GA,31316-5036,160,HOPE CIR SE,,LUDOWICI,GA,31316-5036,A,,,05/02/2020,09/18/2020,,MAILED,NO,NO,NO,,5,001,019,167,ATLC,00113,,00011,110,
LONG,08682591,PADGETT,KIMBER,LEIGH,,8582,RYE PATCH RD NE, ,LUDOWICI,GA,31316,8582,RYE PATCH RD NE,,LUDOWICI,GA,31316,A,,,09/02/2020,,,MAILED,NO,NO,NO,,2,001,019,167,ATLC,00102,,,,
LONG,05699414,MANEY,JEREMY,ANDREW,,4593,SMILEY RD NE, ,LUDOWICI,GA,31316,4593,SMILEY RD NE,,LUDOWICI,GA,31316,A,,,09/05/2020,,,MAILED,NO,NO,NO,,1,001,019,167,ATLC,00101,,,,
LONG,08040894,ROMMEL,MARVIN,JAMES,,292,DELOACH RD NE, ,LUDOWICI,GA,31316,292,DELOACH RD NE,,LUDOWICI,GA,31316,A,,,04/08/2020,09/18/2020,,MAILED,NO,NO,NO,,4,001,019,167,ATLC,00109,,00022,186,
LONG,01070665,DYKES,KATHY,W,,2000,JONES CREEK LOOP NW, ,LUDOWICI,GA,31316,2000,JONES CREEK LOOP NW,,LUDOWICI,GA,31316,A,,,04/07/2020,09/18/2020,,MAILED,NO,NO,NO,,2,001,019,167,ATLC,00102,,00023,111,
LONG,01021459,COMBS,DONALD,C,SR,198,4TH ST NW, ,LUDOWICI,GA,31316-9200,198,4TH ST NW,,LUDOWICI,GA,31316-9200,A,,,04/13/2020,09/18/2020,,MAILED,NO,NO,NO,7,7,001,019,167,ATLC,00209,,00001,63,
LONG,12250497,OREM,JOHN,,,97,WYATT CT NE, ,LUDOWICI,GA,31316,97,WYATT CT NE,,LUDOWICI,GA,31316,A,,,04/06/2020,09/18/2020,,MAILED,NO,NO,NO,,4,001,019,167,ATLC,00109,,00031,233,
LONG,01021385,WINGATE,THOMAS,B,JR,1775,ELIM CHURCH RD NE, ,LUDOWICI,GA,31316-3509,1775,ELIM CHURCH RD NE,,LUDOWICI,GA,31316-3509,A,,,04/07/2020,09/18/2020,,MAILED,NO,NO,NO,,4,001,019,167,ATLC,00109,,00001,59,
LONG,01020841,PARKER,ANN,E,,6083,CECIL NOBLES HWY, ,LUDOWICI,GA,31316-2619,6083,CECIL NOBLES HWY,,LUDOWICI,GA,31316-2619,A,,,04/07/2020,09/18/2020,,MAILED,NO,NO,NO,,2,001,019,167,ATLC,00102,,00007,44,
LONG,03451839,DAVIS,KAROLINE,W,,10207,TIBET HWY SE, ,ALLENHURST,GA,31301,10207,TIBET HWY SE,,ALLENHURST,GA,31301-5853,A,,,04/13/2020,09/18/2020,,MAILED,NO,NO,NO,,5,001,019,167,ATLC,00113,,00015,138,
LONG,11364848,KOHN,LAKESHA,NICOLE,,45,MILLER ST NE, ,LUDOWICI,GA,31316,45,MILLER ST NE,,LUDOWICI,GA,31316,A,,,07/30/2020,09/16/2020,,ELECTRONIC,NO,NO,NO,,4,001,019,167,ATLC,00109,,00010,242,
LONG,07499883,DUNCAN,JOSEPH,R,,32,SMITH LN NE, ,LUDOWICI,GA,31316,32,SMITH LN NE,,LUDOWICI,GA,31316,A,,,03/11/2020,09/18/2020,,MAILED,NO,NO,NO,,4,001,019,167,ATLC,00109,,00021,180,
LONG,10684866,SOBRADO,YEIMARIE,,,71,LINCOLN WAY NE, ,LUDOWICI,GA,31316,71,LINCOLN WAY NE,,LUDOWICI,GA,31316,A,,,09/04/2020,,,MAILED,NO,NO,NO,,4,001,019,167,ATLC,00109,,,,
LONG,01074099,STEPHENS,ROBERT,ANTHONY,,1904,SMILEY RD NE, ,LUDOWICI,GA,31316,1904,SMILEY RD NE,,LUDOWICI,GA,31316,A,,,04/05/2020,09/18/2020,,MAILED,NO,NO,NO,,2,001,019,167,ATLC,00102,,00026,119,
LONG,10950598,STAFFORD,GLORICE,,,96,MOODY RD NE, ,HINESVILLE,GA,31313,96,MOODY RD,,HINESVILLE,GA,31313-7320,A,,,04/12/2020,09/18/2020,,MAILED,NO,NO,NO,,1,001,019,167,ATLC,00101,,00058,212,
LONG,01022747,GUNTER,VELMA,BOZEMAN,,1148,MARY ANN PRESCOTT RD , ,GLENNVILLE,GA,30427,1148,MARY ANN PRESCOTT RD ,,GLENNVILLE,GA,30427,A,,,04/04/2020,09/18/2020,,MAILED,NO,NO,NO,,1,001,019,167,ATLC,00101,,00037,102,
LONG,10066966,ECHOLS,JUDY,,,858,THICKETTE RD NE, ,LUDOWICI,GA,31316,858,THICKETTE RD NE,,LUDOWICI,GA,31316,A,,,04/13/2020,09/18/2020,,MAILED,NO,NO,NO,,4,001,019,167,ATLC,00109,,00023,197,
LONG,04870134,WILLIAMS,JAMES,ERSKIN,,934,EVERETT AVE NE, ,LUDOWICI,GA,31316,934,EVERETT AVE NE,,LUDOWICI,GA,31316,A,,,04/04/2020,09/18/2020,,MAILED,NO,NO,NO,,2,001,019,167,ATLC,00102,,00035,154,
LONG,01070668,DYKES,RICHARD,A,,2000,JONES CREEK LOOP NW, ,LUDOWICI,GA,31316,2000,JONES CREEK LOOP NW,,LUDOWICI,GA,31316,A,,,04/03/2020,09/18/2020,,MAILED,NO,NO,NO,,2,001,019,167,ATLC,00102,,00024,112,
LONG,01021878,GORDON,GARY,ELLIS,,994,OLD BARRINGTON RD , ,LUDOWICI,GA,31316-6118,994,OLD BARRINGTON ,,LUDOWICI,GA,31316-6118,A,,,04/08/2020,09/18/2020,,MAILED,NO,NO,NO,,5,001,019,167,ATLC,00113,,00005,81,
LONG,04791142,MORALES DEL CASTILLO,JULIE,,,53,AZALEA ST SW, ,LUDOWICI,GA,31316,,P.O. BOX 1056,,LUDOWICI,GA,31316,A,,,09/05/2020,,,MAILED,NO,NO,NO,,7,001,019,167,ATLC,00113,,,,
LONG,01022047,HILL,WINIFRED,B,,743,GRIFFIN RD SE, ,ALLENHURST,GA,31301-5532,,PO BOX 507,,WALTHOURVILLE,GA,31333-0050,A,,,05/12/2020,09/18/2020,,MAILED,NO,NO,NO,,3,001,019,167,ATLC,00105,,00003,89,
LONG,04865501,NEWMAN,BONNIE,SHERRILL,,278,SHARP RD SE, ,LUDOWICI,GA,31316,278,SHARP RD SE,,LUDOWICI,GA,31316,A,,,04/04/2020,,,MAILED,NO,NO,NO,,3,001,019,167,ATLC,00105,,,,
LONG,01022021,OBRIEN,HELGA,WIESNER,,213,DOYLE DURRENCE RD , ,LUDOWICI,GA,31316,213,DOYLE DURRENCE RD ,,LUDOWICI,GA,31316-3421,A,,,04/21/2020,09/18/2020,,MAILED,NO,NO,NO,,4,001,019,167,ATLC,00109,,00009,88,
LONG,01021851,ECHOLS,JAMES,E,,858,THICKETTE RD NE, ,LUDOWICI,GA,31316,858,THICKETTE RD NE,,LUDOWICI,GA,31316,A,,,04/14/2020,09/18/2020,,MAILED,NO,NO,NO,,4,001,019,167,ATLC,00109,,00006,79,
LONG,10713471,RIDDICK,VINCENT,M,,2077,OLD MACON DARIEN RD SE, ,LUDOWICI,GA,31316,2077,OLD MACON DARIEN RD SE,,LUDOWICI,GA,31316-6139,A,,,04/07/2020,09/18/2020,,MAILED,NO,NO,NO,,7,001,019,167,ATLC,00113,,00004,203,
LONG,11452327,FREIBERGER,JOHN,WILLIAM,,225,SHAYNA DR NE, ,HINESVILLE,GA,31313,225,SHAYNA DR,,HINESVILLE,GA,31313-8711,A,,,04/08/2020,09/18/2020,,MAILED,NO,NO,NO,,4,001,019,167,ATLC,00109,,00028,217,
LONG,01020401,HOWARD,HUGHLAND,Q,JR,4576,GA HIGHWAY 196, ,GLENNVILLE,GA,30427,4576,GA HIGHWAY 196,,GLENNVILLE,GA,30427,A,,,04/21/2020,09/18/2020,,MAILED,NO,NO,NO,,1,001,019,167,ATLC,00101,,00013,14,
LONG,07392259,GOULD,GUY,,,355,HUMMINGBIRD LN NE, ,LUDOWICI,GA,31316,,355 HUMMINGBIRD ,,LUDOWICI,GA,31316,A,,,04/05/2020,09/18/2020,,MAILED,NO,NO,NO,,2,001,019,167,ATLC,00102,,00043,177,
LONG,01020696,GROOVER,MARY,D,,2748,COUNTY LINE RD NE, ,LUDOWICI,GA,31316-7648,2748,COUNTY LINE RD NE,,LUDOWICI,GA,31316-7648,A,,,04/06/2020,09/18/2020,,MAILED,NO,NO,NO,,2,001,019,167,ATLC,00102,,00002,38,
LONG,01067706,DAUGHTRY,ANN,,,217,BEULAH LAND RD NE, ,LUDOWICI,GA,31316,217,BEULAH LAND RD NE,,LUDOWICI,GA,31316,A,,,04/21/2020,09/18/2020,,MAILED,NO,NO,NO,,2,001,019,167,ATLC,00102,,00021,108,
LONG,03605473,BRADEN,WILLIAM,LEROY,,318,MEADOW RD NE, ,GLENNVILLE,GA,30427,,RT 3 BOX 2370,,GLENNVILLE,GA,30427,A,,,04/24/2020,09/18/2020,,MAILED,NO,NO,NO,,1,001,019,167,ATLC,00101,,00047,143,
LONG,06263963,BAILEY,LEE,ANN,,424,HILLMAN DR SE, ,LUDOWICI,GA,31316,,PO BOX 852,,LUDOWICI,GA,31316-0085,A,,,04/10/2020,09/18/2020,,MAILED,NO,NO,NO,,5,001,019,167,ATLC,00113,,00019,172,
LONG,01022800,DAVIS,VERDELLE,B,,966,MACEDONIA RD NE, ,LUDOWICI,GA,31316-5546,966,MACEDONIA RD NE,,LUDOWICI,GA,31316-5546,A,,,04/04/2020,09/18/2020,,MAILED,NO,NO,NO,,6,001,019,167,ATLC,00113,,00008,103,
LONG,08498779,DEAL,GAIL,WALTER,,77,SANDALWOOD DR NW,APT D3,LUDOWICI,GA,31316,77,SANDALWOOD DR NW,APT D3,LUDOWICI,GA,31316,A,,,04/07/2020,09/18/2020,,MAILED,NO,NO,NO,7,7,001,019,167,ATLC,00209,,00009,193,
LONG,07062121,DRAWDY,MAVIS,SMITH,,60,SANDALWOOD DR NW,E4,LUDOWICI,GA,31316-7570,60,SANDALWOOD DR NW,E4,LUDOWICI,GA,31316-7570,A,,,04/15/2020,09/18/2020,,MAILED,NO,NO,NO,7,7,001,019,167,ATLC,00209,,00008,176,
LONG,01344849,VICKERS,DARRYL,DERON,,3571,GA HIGHWAY 196, ,GLENNVILLE,GA,30427-8624,3571,GA HIGHWAY 196,,GLENNVILLE,GA,30427-8624,A,,,04/18/2020,09/18/2020,,MAILED,NO,NO,NO,,1,001,019,167,ATLC,00101,,00042,127,
LONG,01570785,BERRY,JANICE,CHRISTINE,,452,CURTIS BERRY EXT NE, ,GLENNVILLE,GA,30427,452,CURTIS BERRY EXT NE,,GLENNVILLE,GA,30427,A,,,04/09/2020,09/18/2020,,MAILED,NO,NO,NO,,1,001,019,167,ATLC,00101,,00043,131,
LONG,03350011,BROWN,DENISE,DIANE,,163,COUNTRY LN NE, ,LUDOWICI,GA,31316,163,COUNTRY LN NE,,LUDOWICI,GA,31316,A,,,09/05/2020,,,MAILED,NO,NO,NO,,2,001,019,167,ATLC,00102,,,,
LONG,10976549,EDWARDS,NI'DREEMA,LATISHA,,127,MURRAY CROSSING BLVD , ,LUDOWICI,GA,31316,,4711 PATRIOT LN APT. B2C,,FLORENCE,GA,29506,A,,,09/04/2020,,,MAILED,NO,NO,NO,,4,001,019,167,ATLC,00109,,,,
LONG,01021024,BILLINGS,CHARLES,W,SR,45,ROBERSON ST SW, ,LUDOWICI,GA,31316,,PO BOX 544,,LUDOWICI,GA,31316-0054,A,,,05/12/2020,09/18/2020,,MAILED,NO,NO,NO,7,7,001,019,167,ATLC,00207,,00001,55,
LONG,01022633,WINDOM,BERTHA,L,,5113,ELIM CHURCH RD NE, ,LUDOWICI,GA,31316-3615,5113,ELIM CHURCH RD NE,,LUDOWICI,GA,31316-3615,A,,,04/19/2020,09/18/2020,,MAILED,NO,NO,NO,,2,001,019,167,ATLC,00102,,00019,101,
LONG,01533300,SALTER,HAROLDENE,H,,988,COUNTY LINE RD NE, ,LUDOWICI,GA,31316-7636,988,COUNTY LINE RD NE,,LUDOWICI,GA,31316-7636,A,,,04/04/2020,09/18/2020,,MAILED,NO,NO,NO,,2,001,019,167,ATLC,00102,,00031,129,
LONG,01020884,RUNYON,MARILYN,S,,2607,CECIL NOBLES HWY, ,LUDOWICI,GA,31316,,PO BOX 692,,LUDOWICI,GA,31316-0692,A,,,04/08/2020,09/18/2020,,MAILED,NO,NO,NO,,7,001,019,167,ATLC,00113,,00001,48,
LONG,12115226,BIANCO,ALICE,LYNN,,416,PLANTATION RD NE, ,GLENNVILLE,GA,30427,416,PLANTATION RD NE,,GLENNVILLE,GA,30427-8876,A,,,04/06/2020,09/18/2020,,MAILED,NO,NO,NO,,1,001,019,167,ATLC,00101,,00061,231,
LONG,04973974,BARROW,JUDY,L,,119,HALL RD NE, ,LUDOWICI,GA,31316-4905,119,HALL RD NE,,LUDOWICI,GA,31316-4905,A,,,04/08/2020,09/18/2020,,MAILED,NO,NO,NO,4,4,001,019,167,ATLC,00210,,00001,160,
LONG,03729313,HOWARD,SHIRLEY,D,,13014,CECIL NOBLES HWY, ,LUDOWICI,GA,31316-2841,13014,CECIL NOBLES HWY,,LUDOWICI,GA,31316-2841,A,,,05/07/2020,09/18/2020,,MAILED,NO,NO,NO,,1,001,019,167,ATLC,00101,,00052,151,
LONG,11339563,ANGLIN,BEVERLY,DAWN,,302,TAYLOR CREEK DR NE, ,LUDOWICI,GA,31316,,CMR 469 BOX 2062,,"APO, AE 09227",,,A,,,08/22/2020,09/16/2020,,ELECTRONIC,NO,NO,NO,,1,001,019,167,ATLC,00101,,00014,251,
LONG,10329887,BISSONNETTE,ELAINE,E,,10765,TIBET HWY SE,UNIT 201,ALLENHURST,GA,31301,10765,TIBET HWY SE,UNIT 201,ALLENHURST,GA,31301,A,,,04/08/2020,09/18/2020,,MAILED,NO,NO,NO,,5,001,019,167,ATLC,00113,,00023,198,
LONG,01021454,CHESSER,CLAUDINE,R,,108,HENDRIX ST NE, ,LUDOWICI,GA,31316,,PO BOX 183,,LUDOWICI,GA,31316-0018,A,,,04/06/2020,09/18/2020,,MAILED,NO,NO,NO,7,7,001,019,167,ATLC,00202,,00001,62,
LONG,11722767,EBY,BRANDEN,SCOTT,,10866,TIBET HWY SE,LOT 6,ALLENHURST,GA,31301,10866,TIBET HWY SE,LOT 6,ALLENHURST,GA,31301-5904,A,,,04/29/2020,09/18/2020,,MAILED,NO,NO,NO,,5,001,019,167,ATLC,00113,,00025,223,
LONG,01021489,DELOACH,SHARON,LORETTA,,5090,CECIL NOBLES HWY, ,LUDOWICI,GA,31316-2558,5090,CECIL NOBLES HWY,,LUDOWICI,GA,31316-2558,A,,,05/04/2020,09/18/2020,,MAILED,NO,NO,NO,,2,001,019,167,ATLC,00102,,00015,64,
LONG,01072588,SCHRADER,TAMRA,J,,422,CARSON ST NE, ,LUDOWICI,GA,31316,422,CARSON ST NE,,LUDOWICI,GA,31316,A,,,09/05/2020,,,MAILED,NO,NO,NO,,4,001,019,167,ATLC,00109,,,,
LONG,01020505,SKEENS,EDWINA,,,741,GRADY KENNEDY RD NE, ,GLENNVILLE,GA,30427-8673,741,GRADY KENNEDY RD ,,GLENNVILLE,GA,30427-8673,A,,,04/21/2020,09/18/2020,,MAILED,NO,NO,NO,,1,001,019,167,ATLC,00101,,00021,22,
LONG,11472410,HAMILTON,MARVIN,,,435,PLANTATION RD NE, ,GLENNVILLE,GA,30427,435,PLANTATION RD NE,,GLENNVILLE,GA,30427-8877,A,,,04/04/2020,09/18/2020,,MAILED,NO,NO,NO,,1,001,019,167,ATLC,00101,,00059,218,
LONG,01020699,GROOVER,RUFUS,C,,2748,COUNTY LINE RD NE, ,LUDOWICI,GA,31316-7648,2748,COUNTY LINE RD NE,,LUDOWICI,GA,31316-7648,A,,,04/07/2020,09/18/2020,,MAILED,NO,NO,NO,,2,001,019,167,ATLC,00102,,00003,39,
LONG,10598429,PARKER,ANNE,DORWARD,,146,EVANS LN NE, ,LUDOWICI,GA,31316,146,EVANS LN NE,,LUDOWICI,GA,31316-3725,A,,,04/20/2020,09/18/2020,,MAILED,NO,NO,NO,,1,001,019,167,ATLC,00101,,00056,199,
LONG,01020293,CAISON,HUEY,G,,29,CAISON RD NE, ,LUDOWICI,GA,31316-2336,29,CAISON RD NE,,LUDOWICI,GA,31316-2336,A,,,05/19/2020,09/18/2020,,MAILED,NO,NO,NO,,1,001,019,167,ATLC,00101,,00007,8,
LONG,01022269,SCOTT,CHARLES,H,,44,CURVIN WILLIAMS RD NE, ,LUDOWICI,GA,31316,44,CURVIN WILLIAMS RD ,,LUDOWICI,GA,31316,A,,,04/08/2020,09/18/2020,,MAILED,NO,NO,NO,,1,001,019,167,ATLC,00101,,00034,93,
LONG,04253604,HUTCHISON,LINDA,HOWARD,,761,GRADY KENNEDY RD NE, ,GLENNVILLE,GA,30427,761,GRADY KENNEDY RD ,,GLENNVILLE,GA,30427-8673,A,,,04/04/2020,,,MAILED,NO,NO,NO,,1,001,019,167,ATLC,00101,,,,
LONG,11934465,TODD,LAURA,MULCAHY,,588,WILLIAMSON RD SE, ,ALLENHURST,GA,31301,588,WILLIAMSON RD SE,,ALLENHURST,GA,31301,A,,,04/21/2020,09/18/2020,,MAILED,NO,NO,NO,,3,001,019,167,ATLC,00105,,00017,229,
LONG,01020644,DRIGGERS,NANCY,E,,14555,CECIL NOBLES HWY, ,LUDOWICI,GA,31316,14555,CECIL NOBLES HWY,,LUDOWICI,GA,31316,A,,,04/03/2020,09/18/2020,,MAILED,NO,NO,NO,,6,001,019,167,ATLC,00113,,00003,33,
LONG,01021698,MURRAY,ROBERT,D,,4742,ELIM CHURCH RD NE, ,LUDOWICI,GA,31316-3606,4742,ELIM CHURCH RD NE,,LUDOWICI,GA,31316-3606,A,,,04/12/2020,09/18/2020,,MAILED,NO,NO,NO,,4,001,019,167,ATLC,00109,,00005,75,
LONG,01021505,DURRENCE,JOHN,J,,207,BRADWELL DUNHAM RD NE, ,LUDOWICI,GA,31316-1907,207,BRADWELL DUNHAM RD NE,,LUDOWICI,GA,31316-1907,A,,,04/05/2020,09/18/2020,,MAILED,NO,NO,NO,,2,001,019,167,ATLC,00102,,00017,66,
LONG,01729900,HUTCHISON,JOHNNY,J,,761,GRADY KENNEDY RD NE, ,GLENNVILLE,GA,30427,761,GRADY KENNEDY RD ,,GLENNVILLE,GA,30427,A,,,04/04/2020,09/18/2020,,MAILED,NO,NO,NO,,1,001,019,167,ATLC,00101,,00044,133,
LONG,08751725,SPEIDEL,DIANA,SUE,,230,WINNTOWN RD SE, ,ALLENHURST,GA,31301-5953,230,WINNTOWN RD SE,,ALLENHURST,GA,31301-5953,A,,,04/09/2020,09/18/2020,,MAILED,NO,NO,NO,,3,001,019,167,ATLC,00105,,00012,196,
LONG,05122358,HAMBRICK,SHAUN,TREMAINE,,28,MOCCASIN DR SE, ,ALLENHURST,GA,31301,28,MOCCASIN DR SE,,ALLENHURST,GA,31301,A,,,09/05/2020,,,MAILED,NO,NO,NO,,3,001,019,167,ATLC,00105,,,,
LONG,01020951,WALKER,ERNEST,E,,4745,RYE PATCH RD NE, ,LUDOWICI,GA,31316-6609,4745,RYE PATCH RD NE,,LUDOWICI,GA,31316-6609,A,,,04/06/2020,09/18/2020,,MAILED,NO,NO,NO,,2,001,019,167,ATLC,00102,,00012,53,
LONG,01020428,JOYNER,ROBERT,W,,5754,GA HIGHWAY 196, ,GLENNVILLE,GA,30427-8655,5754,GA HIGHWAY 196,,GLENNVILLE,GA,30427-8655,A,,,04/09/2020,09/18/2020,,MAILED,NO,NO,NO,,1,001,019,167,ATLC,00101,,00017,18,
LONG,01020439,LEWIS,LIZZIE,M,,907,MACEDONIA RD NE, ,LUDOWICI,GA,31316-5547,907,MACEDONIA RD NE,,LUDOWICI,GA,31316-5547,A,,,02/20/2020,09/18/2020,,MAILED,NO,NO,NO,,1,001,019,167,ATLC,00101,,00018,19,
LONG,10860558,DEWITT,THOMAS,HARRY,,433,WORTHINGTON DR NE, ,LUDOWICI,GA,31316,433,WORTHINGTON DR NE,,LUDOWICI,GA,31316-7415,A,,,04/03/2020,09/18/2020,,MAILED,NO,NO,NO,,4,001,019,167,ATLC,00109,,00026,207,
LONG,05777403,TODD,PATRICIA,HEALD,,817,HARDEE RD NE, ,LUDOWICI,GA,31316-4925,817,HARDEE RD NE,,LUDOWICI,GA,31316-4925,A,,,04/07/2020,09/18/2020,,MAILED,NO,NO,NO,,2,001,019,167,ATLC,00102,,00040,164,
LONG,04521081,BYNUM,JIMMY,RAY,,6618,US HIGHWAY 84 E, ,HINESVILLE,GA,31313-0919,,PO BOX 808,,WALTHOURVILLE,GA,31333-0080,A,,,04/08/2020,,,MAILED,NO,NO,NO,,3,001,019,167,ATLC,00105,,,,
LONG,01021934,CARTER,NATHANIEL,,,95,E LINCOLN ST, ,LUDOWICI,GA,31316-6008,,PO BOX 266,,LUDOWICI,GA,31316-0026,A,,,03/10/2020,09/18/2020,,MAILED,NO,NO,NO,3,3,001,019,167,ATLC,00204,,00002,84,
LONG,01073652,TAYLOR,PAUL,,,8582,RYE PATCH RD NE,LOT 60,LUDOWICI,GA,31316-6566,8582,RYE PATCH RD NE,LOT 60,LUDOWICI,GA,31316-6566,A,,,04/06/2020,09/18/2020,,MAILED,NO,NO,NO,,2,001,019,167,ATLC,00102,,00025,118,
LONG,01022382,FUTCH,ELLIS,A,,5983,GEORGE SWINDELL RD NE, ,LUDOWICI,GA,31316-4741,5983,GEORGE SWINDELL RD ,,LUDOWICI,GA,31316-4741,A,,,04/07/2020,09/18/2020,,MAILED,NO,NO,NO,,1,001,019,167,ATLC,00101,,00035,97,
LONG,01020403,HOWARD,JERRY,C,,45,HOWARD RD NE, ,LUDOWICI,GA,31316-5100,45,HOWARD RD NE,,LUDOWICI,GA,31316-5100,A,,,04/30/2020,09/18/2020,,MAILED,NO,NO,NO,,1,001,019,167,ATLC,00101,,00015,16,
LONG,05951462,GIBSON,LINDA,F,,3392,ARNOLD DR SE, ,ALLENHURST,GA,31301,3392,ARNOLD DR SE,,ALLENHURST,GA,31301,A,,,04/06/2020,09/18/2020,,MAILED,NO,NO,NO,,3,001,019,167,ATLC,00105,,00008,166,
LONG,08658814,ROZIER,JACK,DALE,,235,FIRE TOWER RD SE, ,LUDOWICI,GA,31316,235,FIRE TOWER RD SE,,LUDOWICI,GA,31316,A,,,04/04/2020,09/18/2020,,MAILED,NO,NO,NO,,5,001,019,167,ATLC,00113,,00022,194,
LONG,01020657,FARLOW,TOM,J,JR,14,FARLOW LN NE, ,LUDOWICI,GA,31316-7712,14,FARLOW LN NE,,LUDOWICI,GA,31316-7712,A,,,03/14/2020,09/18/2020,,MAILED,NO,NO,NO,,1,001,019,167,ATLC,00101,,00029,35,
LONG,12642195,MADUABUCHI,KINGSLEY,OGONNA,,119,LONG WAY NE, ,LUDOWICI,GA,31316,119,LONG WAY NE,,LUDOWICI,GA,31316,A,,,08/17/2020,09/16/2020,,ELECTRONIC,NO,NO,NO,,4,001,019,167,ATLC,00109,,00019,256,
LONG,04333532,AULT,EVELYN,YVONNE,,356,MEADOW RD NE, ,GLENNVILLE,GA,30427,356,MEADOW RD NE,,GLENNVILLE,GA,30427,A,,,08/20/2020,09/18/2020,,MAILED,NO,NO,NO,,1,001,019,167,ATLC,00101,,00065,247,
LONG,10054912,CAMPBELL,DEVYN,MARIE,,279,FOREST ST NE, ,LUDOWICI,GA,31316,279,FOREST ST NE,,LUDOWICI,GA,31316,A,,,09/06/2020,,,MAILED,NO,NO,NO,,4,001,019,167,ATLC,00109,,,,
LONG,01020531,SWINDELL,WANDA,E,,3601,GA HIGHWAY 196, ,GLENNVILLE,GA,30427-8627,3601,GA HIGHWAY 196,,GLENNVILLE,GA,30427-8627,A,,,04/18/2020,09/18/2020,,MAILED,NO,NO,NO,,1,001,019,167,ATLC,00101,,00025,26,
LONG,08699992,PORTER,DEWITT,,,893,JOE KENNEDY RD NE, ,GLENNVILLE,GA,30427-8729,893,JOE KENNEDY RD NE,,GLENNVILLE,GA,30427-8729,A,,,04/13/2020,09/18/2020,,MAILED,NO,NO,NO,,1,001,019,167,ATLC,00101,,00055,195,
LONG,11270144,DANIELS,ANN,NICKLES,,178,BRANDON DR NE, ,LUDOWICI,GA,31316,926,HOLLYWOOD DR,LOT 24,HINESVILLE,GA,31313-6038,A,,,05/15/2020,09/18/2020,,MAILED,NO,NO,NO,,2,001,019,167,ATLC,00102,,00055,215,
LONG,03568359,HUGHES,JUDITH,C,,330,N MCDONALD ST, ,LUDOWICI,GA,31316-5712,330,N MCDONALD ST,,LUDOWICI,GA,31316-5712,A,,,04/13/2020,09/18/2020,,MAILED,NO,NO,NO,7,7,001,019,167,ATLC,00209,,00006,141,
LONG,11562902,BRICKLE,ROBERT,LEE,,479,MILL POND RD SE, ,LUDOWICI,GA,31316,479,MILL POND RD SE,,LUDOWICI,GA,31316-5749,A,,,04/06/2020,09/18/2020,,MAILED,NO,NO,NO,,3,001,019,167,ATLC,00105,,00015,220,
LONG,10601240,BRAMLETT,PHYHLLIS,NALE,,209,PALMER RD NE, ,LUDOWICI,GA,31316,209,PALMER RD NE,,LUDOWICI,GA,31316,A,,,04/04/2020,09/18/2020,,MAILED,NO,NO,NO,,2,001,019,167,ATLC,00102,,00050,201,
LONG,01662422,CARTER,JERRY,DONALD,,128,COASTAL MANOR DR SE, ,LUDOWICI,GA,31316,128,COASTAL MANOR DR SE,,LUDOWICI,GA,31316,A,,,04/15/2020,09/18/2020,,MAILED,NO,NO,NO,7,7,001,019,167,ATLC,00202,,00004,132,
LONG,01020390,HENRY,LAURA,M,,2175,GRADY KENNEDY RD NE, ,GLENNVILLE,GA,30427,2175,GRADY KENNEDY RD ,,GLENNVILLE,GA,30427-8682,A,,,04/09/2020,09/18/2020,,MAILED,NO,NO,NO,,1,001,019,167,ATLC,00101,,00009,10,
LONG,03647649,NEWMAN,NANCY,C,,267,CALDWELL RD NE, ,LUDOWICI,GA,31316-2357,267,CALDWELL RD NE,,LUDOWICI,GA,31316-2357,A,,,04/06/2020,09/18/2020,,MAILED,NO,NO,NO,,4,001,019,167,ATLC,00109,,00014,145,
LONG,04977169,DUBBERLY,VIRGINIA,RITA,,149,SMITH BERRY LOOP NE, ,GLENNVILLE,GA,30427-9121,149,SMITH BERRY LOOP NE,,GLENNVILLE,GA,30427-9121,A,,,05/07/2020,09/18/2020,,MAILED,NO,NO,NO,,1,001,019,167,ATLC,00101,,00053,161,
LONG,01021438,CARTER,NANCY,WILLIAMS,,290,JOHNSTON CIR NW, ,LUDOWICI,GA,31316-5230,290,JOHNSTON CIR NW,,LUDOWICI,GA,31316-5230,A,,,04/07/2020,09/18/2020,,MAILED,NO,NO,NO,,7,001,019,167,ATLC,00113,,00002,61,
LONG,01022604,MCCALL,CHARLES,M,,216,3RD ST NW, ,LUDOWICI,GA,31316-1404,,PO BOX 1145,,LUDOWICI,GA,31316-0114,A,,,04/27/2020,09/18/2020,,MAILED,NO,NO,NO,7,7,001,019,167,ATLC,00209,,00005,100,
LONG,08489123,GOODE,RONNIE,EUGENE,,133,LIBERTY ST SE, ,LUDOWICI,GA,31316,133,LIBERTY ST,,LUDOWICI,GA,31316-5774,A,,,04/05/2020,09/18/2020,,MAILED,NO,NO,NO,7,7,001,019,167,ATLC,00205,,00002,192,
LONG,04394149,MICKEL,LATOYA,YAANTIONQUE,,295,TAYLOR CREEK DR NE, ,LUDOWICI,GA,31316,,148 CRATER WOODS COURT,,PETERSBURG,GA,23805,A,,,09/05/2020,,,MAILED,NO,NO,NO,,1,001,019,167,ATLC,00101,,,,
LONG,01022124,WILDES,BETTY,L,,151,BUTTER DAVIS RD SE, ,LUDOWICI,GA,31316-2245,151,BUTTER DAVIS RD SE,,LUDOWICI,GA,31316-2245,A,,,04/14/2020,09/18/2020,,MAILED,NO,NO,NO,,5,001,019,167,ATLC,00113,,00008,91,
LONG,11838430,BRISBANE,MARGARET,,,291,OWENS ST, ,LUDOWICI,GA,31316,291,OWENS ST,,LUDOWICI,GA,31316,A,,,04/03/2020,09/18/2020,,MAILED,NO,NO,NO,,4,001,019,167,ATLC,00109,,00030,225,
LONG,03639832,TURNER,GLORIA,JEAN,,4477,SMILEY RD NE, ,LUDOWICI,GA,31316-6823,4477,SMILEY RD NE,,LUDOWICI,GA,31316-6823,A,,,04/04/2020,09/18/2020,,MAILED,NO,NO,NO,,1,001,019,167,ATLC,00101,,00048,144,
LONG,04932709,HILBERT,ZELDA,M,,77,SANDALWOOD DR NW,D-4,LUDOWICI,GA,31316-7568,77,SANDALWOOD DR NW,D-4,LUDOWICI,GA,31316-7568,A,,,04/05/2020,09/18/2020,,MAILED,NO,NO,NO,7,7,001,019,167,ATLC,00209,,00007,157,
LONG,07920916,HARRIS,TIFFANY,SHERRI,,152,CYPRESS CREEK DR NE, ,LUDOWICI,GA,31316-3130,,427 DELOACH RD NE,,LUDOWICI,GA,31316-3251,A,,,09/05/2020,,,MAILED,NO,NO,NO,,88888,99999,99999,99999,99999,00000,,,,
LONG,01071332,MOCK,ROBERT,D,,190,MADISON AVE NE, ,LUDOWICI,GA,31316-5610,190,MADISON AVE NE,,LUDOWICI,GA,31316-5610,A,,,04/30/2020,09/18/2020,,MAILED,NO,NO,NO,,4,001,019,167,ATLC,00109,,00011,114,
LONG,04820035,GRAY,FLORENCE,,,126,BRANDON DR NE, ,LUDOWICI,GA,31316,126,BRANDON DR NE,,LUDOWICI,GA,31316,A,,,04/10/2020,,,MAILED,NO,NO,NO,,2,001,019,167,ATLC,00102,,,,
LONG,01023024,BERRY,JUDY,G,,5465,GA HIGHWAY 196, ,GLENNVILLE,GA,30427-9414,5465,GA HIGHWAY 196,,GLENNVILLE,GA,30427-9414,A,,,04/10/2020,09/18/2020,,MAILED,NO,NO,NO,,1,001,019,167,ATLC,00101,,00038,106,
LONG,01021987,MIDDLETON,FRANK,S,,212,E ACADEMY ST, ,LUDOWICI,GA,31316-1427,,PO BOX 275,,LUDOWICI,GA,31316-0027,A,,,05/27/2020,09/18/2020,,MAILED,NO,NO,NO,7,7,001,019,167,ATLC,00205,,00001,86,
LONG,01021638,MALLARD,DOLORES,B,,62,MALLARD DR NE, ,LUDOWICI,GA,31316,,PO BOX 537,,LUDOWICI,GA,31316-0053,A,,,05/14/2020,09/18/2020,,MAILED,NO,NO,NO,,4,001,019,167,ATLC,00109,,00003,72,
LONG,01020544,WALKER,DOUGLAS,O,,3850,GA HIGHWAY 196, ,GLENNVILLE,GA,30427-8630,3850,GA HIGHWAY 196,,GLENNVILLE,GA,30427-8630,A,,,04/08/2020,09/18/2020,,MAILED,NO,NO,NO,,1,001,019,167,ATLC,00101,,00026,27,
LONG,01070704,EUNICE,GEORGE,B,III,112,NETTLES BR SE, ,ALLENHURST,GA,31301-5624,112,NETTLES BR SE,,ALLENHURST,GA,31301-5624,A,,,04/08/2020,09/18/2020,,MAILED,NO,NO,NO,,5,001,019,167,ATLC,00113,,00012,113,
LONG,01020241,ANDERSON,MADIE,B,,51,SMITH BERRY LOOP NE, ,GLENNVILLE,GA,30427-9118,51,SMITH BERRY LOOP NE,,GLENNVILLE,GA,30427-9118,A,,,04/16/2020,09/18/2020,,MAILED,NO,NO,NO,,1,001,019,167,ATLC,00101,,00002,3,
LONG,03651040,SANDS,CAROLYN,R,,188,PLANTATION RD NE, ,GLENNVILLE,GA,30427-8871,188,PLANTATION RD NE,,GLENNVILLE,GA,30427-8871,A,,,04/09/2020,09/18/2020,,MAILED,NO,NO,NO,,1,001,019,167,ATLC,00101,,00049,146,
LONG,03592287,SMITH,GLORIA,D,,2279,SMITH BERRY RD NE, ,GLENNVILLE,GA,30427,2279,SMITH BERRY RD NE,,GLENNVILLE,GA,30427,A,,,04/28/2020,09/18/2020,,MAILED,NO,NO,NO,,1,001,019,167,ATLC,00101,,00046,142,
LONG,07042544,SHUMAN,HILDA,,,6913,RYE PATCH RD NE, ,LUDOWICI,GA,31316-6633,6913,RYE PATCH RD NE,,LUDOWICI,GA,31316-6633,A,,,05/12/2020,09/18/2020,,MAILED,NO,NO,NO,,2,001,019,167,ATLC,00102,,00042,175,
LONG,01021589,HENDRIX,CATHY,D,,537,E CYPRESS ST, ,LUDOWICI,GA,31316-3123,,PO BOX 323,,LUDOWICI,GA,31316-0032,A,,,04/09/2020,09/18/2020,,MAILED,NO,NO,NO,7,7,001,019,167,ATLC,00202,,00002,70,
LONG,10950159,CALTAGIRONE,REGINA,,,52,HUSSEY RD SE, ,LUDOWICI,GA,31316,52,HUSSEY RD SE,,LUDOWICI,GA,31316,A,,,04/21/2020,09/18/2020,,MAILED,NO,NO,NO,,3,001,019,167,ATLC,00105,,00013,211,
LONG,01021545,GOODE,KATHRYN,M,,227,W ACADEMY ST, ,LUDOWICI,GA,31316-1434,,PO BOX 716,,LUDOWICI,GA,31316-0071,A,,,04/29/2020,09/18/2020,,MAILED,NO,NO,NO,3,3,001,019,167,ATLC,00206,,00003,68,
LONG,01020802,MORRIS,ANN,R,,109,HILTON JUNCTION PL NE, ,LUDOWICI,GA,31316-4939,109,HILTON JUNCTION PL ,,LUDOWICI,GA,31316-4939,A,,,04/16/2020,09/18/2020,,MAILED,NO,NO,NO,,2,001,019,167,ATLC,00102,,00006,43,
LONG,08383173,GILNER,DORIS,LAFAY,,8238,RYE PATCH RD NE, ,LUDOWICI,GA,31316-6646,8238,RYE PATCH RD NE,,LUDOWICI,GA,31316-6646,A,,,04/03/2020,,,MAILED,NO,NO,NO,,2,001,019,167,ATLC,00102,,,,
LONG,03365290,STORY,EBONY,COLETTE,,45,MILLER ST NE, ,LUDOWICI,GA,31316-5662,45,MILLER ST NE,,LUDOWICI,GA,31316-5662,A,,,03/05/2020,09/16/2020,,ELECTRONIC,NO,NO,NO,,4,001,019,167,ATLC,00109,,00008,240,
LONG,01020449,MOODY,MARY,E,,176,DUNCAN RD NE, ,LUDOWICI,GA,31316-3438,176,DUNCAN RD NE,,LUDOWICI,GA,31316-3438,A,,,04/20/2020,09/18/2020,,MAILED,NO,NO,NO,,1,001,019,167,ATLC,00101,,00019,20,
LONG,12619919,WISCOMBE,KILEY,,,94,NETTLES BR SE, ,ALLENHURST,GA,31301,94,NETTLES BRANCH DR SE,,ALLENHURST,GA,31301-5623,A,,,09/04/2020,,,MAILED,NO,NO,NO,,5,001,019,167,ATLC,00113,,,,
LONG,01020784,MILLER,BETTY,S,,832,PALMER RD NE, ,LUDOWICI,GA,31316-6224,832,PALMER RD NE,,LUDOWICI,GA,31316-6224,A,,,04/04/2020,09/18/2020,,MAILED,NO,NO,NO,,2,001,019,167,ATLC,00102,,00004,41,
LONG,11015011,GUY,DARLENE,SUE,,407,PAT PRIESTER DR NE, ,LUDOWICI,GA,31316,407,PAT PRIESTER DR NE,,LUDOWICI,GA,31316,A,,,04/07/2020,09/18/2020,,MAILED,NO,NO,NO,,2,001,019,167,ATLC,00102,,00054,213,
LONG,12463518,KENNARD,DAVID,SCOTT,,2453,MARCUS NOBLES RD NE, ,GLENNVILLE,GA,30427,2453,MARCUS NOBLES RD NE,,GLENNVILLE,GA,30427,A,,,04/11/2020,09/18/2020,,MAILED,NO,NO,NO,,1,001,019,167,ATLC,00101,,00062,234,
LONG,08287146,CONNOR,ANDRE,TAHMIR,,304,MURRAY CROSSING BLVD , ,LUDOWICI,GA,31316,,906 COURTNEY WAY,,MOUNT LAUREL,GA,08054,A,,,09/04/2020,09/16/2020,,ELECTRONIC,NO,NO,NO,,4,001,019,167,ATLC,00109,,00012,244,
LONG,11786682,HARRIS,BRYANNA,ASHLEY NICOLE,,270,BLAKE ST NE, ,LUDOWICI,GA,31301,270,BLAKE ST NE,,LUDOWICI,GA,31301,A,,,09/15/2020,09/16/2020,,ELECTRONIC,NO,NO,NO,,2,001,019,167,ATLC,00102,,00017,254,
LONG,05347507,RAY-STOKES,KASEY,LEIGH,,1790,STEWART HODGES LOOP , ,LUDOWICI,GA,31316,1790,STEWART HODGES LOOP ,,LUDOWICI,GA,31316,A,,,08/28/2020,,,MAILED,NO,NO,NO,,2,001,019,167,ATLC,00102,,,,
LONG,11135616,HUBBARD,JUSTIN,ANDREW,,256,BACON CIR SE, ,ALLENHURST,GA,31301,256,BACON CIR SE,,ALLENHURST,GA,31301,A,C,Administrative Cancellation,05/11/2020,06/12/2020,06/12/2020,MAILED,NO,NO,NO,,5,001,019,167,ATLC,00113,,00001,1,
LONG,01072151,ELLISON,ANN,LUCILLE,,4635,SMILEY RD NE, ,LUDOWICI,GA,31316,4635,SMILEY RD NE,,LUDOWICI,GA,31316,A,,,04/07/2020,09/18/2020,,MAILED,NO,NO,NO,,1,001,019,167,ATLC,00101,,00040,116,
LONG,01020634,DAVIS,DONNA,JUNE SHEPHERD,,724,DARWEL LONG RD NE, ,LUDOWICI,GA,31316-3156,724,DARWEL LONG RD NE,,LUDOWICI,GA,31316-3156,A,,,04/17/2020,09/18/2020,,MAILED,NO,NO,NO,,2,001,019,167,ATLC,00102,,00001,32,
LONG,01021543,GOODE,JACKIE,W,,227,W ACADEMY ST, ,LUDOWICI,GA,31316-1434,,PO BOX 716,,LUDOWICI,GA,31316-0071,A,,,04/15/2020,09/18/2020,,MAILED,NO,NO,NO,3,3,001,019,167,ATLC,00206,,00002,67,
LONG,10673386,ADRY,ARIEL,,,105,HORNE ST SE, ,LUDOWICI,GA,31316,120,MALLETS BAY AVE,UNIT #103,WINOOSKI,VT,31316-5404,A,,,09/04/2020,,,MAILED,NO,NO,NO,7,7,001,019,167,ATLC,00202,,,236,
LONG,04212850,STEPHENS,SUZANNE,HAWKINS,,61,WILSON ST SW, ,LUDOWICI,GA,31316,,PO BOX 1196,,LUDOWICI,GA,31316-0119,A,,,05/12/2020,,,MAILED,NO,NO,NO,3,3,001,019,167,ATLC,00206,,,,
LONG,08153932,JOHANSEN,KENNETH,JOHN,,346,WINCHESTER WAY SE, ,ALLENHURST,GA,31301,346,WINCHESTER WAY SE,,ALLENHURST,GA,31301,A,,,04/03/2020,09/18/2020,,MAILED,NO,NO,NO,,3,001,019,167,ATLC,00105,,00010,188,
LONG,01020510,SMILEY,LARRY,C,,11188,GA HIGHWAY 196, ,LUDOWICI,GA,31316-4261,11188,GA HIGHWAY 196,,LUDOWICI,GA,31316-4261,A,,,04/03/2020,09/18/2020,,MAILED,NO,NO,NO,,1,001,019,167,ATLC,00101,,00023,24,
LONG,08370752,TRUJILLO,THEODORE,BENJAMIN,,6389,ELIM CHURCH RD NE, ,LUDOWICI,GA,31316,6389,ELIM CHURCH RD NE,,LUDOWICI,GA,31316-3639,A,,,04/04/2020,09/18/2020,,MAILED,NO,NO,NO,,2,001,019,167,ATLC,00102,,00049,191,
LONG,08927516,CHRISTIANSEN,JOHN,DEAN,,279,FOREST ST NE, ,LUDOWICI,GA,31316-7753,,1291 LINDEN AVE,,MACON,GA,31201,A,,,08/30/2020,,,MAILED,NO,NO,NO,,4,001,019,167,ATLC,00109,,,,
LONG,01021691,MORGAN,JOHN,W,,123,N MCDONALD ST, ,LUDOWICI,GA,31316,123,N MCDONALD ST,,LUDOWICI,GA,31316,A,,,05/08/2020,09/18/2020,,MAILED,NO,NO,NO,7,7,001,019,167,ATLC,00209,,00003,74,
LONG,01067992,COLLINGSWORTH,CAROL,,,2071,STEWART HODGES LOOP , ,LUDOWICI,GA,31316-7027,2071,STEWART HODGES LOOP ,,LUDOWICI,GA,31316-7027,A,,,04/08/2020,09/18/2020,,MAILED,NO,NO,NO,,2,001,019,167,ATLC,00102,,00022,109,
LONG,10410744,SHOEMAKE,KHADIYAH,,,141,BENTON BAY RD SE,LOT 22,LUDOWICI,GA,31316,141,BENTON BAY RD SE,LOT 22,LUDOWICI,GA,31316-1757,A,,,09/04/2020,,,MAILED,NO,NO,NO,,3,001,019,167,ATLC,00105,,,,
LONG,01021591,HENDRIX,GEORGE,W,JR,537,E CYPRESS ST, ,LUDOWICI,GA,31316-3123,,PO BOX 323,,LUDOWICI,GA,31316-0032,A,,,04/09/2020,09/18/2020,,MAILED,NO,NO,NO,7,7,001,019,167,ATLC,00202,,00003,71,
LONG,01073103,LOTT,MILDRED,,,302,WILLIAMSON RD SE, ,ALLENHURST,GA,31301-5927,302,WILLIAMSON RD SE,,ALLENHURST,GA,31301-5927,A,,,04/10/2020,09/18/2020,,MAILED,NO,NO,NO,,3,001,019,167,ATLC,00105,,00004,117,
LONG,01020399,HOWARD,C,W,JR,13014,CECIL NOBLES HWY, ,LUDOWICI,GA,31316-2841,13014,CECIL NOBLES HWY,,LUDOWICI,GA,31316-2841,A,,,04/08/2020,09/18/2020,,MAILED,NO,NO,NO,,1,001,019,167,ATLC,00101,,00012,13,
LONG,03328079,PAYNE,ROSIE,M,,3780,ARNOLD DR SE, ,ALLENHURST,GA,31301-5402,3780,ARNOLD DR SE,,ALLENHURST,GA,31301-5402,A,,,04/13/2020,09/18/2020,,MAILED,NO,NO,NO,,3,001,019,167,ATLC,00105,,00007,137,
LONG,01020395,HINSON,STEPHEN,LYNN,,2784,MARCUS NOBLES RD NE, ,GLENNVILLE,GA,30427,2784,MARCUS NOBLES RD NE,,GLENNVILLE,GA,30427,A,,,04/06/2020,09/18/2020,,MAILED,NO,NO,NO,,1,001,019,167,ATLC,00101,,00010,11,
LONG,08207174,JOHANSEN,MARCIA,LEE,,346,WINCHESTER WAY SE, ,ALLENHURST,GA,31301,346,WINCHESTER WAY SE,,ALLENHURST,GA,31301-5945,A,,,04/03/2020,09/18/2020,,MAILED,NO,NO,NO,,3,001,019,167,ATLC,00105,,00011,189,
LONG,05517948,WINGFIELD,CHRISTINA,A,,35,MAGNOLIA ST SW, ,LUDOWICI,GA,31316,,PO BOX 1025,,LUDOWICI,GA,31316-0102,A,,,05/22/2020,09/18/2020,,MAILED,NO,NO,NO,7,7,001,019,167,ATLC,00207,,00002,163,
LONG,05220168,MCLENDON,CHRISTOPHER,LEE,,151,HARRIS RD NE, ,LUDOWICI,GA,31316,151,HARRIS RD NE,,LUDOWICI,GA,31316,A,,,09/04/2020,,,MAILED,NO,NO,NO,,4,001,019,167,ATLC,00109,,,,
LONG,04830910,DAVIS,CELIA,ANDERSON,,16,BRIDLE WAY NE, ,LUDOWICI,GA,31301,16,BRIDLE WAY NE,,LUDOWICI,GA,31301,A,,,04/30/2020,09/18/2020,,MAILED,NO,NO,NO,,2,001,019,167,ATLC,00102,,00059,237,
LONG,03729367,MOURAD,JUDITH,D,,90,MYRON MAGNUM CIR NE, ,HINESVILLE,GA,31313-0139,90,MYRON MAGNUM CIR ,,HINESVILLE,GA,31313-0139,A,,,04/03/2020,09/18/2020,,MAILED,NO,NO,NO,,4,001,019,167,ATLC,00109,,00016,152,
LONG,04968184,HOPKINS,MILDRED,STRICKLAND,,254,DAVENPORT DR NE, ,LUDOWICI,GA,31316,254,DAVENPORT DR NE,,LUDOWICI,GA,31316,A,,,09/01/2020,,,MAILED,NO,NO,NO,,2,001,019,167,ATLC,00102,,,,
LONG,07709045,GLADIN,CHRIS,,,456,PERSIMMON BLVD NE, ,LUDOWICI,GA,31316-6340,456,PERSIMMON BLVD NE,,LUDOWICI,GA,31316-6340,A,,,04/10/2020,09/18/2020,,MAILED,NO,NO,NO,,2,001,019,167,ATLC,00102,,00046,184,
LONG,01020786,MILLER,ROBERT,C,,832,PALMER RD NE, ,LUDOWICI,GA,31316-6224,832,PALMER RD NE,,LUDOWICI,GA,31316-6224,A,,,04/04/2020,09/18/2020,,MAILED,NO,NO,NO,,2,001,019,167,ATLC,00102,,00005,42,
LONG,01020264,BERRY,LUNZER,CURTIS,,267,CURTIS BERRY EXT NE, ,GLENNVILLE,GA,30427-8528,267,CURTIS BERRY EXT NE,,GLENNVILLE,GA,30427-8528,A,,,04/13/2020,09/18/2020,,MAILED,NO,NO,NO,,1,001,019,167,ATLC,00101,,00003,4,
LONG,04915988,POWELL,JACKIE,TYRONE,,141,BRADY LN NE, ,LUDOWICI,GA,31316,141,BRADY LN NE,,LUDOWICI,GA,31316,A,,,04/06/2020,09/18/2020,,MAILED,NO,NO,NO,,2,001,019,167,ATLC,00102,,00036,155,
LONG,07407991,HARPER,MARIE,CLARK,,31,BOBO LN SE, ,LUDOWICI,GA,31316-1822,31,BOBO LN SE,,LUDOWICI,GA,31316-1822,A,,,04/10/2020,09/18/2020,,MAILED,NO,NO,NO,,5,001,019,167,ATLC,00113,,00021,178,
LONG,01021399,BANKS,LILLIAN,,,614,DELOACH RD NE, ,LUDOWICI,GA,31316-3255,614,DELOACH RD NE,,LUDOWICI,GA,31316-3255,A,,,04/08/2020,09/18/2020,,MAILED,NO,NO,NO,,4,001,019,167,ATLC,00109,,00002,60,
LONG,04236486,LOCKE,GEORGE,WOODROW,,240,DUNCAN RD NE, ,LUDOWICI,GA,31316-3440,240,DUNCAN RD NE,,LUDOWICI,GA,31316-3440,A,,,04/10/2020,,,MAILED,NO,NO,NO,,1,001,019,167,ATLC,00101,,,,
LONG,01021092,GLADIN,JOHN,C,,456,PERSIMMON BLVD NE, ,LUDOWICI,GA,31316-6340,,PO BOX 562,,LUDOWICI,GA,31316-0056,A,,,04/09/2020,09/18/2020,,MAILED,NO,NO,NO,,2,001,019,167,ATLC,00102,,00014,57,
LONG,11563017,OREM,DONNA,ANNETTE,,97,WYATT CT NE, ,LUDOWICI,GA,31316,97,WYATT CT NE,,LUDOWICI,GA,31316-9807,A,,,04/03/2020,09/18/2020,,MAILED,NO,NO,NO,,4,001,019,167,ATLC,00109,,00029,221,
LONG,01021946,DUNHAM,ELAINE,G,,2674,BUSTER PHILLIPS RD SE, ,LUDOWICI,GA,31316-2234,,PO BOX 442,,LUDOWICI,GA,31316-0044,A,,,04/03/2020,09/18/2020,,MAILED,NO,NO,NO,,3,001,019,167,ATLC,00105,,00002,85,
LONG,01021779,BEECHER,LELAND,H,,1843,PEARL DAVIS RD SE, ,LUDOWICI,GA,31316-6313,1843,PEARL DAVIS RD SE,,LUDOWICI,GA,31316-6313,A,,,04/08/2020,09/18/2020,,MAILED,NO,NO,NO,,5,001,019,167,ATLC,00113,,00003,77,
LONG,03890920,ROWLAND,CHRISTINA,P,,287,MAGNOLIA LN SE, ,ALLENHURST,GA,31301-5617,287,MAGNOLIA LN SE,,ALLENHURST,GA,31301-5617,A,,,04/09/2020,,,MAILED,NO,NO,NO,,5,001,019,167,ATLC,00113,,,,
LONG,01020427,JOYNER,MARGARET,ELIZABETH,,5754,GA HIGHWAY 196, ,GLENNVILLE,GA,30427-8655,5754,GA HIGHWAY 196,,GLENNVILLE,GA,30427-8655,A,,,04/09/2020,09/18/2020,,MAILED,NO,NO,NO,,1,001,019,167,ATLC,00101,,00016,17,
LONG,06176659,HUTCHINSON,LILLIAN,,,446,GRIFFIN RD SE,LOT 35,ALLENHURST,GA,31301,446,GRIFFIN RD SE,LOT 35,ALLENHURST,GA,31301,A,,,04/10/2020,09/18/2020,,MAILED,NO,NO,NO,,3,001,019,167,ATLC,00105,,00009,170,
LONG,01020733,RAWLS,LENA,M,,171,LEWIS SCOTT RD NE, ,LUDOWICI,GA,31316-5513,171,LEWIS SCOTT RD NE,,LUDOWICI,GA,31316-5513,A,,,05/15/2020,09/18/2020,,MAILED,NO,NO,NO,,6,001,019,167,ATLC,00113,,00006,40,
LONG,12481230,MARTIN,JONNIE,DELORIS,,159,OWENS ST, ,LUDOWICI,GA,31316,159,OWENS ST NE,,LUDOWICI,GA,31316-1503,A,,,04/03/2020,09/18/2020,,MAILED,NO,NO,NO,,4,001,019,167,ATLC,00109,,00032,235,
LONG,10492155,PUCKETT,NICOLE,MARIE,,667,WILKINSON RD NE, ,LUDOWICI,GA,31316,,REINFELDSTRASSE 3,,"HAMBURG, HAMBURG ",,,A,,,02/12/2020,09/16/2020,,ELECTRONIC,NO,NO,NO,,2,001,019,167,ATLC,00102,,00007,239,
LONG,08577900,FRISBIE,CIARA,BRID,,261,BARRYS RD NE, ,LUDOWICI,GA,31316,,305 NORTH CROSSING ,,DECATUR,GA,30033,A,,,08/28/2020,,,MAILED,NO,NO,NO,,2,001,019,167,ATLC,00102,,,,
LONG,01020398,HOWARD,CAROL,DRIGGERS,,4576,GA HIGHWAY 196, ,GLENNVILLE,GA,30427-8639,4576,GA HIGHWAY 196,,GLENNVILLE,GA,30427-8639,A,,,04/08/2020,09/18/2020,,MAILED,NO,NO,NO,,1,001,019,167,ATLC,00101,,00011,12,
LONG,04846902,TODD,GERALD,LYNN,,817,HARDEE RD NE, ,LUDOWICI,GA,31316,817,HARDEE RD NE,,LUDOWICI,GA,31316,A,,,04/07/2020,,,MAILED,NO,NO,NO,,2,001,019,167,ATLC,00102,,,,
LONG,01020645,DRIGGERS,WILLIAM,DANIEL,,14555,CECIL NOBLES HWY, ,LUDOWICI,GA,31316,14555,CECIL NOBLES HWY,,LUDOWICI,GA,31316,A,,,04/02/2020,09/18/2020,,MAILED,NO,NO,NO,,6,001,019,167,ATLC,00113,,00004,34,
LONG,11418116,CABIC,CRYSTAL,DAWN,,115,BRANDY WINE CT, ,LUDOWICI,GA,31316,115,BRANDY WINE CT,,LUDOWICI,GA,31316-6270,A,,,08/31/2020,09/16/2020,,ELECTRONIC,NO,NO,NO,,2,001,019,167,ATLC,00102,,00018,255,
LONG,03670262,BANKS,WAYNE,J,,252,JOE WALKER WAY NE, ,GLENNVILLE,GA,30427,252,JOE WALKER WAY NE,,GLENNVILLE,GA,30427,A,,,04/10/2020,09/18/2020,,MAILED,NO,NO,NO,,1,001,019,167,ATLC,00101,,00050,148,
LONG,02195025,PAYNE,J,C,JR,3780,ARNOLD DR SE, ,ALLENHURST,GA,31301-5402,3780,ARNOLD DR SE,,ALLENHURST,GA,31301-5402,A,,,04/13/2020,09/18/2020,,MAILED,NO,NO,NO,,3,001,019,167,ATLC,00105,,00006,134,
LONG,06122452,TOWNS,BAMBI,SUEZETTE,,227,COUNTRY LN NE, ,LUDOWICI,GA,31316,227,COUNTRY LN NE,,LUDOWICI,GA,31316,A,,,09/04/2020,,,MAILED,NO,NO,NO,,2,001,019,167,ATLC,00102,,,,
LONG,01020986,YARBROUGH,JAMES,MARCUS,,7081,RYE PATCH RD NE, ,LUDOWICI,GA,31316,7081,RYE PATCH RD NE,,LUDOWICI,GA,31316,A,,,04/06/2020,09/18/2020,,MAILED,NO,NO,NO,,2,001,019,167,ATLC,00102,,00013,54,
LONG,01022020,O'BRIEN,GEORGE,M,,213,DOYLE DURRENCE RD , ,LUDOWICI,GA,31316-3421,213,DOYLE DURRENCE RD ,,LUDOWICI,GA,31316-3421,A,,,04/10/2020,09/18/2020,,MAILED,NO,NO,NO,,4,001,019,167,ATLC,00109,,00008,87,
LONG,01022392,SMITH,ANTHONEY,,,2279,SMITH BERRY RD NE, ,GLENNVILLE,GA,30427-8929,2279,SMITH BERRY RD NE,,GLENNVILLE,GA,30427-8929,A,,,04/27/2020,09/18/2020,,MAILED,NO,NO,NO,,1,001,019,167,ATLC,00101,,00036,98,
LONG,04429962,MIXON,JAN,GORDON,,4422,GA HIGHWAY 57, ,LUDOWICI,GA,31316-4328,,PO BOX 1121,,LUDOWICI,GA,31316-0112,A,,,05/01/2020,,,MAILED,NO,NO,NO,,5,001,019,167,ATLC,00113,,,,
LONG,10648888,HAMPSMIRE,CHRISTOPHER,,,222,HARDEE RD NE, ,LUDOWICI,GA,31316,222,HARDEE RD NE,,LUDOWICI,GA,31316,A,,,09/09/2020,09/16/2020,,ELECTRONIC,NO,NO,NO,,2,001,019,167,ATLC,00102,,00015,252,
LONG,01020928,STOKES,JAMES,L,,171,LEWIS SCOTT RD NE, ,LUDOWICI,GA,31316-5513,171,LEWIS SCOTT RD NE,,LUDOWICI,GA,31316-5513,A,,,05/15/2020,09/18/2020,,MAILED,NO,NO,NO,,6,001,019,167,ATLC,00113,,00007,51,
LONG,01021933,CARTER,JOSIE,,,95,E LINCOLN ST, ,LUDOWICI,GA,31316-6008,,PO BOX 266,,LUDOWICI,GA,31316-0026,A,,,03/10/2020,09/18/2020,,MAILED,NO,NO,NO,3,3,001,019,167,ATLC,00204,,00001,83,
LONG,12324589,JACKSON,PATRICIA,ANN,,94,WAY STATION WAY NE, ,LUDOWICI,GA,31316,94,WAY STATION WAY NE,,LUDOWICI,GA,31316,A,,,08/31/2020,,,MAILED,NO,NO,NO,,4,001,019,167,ATLC,00109,,,,
LONG,02214981,BAKER,FELTON,LAURENCE,JR,77,NETTLES BR SE, ,ALLENHURST,GA,31301,,PO BOX 539,,ALLENHURST,GA,31301-0053,A,,,04/09/2020,09/18/2020,,MAILED,NO,NO,NO,,5,001,019,167,ATLC,00113,,00014,135,
LONG,01021564,GRIFFIN,JOSIE,G,,262,W CHURCH ST, ,LUDOWICI,GA,31316,262,W CHURCH ST,,LUDOWICI,GA,31316,A,,,04/08/2020,09/18/2020,,MAILED,NO,NO,NO,7,7,001,019,167,ATLC,00209,,00002,69,
LONG,01020871,REYNOLDS,GERALDINE,E,,4211,RYE PATCH RD NE, ,LUDOWICI,GA,31316-6603,4211,RYE PATCH RD NE,,LUDOWICI,GA,31316-6603,A,,,04/07/2020,09/18/2020,,MAILED,NO,NO,NO,,2,001,019,167,ATLC,00102,,00009,46,
LONG,11330234,NELSON,TERRENCE,ANTHONY,,61,CHEROKEE ST SW, ,LUDOWICI,GA,31316,734,BURNT PINES NE,,LUDOWICI,GA,31316,A,,,04/15/2020,09/18/2020,,MAILED,NO,NO,NO,,7,001,019,167,ATLC,00113,,00006,216,
LONG,03696415,MOODY,RONALD,L,,535,MARY ANN PRESCOTT RD , ,GLENNVILLE,GA,30427-8812,535,MARY ANN PRESCOTT RD ,,GLENNVILLE,GA,30427-8812,A,,,05/10/2020,09/18/2020,,MAILED,NO,NO,NO,,1,001,019,167,ATLC,00101,,00051,149,
LONG,10907112,BRINKLEY,NOEL,,,1467,BULLDOZER RD NW, ,LUDOWICI,GA,31316,1467,BULLDOZER RD NW,,LUDOWICI,GA,31316,A,,,07/30/2020,09/18/2020,,MAILED,NO,NO,NO,,7,001,019,167,ATLC,00113,,00005,208,
LONG,12138119,DONALD,SHANNON,LAKEITH,II,446,GRIFFIN RD SE, ,ALLENHURST,GA,31301,446,GRIFFIN RD SE,,ALLENHURST,GA,31301,A,,,09/06/2020,,,MAILED,NO,NO,NO,,3,001,019,167,ATLC,00105,,,,
LONG,07722935,LEE,PERRY,G,,375,CUTTERS GAP SE, ,LUDOWICI,GA,31316-3111,375,CUTTERS GAP SE,,LUDOWICI,GA,31316-3111,A,,,04/05/2020,09/18/2020,,MAILED,NO,NO,NO,,7,001,019,167,ATLC,00113,,00003,185,
LONG,01020269,BLOCKER,KATHRYN,GRACE,,866,MARY ANN PRESCOTT RD , ,GLENNVILLE,GA,30427-8813,866,MARY ANN PRESCOTT RD ,,GLENNVILLE,GA,30427-8813,A,,,04/14/2020,09/18/2020,,MAILED,NO,NO,NO,,1,001,019,167,ATLC,00101,,00005,6,
LONG,01020251,BAXTER,LINDA,K,,6032,GA HIGHWAY 196, ,GLENNVILLE,GA,30427-8659,6032,GA HIGHWAY 196,,GLENNVILLE,GA,30427-8659,A,,,04/08/2020,09/18/2020,,MAILED,NO,NO,NO,,1,001,019,167,ATLC,00101,,00001,2,
LONG,04221172,ALTMAN,M,GRACE,,8201,TIBET HWY SE, ,LUDOWICI,GA,31316-7149,,PO BOX 376,,WALTHOURVILLE,GA,31333-0037,A,,,04/13/2020,09/18/2020,,MAILED,NO,NO,NO,,5,001,019,167,ATLC,00113,,00027,238,
LONG,01075718,HIGGASON,MELISSA,KAREN,,140,SANDY RUN RD SE, ,ALLENHURST,GA,31301-5702,140,SANDY RUN RD SE,,ALLENHURST,GA,31301-5702,A,,,04/18/2020,09/18/2020,,MAILED,NO,NO,NO,,5,001,019,167,ATLC,00113,,00013,124,
LONG,01020668,FRAZIER,EILEEN,L,,2291,FRAZIER HARRIS RD NE, ,LUDOWICI,GA,31316,2291,FRAZIER HARRIS RD NE,,LUDOWICI,GA,31316,A,,,04/13/2020,09/18/2020,,MAILED,NO,NO,NO,,6,001,019,167,ATLC,00113,,00005,37,
LONG,06453227,TOLLIVER,FRANCES,BROWNING,,791,STAFFORD DAIRY RD SE, ,LUDOWICI,GA,31316-6921,791,STAFFORD DAIRY RD SE,,LUDOWICI,GA,31316-6921,A,,,05/11/2020,09/18/2020,,MAILED,NO,NO,NO,,5,001,019,167,ATLC,00113,,00020,173,
LONG,01020375,JOHNSON,LYNDA,PORTER,,920,JOE KENNEDY RD NE, ,GLENNVILLE,GA,30427,920,JOE KENNEDY RD NE,,GLENNVILLE,GA,30427,A,,,04/10/2020,09/18/2020,,MAILED,NO,NO,NO,,1,001,019,167,ATLC,00101,,00008,9,
LONG,11920431,KICKLIGHTER,JAMES,WILLIAM,JR,48,STANLEY LN NE, ,LUDOWICI,GA,31316,120,4TH ST,,MIDWAY,GA,31320,A,,,04/10/2020,09/18/2020,,MAILED,NO,NO,NO,,2,001,019,167,ATLC,00102,,00057,227,
LONG,01032103,TODD,MARY,J,,151,HOLLY DR NE, ,GLENNVILLE,GA,30427-8702,,PO BOX 262,,GLENNVILLE,GA,30427-0026,A,,,04/13/2020,09/18/2020,,MAILED,NO,NO,NO,,1,001,019,167,ATLC,00101,,00039,107,
LONG,07604013,HAMPTON,GERALYNN,ANGEL M,,158,TWIN OAKS DR SE,UNIT 602,LUDOWICI,GA,31316,158,TWIN OAKS DR SE,UNIT 602,LUDOWICI,GA,31316,A,,,04/27/2020,09/18/2020,,MAILED,NO,NO,NO,3,3,001,019,167,ATLC,00204,,00003,183,
LONG,03474335,PARKS,FRANCES,CALHOUN,,263,PAT PRIESTER DR NE, ,LUDOWICI,GA,31316-6259,263,PAT PRIESTER DR NE,,LUDOWICI,GA,31316-6259,A,,,04/04/2020,09/18/2020,,MAILED,NO,NO,NO,,2,001,019,167,ATLC,00102,,00034,139,
LONG,01020564,WRIGHT,SHERMAN,DEVON,,35,DEVON WRIGHT DR NE, ,GLENNVILLE,GA,30427,35,DEVON WRIGHT DR NE,,GLENNVILLE,GA,30427,A,,,05/01/2020,09/18/2020,,MAILED,NO,NO,NO,,1,001,019,167,ATLC,00101,,00027,28,
LONG,01020267,BLOCKER,BOBBY,JERL,,866,MARY ANN PRESCOTT RD , ,GLENNVILLE,GA,30427-8813,866,MARY ANN PRESCOTT RD ,,GLENNVILLE,GA,30427-8813,A,,,04/21/2020,09/18/2020,,MAILED,NO,NO,NO,,1,001,019,167,ATLC,00101,,00004,5,
LONG,01022141,BROWN,DELANE,,,1205,MARY ANN PRESCOTT RD , ,GLENNVILLE,GA,30427-8819,1205,MARY ANN PRESCOTT RD ,,GLENNVILLE,GA,30427-8819,A,,,04/08/2020,09/18/2020,,MAILED,NO,NO,NO,,1,001,019,167,ATLC,00101,,00033,92,
LONG,07569929,SCHUFELDT,THOMAS,WAYNE,,393,TURPENTINE RD NE, ,LUDOWICI,GA,31316-7295,393,TURPENTINE RD NE,,LUDOWICI,GA,31316-7295,A,,,04/21/2020,09/18/2020,,MAILED,NO,NO,NO,,2,001,019,167,ATLC,00102,,00045,182,
LONG,01021168,LITTLE,GLORIA,ANN,,236,BUBBA PERRY LN SE, ,LUDOWICI,GA,31316,,PO BOX 718,,LUDOWICI,GA,31316-0071,A,,,05/25/2020,09/18/2020,,MAILED,NO,NO,NO,,3,001,019,167,ATLC,00105,,00001,58,
LONG,03741867,KISH,DONALD,E,,582,WHIT FRASER RD NE, ,HINESVILLE,GA,31313,582,WHIT FRASER RD NE,,HINESVILLE,GA,31313,A,,,04/03/2020,09/18/2020,,MAILED,NO,NO,NO,,4,001,019,167,ATLC,00109,,00017,153,
LONG,03561752,SMITH MORRIS,DANIELLE,L,,21,FRANKLIN RD NE, ,LUDOWICI,GA,31316,,PO BOX 531,,LUDOWICI,GA,31316-0015,A,,,09/04/2020,,,MAILED,NO,NO,NO,,4,001,019,167,ATLC,00109,,,,
LONG,12521529,MODOCK,TRACY,GAYLE,,78,BLACK GUM DR NE, ,LUDOWICI,GA,31316,78,BLACK GUM DR NE,,LUDOWICI,GA,31316,A,,,09/05/2020,,,MAILED,NO,NO,NO,,2,001,019,167,ATLC,00102,,,,
LONG,01020402,HOWARD,JANETTE,B,,45,HOWARD RD NE, ,LUDOWICI,GA,31316,45,HOWARD RD NE,,LUDOWICI,GA,31316,A,,,04/30/2020,09/18/2020,,MAILED,NO,NO,NO,,1,001,019,167,ATLC,00101,,00014,15,
LONG,04965096,JOYNER,DOROTHY,J,,396,PARISH LOOP NE, ,HINESVILLE,GA,31313,,PO BOX 954,,LUDOWICI,GA,31316-0095,A,,,05/01/2020,09/18/2020,,MAILED,NO,NO,NO,,2,001,019,167,ATLC,00102,,00039,159,
LONG,08327727,HAMLIN,DERRICK,LOMONT,,305,WINCHESTER WAY SE, ,ALLENHURST,GA,31301,,CMR 467 BOX 3703,,APO AE 09096,,,A,,,08/07/2020,09/16/2020,,ELECTRONIC,NO,NO,NO,,3,001,019,167,ATLC,00105,,00016,253,
LONG,07412765,KIRKENDALL,JONATHON,E,,116,HORSE CREEK RD NE, ,LUDOWICI,GA,31316,116,HORSE CREEK RD NE,,LUDOWICI,GA,31316,A,,,09/05/2020,,,MAILED,NO,NO,NO,,2,001,019,167,ATLC,00102,,,,
LONG,01020508,SKEENS,LONNIE,L,,741,GRADY KENNEDY RD NE, ,GLENNVILLE,GA,30427-8673,741,GRADY KENNEDY RD ,,GLENNVILLE,GA,30427-8673,A,,,04/08/2020,09/18/2020,,MAILED,NO,NO,NO,,1,001,019,167,ATLC,00101,,00022,23,
LONG,03990870,BRADLEY,LLOYD,A,,805,WHEELER RD NE, ,HINESVILLE,GA,31313,805,WHEELER RD NE,,HINESVILLE,GA,31313,A,,,04/21/2020,,,MAILED,NO,NO,NO,,4,001,019,167,ATLC,00109,,,,
LONG,01020288,BUETTNER,FREDRICK,K,SR,1809,GEORGE SWINDELL RD NE, ,LUDOWICI,GA,31316-4619,1809,GEORGE SWINDELL RD ,,LUDOWICI,GA,31316-4619,A,,,04/17/2020,09/18/2020,,MAILED,NO,NO,NO,,1,001,019,167,ATLC,00101,,00006,7,
LONG,04959700,WELLS,CHARLES,DOUGLAS,,2339,DARWEL LONG RD NE, ,LUDOWICI,GA,31316-3227,2339,DARWEL LONG RD NE,,LUDOWICI,GA,31316-3227,A,,,04/06/2020,09/18/2020,,MAILED,NO,NO,NO,,2,001,019,167,ATLC,00102,,00038,158,
LONG,08949162,DUKE,AMBER,JEAN,,769,THOMPSON RD SE, ,ALLENHURST,GA,31301,769,THOMPSON RD SE,,ALLENHURST,GA,31301,A,,,09/04/2020,,,MAILED,NO,NO,NO,,3,001,019,167,ATLC,00105,,,,
LONG,08209916,PADGETT,MABEL,KING,,86,WHITE OAK DR NE, ,LUDOWICI,GA,31316,86,WHITE OAK DR NE,,LUDOWICI,GA,31316,A,,,04/04/2020,09/18/2020,,MAILED,NO,NO,NO,,2,001,019,167,ATLC,00102,,00048,190,
LONG,01108879,CASEY,BRIAN,EDWARD,,300,MARCUS NOBLES RD NE, ,LUDOWICI,GA,31316,300,MARCUS NOBLES RD NE,,LUDOWICI,GA,31316,A,,,04/13/2020,09/18/2020,,MAILED,NO,NO,NO,,1,001,019,167,ATLC,00101,,00041,126,
LONG,01021492,DELOACH,MARVIN,M,,5090,CECIL NOBLES HWY, ,LUDOWICI,GA,31316-2558,5090,CECIL NOBLES HWY,,LUDOWICI,GA,31316-2558,A,,,04/03/2020,09/18/2020,,MAILED,NO,NO,NO,,2,001,019,167,ATLC,00102,,00016,65,
LONG,03704086,FOSTER,ANN,M,,47,MAPLE RD NE, ,LUDOWICI,GA,31316-5620,47,MAPLE RD NE,,LUDOWICI,GA,31316-5620,A,,,02/13/2020,09/18/2020,,MAILED,NO,NO,NO,,4,001,019,167,ATLC,00109,,00015,150,
LONG,11669894,JONES,LINDA,LUCILLE,,79,HUCKABERRY LN NE, ,LUDOWICI,GA,31316,79,HUCKABERRY LN NE,,LUDOWICI,GA,31316-7442,A,,,04/04/2020,09/18/2020,,MAILED,NO,NO,NO,,2,001,019,167,ATLC,00102,,00056,222,
LONG,01020894,SCOTT,ANNA,F,,8,FARLOW LN NE, ,LUDOWICI,GA,31316-7712,8,FARLOW LN NE,,LUDOWICI,GA,31316-7712,A,,,03/14/2020,09/18/2020,,MAILED,NO,NO,NO,,1,001,019,167,ATLC,00101,,00031,50,
LONG,01020453,MURPHY,JOHNNY,,,1456,JOE KENNEDY RD NE, ,GLENNVILLE,GA,30427,1456,JOE KENNEDY RD NE,,GLENNVILLE,GA,30427,A,,,09/04/2020,09/18/2020,,MAILED,NO,NO,NO,,1,001,019,167,ATLC,00101,,00064,246,
LONG,10811231,WALTER,ABBOTT,GEORGE,,282,WHIT FRASER RD NE, ,HINESVILLE,GA,31313,282,WHIT FRASER RD NE,,HINESVILLE,GA,31313,A,,,04/05/2020,09/18/2020,,MAILED,NO,NO,NO,,4,001,019,167,ATLC,00109,,00025,206,
LONG,07486997,LATTIMORE,SHARRON,DEAN,,482,DENA CIR NE, ,LUDOWICI,GA,31316,482,DENA CIR NE,,LUDOWICI,GA,31316,A,,,06/08/2020,09/18/2020,,MAILED,NO,NO,NO,,2,001,019,167,ATLC,00102,,00044,179,
LONG,11643189,WEBER,DENNIS,HARRY,,584,MANCEY GARRASON , ,LUDOWICI,GA,31316,584,MANCEY GARRASON ,,LUDOWICI,GA,31316,A,,,08/21/2020,09/18/2020,,MAILED,NO,NO,NO,,2,001,019,167,ATLC,00102,,00060,248,
LONG,10750406,PEVAHOUSE,TERRY,KAY,,3638,TIBET HWY SE, ,LUDOWICI,GA,31316,3638,TIBET HWY SE,,LUDOWICI,GA,31316-7132,A,,,04/04/2020,09/18/2020,,MAILED,NO,NO,NO,,5,001,019,167,ATLC,00113,,00024,204,
LONG,01022082,SKIPPER,LENA,P,,3155,STAFFORD DAIRY RD SE, ,LUDOWICI,GA,31316-6947,3155,STAFFORD DAIRY RD SE,,LUDOWICI,GA,31316-6947,A,,,04/05/2020,09/18/2020,,MAILED,NO,NO,NO,,5,001,019,167,ATLC,00113,,00007,90,
LONG,06667325,CRUZ,LIZETTE,,,1959,JOE KENNEDY RD NE, ,GLENNVILLE,GA,30427-8743,1959,JOE KENNEDY RD NE,,GLENNVILLE,GA,30427-8743,A,,,09/02/2020,,,MAILED,NO,NO,NO,,1,001,019,167,ATLC,00101,,,,
LONG,04735988,SCHUCHMAN,ROXANNE,,,444,WHISPERING PINES CIR SE, ,ALLENHURST,GA,31301-5917,444,WHISPERING PINES CIR SE,,ALLENHURST,GA,31301-5917,A,,,04/20/2020,,,MAILED,NO,NO,NO,,3,001,019,167,ATLC,00105,,,,
LONG,01020887,SALTER,DONNIS,R,,1185,STEWART HODGES LOOP , ,LUDOWICI,GA,31316-7015,1185,STEWART HODGES LOOP ,,LUDOWICI,GA,31316-7015,A,,,04/09/2020,09/18/2020,,MAILED,NO,NO,NO,,2,001,019,167,ATLC,00102,,00011,49,
LONG,01021039,BUCKNER,TOMMIE,S,,43,HILL ST SW, ,LUDOWICI,GA,31316,,PO BOX 423,,LUDOWICI,GA,31316-0042,A,,,05/14/2020,09/18/2020,,MAILED,NO,NO,NO,3,3,001,019,167,ATLC,00206,,00001,56,
