County,Voter Registration #,Last Name,First Name,Middle Name,Suffix,Street #,Street Name,Apt/Unit,City,State,Zip Code,Mailing Street #,Mailing Street Name,Mailing Apt/Unit,Mailing City,Mailing State,Mailing Zip Code,Application Status,Ballot Status,Status Reason,Application Date,Ballot Issued Date,Ballot Return Date,Ballot Style,Ballot Assisted,Challenged/Provisional,ID Required,Municipal Precinct,County Precinct,CNG,SEN,HOUSE	,JUD,Combo #,Vote Center ID,Ballot ID,Post #,Party
MILLER,11495232,SHEFFIELD,MATTHEW,TREY,,273,OLD DONALSONVILLE , ,COLQUITT,GA,39837,273,OLD DONALSONVILL,,COLQUITT,GA,39837,A,,,09/04/2020,09/18/2020,,MAILED,NO,NO,NO,,1,002,011,154,PATA,00016,,00001,158,
MILLER,03689991,CLARK,ARLENE,KINNEY,,1032,BRINSON RD, ,COLQUITT,GA,39837-5339,1032,BRINSON RD,,COLQUITT,GA,39837-5339,A,,,04/15/2020,09/18/2020,,MAILED,NO,NO,NO,,1,002,011,154,PATA,00004,,00017,80,
MILLER,04914431,CALLOWAY,TALMADGE,LAMAR,,926,UNION CHURCH RD, ,COLQUITT,GA,39837-6934,926,UNION CHURCH RD,,COLQUITT,GA,39837-6934,A,,,04/15/2020,09/16/2020,,ELECTRONIC,NO,NO,NO,,1,002,011,154,PATA,00006,,00003,208,
MILLER,05824313,JONES,WRIGHT,,JR,1323,WHITES BRIDGE RD, ,COLQUITT,GA,39837-5635,1323,WHITES BRIDGE RD,,COLQUITT,GA,39837-5635,A,,,08/31/2020,09/18/2020,,MAILED,NO,NO,NO,,1,002,011,154,PATA,00003,,00025,104,
MILLER,00620050,SMITH,JANICE,L,,855,MAYHAW RD, ,COLQUITT,GA,39837-7030,855,MAYHAW RD,,COLQUITT,GA,39837-7030,A,,,04/13/2020,,,MAILED,NO,NO,NO,,1,002,011,154,PATA,00006,,,,
MILLER,00617916,CALHOUN,RHONDA,SHARON,,1249,WHITES BRIDGE RD, ,COLQUITT,GA,39837-5512,1249,WHITES BRIDGE RD,,COLQUITT,GA,39837-5512,A,,,08/28/2020,09/18/2020,,MAILED,NO,NO,NO,,1,002,011,154,PATA,00003,,00019,78,
MILLER,04828980,DARLING,BEVERLY,ANN,,215,W PINE ST, ,COLQUITT,GA,39837,215,W PINE ST,,COLQUITT,GA,39837,A,,,09/15/2020,09/25/2020,,MAILED,NO,NO,NO,1,1,002,011,154,PATA,00009,,00009,204,
MILLER,03418249,GADSON,BENNIE,,JR,19,MARTIN LN, ,COLQUITT,GA,39837,19,MARTIN LN,,COLQUITT,GA,39837,A,,,09/02/2020,09/18/2020,,MAILED,NO,NO,NO,,1,002,011,154,PATA,00003,,00028,120,
MILLER,00619005,JONES,CORA,L,,501,GRIFFIN SHEFFIELD RD, ,COLQUITT,GA,39837-6712,501,GRIFFIN SHEFFIELD RD,,COLQUITT,GA,39837-6712,A,,,08/28/2020,09/18/2020,,MAILED,NO,NO,NO,,1,002,011,154,PATA,00002,,00005,75,
MILLER,10659619,VAUGHN,MAGEN,CELESTE,,181,DRAPER JONES RD, ,COLQUITT,GA,39837,405,E BUSH ST,,COLQUITT,GA,39837-4129,A,,,09/07/2020,09/18/2020,,MAILED,NO,NO,NO,,1,002,011,154,PATA,00003,,00042,163,
MILLER,00618609,GRIMSLEY,ANNIE,LOIS,,1734,GA HIGHWAY 27 S, ,COLQUITT,GA,39837-5618,,PO BOX 71,,COLQUITT,GA,39837-0071,A,,,08/28/2020,09/18/2020,,MAILED,NO,NO,NO,,1,002,011,154,PATA,00003,,00004,25,
MILLER,12089079,WORTHY,CHRISTOPHER,DESEAN,,1294,GA HIGHWAY 45 S, ,IRON CITY,GA,39859,1294,GA HIGHWAY 45 S,,IRON CITY,GA,39859,A,,,08/31/2020,09/18/2020,,MAILED,NO,NO,NO,,1,002,011,154,PATA,00004,,00019,85,
MILLER,00619777,RICHARDSON,DAISY,LEE,,44,GRIFFIN SHEFFIELD RD, ,COLQUITT,GA,39837-6723,44,GRIFFIN SHEFFIELD RD,,COLQUITT,GA,39837-6723,A,,,08/28/2020,09/18/2020,,MAILED,NO,NO,NO,,1,002,011,154,PATA,00002,,00002,5,
MILLER,00619233,MCLENDON,ALMEDIA,C,,1940,PHILLIPSBURG RD, ,COLQUITT,GA,39837-6628,1940,PHILLIPSBURG RD,,COLQUITT,GA,39837-6628,A,,,08/18/2020,09/18/2020,,MAILED,NO,NO,NO,,1,002,011,154,PATA,00002,,00004,62,
MILLER,07539631,HOPSON,ANDREA,KAYE,,140,THELMA ST, ,COLQUITT,GA,39837,140,THELMA ST,,COLQUITT,GA,39837,A,,,08/28/2020,09/18/2020,,MAILED,NO,NO,NO,1,1,002,011,154,PATA,00007,,00007,22,
MILLER,00618079,COFTY,MYRTICE,M,,2073,BRINSON RD, ,COLQUITT,GA,39837,2073,BRINSON RD,,COLQUITT,GA,39837,A,,,04/17/2020,,,MAILED,NO,NO,NO,,1,002,011,154,PATA,00003,,,,
MILLER,06069442,CHAMBERS,WAYNE,DENNIS,,905,WHITES BRIDGE RD, ,COLQUITT,GA,39837,905,WHITES BRIDGE RD,,COLQUITT,GA,39837,A,,,04/14/2020,,,MAILED,NO,NO,NO,,1,002,011,154,PATA,00004,,,,
MILLER,06023337,RICHARDSON,EMMA,DENEAN,,208,MARTIN LUTHER KING JR ST N, ,COLQUITT,GA,39837-3615,208,MARTIN LUTHER KING ,,COLQUITT,GA,39837-3615,A,,,09/02/2020,09/18/2020,,MAILED,NO,NO,NO,1,1,002,011,154,PATA,00008,,00016,116,
MILLER,00619126,LANE,KATHY,,,206,N 2ND ST, ,COLQUITT,GA,39837-3738,206,N 2ND ST,,COLQUITT,GA,39837-3738,A,,,04/20/2020,,,MAILED,NO,NO,NO,1,1,002,011,154,PATA,00008,,,,
MILLER,05706098,WYATT,SENICA,RAYNIQUE,,1974,GA HIGHWAY 91 N, ,COLQUITT,GA,39837,1974,GA HIGHWAY 91 N,,COLQUITT,GA,39837,A,,,09/04/2020,09/18/2020,,MAILED,NO,NO,NO,,1,002,011,154,PATA,00003,,00035,145,
MILLER,10394367,GRIMSLEY,BOBBY,L,JR,1734,GA HIGHWAY 27 S, ,COLQUITT,GA,39837,,PO BOX 36,,COLQUITT,GA,39837-0036,A,,,08/28/2020,09/18/2020,,MAILED,NO,NO,NO,,1,002,011,154,PATA,00003,,00003,21,
MILLER,05218546,SCRAPE,BILLY,DUANE,,379,N EARLY COUNTY LINE RD, ,COLQUITT,GA,39837-6003,379,N EARLY COUNTY LINE ,,COLQUITT,GA,39837-6003,A,,,04/14/2020,,,MAILED,NO,NO,NO,,1,002,011,154,PATA,00006,,,,
MILLER,00617571,ALBRITTON,JINNIE,KATHERINE,,276,NOBLES RD, ,COLQUITT,GA,39837,276,NOBLES RD,,COLQUITT,GA,39837,A,,,05/04/2020,,,MAILED,NO,NO,NO,,1,002,011,154,PATA,00004,,,,
MILLER,06438969,HUTCHINS,MARY,LUE,,310,BETHEL ST, ,COLQUITT,GA,39837-3804,310,BETHEL ST,,COLQUITT,GA,39837-3804,A,,,08/28/2020,09/18/2020,,MAILED,NO,NO,NO,1,1,002,011,154,PATA,00008,,00007,41,
MILLER,00619614,PHILLIPS,BILLY,E,,14,GRIMSLEY RD, ,COLQUITT,GA,39837,14,GRIMSLEY RD,,COLQUITT,GA,39837,A,,,05/29/2020,,,MAILED,NO,NO,NO,,1,002,011,154,PATA,00004,,,,
MILLER,00619865,ROLAND,GENEVA,,,425,HORNSBY RD, ,COLQUITT,GA,39837-7522,425,HORNSBY RD,,COLQUITT,GA,39837-7522,A,,,09/03/2020,09/18/2020,,MAILED,NO,NO,NO,,1,002,011,154,PATA,00004,,00027,123,
MILLER,05426709,HENDERSON,DOROTHY,PEARL,,214,N 2ND ST, ,COLQUITT,GA,39837,214,N 2ND ST,,COLQUITT,GA,39837,A,,,05/13/2020,,,MAILED,NO,NO,NO,1,1,002,011,154,PATA,00008,,,,
MILLER,00619567,O'HEARN,EUGENE,A,,130,MAYHAW RD, ,COLQUITT,GA,39837-7418,130,MAYHAW RD,,COLQUITT,GA,39837-7418,A,,,04/16/2020,,,MAILED,NO,NO,NO,,1,002,011,154,PATA,00006,,,,
MILLER,12768571,CALLOWAY,TAMARA,,,926,UNION CHURCH RD, ,COLQUITT,GA,39837,100,REBECCA ANN CT,,ELIZABETHTOWN,KY,42701,A,,,08/31/2020,09/16/2020,,ELECTRONIC,NO,NO,NO,,1,002,011,154,PATA,00006,,00002,207,
MILLER,00619625,PHILLIPS,FRANKIE,M,,2491,AVENUE RD, ,DAMASCUS,GA,39841,2491,AVENUE RD,,DAMASCUS,GA,39841,A,,,04/10/2020,,,MAILED,NO,NO,NO,,1,002,011,154,PATA,00002,,,,
MILLER,04938531,MILLER,JANICE,D,,316,BETHEL ST, ,COLQUITT,GA,39837-3804,316,BETHEL ST,,COLQUITT,GA,39837-3804,A,,,08/31/2020,09/18/2020,,MAILED,NO,NO,NO,1,1,002,011,154,PATA,00008,,00013,98,
MILLER,03675268,MCLENDON,WILLIAM,CULLEN,,1317,MAYHAW RD, ,BLAKELY,GA,39823,1317,MAYHAW RD,,BLAKELY,GA,39823,A,,,04/13/2020,,,MAILED,NO,NO,NO,,1,002,011,154,PATA,00006,,,,
MILLER,06091445,NEWBERRY,ROGER,,,493,WOMBLE RD, ,COLQUITT,GA,39837,493,WOMBLE RD,,COLQUITT,GA,39837,A,,,04/13/2020,,,MAILED,NO,NO,NO,,1,002,011,154,PATA,00006,,,,
MILLER,00619969,SHEFFIELD,SUSAN,,,119,COOKTOWN RD, ,COLQUITT,GA,39837,119,COOKTOWN RD,,COLQUITT,GA,39837,A,,,04/20/2020,,,MAILED,NO,NO,NO,,1,002,011,154,PATA,00002,,,,
MILLER,00620282,WAINRIGHT,DORIS,C,,154,PETER ST, ,COLQUITT,GA,39837,154,PETER ST,,COLQUITT,GA,39837,A,,,09/15/2020,,,MAILED,NO,NO,NO,1,1,002,011,154,PATA,00012,,,,
MILLER,00618171,COOPER,CAROLYN,D,,97,WILLIAMS RD, ,COLQUITT,GA,39837-6006,97,WILLIAMS RD,,COLQUITT,GA,39837-6006,A,,,09/01/2020,09/18/2020,,MAILED,NO,NO,NO,,1,002,011,154,PATA,00006,,00009,107,
MILLER,00617784,BROWN,MARGIE,COOK,,2306,GA HIGHWAY 91 N, ,COLQUITT,GA,39837,2306,GA HIGHWAY 91 N,,COLQUITT,GA,39837,A,,,09/15/2020,09/25/2020,,MAILED,NO,NO,NO,,1,002,011,154,PATA,00003,,00048,209,
MILLER,00618667,HAIRE,WANDA,L,,1186,COOKTOWN RD, ,COLQUITT,GA,39837,1186,COOKTOWN RD,,COLQUITT,GA,39837,A,,,09/11/2020,09/25/2020,,MAILED,NO,NO,NO,,1,002,011,154,PATA,00002,,00017,190,
MILLER,00618372,DURDEN,LEON,C,,1416,GRADY COBB RD, ,DONALSONVILLE,GA,39845-2816,1416,GRADY COBB RD,,DONALSONVILLE,GA,39845-2816,A,,,09/08/2020,09/18/2020,,MAILED,NO,NO,NO,,1,002,011,154,PATA,00006,,00019,167,
MILLER,08511327,MILLER,WILLIAM,CODY,,73,MILLERVILLE RD, ,COLQUITT,GA,39837-4804,73,MILLERVILLE RD,,COLQUITT,GA,39837-4804,A,,,09/04/2020,09/18/2020,,MAILED,NO,NO,NO,,1,002,011,154,PATA,00003,,00038,150,
MILLER,00618073,COBB,ROSEMARY,,,309,DELORES ST, ,COLQUITT,GA,39837-3505,309,DELORES ST,,COLQUITT,GA,39837-3505,A,,,09/11/2020,09/18/2020,,MAILED,NO,NO,NO,1,1,002,011,154,PATA,00009,,00007,178,
MILLER,00619674,PICKLE,JERRY,S,,251,HARMONY CHURCH RD, ,COLQUITT,GA,39837,251,HARMONY CHURCH RD,,COLQUITT,GA,39837,A,,,08/28/2020,09/18/2020,,MAILED,NO,NO,NO,,1,002,011,154,PATA,00006,,00001,8,
MILLER,12368933,WILSON,RODRIKA,RHONDA,,104,BABCOCK ST, ,COLQUITT,GA,39837,,PO BOX 303,,COLQUITT,GA,39837-0303,A,,,09/12/2020,09/25/2020,,MAILED,NO,NO,NO,1,1,002,011,154,PATA,00007,,00021,197,
MILLER,00619943,SHEFFIELD,ERNIE,,,119,COOKTOWN RD, ,COLQUITT,GA,39837-6542,119,COOKTOWN RD,,COLQUITT,GA,39837-6542,A,,,04/20/2020,,,MAILED,NO,NO,NO,,1,002,011,154,PATA,00002,,,,
MILLER,08806412,HODGE,ELLA,MAE,,770,TWILIGHT CHURCH RD, ,COLQUITT,GA,39837,770,TWILIGHT CHURCH RD,,COLQUITT,GA,39837,A,,,08/28/2020,09/18/2020,,MAILED,NO,NO,NO,,1,002,011,154,PATA,00004,,00009,38,
MILLER,04802985,MORRIS,AMETRISS,,,291,WACASER RD, ,COLQUITT,GA,39837,291,WACASER RD,,COLQUITT,GA,39837,A,,,09/04/2020,09/18/2020,,MAILED,NO,NO,NO,,1,002,011,154,PATA,00003,,00040,153,
MILLER,01088370,MURKERSON,MARY LYNN,EUBANKS,,103,N 3RD ST, ,COLQUITT,GA,39837,103,N 3RD ST,,COLQUITT,GA,39837,A,,,05/07/2020,,,MAILED,NO,NO,NO,1,1,002,011,154,PATA,00011,,,,
MILLER,00619397,MILLER,WANDA,SUE,,39,MILLERVILLE RD, ,COLQUITT,GA,39837-4804,39,MILLERVILLE RD,,COLQUITT,GA,39837-4804,A,,,04/14/2020,,,MAILED,NO,NO,NO,,1,002,011,154,PATA,00003,,,,
MILLER,00618716,HART,BOBBIE,JEAN,,211,SPRING ST, ,COLQUITT,GA,39837-3413,211,SPRING ST,,COLQUITT,GA,39837-3413,A,,,04/16/2020,,,MAILED,NO,NO,NO,1,1,002,011,154,PATA,00009,,,,
MILLER,00618511,GLASS,JAMES,LARRY,,553,HENLEY RD, ,COLQUITT,GA,39837,553,HENLEY RD,,COLQUITT,GA,39837,A,,,09/11/2020,09/25/2020,,MAILED,NO,NO,NO,,1,002,011,154,PATA,00002,,00015,184,
MILLER,11774785,SPENCE,TUCKER,DILLON,,174,NOBLES RD, ,COLQUITT,GA,39837,137,THOMKIN DRIVE,,STATESBORO,GA,30458,A,,,08/31/2020,09/18/2020,,MAILED,NO,NO,NO,,1,002,011,154,PATA,00004,,00024,102,
MILLER,00618961,JOHNSON,JOHN,DANIEL,,1546,GA HIGHWAY 27 N, ,COLQUITT,GA,39837,1546,GA HIGHWAY 27 N,,COLQUITT,GA,39837,A,,,04/22/2020,,,MAILED,NO,NO,NO,,1,002,011,154,PATA,00006,,,,
MILLER,03689929,SMITH,LILLIAN,M,,57,THREE NOTCH RD, ,DONALSONVILLE,GA,39845,57,THREE NOTCH RD,,DONALSONVILLE,GA,39845,A,,,04/22/2020,,,MAILED,NO,NO,NO,,1,002,011,154,PATA,00004,,,,
MILLER,11934860,DUNLAP,ANTONIA,H,,1645,GA HIGHWAY 91 S, ,COLQUITT,GA,39837,1645,GA HIGHWAY 91 S,,COLQUITT,GA,39837,A,,,09/02/2020,09/18/2020,,MAILED,NO,NO,NO,,1,002,011,154,PATA,00004,,00026,119,
MILLER,00619566,O'HEARN,DOROTHY,,,130,MAYHAW RD, ,COLQUITT,GA,39837-7418,130,MAYHAW RD,,COLQUITT,GA,39837-7418,A,,,04/16/2020,,,MAILED,NO,NO,NO,,1,002,011,154,PATA,00006,,,,
MILLER,04010992,GALVIN,JERRY,LEWIS,,44,GRIFFIN SHEFFIELD RD, ,COLQUITT,GA,39837-6723,44,GRIFFIN SHEFFIELD RD,,COLQUITT,GA,39837-6723,A,,,08/28/2020,09/18/2020,,MAILED,NO,NO,NO,,1,002,011,154,PATA,00002,,00001,2,
MILLER,12232742,HUDSON,VICKIE,LYNN,,703,OAK DR, ,COLQUITT,GA,39837,703,OAK DR,,COLQUITT,GA,39837,A,,,09/06/2020,09/18/2020,,MAILED,NO,NO,NO,1,1,002,011,154,PATA,00012,,00010,157,
MILLER,00618328,DOUGLAS,JOHNNIE,MAE,,304,CLAY BROWN RD, ,COLQUITT,GA,39837,304,CLAY BROWN RD,,COLQUITT,GA,39837,A,,,08/28/2020,09/18/2020,,MAILED,NO,NO,NO,,1,002,011,154,PATA,00006,,00002,49,
MILLER,00618325,DONLEY,RUTH,LEWIS,,2053,BELLVIEW RD, ,COLQUITT,GA,39837-4700,2053,BELLVIEW RD,,COLQUITT,GA,39837-4700,A,,,04/21/2020,,,MAILED,NO,NO,NO,,1,002,011,154,PATA,00003,,,,
MILLER,06826654,COX,RITA,,,257,GRIMSLEY RD, ,COLQUITT,GA,39837,257,GRIMSLEY RD,,COLQUITT,GA,39837,A,,,04/15/2020,09/18/2020,,MAILED,NO,NO,NO,,1,002,011,154,PATA,00004,,00038,156,
MILLER,05584018,BROOKS,FRANCIS,IRVING,,87,GRIMSLEY RD, ,COLQUITT,GA,39837-7306,87,GRIMSLEY RD,,COLQUITT,GA,39837-7306,A,,,04/13/2020,,,MAILED,NO,NO,NO,,1,002,011,154,PATA,00004,,,,
MILLER,00619298,MATHIS,WENDELL,,,403,DUTCH COOK RD, ,COLQUITT,GA,39837-4936,403,DUTCH COOK RD,,COLQUITT,GA,39837-4936,A,,,09/14/2020,,,MAILED,NO,NO,NO,,1,002,011,154,PATA,00003,,,,
MILLER,00619315,MERRITT,DEBRA,L,,41,PERRY ST, ,COLQUITT,GA,39837-6206,41,PERRY ST,,COLQUITT,GA,39837-6206,A,,,09/16/2020,09/25/2020,,MAILED,NO,NO,NO,1,1,002,011,154,PATA,00007,,00023,210,
MILLER,00620099,STAFFORD,BARBARA,ELLEN,,98,MAYHAW RD, ,COLQUITT,GA,39837-7032,98,MAYHAW RD,,COLQUITT,GA,39837-7032,A,,,04/15/2020,,,MAILED,NO,NO,NO,,1,002,011,154,PATA,00006,,,,
MILLER,11342750,OHEARN,WIMFORD,JOHNSON,,425,GRADY COBB RD, ,DONALSONVILLE,GA,39845,425,GRADY COBB RD,,DONALSONVILLE,GA,39845,A,,,04/14/2020,,,MAILED,NO,NO,NO,,1,002,011,154,PATA,00004,,,,
MILLER,02435887,SMITH,DIXON,R,,1054,BRINSON RD, ,COLQUITT,GA,39837-5339,,PO BOX 601,,COLQUITT,GA,39837-0601,A,,,08/28/2020,09/18/2020,,MAILED,NO,NO,NO,,1,002,011,154,PATA,00004,,00015,70,
MILLER,12556341,FORAKER,BILLY,DEAN,,109,BIRD ST, ,COLQUITT,GA,39837,109,BIRD ST,,COLQUITT,GA,39837,A,,,04/20/2020,,,MAILED,NO,NO,NO,1,1,002,011,154,PATA,00009,,,,
MILLER,00618738,HEARD,EARNESTINE,,,1490,HARMONY CHURCH RD, ,COLQUITT,GA,39837-6620,1490,HARMONY CHURCH RD,,COLQUITT,GA,39837-6620,A,,,04/21/2020,,,MAILED,NO,NO,NO,,1,002,011,154,PATA,00002,,,,
MILLER,00618536,GORDON,GLENDA,N,,50,HOUSTON RD, ,COLQUITT,GA,39837-4109,50,HOUSTON RD,,COLQUITT,GA,39837-4109,A,,,04/14/2020,,,MAILED,NO,NO,NO,,1,002,011,154,PATA,00006,,,,
MILLER,12404266,MASSARELLI,MAURO,MASSIMO,,240,ARLINE RD, ,COLQUITT,GA,39837,240,ARLINE RD,,COLQUITT,GA,39837,A,,,04/14/2020,,,MAILED,NO,NO,NO,,1,002,011,154,PATA,00004,,,,
MILLER,00619924,SHAW,LAVERNE,,,634,AVENUE RD, ,COLQUITT,GA,39837,634,AVENUE RD,,COLQUITT,GA,39837,A,,,05/04/2020,,,MAILED,NO,NO,NO,,1,002,011,154,PATA,00003,,,,
MILLER,04851263,JOHNSON,BENJAMIN,,,1556,PHILLIPSBURG RD, ,COLQUITT,GA,39837-6518,1556,PHILLIPSBURG RD,,COLQUITT,GA,39837-6518,A,,,04/13/2020,,,MAILED,NO,NO,NO,,1,002,011,154,PATA,00002,,,,
MILLER,08807629,BARBER,TONY,D,,1238,GA HIGHWAY 45 S, ,IRON CITY,GA,39859,1238,GA HIGHWAY 45 S,,IRON CITY,GA,39859,A,,,08/28/2020,09/18/2020,,MAILED,NO,NO,NO,,1,002,011,154,PATA,00004,,00006,31,
MILLER,06105441,POWELL,JUDY,M,,769,ENTERPRISE RD, ,COLQUITT,GA,39837-7139,769,ENTERPRISE RD,,COLQUITT,GA,39837-7139,A,,,04/17/2020,,,MAILED,NO,NO,NO,,1,002,011,154,PATA,00004,,,,
MILLER,00618259,DARLEY,JAMES,D,JR,413,DELORES ST, ,COLQUITT,GA,39837-3508,413,DELORES ST,,COLQUITT,GA,39837-3508,A,,,04/13/2020,,,MAILED,NO,NO,NO,1,1,002,011,154,PATA,00009,,,,
MILLER,00620253,VANN,RONALD,K,,91,AVENUE RD, ,COLQUITT,GA,39837,91,AVENUE RD,,COLQUITT,GA,39837,A,,,04/20/2020,,,MAILED,NO,NO,NO,,1,002,011,154,PATA,00003,,,,
MILLER,10428366,MILLS,TA'KIA,JASHAE,,210,WACASER RD,UNIT A,COLQUITT,GA,39837,210,WACASER RD,UNIT A,COLQUITT,GA,39837,A,,,08/28/2020,09/18/2020,,MAILED,NO,NO,NO,,1,002,011,154,PATA,00003,,00005,27,
MILLER,00730051,JOHNSON,DOUGLAS,ROSS,,207,SPRING ST, ,COLQUITT,GA,39837-3413,207,SPRING ST,,COLQUITT,GA,39837-3413,A,,,08/31/2020,09/18/2020,,MAILED,NO,NO,NO,1,1,002,011,154,PATA,00009,,00004,103,
MILLER,06082924,MILLER,LINDA,A,,228,GROW ST,LOT 3,COLQUITT,GA,39837,228,GROW ST,LOT 3,COLQUITT,GA,39837,A,,,08/31/2020,09/18/2020,,MAILED,NO,NO,NO,1,1,002,011,154,PATA,00012,,00007,96,
MILLER,00618628,GROW,MERLENE,,,758,BRINSON RD, ,COLQUITT,GA,39837-5241,758,BRINSON RD,,COLQUITT,GA,39837-5241,A,,,04/14/2020,,,MAILED,NO,NO,NO,1,1,002,011,154,PATA,00009,,,,
MILLER,00620235,TULLY,JOYCE,J,,720,CRAWFORD ST E, ,COLQUITT,GA,39837-5217,720,CRAWFORD ST E,,COLQUITT,GA,39837-5217,A,,,04/29/2020,,,MAILED,NO,NO,NO,1,1,002,011,154,PATA,00012,,,,
MILLER,00619818,ROBERTS,CECIL,C,,224,GRIMSLEY RD, ,COLQUITT,GA,39837-7439,224,GRIMSLEY RD,,COLQUITT,GA,39837-7439,A,,,08/28/2020,09/18/2020,,MAILED,NO,NO,NO,,1,002,011,154,PATA,00004,,00007,34,
MILLER,00619812,DOVE,DORIS,RIGGINS,,554,E MAIN ST,LOT A,COLQUITT,GA,39837,554,E MAIN ST,LOT A,COLQUITT,GA,39837,A,,,04/13/2020,,,MAILED,NO,NO,NO,1,1,002,011,154,PATA,00011,,,,
MILLER,00618589,GRIMES,PATRICIA,L,,140,MILLERVILLE RD, ,COLQUITT,GA,39837,140,MILLERVILLE RD,,COLQUITT,GA,39837,A,,,09/02/2020,09/18/2020,,MAILED,NO,NO,NO,,1,002,011,154,PATA,00003,,00026,108,
MILLER,01676987,MOODY,MARY,LYNN,,15,CLENNEY HILL RD, ,COLQUITT,GA,39837-5814,15,CLENNEY HILL RD,,COLQUITT,GA,39837-5814,A,,,04/14/2020,,,MAILED,NO,NO,NO,,1,002,011,154,PATA,00003,,,,
MILLER,00617575,ALDAY,SHIRLEY,S,,57,THREE NOTCH RD, ,DONALSONVILLE,GA,39845,57,THREE NOTCH RD,,DONALSONVILLE,GA,39845,A,,,04/22/2020,,,MAILED,NO,NO,NO,,1,002,011,154,PATA,00004,,,,
MILLER,10683429,RUTLEDGE,HUNTER,DANIEL,,157,DANIELS RD, ,COLQUITT,GA,39837,157,DANIELS RD,,COLQUITT,GA,39837,A,,,08/29/2020,09/18/2020,,MAILED,NO,NO,NO,,1,002,011,154,PATA,00004,,00021,87,
MILLER,01040348,MCDONALD,JOHN,,,120,FLAT CREEK CHURCH RD, ,BLAKELY,GA,39823-3007,388,R3,,BLAKELY,GA,39823-0930,A,,,04/08/2020,,,MAILED,NO,NO,NO,,1,002,011,154,PATA,00006,,,,
MILLER,10582589,HAIRE,HENLEY,STEVEN,,1236,COOKTOWN RD, ,COLQUITT,GA,39837,1236,COOKTOWN RD,,COLQUITT,GA,39837,A,,,09/11/2020,09/25/2020,,MAILED,NO,NO,NO,,1,002,011,154,PATA,00002,,00018,191,
MILLER,03496682,WHITTAKER,JOAN,PURVIS,,70,THOMPSON WEST RD, ,COLQUITT,GA,39837-5319,70,THOMPSON WEST RD,,COLQUITT,GA,39837-5319,A,,,04/22/2020,,,MAILED,NO,NO,NO,,1,002,011,154,PATA,00003,,,,
MILLER,05554569,BREWER,ARCHIE,WALLACE,JR,35,BABCOCK RD, ,COLQUITT,GA,39837,35,BABCOCK RD,,COLQUITT,GA,39837,A,,,04/20/2020,,,MAILED,NO,NO,NO,,1,002,011,154,PATA,00003,,,,
MILLER,03518288,WORSLEY,TINA,ARLEEN,,980,GA HIGHWAY 91 N, ,COLQUITT,GA,39837-5112,980,GA HIGHWAY 91 N,,COLQUITT,GA,39837-5112,A,,,04/13/2020,,,MAILED,NO,NO,NO,,1,002,011,154,PATA,00003,,,,
MILLER,00620146,TABB,BOB,J,,531,OLD DAMASCUS RD, ,COLQUITT,GA,39837-6403,531,OLD DAMASCUS RD,,COLQUITT,GA,39837-6403,A,,,09/11/2020,09/25/2020,,MAILED,NO,NO,NO,,1,002,011,154,PATA,00006,,00022,179,
MILLER,00617662,BELL,PHILMORE,,JR,311,DANCER ST E, ,COLQUITT,GA,39837-3736,311,DANCER ST E,,COLQUITT,GA,39837-3736,A,,,04/21/2020,,,MAILED,NO,NO,NO,1,1,002,011,154,PATA,00008,,,,
MILLER,01614279,WILLIAMS,STEPHEN,FOSTER,,106,WILKIN RD, ,COLQUITT,GA,39837,106,WILKIN RD,,COLQUITT,GA,39837,A,,,09/07/2020,09/18/2020,,MAILED,NO,NO,NO,,1,002,011,154,PATA,00006,,00017,165,
MILLER,00619009,JONES,ELIX,H,,501,GRIFFIN SHEFFIELD RD, ,COLQUITT,GA,39837-6712,501,GRIFFIN SHEFFIELD RD,,COLQUITT,GA,39837-6712,A,,,08/28/2020,09/18/2020,,MAILED,NO,NO,NO,,1,002,011,154,PATA,00002,,00006,76,
MILLER,00619246,MCLENDON,NANCY,ROCKER,,25,BEVERS RD, ,DONALSONVILLE,GA,39845-2717,25,BEVERS RD,,DONALSONVILLE,GA,39845-2717,A,,,04/24/2020,,,MAILED,NO,NO,NO,,1,002,011,154,PATA,00004,,,,
MILLER,00619972,SHEFFIELD,WAYNE,EMMITT,,883,TWILIGHT CHURCH RD, ,COLQUITT,GA,39837,883,TWILIGHT CHURCH RD,,COLQUITT,GA,39837,A,,,09/08/2020,09/18/2020,,MAILED,NO,NO,NO,,1,002,011,154,PATA,00004,,00041,168,
MILLER,01674649,WILSON,DORIS,E,,1357,WHITES BRIDGE RD, ,COLQUITT,GA,39837-5635,1357,WHITES BRIDGE RD,,COLQUITT,GA,39837-5635,A,,,08/28/2020,09/18/2020,,MAILED,NO,NO,NO,,1,002,011,154,PATA,00003,,00007,40,
MILLER,00618482,GIBSON,KENNETH,E,,1470,WHITES BRIDGE RD, ,COLQUITT,GA,39837,1470,WHITES BRIDGE RD,,COLQUITT,GA,39837,A,,,04/13/2020,,,MAILED,NO,NO,NO,,1,002,011,154,PATA,00003,,,,
MILLER,05661403,CAULDER,MILDRED,WOODHAM,,758,GRADY COBB RD, ,DONALSONVILLE,GA,39845-2830,758,GRADY COBB RD,,DONALSONVILLE,GA,39845-2830,A,,,04/13/2020,,,MAILED,NO,NO,NO,,1,002,011,154,PATA,00004,,,,
MILLER,11096133,SHEFFIELD,REBECCA,DAWN MIST,,275,OLD DONALSONVILLE , ,COLQUITT,GA,39837,275,OLD DONALSONVILL,,COLQUITT,GA,39837,A,,,09/04/2020,09/18/2020,,MAILED,NO,NO,NO,,1,002,011,154,PATA,00016,,00002,159,
MILLER,00618106,COOK,EUNICE,COSTELLO,,1120,THOMPSON TOWN RD, ,COLQUITT,GA,39837-5415,1120,THOMPSON TOWN RD,,COLQUITT,GA,39837-5415,A,,,04/14/2020,,,MAILED,NO,NO,NO,,1,002,011,154,PATA,00003,,,,
MILLER,10856766,SANCHEZ,RODRIGO,,JR,1218,BRINSON RD, ,COLQUITT,GA,39837,1218,BRINSON RD,,COLQUITT,GA,39837,A,,,08/28/2020,09/18/2020,,MAILED,NO,NO,NO,,1,002,011,154,PATA,00004,,00005,20,
MILLER,03526708,JOHNSON,JEWANN,W,,1556,PHILLIPSBURG RD, ,COLQUITT,GA,39837-6518,1556,PHILLIPSBURG RD,,COLQUITT,GA,39837-6518,A,,,04/13/2020,,,MAILED,NO,NO,NO,,1,002,011,154,PATA,00002,,,,
MILLER,07562060,WARREN,FRAZIER,,,621,THREE NOTCH RD, ,DONALSONVILLE,GA,39845-2807,621,THREE NOTCH RD,,DONALSONVILLE,GA,39845-2807,A,,,09/14/2020,09/25/2020,,MAILED,NO,NO,NO,,1,002,011,154,PATA,00004,,00046,200,
MILLER,01994189,HOUSTON,DOROTHY,GLISSON,,641,MAYHAW RD, ,COLQUITT,GA,39837-6901,4740,NANTUCKET DR SW,,LILBURN,GA,30047,A,,,04/17/2020,09/18/2020,,MAILED,NO,NO,NO,,1,002,011,154,PATA,00006,,00015,127,
MILLER,04263225,MORGAN,DEBJUAN,ELANITA,,411,N 2ND ST, ,COLQUITT,GA,39837,411,N 2ND ST,,COLQUITT,GA,39837,A,,,09/14/2020,,,MAILED,NO,NO,NO,1,1,002,011,154,PATA,00007,,,,
MILLER,00619710,POWELL,WILLIAM,RONNIE,,769,ENTERPRISE RD, ,COLQUITT,GA,39837-7139,769,ENTERPRISE RD,,COLQUITT,GA,39837-7139,A,,,04/17/2020,,,MAILED,NO,NO,NO,,1,002,011,154,PATA,00004,,,,
MILLER,00620247,VANN,ANN,D,,970,BABCOCK RD, ,COLQUITT,GA,39837-5430,970,BABCOCK RD,,COLQUITT,GA,39837-5430,A,,,08/18/2020,09/18/2020,,MAILED,NO,NO,NO,,1,002,011,154,PATA,00003,,00013,65,
MILLER,00617683,BEVIS,PATSIE,V,,202,MILLER ST, ,COLQUITT,GA,39837-3509,,PO BOX 264,,COLQUITT,GA,31737-0026,A,,,04/17/2020,,,MAILED,NO,NO,NO,1,1,002,011,154,PATA,00009,,,,
MILLER,00619108,WARREN,LINDA,LEE,,621,THREE NOTCH RD, ,DONALSONVILLE,GA,39845-2807,621,THREE NOTCH RD,,DONALSONVILLE,GA,39845-2807,A,,,09/14/2020,09/25/2020,,MAILED,NO,NO,NO,,1,002,011,154,PATA,00004,,00047,201,
MILLER,12550624,FITZGERALD,PATRICIA,HUSTON,,507,S 1ST ST,APT 7,COLQUITT,GA,39837,507,S 1ST ST,APT 7,COLQUITT,GA,39837,A,,,05/15/2020,,,MAILED,NO,NO,NO,1,1,002,011,154,PATA,00012,,,,
MILLER,00619590,PERKINS,CHARLIE,,JR,742,N 4TH ST, ,COLQUITT,GA,39837,,PO BOX 621,,COLQUITT,GA,39837-0621,A,,,08/28/2020,09/18/2020,,MAILED,NO,NO,NO,1,1,002,011,154,PATA,00007,,00003,10,
MILLER,04921772,MERRITT,JAMIE,T,,1193,BABCOCK RD, ,COLQUITT,GA,39837-5427,1193,BABCOCK RD,,COLQUITT,GA,39837-5427,A,,,08/28/2020,09/18/2020,,MAILED,NO,NO,NO,,1,002,011,154,PATA,00003,,00018,77,
MILLER,00620273,WADE,EMMA,,,206,MARTIN LUTHER KING JR ST N, ,COLQUITT,GA,39837-3615,206,MARTIN LUTHER KING ,,COLQUITT,GA,39837-3615,A,,,08/28/2020,09/18/2020,,MAILED,NO,NO,NO,1,1,002,011,154,PATA,00008,,00005,35,
MILLER,00619129,LANE,LYNDA,S,,260,LANE RD, ,COLQUITT,GA,39837-7311,260,LANE RD,,COLQUITT,GA,39837-7311,A,,,04/13/2020,,,MAILED,NO,NO,NO,,1,002,011,154,PATA,00004,,,,
MILLER,00620184,THOMLEY,EDWINA,B,,200,CARR ST, ,COLQUITT,GA,39837-3918,200,CARR ST,,COLQUITT,GA,39837-3918,A,,,04/29/2020,,,MAILED,NO,NO,NO,1,1,002,011,154,PATA,00009,,,,
MILLER,00618221,CROCKETT,CLARA,MAE,,56,GRIFFIN SHEFFIELD RD, ,COLQUITT,GA,39837,56,GRIFFIN SHEFFIELD RD,,COLQUITT,GA,39837,A,,,09/03/2020,09/18/2020,,MAILED,NO,NO,NO,,1,002,011,154,PATA,00002,,00011,137,
MILLER,05859859,HAYES,JANICE,,,928,PHILLIPSBURG RD, ,COLQUITT,GA,39837-6538,928,PHILLIPSBURG RD,,COLQUITT,GA,39837-6538,A,,,04/13/2020,,,MAILED,NO,NO,NO,1,1,002,011,154,PATA,00007,,,,
MILLER,03389219,BULLARD,SAMUEL,E,,111,BREMOND ST, ,COLQUITT,GA,39837,111,BREMOND ST,,COLQUITT,GA,39837-4109,A,,,08/28/2020,09/18/2020,,MAILED,NO,NO,NO,1,1,002,011,154,PATA,00012,,00001,13,
MILLER,00619180,LOVERING,ALBERT,RAY,,205,W PINE ST, ,COLQUITT,GA,39837,205,W PINE ST,,COLQUITT,GA,39837,A,,,09/02/2020,09/18/2020,,MAILED,NO,NO,NO,1,1,002,011,154,PATA,00009,,00005,114,
MILLER,00619721,MCDOWELL,MARY,JANE,,742,N 4TH ST, ,COLQUITT,GA,39837,742,N 4TH ST,,COLQUITT,GA,39837,A,,,09/02/2020,09/18/2020,,MAILED,NO,NO,NO,1,1,002,011,154,PATA,00007,,00015,121,
MILLER,04445797,CHANEY,TERRY,DONALD,,588,HELMS RD, ,COLQUITT,GA,39837,588,HELMS RD,,COLQUITT,GA,39837,A,,,04/17/2020,,,MAILED,NO,NO,NO,,1,002,011,154,PATA,00004,,,,
MILLER,05126022,ARNETT,SHIRLEY,ANN,,1472,GA HIGHWAY 27 S, ,COLQUITT,GA,39837,1472,GA HIGHWAY 27 S,,COLQUITT,GA,39837,A,,,08/28/2020,09/18/2020,,MAILED,NO,NO,NO,,1,002,011,154,PATA,00003,,00002,11,
MILLER,05036110,TRIVELY,SHER,STARR,,358,CUTHBERT ST S, ,COLQUITT,GA,39837-3905,358,CUTHBERT ST S,,COLQUITT,GA,39837-3905,A,,,09/11/2020,09/25/2020,,MAILED,NO,NO,NO,1,1,002,011,154,PATA,00009,,00008,193,
MILLER,00619600,PERRY,CHARLIE,MAE,,48,GRIFFIN SHEFFIELD RD, ,COLQUITT,GA,39837-6723,48,GRIFFIN SHEFFIELD RD,,COLQUITT,GA,39837-6723,A,,,09/16/2020,09/25/2020,,MAILED,NO,NO,NO,,1,002,011,154,PATA,00002,,00019,211,
MILLER,12030618,TABB,TAYLOR,HORNSBY,,364,N EARLY COUNTY LINE RD, ,COLQUITT,GA,39837,364,N EARLY COUNTY LINE ,,COLQUITT,GA,39837,A,,,09/11/2020,09/25/2020,,MAILED,NO,NO,NO,,1,002,011,154,PATA,00006,,00027,189,
MILLER,10805858,MORGAN,KELVIN,BERNARD,,411,N 2ND ST, ,COLQUITT,GA,39837,411,N 2ND ST,,COLQUITT,GA,39837,A,,,09/14/2020,09/25/2020,,MAILED,NO,NO,NO,1,1,002,011,154,PATA,00007,,00022,202,
MILLER,00617923,CALHOUN,VONNIE,L,,1192,PHILLIPSBURG RD, ,COLQUITT,GA,39837-6534,1192,PHILLIPSBURG RD,,COLQUITT,GA,39837-6534,A,,,04/14/2020,,,MAILED,NO,NO,NO,,1,002,011,154,PATA,00002,,,,
MILLER,00617811,BRYAN,TED,ALLEN,,1704,GA HIGHWAY 27 S, ,COLQUITT,GA,39837,1704,GA HIGHWAY 27 S,,COLQUITT,GA,39837,A,,,04/15/2020,,,MAILED,NO,NO,NO,,1,002,011,154,PATA,00003,,,,
MILLER,00617954,CARR,OUIDA,W,,557,GRADY COBB RD, ,DONALSONVILLE,GA,39845,557,GRADY COBB RD,,DONALSONVILLE,GA,39845,A,,,04/14/2020,,,MAILED,NO,NO,NO,,1,002,011,154,PATA,00004,,,,
MILLER,00619243,MCLENDON,LAVERNE,C,,769,ENTERPRISE RD, ,COLQUITT,GA,39837,769,ENTERPRISE RD,,COLQUITT,GA,39837,A,,,04/17/2020,,,MAILED,NO,NO,NO,,1,002,011,154,PATA,00004,,,,
MILLER,11786110,MORRIS,J'MYA,SHANTORIA,,289,WACASER RD, ,COLQUITT,GA,39837,289,WACASER RD,,COLQUITT,GA,39837,A,,,09/11/2020,09/25/2020,,MAILED,NO,NO,NO,,1,002,011,154,PATA,00003,,00045,188,
MILLER,06050824,GRIMSLEY,TARAUS,LESHAIN,,1734,GA HIGHWAY 27 S, ,COLQUITT,GA,39837-5618,,PO BOX 36,,COLQUITT,GA,39837-0036,A,,,08/28/2020,09/18/2020,,MAILED,NO,NO,NO,,1,002,011,154,PATA,00003,,00008,44,
MILLER,08627059,SULLIVAN,DIANNE,SMITH,,130,CROOKED OAK LN, ,COLQUITT,GA,39837-6548,130,CROOKED OAK LN,,COLQUITT,GA,39837-6548,A,,,04/13/2020,,,MAILED,NO,NO,NO,1,1,002,011,154,PATA,00013,,,,
MILLER,00619267,MCVAY,HUSTON,ISAAC,,758,GRADY COBB RD, ,DONALSONVILLE,GA,39845-2830,758,GRADY COBB RD,,DONALSONVILLE,GA,39845-2830,A,,,04/13/2020,,,MAILED,NO,NO,NO,,1,002,011,154,PATA,00004,,,,
MILLER,12595109,BERRY,RASHAAN,K,,740,HOLLY ST, ,COLQUITT,GA,39837,740,HOLLY ST,,COLQUITT,GA,39837,A,,,08/28/2020,09/18/2020,,MAILED,NO,NO,NO,1,1,002,011,154,PATA,00007,,00009,24,
MILLER,00620433,SAMMON,DONNA,DOLAN,,720,OAK DR, ,COLQUITT,GA,39837,720,OAK DR,,COLQUITT,GA,39837,A,,,08/18/2020,09/18/2020,,MAILED,NO,NO,NO,1,1,002,011,154,PATA,00012,,00005,66,
MILLER,00619067,KENNEDY,AGNES,L,,182,SEMINOLE COUNTY LINE RD, ,DONALSONVILLE,GA,39845,182,SEMINOLE COUNTY LINE ,,DONALSONVILLE,GA,39845,A,,,04/20/2020,,,MAILED,NO,NO,NO,,1,002,011,154,PATA,00004,,,,
MILLER,08241683,FREEMAN,CHELSEA,CECILE,,401,CUTHBERT ST N, ,COLQUITT,GA,39837-3524,355,JENNINGS MILL PARKWAY,APT 1125,ATHENS,GA,30606,A,,,08/31/2020,09/18/2020,,MAILED,NO,NO,NO,1,1,002,011,154,PATA,00015,,00001,88,
MILLER,00620070,SMITH,RONALD,QUINN,,855,MAYHAW RD, ,COLQUITT,GA,39837-7030,855,MAYHAW RD,,COLQUITT,GA,39837-7030,A,,,04/14/2020,,,MAILED,NO,NO,NO,,1,002,011,154,PATA,00006,,,,
MILLER,08312413,WILLIAMS,EDDIE,J,,206,GRACE ST, ,COLQUITT,GA,39837-3515,206,GRACE ST,,COLQUITT,GA,39837-3515,A,,,04/13/2020,,,MAILED,NO,NO,NO,1,1,002,011,154,PATA,00009,,,,
MILLER,00617927,CALLAN,G,PARKS,,1024,GA HIGHWAY 27 S, ,COLQUITT,GA,39837-5301,1024,GA HIGHWAY 27 S,,COLQUITT,GA,39837-5301,A,,,04/29/2020,,,MAILED,NO,NO,NO,,1,002,011,154,PATA,00003,,,,
MILLER,00619324,MERRITT,ROGER,W,,1193,BABCOCK RD, ,COLQUITT,GA,39837-5427,1193,BABCOCK RD,,COLQUITT,GA,39837-5427,A,,,08/28/2020,09/18/2020,,MAILED,NO,NO,NO,,1,002,011,154,PATA,00003,,00015,69,
MILLER,00732456,MCNEASE,GEORGE,FLOYD,,1790,GA HIGHWAY 91 N, ,COLQUITT,GA,39837,1790,GA HIGHWAY 91 N,,COLQUITT,GA,39837,A,,,04/14/2020,,,MAILED,NO,NO,NO,,1,002,011,154,PATA,00003,,,,
MILLER,00524057,CALHOUN,JO ANN,L,,195,TWILIGHT CHURCH RD, ,COLQUITT,GA,39837-6311,195,TWILIGHT CHURCH RD,,COLQUITT,GA,39837-6311,A,,,04/15/2020,,,MAILED,NO,NO,NO,,1,002,011,154,PATA,00004,,,,
MILLER,01614949,MURKERSON,REBECCA,REGAN,,1972,GRIGGS LUCILLE RD, ,BLAKELY,GA,39823-3064,1972,GRIGGS LUCILLE RD,,BLAKELY,GA,39823-3064,A,,,04/21/2020,,,MAILED,NO,NO,NO,,1,002,011,154,PATA,00006,,,,
MILLER,00618439,PHILLIPS,HILDA,,,1438,SHINGLER RD, ,DONALSONVILLE,GA,39845-2526,1438,SHINGLER RD,,DONALSONVILLE,GA,39845-2526,A,,,05/15/2020,,,MAILED,NO,NO,NO,,1,002,011,154,PATA,00004,,,,
MILLER,04749820,HORACE,SCOTT,WAYNE,,60,HARMONY RD, ,COLQUITT,GA,39837,60,HARMONY RD,,COLQUITT,GA,39837,A,,,09/03/2020,09/18/2020,,MAILED,NO,NO,NO,,1,002,011,154,PATA,00002,,00009,129,
MILLER,04919070,MILLS,JESSE,J,,735,KELLEY RD, ,COLQUITT,GA,39837-6708,735,KELLEY RD,,COLQUITT,GA,39837-6708,A,,,08/28/2020,09/18/2020,,MAILED,NO,NO,NO,,1,002,011,154,PATA,00002,,00003,28,
MILLER,00619935,SHEFFIELD,BETTY,N,,2136,PHILLIPSBURG RD, ,DAMASCUS,GA,39841-2008,2136,PHILLIPSBURG RD,,DAMASCUS,GA,39841-2008,A,,,04/13/2020,,,MAILED,NO,NO,NO,,1,002,011,154,PATA,00002,,,,
MILLER,10946397,LANE,LINDA,SWAN,,201,N 2ND ST, ,COLQUITT,GA,39837,,HALLEGATAN 15,,417 02 GOTHENBU,,,A,,,08/18/2020,09/16/2020,,ELECTRONIC,NO,NO,NO,1,1,002,011,154,PATA,00008,,00001,206,
MILLER,05965818,HAYES,TAMEKIA,NICOLE,,928,PHILLIPSBURG RD, ,COLQUITT,GA,39837,928,PHILLIPSBURG RD,,COLQUITT,GA,39837,A,,,08/28/2020,09/18/2020,,MAILED,NO,NO,NO,1,1,002,011,154,PATA,00007,,00006,18,
MILLER,01871246,ROBERTS,TAMMY,LYNE,,1261,MAYHAW RD, ,BLAKELY,GA,39823-3053,1261,MAYHAW RD,,BLAKELY,GA,39823-3053,A,,,09/11/2020,09/25/2020,,MAILED,NO,NO,NO,,1,002,011,154,PATA,00006,,00024,181,
MILLER,03702984,KELLY,GENEVA,DANIELS,,24,KELLY DR, ,DAMASCUS,GA,39841,24,KELLY DR,,DAMASCUS,GA,39841,A,,,09/08/2020,09/18/2020,,MAILED,NO,NO,NO,,1,002,011,154,PATA,00002,,00013,173,
MILLER,00618826,HOLLAND,JOANNE,G,,403,CUTHBERT ST S, ,COLQUITT,GA,39837-3906,403,CUTHBERT ST S,,COLQUITT,GA,39837,A,,,08/28/2020,09/18/2020,,MAILED,NO,NO,NO,1,1,002,011,154,PATA,00009,,00002,58,
MILLER,00620077,SNELL,DELOIS,B,,202,DANCER ST E, ,COLQUITT,GA,39837-3717,202,E DANCER ST,,COLQUITT,GA,39837-3717,A,,,08/28/2020,09/18/2020,,MAILED,NO,NO,NO,1,1,002,011,154,PATA,00007,,00002,9,
MILLER,00619283,MARSHALL,ROBERT,,JR,212,TAYLOR ST, ,COLQUITT,GA,39837-3726,212,TAYLOR ST,,COLQUITT,GA,39837-3726,A,,,08/28/2020,09/18/2020,,MAILED,NO,NO,NO,1,1,002,011,154,PATA,00007,,00013,43,
MILLER,01614746,ROBERTS,GERTRUDE,W,,21,KIRKLAND RD, ,COLQUITT,GA,39837-7303,21,KIRKLAND RD,,COLQUITT,GA,39837-7303,A,,,04/14/2020,,,MAILED,NO,NO,NO,,1,002,011,154,PATA,00004,,,,
MILLER,00619365,MILLER,GAIL,B,,73,MILLERVILLE RD, ,COLQUITT,GA,39837-4804,73,MILLERVILLE RD,,COLQUITT,GA,39837-4804,A,,,09/04/2020,09/18/2020,,MAILED,NO,NO,NO,,1,002,011,154,PATA,00003,,00037,149,
MILLER,08790777,ROLAND,JOSHUA,WEYMAN,,216,MAYHAW RD, ,COLQUITT,GA,39837,613,WATERSTONE DR,,MONTEVALLO,AL,35115,A,,,09/02/2020,09/18/2020,,MAILED,NO,NO,NO,,1,002,011,154,PATA,00006,,00011,110,
MILLER,05798188,HAYES,JOHN,HENRY,JR,928,PHILLIPSBURG RD, ,COLQUITT,GA,39837-6538,928,PHILLIPSBURG RD,,COLQUITT,GA,39837-6538,A,,,08/28/2020,09/18/2020,,MAILED,NO,NO,NO,1,1,002,011,154,PATA,00007,,00005,16,
MILLER,08618043,BOSTIC,KENNETH,EUGENE,,140,THELMA ST, ,COLQUITT,GA,39837-6332,140,THELMA ST,,COLQUITT,GA,39837-6332,A,,,08/28/2020,09/18/2020,,MAILED,NO,NO,NO,1,1,002,011,154,PATA,00007,,00010,30,
MILLER,10481513,HOLDEN,SHARLENE,RAE,,302,BREMOND ST, ,COLQUITT,GA,39837,302,BREMOND ST,,COLQUITT,GA,39837,A,,,08/28/2020,09/18/2020,,MAILED,NO,NO,NO,1,1,002,011,154,PATA,00012,,00006,72,
MILLER,00618260,DARLEY,SARA,MIDDLETON,,413,DELORES ST, ,COLQUITT,GA,39837-3508,413,DELORES ST,,COLQUITT,GA,39837-3508,A,,,04/13/2020,,,MAILED,NO,NO,NO,1,1,002,011,154,PATA,00009,,,,
MILLER,00617908,CALHOUN,JANICE,W,,1852,BELLVIEW RD, ,COLQUITT,GA,39837-4833,1852,BELLVIEW RD,,COLQUITT,GA,39837-4833,A,,,04/29/2020,,,MAILED,NO,NO,NO,,1,002,011,154,PATA,00003,,,,
MILLER,00618862,HOPSON,ENZIE,L,,269,GRIMSLEY BRIDGE RD, ,COLQUITT,GA,39837-7430,269,GRIMSLEY BRIDGE RD,,COLQUITT,GA,39837-7430,A,,,04/16/2020,,,MAILED,NO,NO,NO,,1,002,011,154,PATA,00004,,,,
MILLER,00619066,KELLY,WILMON,,,24,KELLY DR, ,DAMASCUS,GA,39841-2024,24,KELLY DR,,DAMASCUS,GA,39841-2024,A,,,09/08/2020,09/18/2020,,MAILED,NO,NO,NO,,1,002,011,154,PATA,00002,,00012,171,
MILLER,00618113,COOK,EVELYN,,,2648,GA HIGHWAY 91 N, ,COLQUITT,GA,39837-4634,2648,GA HIGHWAY 91 N,,COLQUITT,GA,39837-4634,A,,,04/14/2020,,,MAILED,NO,NO,NO,,1,002,011,154,PATA,00003,,,,
MILLER,08088725,PHILLIPS,LYNN,D,,14,GRIMSLEY RD, ,COLQUITT,GA,39837-7307,14,GRIMSLEY RD,,COLQUITT,GA,39837-7307,A,,,05/29/2020,,,MAILED,NO,NO,NO,,1,002,011,154,PATA,00004,,,,
MILLER,00617747,BRIDLEY,WILLIE,MAXINE,,32,GRIFFIN SHEFFIELD RD, ,COLQUITT,GA,39837,32,GRIFFIN SHEFFIELD RD,,COLQUITT,GA,39837,A,,,09/03/2020,09/18/2020,,MAILED,NO,NO,NO,,1,002,011,154,PATA,00002,,00010,134,
MILLER,10830413,SHEFFIELD,MARGARET,ANN,,2086,GA HIGHWAY 91 N, ,COLQUITT,GA,39837,2086,GA HIGHWAY 91 N,,COLQUITT,GA,39837,A,,,04/15/2020,,,MAILED,NO,NO,NO,,1,002,011,154,PATA,00003,,,,
MILLER,03539663,JONES,BROWNIE,ANDREWS,,1102,WHITES BRIDGE RD, ,COLQUITT,GA,39837-5514,1102,WHITES BRIDGE RD,,COLQUITT,GA,39837-5514,A,,,08/28/2020,09/18/2020,,MAILED,NO,NO,NO,,1,002,011,154,PATA,00003,,00006,29,
MILLER,10718411,BONDS,LILLIE,L.,,206,GRACE ST, ,COLQUITT,GA,39837,206,GRACE ST,,COLQUITT,GA,39837,A,,,04/13/2020,,,MAILED,NO,NO,NO,1,1,002,011,154,PATA,00009,,,,
MILLER,07549854,JOHNSON,WILLIE,JOHN,JR,945,GRADY COBB RD, ,DONALSONVILLE,GA,39845-2827,945,GRADY COBB RD,,DONALSONVILLE,GA,39845-2827,A,,,08/28/2020,09/18/2020,,MAILED,NO,NO,NO,,1,002,011,154,PATA,00004,,00011,53,
MILLER,00619145,LASHLEY,CYNTHIA,DIANNA,,212,W PINE ST, ,COLQUITT,GA,39837-3532,212,W PINE ST,,COLQUITT,GA,39837-3532,A,,,09/15/2020,09/25/2020,,MAILED,NO,NO,NO,1,1,002,011,154,PATA,00009,,00010,205,
MILLER,06902221,HORACE,TIFFANY,MICHELLE,,60,HARMONY RD, ,COLQUITT,GA,39837-6618,60,HARMONY RD,,COLQUITT,GA,39837-6618,A,,,09/11/2020,09/25/2020,,MAILED,NO,NO,NO,,1,002,011,154,PATA,00002,,00016,185,
MILLER,06648510,COLLIER,GEORGE,EDWARD,,1294,GA HIGHWAY 45 S, ,IRON CITY,GA,39859-2004,1294,GA HIGHWAY 45 S,,IRON CITY,GA,39859-2004,A,,,09/08/2020,09/18/2020,,MAILED,NO,NO,NO,,1,002,011,154,PATA,00004,,00044,172,
MILLER,00619316,MERRITT,HELGA,M,,1193,BABCOCK RD, ,COLQUITT,GA,39837-5427,1193,BABCOCK RD,,COLQUITT,GA,39837-5427,A,,,08/28/2020,09/18/2020,,MAILED,NO,NO,NO,,1,002,011,154,PATA,00003,,00014,68,
MILLER,00619120,LANE,GWENDOLYN,L,,206,N 2ND ST, ,COLQUITT,GA,39837-3738,206,N 2ND ST,,COLQUITT,GA,39837-3738,A,,,09/01/2020,09/18/2020,,MAILED,NO,NO,NO,1,1,002,011,154,PATA,00008,,00015,106,
MILLER,04518320,SALTER,ETOSHA,LANORA,,352,WHITES BRIDGE RD, ,COLQUITT,GA,39837-7621,,PO BOX 203,,BAINBRIDGE,GA,39818-0203,A,,,09/04/2020,09/18/2020,,MAILED,NO,NO,NO,,1,002,011,154,PATA,00004,,00034,146,
MILLER,00618821,HODGE,JOHNNY,L,,770,TWILIGHT CHURCH RD, ,COLQUITT,GA,39837,770,TWILIGHT CHURCH RD,,COLQUITT,GA,39837,A,,,08/28/2020,09/18/2020,,MAILED,NO,NO,NO,,1,002,011,154,PATA,00004,,00008,36,
MILLER,00618019,CLEMENTS,BEVERLY,ANN,,238,DREW FLOYD RD, ,COLQUITT,GA,39837-7407,238,DREW FLOYD RD,,COLQUITT,GA,39837-7407,A,,,04/20/2020,,,MAILED,NO,NO,NO,,1,002,011,154,PATA,00004,,,,
MILLER,00620467,WILLIAMS,SARA,P,,41,J M MCNEASE LN, ,COLQUITT,GA,39837,41,J M MCNEASE LN,,COLQUITT,GA,39837,A,,,04/15/2020,,,MAILED,NO,NO,NO,,1,002,011,154,PATA,00003,,,,
MILLER,00617655,BELL,ANNIE,D,,109,DANCER ST E, ,COLQUITT,GA,39837-3742,109,DANCER ST E,,COLQUITT,GA,39837-3742,A,,,08/31/2020,09/18/2020,,MAILED,NO,NO,NO,1,1,002,011,154,PATA,00008,,00014,100,
MILLER,00619918,SCREEN,BARBARA,ANN,,1386,JOHNNY FREEMAN RD, ,COLQUITT,GA,39837-5736,1386,JOHNNY FREEMAN RD,,COLQUITT,GA,39837-5736,A,,,08/28/2020,09/18/2020,,MAILED,NO,NO,NO,,1,002,011,154,PATA,00003,,00009,45,
MILLER,00620362,WHITAKER,RONALD,W,,23,SPRING CREEK DR, ,COLQUITT,GA,39837,23,SPRING CREEK DR,,COLQUITT,GA,39837,A,,,04/16/2020,,,MAILED,NO,NO,NO,,1,002,011,154,PATA,00004,,,,
MILLER,10718437,ADAMS,CRAIG,T,,206,GRACE ST, ,COLQUITT,GA,39837,206,GRACE ST,,COLQUITT,GA,39837,A,,,04/13/2020,,,MAILED,NO,NO,NO,1,1,002,011,154,PATA,00009,,,,
MILLER,00618409,EVERSON,GAIL,P,,191,THOMPSON TOWN RD, ,COLQUITT,GA,39837-5226,191,THOMPSON TOWN RD,,COLQUITT,GA,39837-5226,A,,,04/21/2020,,,MAILED,NO,NO,NO,,1,002,011,154,PATA,00003,,,,
MILLER,00619968,SHEFFIELD,SHIRLEY,M,,883,TWILIGHT CHURCH RD, ,COLQUITT,GA,39837,883,TWILIGHT CHURCH RD,,COLQUITT,GA,39837,A,,,09/08/2020,09/18/2020,,MAILED,NO,NO,NO,,1,002,011,154,PATA,00004,,00042,169,
MILLER,00619769,RICHARDSON,ALLIE,MAE,,185,WALLACE NEWBERRY RD, ,COLQUITT,GA,39837,185,WALLACE NEWBERRY RD,,COLQUITT,GA,39837,A,,,04/16/2020,,,MAILED,NO,NO,NO,,1,002,011,154,PATA,00006,,,,
MILLER,00619374,MILLER,JOHNNY,,,73,MILLERVILLE RD, ,COLQUITT,GA,39837-4804,73,MILLERVILLE RD,,COLQUITT,GA,39837-4804,A,,,09/04/2020,09/18/2020,,MAILED,NO,NO,NO,,1,002,011,154,PATA,00003,,00036,148,
MILLER,02245875,TITTLE,MOLLY,SUE,,1420,GA HIGHWAY 27 S, ,COLQUITT,GA,39837-5309,1420,GA HIGHWAY 27 S,,COLQUITT,GA,39837-5309,A,,,04/13/2020,,,MAILED,NO,NO,NO,,1,002,011,154,PATA,00003,,,,
MILLER,01614259,WILLIAMS,CYNTHIA,MOTE,,106,WILKIN RD, ,COLQUITT,GA,39837,106,WILKIN RD,,COLQUITT,GA,39837,A,,,09/07/2020,09/18/2020,,MAILED,NO,NO,NO,,1,002,011,154,PATA,00006,,00016,164,
MILLER,11922678,CROOM,ROBIN,ELIZABETH,,2330,GA HIGHWAY 91 S, ,DONALSONVILLE,GA,39845,2330,GA HIGHWAY 91 S,,DONALSONVILLE,GA,39845,A,,,04/16/2020,,,MAILED,NO,NO,NO,,1,002,011,154,PATA,00004,,,,
MILLER,04955540,CARTER,BRENDA,,,53,PERRY ST, ,COLQUITT,GA,39837-6206,53,PERRY ST,,COLQUITT,GA,39837-6206,A,,,05/01/2020,,,MAILED,NO,NO,NO,1,1,002,011,154,PATA,00007,,,,
MILLER,04065670,REEVES,APRIL,R,,104,BABCOCK ST, ,COLQUITT,GA,39837-3853,,PO BOX 303,,COLQUITT,GA,39837-0303,A,,,09/12/2020,09/25/2020,,MAILED,NO,NO,NO,1,1,002,011,154,PATA,00007,,00020,196,
MILLER,08904544,TABB,PAUL,ANTHONY,,585,NEWBERRY CHAMBERS RD, ,COLQUITT,GA,39837,585,NEWBERRY CHAMBERS RD,,COLQUITT,GA,39837,A,,,09/02/2020,09/18/2020,,MAILED,NO,NO,NO,,1,002,011,154,PATA,00006,,00012,113,
MILLER,08011338,BROCK,DAVID,LAMAR,,965,GA HIGHWAY 91 N, ,COLQUITT,GA,39837,965,GA HIGHWAY 91 N,,COLQUITT,GA,39837,A,,,09/03/2020,09/18/2020,,MAILED,NO,NO,NO,,1,002,011,154,PATA,00003,,00031,132,
MILLER,00619199,LOVERING,CAPPIE LOUISE,MUSGROVE,,514,CUTHBERT ST N, ,COLQUITT,GA,39837-3525,514,CUTHBERT ST N,,COLQUITT,GA,39837-3525,A,,,04/13/2020,,,MAILED,NO,NO,NO,1,1,002,011,154,PATA,00009,,,,
MILLER,10009614,WILLIAMS,CHARLIE,MAE,,2651,GA HIGHWAY 91 S, ,DONALSONVILLE,GA,39845,2651,GA HIGHWAY 91 S,,DONALSONVILLE,GA,39845,A,,,08/28/2020,09/18/2020,,MAILED,NO,NO,NO,,1,002,011,154,PATA,00004,,00012,56,
MILLER,11297444,GRIMSLEY,SYDELL,,,1258,GA HIGHWAY 45 N, ,COLQUITT,GA,39837,1258,GA HIGHWAY 45 N,,COLQUITT,GA,39837,A,,,08/28/2020,09/18/2020,,MAILED,NO,NO,NO,,1,002,011,154,PATA,00006,,00003,50,
MILLER,00620426,WILLIAMS,CATHELENE,L,,102,GLASS RD, ,DONALSONVILLE,GA,39845-2906,102,GLASS RD,,DONALSONVILLE,GA,39845-2906,A,,,04/16/2020,,,MAILED,NO,NO,NO,,1,002,011,154,PATA,00006,,,,
MILLER,00620212,TOLIVER,MILDRED,A,,352,WHITES BRIDGE RD, ,COLQUITT,GA,39837-7621,352,WHITES BRIDGE RD,,COLQUITT,GA,39837-7621,A,,,09/04/2020,09/18/2020,,MAILED,NO,NO,NO,,1,002,011,154,PATA,00004,,00035,147,
MILLER,11790280,WARREN,ABIGAIL,RAYE,,375,ADAMS POWELL RD, ,COLQUITT,GA,39837,,1501 MERCER UNIVERSITY ,,MACON,GA,31207,A,,,09/10/2020,09/18/2020,,MAILED,NO,NO,NO,,1,002,011,154,PATA,00003,,00043,177,
MILLER,00619768,REYNOLDS,SIDNEY,W,,87,OLD AIRPORT RD, ,COLQUITT,GA,39837,87,OLD AIRPORT RD,,COLQUITT,GA,39837,A,,,09/03/2020,09/18/2020,,MAILED,NO,NO,NO,,1,002,011,154,PATA,00003,,00029,126,
MILLER,00618721,HAYS,LAURA,MILES,,723,GA HIGHWAY 45 N, ,COLQUITT,GA,39837,,PO BOX 127,,COLQUITT,GA,39837-0127,A,,,04/14/2020,,,MAILED,NO,NO,NO,,1,002,011,154,PATA,00006,,,,
MILLER,00617628,BAILEY,KATHY,S,,1184,GA HIGHWAY 27 S, ,COLQUITT,GA,39837-5302,1184,GA HIGHWAY 27 S,,COLQUITT,GA,39837-5302,A,,,04/14/2020,,,MAILED,NO,NO,NO,,1,002,011,154,PATA,00003,,,,
MILLER,12799717,PEARCE,ALYSSA,LYNN,,1940,PHILLIPSBURG RD, ,COLQUITT,GA,39837,1940,PHILLIPSBURG RD,,COLQUITT,GA,39837,A,,,09/11/2020,09/25/2020,,MAILED,NO,NO,NO,,1,002,011,154,PATA,00002,,00014,183,
MILLER,11174836,MOATES,HAZEL,JANETTE,,85,GLASS RD, ,DONALSONVILLE,GA,39845,,PO BOX 414,,DONALSONVILLE,GA,39845-0414,A,,,05/15/2020,,,MAILED,NO,NO,NO,,1,002,011,154,PATA,00004,,,,
MILLER,00618404,EVANS,JAMES,MARTIN,,1245,MAYHAW RD, ,BLAKELY,GA,39823-3105,1245,MAYHAW RD,,BLAKELY,GA,39823-3105,A,,,04/14/2020,,,MAILED,NO,NO,NO,,1,002,011,154,PATA,00006,,,,
MILLER,00289435,SYKES,WILLIAM,R,JR,156,PERRY ST,APT 102,COLQUITT,GA,39837,156,PERRY ST,APT 102,COLQUITT,GA,39837,A,,,09/04/2020,09/18/2020,,MAILED,NO,NO,NO,1,1,002,011,154,PATA,00007,,00018,152,
MILLER,10731078,EVERSON,EUNICE,M.,,204,W PINE ST, ,COLQUITT,GA,39837,204,W PINE ST,,COLQUITT,GA,39837,A,,,04/24/2020,,,MAILED,NO,NO,NO,1,1,002,011,154,PATA,00009,,,,
MILLER,07755019,KING,EVELYN,BURKE,,1350,JOHNNY FREEMAN RD, ,COLQUITT,GA,39837-5736,1350,JOHNNY FREEMAN RD,,COLQUITT,GA,39837-5736,A,,,08/28/2020,09/18/2020,,MAILED,NO,NO,NO,,1,002,011,154,PATA,00003,,00017,74,
MILLER,08471193,BURKES,CASSANDRA,MARIE,,1382,JOHNNY FREEMAN RD, ,COLQUITT,GA,39837-5736,1382,JOHNNY FREEMAN RD,,COLQUITT,GA,39837-5736,A,,,09/04/2020,09/18/2020,,MAILED,NO,NO,NO,,1,002,011,154,PATA,00003,,00034,140,
MILLER,07129582,MILES,ROSE,MARY ROBINSON,,158,GRADY COBB RD, ,DONALSONVILLE,GA,39845,158,GRADY COBB RD,,DONALSONVILLE,GA,39845,A,,,09/06/2020,09/18/2020,,MAILED,NO,NO,NO,,1,002,011,154,PATA,00004,,00040,162,
MILLER,03744060,ALLEN,JIMMY,JAMES,,397,BUSH ST E, ,COLQUITT,GA,39837,397,BUSH ST E,,COLQUITT,GA,39837,A,,,09/04/2020,09/18/2020,,MAILED,NO,NO,NO,1,1,002,011,154,PATA,00012,,00009,138,
MILLER,12570266,GRANT,EDDIE,WILL,SR,351,N 2ND ST, ,COLQUITT,GA,39837,351,N 2ND ST,,COLQUITT,GA,39837,A,,,08/28/2020,09/18/2020,,MAILED,NO,NO,NO,1,1,002,011,154,PATA,00008,,00004,33,
MILLER,04924722,DOVE,JOSEPH,CALVIN,,554,E MAIN ST,LOT A,COLQUITT,GA,39837,554,E MAIN ST,LOT A,COLQUITT,GA,39837,A,,,04/14/2020,,,MAILED,NO,NO,NO,1,1,002,011,154,PATA,00011,,,,
MILLER,00618052,CLEVELAND,L,N,,176,HARMONY RD, ,COLQUITT,GA,39837,176,HARMONY RD,,COLQUITT,GA,39837,A,,,04/14/2020,,,MAILED,NO,NO,NO,,1,002,011,154,PATA,00002,,,,
MILLER,05907829,HARPER,TOMMY,LENTRICE,,1190,WHITES BRIDGE RD, ,COLQUITT,GA,39837-5514,1190,WHITES BRIDGE RD,,COLQUITT,GA,39837-5514,A,,,08/31/2020,09/18/2020,,MAILED,NO,NO,NO,,1,002,011,154,PATA,00003,,00024,94,
MILLER,07738086,KIMBLE,FRANK,,JR,588,TWILIGHT CHURCH RD, ,COLQUITT,GA,39837-7533,588,TWILIGHT CHURCH RD,,COLQUITT,GA,39837-7533,A,,,08/28/2020,09/18/2020,,MAILED,NO,NO,NO,,1,002,011,154,PATA,00004,,00002,6,
MILLER,00619406,RICE,LINDA,FAYE,,362,JETERVILLE RD, ,COLQUITT,GA,39837,362,JETERVILLE RD,,COLQUITT,GA,39837-6522,A,,,09/02/2020,09/18/2020,,MAILED,NO,NO,NO,,1,002,011,154,PATA,00006,,00014,122,
MILLER,00620274,WADE,HARRELL,A,,509,S 1ST ST, ,COLQUITT,GA,39837-3916,509,S 1ST ST,,COLQUITT,GA,39837-3916,A,,,04/13/2020,,,MAILED,NO,NO,NO,1,1,002,011,154,PATA,00012,,,,
MILLER,00618928,JAY,MELVIN,CURTIS,,107,BIRD ST, ,COLQUITT,GA,39837,107,BIRD ST,,COLQUITT,GA,39837,A,,,04/13/2020,,,MAILED,NO,NO,NO,1,1,002,011,154,PATA,00009,,,,
MILLER,00728533,BUCKHAULTER,ESTHER,F,,2328,GA HIGHWAY 91 S, ,DONALSONVILLE,GA,39845,2328,GA HIGHWAY 91 S,,DONALSONVILLE,GA,39845,A,,,04/24/2020,,,MAILED,NO,NO,NO,,1,002,011,154,PATA,00004,,,,
MILLER,04938512,MILLER,JERRY,,,316,BETHEL ST, ,COLQUITT,GA,39837-3804,316,BETHEL ST,,COLQUITT,GA,39837-3804,A,,,08/31/2020,09/18/2020,,MAILED,NO,NO,NO,1,1,002,011,154,PATA,00008,,00012,97,
MILLER,00620179,THOMAS,CARLTON,O,,845,ENTERPRISE RD, ,COLQUITT,GA,39837,845,ENTERPRISE RD,,COLQUITT,GA,39837,A,,,05/15/2020,,,MAILED,NO,NO,NO,,1,002,011,154,PATA,00004,,,,
MILLER,00618916,JACKSON,CHARLES,DOUGLAS,,250,WASHINGTON ST, ,COLQUITT,GA,39837,250,WASHINGTON ST,,COLQUITT,GA,39837-3731,A,,,08/28/2020,09/18/2020,,MAILED,NO,NO,NO,1,1,002,011,154,PATA,00008,,00001,15,
MILLER,07085063,MILLER,BRANDON,GERROD,,1124,WHITES BRIDGE RD, ,COLQUITT,GA,39837,1124,WHITES BRIDGE RD,LOT # D,COLQUITT,GA,39837,A,,,09/05/2020,09/18/2020,,MAILED,NO,NO,NO,,1,002,011,154,PATA,00003,,00041,160,
MILLER,08018012,JACKSON,GLENN,,,600,MARTIN LUTHER KING JR ST N, ,COLQUITT,GA,39837-3812,,PO BOX 422,,COLQUITT,GA,39837-0422,A,,,08/28/2020,09/18/2020,,MAILED,NO,NO,NO,1,1,002,011,154,PATA,00007,,00004,12,
MILLER,00618231,CUTCHEN,WILLIAM,T,,1040,BRINSON RD, ,COLQUITT,GA,39837-9786,1040,BRINSON RD,,COLQUITT,GA,39837-9786,A,,,04/27/2020,,,MAILED,NO,NO,NO,,1,002,011,154,PATA,00004,,,,
MILLER,00618232,CUTCHEN,WYNELLE,K,,1040,BRINSON RD, ,COLQUITT,GA,39837-9786,1040,BRINSON RD,,COLQUITT,GA,39837-9786,A,,,04/27/2020,,,MAILED,NO,NO,NO,,1,002,011,154,PATA,00004,,,,
MILLER,01614222,TABB,FERRELL,,,1661,PHILLIPSBURG RD, ,COLQUITT,GA,39837,1661,PHILLIPSBURG RD,,COLQUITT,GA,39837,A,,,04/16/2020,,,MAILED,NO,NO,NO,,1,002,011,154,PATA,00002,,,,
MILLER,11804779,TRIVELY,ZANE,ALEXANDER,,358,CUTHBERT ST S, ,COLQUITT,GA,39837,1700,WADE HAMPTON ,,GREENVILLE,SC,29614,A,,,08/28/2020,09/18/2020,,MAILED,NO,NO,NO,1,1,002,011,154,PATA,00009,,00003,59,
MILLER,07114517,BURKE,ANNIE,RUTH,,1360,JOHNNY FREEMAN RD, ,COLQUITT,GA,39837-5736,1360,JOHNNY FREEMAN RD,,COLQUITT,GA,39837-5736,A,,,09/04/2020,09/18/2020,,MAILED,NO,NO,NO,,1,002,011,154,PATA,00003,,00033,139,
MILLER,08244634,MCNEASE,PATSY,DARNELL,,1529,AVENUE RD, ,COLQUITT,GA,39837,1529,AVENUE RD,,COLQUITT,GA,39837,A,,,04/13/2020,,,MAILED,NO,NO,NO,,1,002,011,154,PATA,00002,,,,
MILLER,12241729,SMULLEN,NADINE,WORTHY,,1529,AVENUE RD, ,COLQUITT,GA,39837,1529,AVENUE RD,,COLQUITT,GA,39837,A,,,04/14/2020,,,MAILED,NO,NO,NO,,1,002,011,154,PATA,00002,,,,
MILLER,00618443,FREEMAN,CLAUDINE,,,368,DAVISTOWN RD, ,COLQUITT,GA,39837-6925,368,DAVISTOWN RD,,COLQUITT,GA,39837-6925,A,,,04/21/2020,,,MAILED,NO,NO,NO,,1,002,011,154,PATA,00006,,,,
MILLER,07742623,KIMBLE,DEBRA,SHAYREE,,33,PATTERSON CIR, ,COLQUITT,GA,39837,33,PATTERSON CIR,,COLQUITT,GA,39837,A,,,09/08/2020,09/18/2020,,MAILED,NO,NO,NO,,1,002,011,154,PATA,00004,,00043,170,
MILLER,00619872,ROLAND,JERRY,G,,1385,GRIMSLEY BRIDGE RD, ,COLQUITT,GA,39837-7100,1385,GRIMSLEY BRIDGE RD,,COLQUITT,GA,39837-7100,A,,,04/22/2020,,,MAILED,NO,NO,NO,,1,002,011,154,PATA,00004,,,,
MILLER,10933639,GRANT,DOROTHY,DIANE,,202,N 2ND ST, ,COLQUITT,GA,39837,202,N 2ND ST,,COLQUITT,GA,39837,A,,,08/31/2020,09/18/2020,,MAILED,NO,NO,NO,1,1,002,011,154,PATA,00008,,00011,92,
MILLER,00940750,LEONARD,KYRSTAL,JENDELL,,509,MARTIN LUTHER KING JR ST N, ,COLQUITT,GA,39837-3806,509,MARTIN LUTHER KING ,,COLQUITT,GA,39837-3806,A,,,08/28/2020,09/18/2020,,MAILED,NO,NO,NO,1,1,002,011,154,PATA,00008,,00006,37,
MILLER,00618475,GEORGE,TERRIE,L,,19,NIX RD, ,COLQUITT,GA,39837-4808,19,NIX RD,,COLQUITT,GA,39837-4808,A,,,09/14/2020,09/25/2020,,MAILED,NO,NO,NO,,1,002,011,154,PATA,00003,,00046,198,
MILLER,06022199,LANE,BONNIE,EAKIN,,285,LANE RD, ,COLQUITT,GA,39837-7310,285,LANE RD,,COLQUITT,GA,39837-7310,A,,,09/03/2020,09/18/2020,,MAILED,NO,NO,NO,,1,002,011,154,PATA,00004,,00031,136,
MILLER,07855878,TABB,ROBERT,RUSS,,364,N EARLY COUNTY LINE RD, ,COLQUITT,GA,39837-6119,364,N EARLY COUNTY LINE ,,COLQUITT,GA,39837-6119,A,,,09/11/2020,09/25/2020,,MAILED,NO,NO,NO,,1,002,011,154,PATA,00006,,00025,186,
MILLER,04879753,GADSON,BRIDGETTE,LASHON,,19,MARTIN LN, ,COLQUITT,GA,39837,19,MARTIN LN,,COLQUITT,GA,39837,A,,,09/02/2020,09/18/2020,,MAILED,NO,NO,NO,,1,002,011,154,PATA,00003,,00027,118,
MILLER,12592525,REYNOLDS,DEBRA,MERRITT,,87,OLD AIRPORT RD, ,COLQUITT,GA,39837,87,OLD AIRPORT RD,,COLQUITT,GA,39837,A,,,09/03/2020,09/18/2020,,MAILED,NO,NO,NO,,1,002,011,154,PATA,00003,,00030,128,
MILLER,00618021,CLEMENTS,DAVID,B,,238,DREW FLOYD RD, ,COLQUITT,GA,39837-7407,238,DREW FLOYD RD,,COLQUITT,GA,39837-7407,A,,,04/20/2020,,,MAILED,NO,NO,NO,,1,002,011,154,PATA,00004,,,,
MILLER,10226442,O'HEARN,REID,LANDEN,,1108,GRADY COBB RD, ,DONALSONVILLE,GA,39845,143,SHAWNEE PLACE,,LEXINGTON,KY,40503,A,,,08/28/2020,09/18/2020,,MAILED,NO,NO,NO,,1,002,011,154,PATA,00004,,00016,71,
MILLER,04887833,PITTMAN,WYLENE,C,,250,WASHINGTON ST, ,COLQUITT,GA,39837-3731,250,WASHINGTON ST,,COLQUITT,GA,39837-3731,A,,,08/28/2020,09/18/2020,,MAILED,NO,NO,NO,1,1,002,011,154,PATA,00008,,00002,19,
MILLER,08627041,SULLIVAN,WILLIAM,DONALD,,130,CROOKED OAK LN, ,COLQUITT,GA,39837-6548,130,CROOKED OAK LN,,COLQUITT,GA,39837-6548,A,,,04/13/2020,,,MAILED,NO,NO,NO,1,1,002,011,154,PATA,00013,,,,
MILLER,00619639,PHILLIPS,MARTINE,,,2491,AVENUE RD, ,DAMASCUS,GA,39841,2491,AVENUE RD,,DAMASCUS,GA,39841,A,,,04/10/2020,,,MAILED,NO,NO,NO,,1,002,011,154,PATA,00002,,,,
MILLER,05648972,MILLER,MELINDA,RENE,,1392,JOHNNY FREEMAN RD, ,COLQUITT,GA,39837-5736,1392,JOHNNY FREEMAN RD,,COLQUITT,GA,39837-5736,A,,,08/18/2020,09/18/2020,,MAILED,NO,NO,NO,,1,002,011,154,PATA,00003,,00012,63,
MILLER,00619421,MOCK,BARBARA,R,,328,CLEVELAND RD, ,COLQUITT,GA,39837,328,CLEVELAND RD,,COLQUITT,GA,39837,A,,,04/15/2020,,,MAILED,NO,NO,NO,,1,002,011,154,PATA,00002,,,,
MILLER,01614948,MURKERSON,LAWSON,,,1972,GRIGGS LUCILLE RD, ,BLAKELY,GA,39823-3064,1972,GRIGGS LUCILLE RD,,BLAKELY,GA,39823-3064,A,,,04/08/2020,,,MAILED,NO,NO,NO,,1,002,011,154,PATA,00006,,,,
MILLER,00619477,MOULTON,EDWARD,JERRY,,1492,SHINGLER RD, ,DONALSONVILLE,GA,39845,1492,SHINGLER RD,,DONALSONVILLE,GA,39845,A,,,04/16/2020,,,MAILED,NO,NO,NO,,1,002,011,154,PATA,00004,,,,
MILLER,00619465,BURR,AMY,M,,1406,GA HIGHWAY 27 S, ,COLQUITT,GA,39837-5309,1406,GA HIGHWAY 27 S,,COLQUITT,GA,39837-5309,A,,,05/04/2020,,,MAILED,NO,NO,NO,,1,002,011,154,PATA,00003,,,,
MILLER,00618207,COX,MARY,FRANCES,,308,DELORES ST, ,COLQUITT,GA,39837-3506,308,DELORES ST,,COLQUITT,GA,39837-3506,A,,,04/16/2020,,,MAILED,NO,NO,NO,1,1,002,011,154,PATA,00009,,,,
MILLER,05387108,SHULER,ALETHIA,ANDREAL,,314,DANCER ST E, ,COLQUITT,GA,39837,314,DANCER ST E,,COLQUITT,GA,39837,A,,,08/28/2020,09/18/2020,,MAILED,NO,NO,NO,1,1,002,011,154,PATA,00008,,00010,55,
MILLER,07954999,MILLER,NATALIE,NICOLE,,1392,JOHNNY FREEMAN RD, ,COLQUITT,GA,39837-5736,1392,JOHNNY FREEMAN RD,,COLQUITT,GA,39837-5736,A,,,08/19/2020,09/18/2020,,MAILED,NO,NO,NO,,1,002,011,154,PATA,00003,,00011,61,
MILLER,00618775,HENLEY,WILLIAM,RAY,,321,COX RD, ,COLQUITT,GA,39837-6700,321,COX RD,,COLQUITT,GA,39837-6700,A,,,09/02/2020,09/18/2020,,MAILED,NO,NO,NO,,1,002,011,154,PATA,00002,,00008,112,
MILLER,00947606,MCQUEEN,DONNIS,GAY,,206,GRACE ST, ,COLQUITT,GA,39837,206,GRACE ST,,COLQUITT,GA,39837,A,,,04/13/2020,,,MAILED,NO,NO,NO,1,1,002,011,154,PATA,00009,,,,
MILLER,06151363,VAN-METER,DOUGLAS,GARY,,962,ENTERPRISE RD, ,COLQUITT,GA,39837-7219,962,ENTERPRISE RD,,COLQUITT,GA,39837-7219,A,,,05/28/2020,,,MAILED,NO,NO,NO,,1,002,011,154,PATA,00006,,,,
MILLER,08502308,CROZIER,AMY,GRIMSLEY,,861,GRIMSLEY BRIDGE RD, ,COLQUITT,GA,39837-7340,861,GRIMSLEY BRIDGE RD,,COLQUITT,GA,39837-7340,A,,,09/04/2020,09/18/2020,,MAILED,NO,NO,NO,,1,002,011,154,PATA,00004,,00036,154,
MILLER,03713754,WILLIAMS,VIOLA,DENISE,,369,PHILLIPS ST, ,COLQUITT,GA,39837-5120,,PO BOX 271,,COLQUITT,GA,39837-0271,A,,,09/02/2020,09/18/2020,,MAILED,NO,NO,NO,1,1,002,011,154,PATA,00007,,00014,117,
MILLER,10388855,HUNT,JESSIE,LEE,,49,PATTERSON CIR, ,COLQUITT,GA,39837,49,PATTERSON CIR,,COLQUITT,GA,39837,A,,,09/04/2020,09/18/2020,,MAILED,NO,NO,NO,,1,002,011,154,PATA,00004,,00032,141,
MILLER,12569685,GARCIA,JESSE,JEROME,,109,RAIL RD, ,COLQUITT,GA,39837,109,RAIL RD,,COLQUITT,GA,39837,A,,,08/28/2020,09/18/2020,,MAILED,NO,NO,NO,,1,002,011,154,PATA,00006,,00004,51,
MILLER,07537741,WALKER,MILDRED,DENISE,,735,E MAIN ST, ,COLQUITT,GA,39837,735,E MAIN ST,,COLQUITT,GA,39837,A,,,08/31/2020,09/18/2020,,MAILED,NO,NO,NO,1,1,002,011,154,PATA,00010,,00002,99,
MILLER,04436097,URLING,GINA,LATONDA,,735,KELLEY RD, ,COLQUITT,GA,39837-6708,735,KELLEY RD,,COLQUITT,GA,39837-6708,A,,,04/16/2020,,,MAILED,NO,NO,NO,,1,002,011,154,PATA,00002,,,,
MILLER,00577242,SHEFFIELD,TOMMY,F,,2086,GA HIGHWAY 91 N, ,COLQUITT,GA,39837-6728,2086,GA HIGHWAY 91 N,,COLQUITT,GA,39837-6728,A,,,04/15/2020,,,MAILED,NO,NO,NO,,1,002,011,154,PATA,00003,,,,
MILLER,00619393,MILLER,SHIRLEY,E,,464,GRADY COBB RD, ,DONALSONVILLE,GA,39845-2608,464,GRADY COBB RD,,DONALSONVILLE,GA,39845-2608,A,,,04/15/2020,,,MAILED,NO,NO,NO,,1,002,011,154,PATA,00004,,,,
MILLER,00617661,BELL,MATTIE,L,,311,DANCER ST E, ,COLQUITT,GA,39837-3736,311,E DANCER ST,,COLQUITT,GA,39837-3736,A,,,08/28/2020,09/18/2020,,MAILED,NO,NO,NO,1,1,002,011,154,PATA,00008,,00009,47,
MILLER,00732133,WHITTAKER,CAROL,YVONNE,,2228,GA HIGHWAY 91 S, ,DONALSONVILLE,GA,39845,2228,GA HIGHWAY 91 S,,DONALSONVILLE,GA,39845,A,,,04/14/2020,09/18/2020,,MAILED,NO,NO,NO,,1,002,011,154,PATA,00004,,00028,130,
MILLER,10098651,LAWHORN,TAYLOR,JOANNA,,373,BUSH ST E,UNIT 107,COLQUITT,GA,39837,517,WATSON MILL RD,,COMER,GA,30629,A,,,09/11/2020,09/25/2020,,MAILED,NO,NO,NO,1,1,002,011,154,PATA,00012,,00011,192,
MILLER,11895728,CURLES,BRYCEN,XAVIER,,1669,BRINSON RD, ,COLQUITT,GA,39837,,PO BOX 152,,COLQUITT,GA,39837-0152,A,,,09/15/2020,09/25/2020,,MAILED,NO,NO,NO,,1,002,011,154,PATA,00004,,00048,203,
MILLER,00619996,BULLARD,EMMA,L,,111,BREMOND ST, ,COLQUITT,GA,39837,111,BREMOND ST,,COLQUITT,GA,39837,A,,,09/03/2020,09/18/2020,,MAILED,NO,NO,NO,1,1,002,011,154,PATA,00012,,00008,124,
MILLER,00620101,STAFFORD,WILMER,H,,98,MAYHAW RD, ,COLQUITT,GA,39837-7032,98,MAYHAW RD,,COLQUITT,GA,39837-7032,A,,,04/15/2020,,,MAILED,NO,NO,NO,,1,002,011,154,PATA,00006,,,,
MILLER,00618050,CLEVELAND,ESTHER,L,,710,GA HIGHWAY 27 N, ,COLQUITT,GA,39837-5929,710,GA HIGHWAY 27 N,,COLQUITT,GA,39837-5929,A,,,09/16/2020,09/25/2020,,MAILED,NO,NO,NO,1,1,002,011,154,PATA,00009,,00011,212,
MILLER,06438914,MILLER,COURTNEY,MOTEN,,341,PHILLIPS ST, ,COLQUITT,GA,39837,341,PHILLIPS ST,,COLQUITT,GA,39837,A,,,08/28/2020,09/18/2020,,MAILED,NO,NO,NO,1,1,002,011,154,PATA,00007,,00001,4,
MILLER,06094833,FONES,JOY,H,,210,DELORES ST, ,COLQUITT,GA,39837-3503,210,DELORES ST,,COLQUITT,GA,39837-3503,A,,,04/20/2020,,,MAILED,NO,NO,NO,1,1,002,011,154,PATA,00009,,,,
MILLER,00941000,KIMBLE,CALISTA,,,788,TWILIGHT CHURCH RD, ,COLQUITT,GA,39837-9804,788,TWILIGHT CHURCH RD,,COLQUITT,GA,39837-9804,A,,,08/31/2020,09/18/2020,,MAILED,NO,NO,NO,,1,002,011,154,PATA,00004,,00022,91,
MILLER,00619772,RICHARDSON,BEVERLY,M,,1256,MAYHAW RD, ,BLAKELY,GA,39823-5209,1256,MAYHAW RD,,BLAKELY,GA,39823-5209,A,,,04/13/2020,,,MAILED,NO,NO,NO,,1,002,011,154,PATA,00006,,,,
MILLER,00618053,CLEVELAND,LINDA,ANN,,176,HARMONY RD, ,COLQUITT,GA,39837,176,HARMONY RD,,COLQUITT,GA,39837,A,,,04/14/2020,,,MAILED,NO,NO,NO,,1,002,011,154,PATA,00002,,,,
MILLER,07044785,ODOM,BRITTANY,NICHOLE,,1215,GA HIGHWAY 39 N, ,DONALSONVILLE,GA,39845-2513,1215,GA HIGHWAY 39 N,,DONALSONVILLE,GA,39845-2513,A,,,08/18/2020,09/18/2020,,MAILED,NO,NO,NO,,1,002,011,154,PATA,00004,,00014,67,
MILLER,00618471,GEORGE,BOB,A,,19,NIX RD, ,COLQUITT,GA,39837-4808,19,NIX RD,,COLQUITT,GA,39837-4808,A,,,09/14/2020,09/25/2020,,MAILED,NO,NO,NO,,1,002,011,154,PATA,00003,,00047,199,
MILLER,07795417,ALEXANDER,MARDY,LEE,,268,CLAY BROWN RD, ,COLQUITT,GA,39837-6105,268,CLAY BROWN RD,,COLQUITT,GA,39837-6105,A,,,09/11/2020,09/25/2020,,MAILED,NO,NO,NO,,1,002,011,154,PATA,00006,,00023,180,
MILLER,07229736,BOYETTE,ROBERT,LEE,,292,CLAY BROWN RD, ,COLQUITT,GA,39837-6105,292,CLAY BROWN RD,,COLQUITT,GA,39837-6105,A,,,04/14/2020,09/18/2020,,MAILED,NO,NO,NO,,1,002,011,154,PATA,00006,,00006,79,
MILLER,06359009,TICKTIN,KRISTA,LYNN,,199,TWILIGHT CHURCH RD, ,COLQUITT,GA,39837,199,TWILIGHT CHURCH RD,,COLQUITT,GA,39837,A,,,09/05/2020,09/18/2020,,MAILED,NO,NO,NO,,1,002,011,154,PATA,00004,,00039,161,
MILLER,00620440,WILLIAMS,INELLE,W,,301,DELORES ST, ,COLQUITT,GA,39837-3505,301,DELORES ST,,COLQUITT,GA,39837-3505,A,,,04/16/2020,,,MAILED,NO,NO,NO,1,1,002,011,154,PATA,00009,,,,
MILLER,00619128,LANE,KENNETH,,,231,LANE RD, ,COLQUITT,GA,39837,231,LANE RD,,COLQUITT,GA,39837,A,,,04/14/2020,,,MAILED,NO,NO,NO,,1,002,011,154,PATA,00004,,,,
MILLER,00620189,THOMPSON,JIMMY,D,,46,THOMPSON WEST RD, ,COLQUITT,GA,39837-5319,46,THOMPSON WEST RD,,COLQUITT,GA,39837-5319,A,,,04/27/2020,,,MAILED,NO,NO,NO,,1,002,011,154,PATA,00003,,,,
MILLER,00730287,MANN,GAYLE,H,,107,N 3RD ST, ,COLQUITT,GA,39837-3818,107,N 3RD ST,,COLQUITT,GA,39837-3818,A,,,04/21/2020,,,MAILED,NO,NO,NO,1,1,002,011,154,PATA,00011,,,,
MILLER,08453537,SANTANGINI,ANDREW,VICTOR,,574,ROCK RD, ,COLQUITT,GA,39837-5905,,PO BOX 353,,COLQUITT,GA,39837-0035,A,,,05/08/2020,,,MAILED,NO,NO,NO,,1,002,011,154,PATA,00006,,,,
MILLER,00619228,MCKENZIE,JEWEL,W,,1367,HARMONY CHURCH RD, ,COLQUITT,GA,39837,1367,HARMONY CHURCH RD,,COLQUITT,GA,39837,A,,,04/20/2020,,,MAILED,NO,NO,NO,,1,002,011,154,PATA,00002,,,,
MILLER,00940812,SMITH,JOANNA,NELMS,,119,JOHNNY FREEMAN RD, ,COLQUITT,GA,39837-4639,119,JOHNNY FREEMAN RD,,COLQUITT,GA,39837-4639,A,,,08/31/2020,09/18/2020,,MAILED,NO,NO,NO,,1,002,011,154,PATA,00003,,00023,89,
MILLER,11277552,DEFFENBAUGH,SARA,CLAIRE,,1963,BRINSON RD, ,COLQUITT,GA,39837,1963,BRINSON RD,,COLQUITT,GA,39837,A,,,05/15/2020,,,MAILED,NO,NO,NO,,1,002,011,154,PATA,00003,,,,
MILLER,00620463,WILLIAMS,NELDA,L,,194,LANE RD, ,COLQUITT,GA,39837-7309,194,LANE RD,,COLQUITT,GA,39837-7309,A,,,05/22/2020,09/18/2020,,MAILED,NO,NO,NO,,1,002,011,154,PATA,00004,,00045,174,
MILLER,00289063,SYKES,GENEVA,B,,156,PERRY ST,APT 102,COLQUITT,GA,39837,156,PERRY ST,APT 102,COLQUITT,GA,39837,A,,,04/14/2020,,,MAILED,NO,NO,NO,1,1,002,011,154,PATA,00007,,,,
MILLER,00618146,COOK,OCIALENE,,,474,CLEVELAND RD, ,COLQUITT,GA,39837-6603,474,CLEVELAND RD,,COLQUITT,GA,39837-6603,A,,,04/20/2020,,,MAILED,NO,NO,NO,,1,002,011,154,PATA,00002,,,,
MILLER,00617675,MILLS,JOYCE,B,,115,B AND B LN, ,COLQUITT,GA,39837-5802,115,B AND B LN,,COLQUITT,GA,39837-5802,A,,,04/21/2020,09/18/2020,,MAILED,NO,NO,NO,,1,002,011,154,PATA,00003,,00022,84,
MILLER,00620170,TAYLOR,INDIA,L,,151,COLLEGE ST E, ,COLQUITT,GA,39837-3600,151,COLLEGE ST E,,COLQUITT,GA,39837-3600,A,,,04/23/2020,,,MAILED,NO,NO,NO,1,1,002,011,154,PATA,00011,,,,
MILLER,00619993,SHIVER,RONNIE,J,,1023,GRADY COBB RD, ,DONALSONVILLE,GA,39845,1023,GRADY COBB RD,,DONALSONVILLE,GA,39845,A,,,04/20/2020,,,MAILED,NO,NO,NO,,1,002,011,154,PATA,00004,,,,
MILLER,00619866,ROLAND,GRETA,ANN,,213,W PINE ST, ,COLQUITT,GA,39837,213,W PINE ST,,COLQUITT,GA,39837,A,,,09/02/2020,09/18/2020,,MAILED,NO,NO,NO,1,1,002,011,154,PATA,00009,,00006,125,
MILLER,07236066,WILLIAMS,COREY,BERNARD,,603,MARTIN LUTHER KING JR ST N,APT 5B,COLQUITT,GA,39837-3847,603,MARTIN LUTHER KING ,APT 5B,COLQUITT,GA,39837-3847,A,,,09/04/2020,09/18/2020,,MAILED,NO,NO,NO,1,1,002,011,154,PATA,00007,,00016,143,
MILLER,03601125,STUBBS,ROGER,,,223,PHILLIPS ST, ,COLQUITT,GA,39837-5123,223,PHILLIPS ST,,COLQUITT,GA,39837-5123,A,,,08/28/2020,09/18/2020,,MAILED,NO,NO,NO,1,1,002,011,154,PATA,00007,,00008,23,
MILLER,00619544,NEWSOME,SYLVIA,M,,25,CLAUDE RD, ,COLQUITT,GA,39837-7221,25,CLAUDE RD,,COLQUITT,GA,39837-7221,A,,,08/21/2020,,,MAILED,NO,NO,NO,,1,002,011,154,PATA,00006,,,,
MILLER,00618424,MOCK,RITA,,,169,ENTERPRISE RD, ,COLQUITT,GA,39837-7127,169,ENTERPRISE RD,,COLQUITT,GA,39837-7127,A,,,04/21/2020,,,MAILED,NO,NO,NO,,1,002,011,154,PATA,00004,,,,
MILLER,00620195,THOMPSON,RUBY,ESTELLE,,414,DELORES ST, ,COLQUITT,GA,39837-3507,414,DELORES ST,,COLQUITT,GA,39837-3507,A,,,08/28/2020,09/18/2020,,MAILED,NO,NO,NO,1,1,002,011,154,PATA,00009,,00001,14,
MILLER,00618937,JINKS,JOY,S,,359,E MAIN ST, ,COLQUITT,GA,39837-3830,,PO BOX 375,,COLQUITT,GA,39837-0375,A,,,04/22/2020,,,MAILED,NO,NO,NO,1,1,002,011,154,PATA,00012,,,,
MILLER,00618370,DURDEN,DEBRA,S,,1416,GRADY COBB RD, ,DONALSONVILLE,GA,39845-2816,1416,GRADY COBB RD,,DONALSONVILLE,GA,39845-2816,A,,,09/08/2020,09/18/2020,,MAILED,NO,NO,NO,,1,002,011,154,PATA,00006,,00018,166,
MILLER,00619209,LUNDY,MICHAEL,A,,23,SMOKEY ALLEY RD, ,COLQUITT,GA,39837,23,SMOKEY ALLEY RD,,COLQUITT,GA,39837,A,,,08/31/2020,09/18/2020,,MAILED,NO,NO,NO,,1,002,011,154,PATA,00004,,00023,93,
MILLER,00619296,MATHIS,MARGARET,,,1444,GA HIGHWAY 91 N, ,COLQUITT,GA,39837,1444,GA HIGHWAY 91 N,,COLQUITT,GA,39837,A,,,04/15/2020,,,MAILED,NO,NO,NO,,1,002,011,154,PATA,00003,,,,
MILLER,11677023,SANCHEZ,SOLEDAD,,,1218,BRINSON RD, ,COLQUITT,GA,39837,1218,BRINSON RD,,COLQUITT,GA,39837,A,,,08/28/2020,09/18/2020,,MAILED,NO,NO,NO,,1,002,011,154,PATA,00004,,00004,17,
MILLER,12164490,HUMPHREY,JUDITH,MARIE,,419,JOE SHINGLER RD, ,COLQUITT,GA,39837,,P O BOX 403,,COLQUITT,GA,39837-0403,A,,,04/15/2020,,,MAILED,NO,NO,NO,,1,002,011,154,PATA,00006,,,,
MILLER,06556436,HUNTLEY,SHERITA,LASHAE,,603,MARTIN LUTHER KING JR ST N,APT 5B,COLQUITT,GA,39837,603,MARTIN LUTHER KING ,APT 5B,COLQUITT,GA,39837,A,,,09/04/2020,09/18/2020,,MAILED,NO,NO,NO,1,1,002,011,154,PATA,00007,,00017,144,
MILLER,00729932,HUNTER,EMILY,W,,345,GRADY COBB RD, ,DONALSONVILLE,GA,39845-2607,345,GRADY COBB RD,,DONALSONVILLE,GA,39845-2607,A,,,04/27/2020,,,MAILED,NO,NO,NO,,1,002,011,154,PATA,00004,,,,
MILLER,01267893,GORDON,ELISE,,,1667,COOKTOWN RD, ,COLQUITT,GA,39837-6808,1667,COOKTOWN RD,,COLQUITT,GA,39837-6808,A,,,04/14/2020,,,MAILED,NO,NO,NO,,1,002,011,154,PATA,00002,,,,
MILLER,00618403,EVANS,GAIL,,,1245,MAYHAW RD, ,BLAKELY,GA,39823-3053,1245,MAYHAW RD,,BLAKELY,GA,39823-3053,A,,,04/21/2020,,,MAILED,NO,NO,NO,,1,002,011,154,PATA,00006,,,,
MILLER,06558238,HIGHTOWER,FREDRICK,CHARLES,,104,BABCOCK ST, ,COLQUITT,GA,39837,,PO BOX 303,,COLQUITT,GA,39837-0303,A,,,09/12/2020,09/25/2020,,MAILED,NO,NO,NO,1,1,002,011,154,PATA,00007,,00019,194,
MILLER,00730397,LEONARD,WILLIE,ALFRED,,509,MARTIN LUTHER KING JR ST N, ,COLQUITT,GA,39837-3806,509,MARTIN LUTHER KING ,,COLQUITT,GA,39837-3806,A,,,08/28/2020,09/18/2020,,MAILED,NO,NO,NO,1,1,002,011,154,PATA,00008,,00003,26,
MILLER,11771405,COBB,WILLIAM,RUTHERFORD,,474,UNION CHURCH RD, ,COLQUITT,GA,39837,341,4TH AVENUE,APT 4C,PITTSBURGH,PA,15222,A,,,08/20/2020,09/18/2020,,MAILED,NO,NO,NO,,1,002,011,154,PATA,00006,,00005,60,
MILLER,00940976,LANGSTON,MARION,T,,260,THREE NOTCH RD, ,DONALSONVILLE,GA,39845,260,THREE NOTCH RD,,DONALSONVILLE,GA,39845,A,,,04/13/2020,,,MAILED,NO,NO,NO,,1,002,011,154,PATA,00004,,,,
MILLER,00618485,GIBSON,LINNIE,L,,1649,BRINSON RD, ,COLQUITT,GA,39837-5537,1649,BRINSON RD,,COLQUITT,GA,39837-5537,A,,,05/13/2020,,,MAILED,NO,NO,NO,,1,002,011,154,PATA,00004,,,,
MILLER,10236285,HUNTLEY,SARAH,TULLOS,,251,WASHINGTON ST, ,COLQUITT,GA,39837,251,WASHINGTON ST,,COLQUITT,GA,39837,A,,,09/12/2020,09/25/2020,,MAILED,NO,NO,NO,1,1,002,011,154,PATA,00008,,00017,195,
MILLER,05173612,CROZIER,PAUL,,,861,GRIMSLEY BRIDGE RD, ,COLQUITT,GA,39837-7340,861,GRIMSLEY BRIDGE RD,,COLQUITT,GA,39837-7340,A,,,09/04/2020,09/18/2020,,MAILED,NO,NO,NO,,1,002,011,154,PATA,00004,,00037,155,
MILLER,00729678,HENDERSON,HARVEY,LEE,JR,394,E BUSH ST,A,COLQUITT,GA,39837-4112,394,E BUSH ST,APT A,COLQUITT,GA,39837-4112,A,,,08/18/2020,09/18/2020,,MAILED,NO,NO,NO,1,1,002,011,154,PATA,00012,,00004,64,
MILLER,00619537,NEWBERRY,TOMMY,W,,132,NEWBERRY CHAMBERS RD, ,COLQUITT,GA,39837,132,NEWBERRY CHAMBERS RD,,COLQUITT,GA,39837,A,,,04/15/2020,,,MAILED,NO,NO,NO,,1,002,011,154,PATA,00006,,,,
MILLER,00619643,PHILLIPS,MAVIS,,,406,THOMPSON TOWN RD, ,COLQUITT,GA,39837,406,THOMPSON TOWN RD,,COLQUITT,GA,39837,A,,,04/15/2020,,,MAILED,NO,NO,NO,,1,002,011,154,PATA,00003,,,,
MILLER,00020481,LANE,ROB,W,,90,LOYD VANN RD, ,COLQUITT,GA,39837-6264,90,LOYD VANN RD,,COLQUITT,GA,39837-6264,A,,,05/08/2020,,,MAILED,NO,NO,NO,,1,002,011,154,PATA,00003,,,,
MILLER,11858012,PICKLE,MILLER,WILSON,,57,JOHNSON MILLER RD, ,COLQUITT,GA,39837,57,JOHNSON MILLER RD,,COLQUITT,GA,39837,A,,,09/10/2020,09/18/2020,,MAILED,NO,NO,NO,,1,002,011,154,PATA,00006,,00021,176,
MILLER,00619366,MILLER,GENEVA,W,,75,MILLERVILLE RD, ,COLQUITT,GA,39837,75,MILLERVILLE RD,,COLQUITT,GA,39837,A,,,09/04/2020,09/18/2020,,MAILED,NO,NO,NO,,1,002,011,154,PATA,00003,,00039,151,
MILLER,00620056,SMITH,MARGARET,GOWAN,,118,ENTERPRISE RD, ,COLQUITT,GA,39837-7126,118,ENTERPRISE RD,,COLQUITT,GA,39837-7126,A,,,09/03/2020,09/18/2020,,MAILED,NO,NO,NO,,1,002,011,154,PATA,00004,,00030,133,
MILLER,00618268,PRESCOTT,DARLA,FAYE,,1155,BABCOCK RD, ,COLQUITT,GA,39837,1155,BABCOCK RD,,COLQUITT,GA,39837,A,,,08/28/2020,09/18/2020,,MAILED,NO,NO,NO,,1,002,011,154,PATA,00003,,00001,3,
MILLER,04260456,KING,KEITH,RASHON,,1350,JOHNNY FREEMAN RD, ,COLQUITT,GA,39837-5736,1350,JOHNNY FREEMAN RD,,COLQUITT,GA,39837-5736,A,,,08/28/2020,09/18/2020,,MAILED,NO,NO,NO,,1,002,011,154,PATA,00003,,00016,73,
MILLER,03204281,BOSTON,CHARLOTTE,W,,309,COLLEGE ST E, ,COLQUITT,GA,39837,,PO BOX 73,,COLQUITT,GA,39837-0073,A,,,08/28/2020,09/18/2020,,MAILED,NO,NO,NO,1,1,002,011,154,PATA,00012,,00002,48,
MILLER,06050044,WILLIAMS,GLADYS,BAKER,,210,WACASER RD, ,COLQUITT,GA,39837,210,WACASER RD,,COLQUITT,GA,39837,A,,,04/24/2020,,,MAILED,NO,NO,NO,,1,002,011,154,PATA,00003,,,,
MILLER,00620288,WALKER,WILLIE,C,,735,E MAIN ST, ,COLQUITT,GA,39837,735,E MAIN ST,,COLQUITT,GA,39837,A,,,08/31/2020,09/18/2020,,MAILED,NO,NO,NO,1,1,002,011,154,PATA,00010,,00001,95,
MILLER,12509864,PICKLE,CONNER,DAVIS,,57,JOHNSON MILLER RD, ,COLQUITT,GA,39837,57,JOHNSON MILLER RD,,COLQUITT,GA,39837,A,,,09/10/2020,09/18/2020,,MAILED,NO,NO,NO,,1,002,011,154,PATA,00006,,00020,175,
MILLER,05530291,BAILEY,WILLIAM,JOEL,,2336,GA HIGHWAY 91 N, ,COLQUITT,GA,39837,2336,GA HIGHWAY 91 N,,COLQUITT,GA,39837,A,,,08/28/2020,09/18/2020,,MAILED,NO,NO,NO,,1,002,011,154,PATA,00003,,00010,46,
MILLER,00617709,BOWEN,MILDRED,D,,715,HARMONY CHURCH RD, ,COLQUITT,GA,39837-6130,715,HARMONY CHURCH RD,,COLQUITT,GA,39837-6130,A,,,04/14/2020,,,MAILED,NO,NO,NO,,1,002,011,154,PATA,00006,,,,
MILLER,01677866,MILLS,ROGER,L,,115,B AND B LN, ,COLQUITT,GA,39837-5802,115,B AND B LN,,COLQUITT,GA,39837-5802,A,,,04/21/2020,09/18/2020,,MAILED,NO,NO,NO,,1,002,011,154,PATA,00003,,00021,82,
MILLER,11774867,BARRAGAN,CARMEN,ESCAMILLA,,64,DRAPER JONES RD, ,COLQUITT,GA,39837,64,DRAPER JONES RD,,COLQUITT,GA,39837,A,,,09/03/2020,09/18/2020,,MAILED,NO,NO,NO,,1,002,011,154,PATA,00003,,00032,135,
MILLER,00619072,KIMBLE,JOANN,,,588,TWILIGHT CHURCH RD, ,COLQUITT,GA,39837-7533,588,TWILIGHT CHURCH RD,,COLQUITT,GA,39837-7533,A,,,08/28/2020,09/18/2020,,MAILED,NO,NO,NO,,1,002,011,154,PATA,00004,,00003,7,
MILLER,06120877,BUIE,COSTELLA,P,,81,RAIL RD, ,COLQUITT,GA,39837-6330,81,RAIL RD,,COLQUITT,GA,39837-6330,A,,,04/21/2020,,,MAILED,NO,NO,NO,,1,002,011,154,PATA,00006,,,,
MILLER,00617890,BUTLER,BETTY,F,,284,HELMS RD, ,COLQUITT,GA,39837-7135,284,HELMS RD,,COLQUITT,GA,39837-7135,A,,,08/31/2020,09/18/2020,,MAILED,NO,NO,NO,,1,002,011,154,PATA,00004,,00025,105,
MILLER,02716176,SOL,ALICE,MAY,,1106,GA HIGHWAY 91 S, ,COLQUITT,GA,39837,1106,GA HIGHWAY 91 S,,COLQUITT,GA,39837,A,,,09/11/2020,09/25/2020,,MAILED,NO,NO,NO,,1,002,011,154,PATA,00006,,00026,187,
MILLER,00618768,HENLEY,ETHEL,C,,321,COX RD, ,COLQUITT,GA,39837,321,COX RD,,COLQUITT,GA,39837,A,,,09/02/2020,09/18/2020,,MAILED,NO,NO,NO,,1,002,011,154,PATA,00002,,00007,111,
MILLER,00592188,LAVETTE,JOE,L,JR,481,MAYHAW RD, ,COLQUITT,GA,39837-6940,,PO BOX 662,,COLQUITT,GA,39837-0662,A,,,08/31/2020,09/18/2020,,MAILED,NO,NO,NO,,1,002,011,154,PATA,00006,,00008,101,
MILLER,00618423,FLEET,WILMA,B,,158,E PINE ST, ,COLQUITT,GA,39837-3610,158,E PINE ST,,COLQUITT,GA,39837-3610,A,,,04/17/2020,,,MAILED,NO,NO,NO,1,1,002,011,154,PATA,00008,,,,
MILLER,00618871,HOUSTON,BONNIE,J,,405,CUTHBERT ST N, ,COLQUITT,GA,39837-3524,405,CUTHBERT ST N,,COLQUITT,GA,39837-3524,A,,,04/20/2020,,,MAILED,NO,NO,NO,1,1,002,011,154,PATA,00015,,,,
MILLER,00619633,PHILLIPS,JERRY,D,,406,THOMPSON TOWN RD, ,COLQUITT,GA,39837,406,THOMPSON TOWN RD,,COLQUITT,GA,39837,A,,,04/15/2020,,,MAILED,NO,NO,NO,,1,002,011,154,PATA,00003,,,,
MILLER,04172257,GEORGE,ELOISE,HOUSTON,,15,HOUSTON RD, ,COLQUITT,GA,39837-7231,15,HOUSTON RD,,COLQUITT,GA,39837-7231,A,,,04/14/2020,,,MAILED,NO,NO,NO,,1,002,011,154,PATA,00006,,,,
MILLER,00618026,CLENNEY,ANNIE,PEARL,,126,CLENNEY HILL RD, ,COLQUITT,GA,39837-5816,126,CLENNEY HILL RD,,COLQUITT,GA,39837-5816,A,,,04/22/2020,,,MAILED,NO,NO,NO,,1,002,011,154,PATA,00003,,,,
MILLER,00732125,WHITE,TONY,KEITH,,186,GRADY COBB RD, ,DONALSONVILLE,GA,39845-2602,186,GRADY COBB RD,,DONALSONVILLE,GA,39845-2602,A,,,04/13/2020,09/18/2020,,MAILED,NO,NO,NO,,1,002,011,154,PATA,00004,,00018,83,
MILLER,00273389,KICKLIGHTER,JESSE,A,,715,GA HIGHWAY 45 N, ,COLQUITT,GA,39837,,PO BOX 176,,COLQUITT,GA,39837-0176,A,,,04/23/2020,,,MAILED,NO,NO,NO,,1,002,011,154,PATA,00006,,,,
MILLER,00618621,GRIMSLEY,WILLIE,,JR,28,SHEPARD HALL RD, ,COLQUITT,GA,39837,24,DRAPER JONES RD,,COLQUITT,GA,39837,A,,,09/11/2020,09/25/2020,,MAILED,NO,NO,NO,,1,002,011,154,PATA,00003,,00044,182,
MILLER,00619085,KIMBRELL,NELLIE,M,,733,GA HIGHWAY 45 S, ,COLQUITT,GA,39837-7500,733,GA HIGHWAY 45 S,,COLQUITT,GA,39837-7500,A,,,08/28/2020,09/18/2020,,MAILED,NO,NO,NO,,1,002,011,154,PATA,00004,,00013,57,
MILLER,00620181,THOMAS,DIANNE,,,845,ENTERPRISE RD, ,COLQUITT,GA,39837,845,ENTERPRISE RD,,COLQUITT,GA,39837,A,,,08/28/2020,09/18/2020,,MAILED,NO,NO,NO,,1,002,011,154,PATA,00004,,00001,1,
MILLER,00618531,GORDON,CECIL,LAMAR,,871,BELLVIEW RD, ,COLQUITT,GA,39837-5014,871,BELLVIEW RD,,COLQUITT,GA,39837-5014,A,,,04/16/2020,,,MAILED,NO,NO,NO,,1,002,011,154,PATA,00003,,,,
MILLER,00618176,COOPER,GLORIA,JEAN,,100,E GEER ST, ,COLQUITT,GA,39837-3709,,PO BOX 172,,COLQUITT,GA,39837-0172,A,,,08/28/2020,09/18/2020,,MAILED,NO,NO,NO,1,1,002,011,154,PATA,00008,,00008,42,
MILLER,00617926,CALLAN,MARIDEL,R,,1024,GA HIGHWAY 27 S, ,COLQUITT,GA,39837-5301,1024,GA HIGHWAY 27 S,,COLQUITT,GA,39837-5301,A,,,04/29/2020,,,MAILED,NO,NO,NO,,1,002,011,154,PATA,00003,,,,
MILLER,05270017,LAVETTE,KESHA,R,,481,MAYHAW RD,UNIT 1,COLQUITT,GA,39837-6940,,PO BOX 662,,COLQUITT,GA,39837-0662,A,,,08/31/2020,09/18/2020,,MAILED,NO,NO,NO,,1,002,011,154,PATA,00006,,00007,90,
MILLER,04010133,MARSHALL,JENNIE,B,,212,TAYLOR ST, ,COLQUITT,GA,39837-3726,212,TAYLOR ST,,COLQUITT,GA,39837-3726,A,,,08/28/2020,09/18/2020,,MAILED,NO,NO,NO,1,1,002,011,154,PATA,00007,,00011,32,
MILLER,08738182,LONG,TY,,,1143,GA HIGHWAY 91 S, ,COLQUITT,GA,39837,1143,GA HIGHWAY 91 S,,COLQUITT,GA,39837,A,,,08/29/2020,09/18/2020,,MAILED,NO,NO,NO,,1,002,011,154,PATA,00004,,00020,86,
MILLER,00147900,BUIE,HILDA,HARVEY,,81,RAIL RD, ,COLQUITT,GA,39837-6330,81,RAIL RD,,COLQUITT,GA,39837-6330,A,,,04/14/2020,,,MAILED,NO,NO,NO,,1,002,011,154,PATA,00006,,,,
MILLER,00620352,WHITAKER,BEVERLY,M,,23,SPRING CREEK DR, ,COLQUITT,GA,39837,23,SPRING CREEK DR,,COLQUITT,GA,39837,A,,,04/21/2020,,,MAILED,NO,NO,NO,,1,002,011,154,PATA,00004,,,,
MILLER,03332758,JOHNSON,JERELINE,BAKER,,945,GRADY COBB RD, ,DONALSONVILLE,GA,39845-2827,945,GRADY COBB RD,,DONALSONVILLE,GA,39845-2827,A,,,08/28/2020,09/18/2020,,MAILED,NO,NO,NO,,1,002,011,154,PATA,00004,,00010,52,
MILLER,00030335,LANE,PATRICIA,SHEPARD,,90,LOYD VANN RD, ,COLQUITT,GA,39837-6264,90,LOYD VANN RD,,COLQUITT,GA,39837-6264,A,,,05/08/2020,,,MAILED,NO,NO,NO,,1,002,011,154,PATA,00003,,,,
MILLER,00619372,MILLER,JERRY,WAYNE,,39,MILLERVILLE RD, ,COLQUITT,GA,39837,39,MILLERVILLE RD,,COLQUITT,GA,39837,A,,,04/14/2020,09/18/2020,,MAILED,NO,NO,NO,,1,002,011,154,PATA,00003,,00020,81,
MILLER,10933658,ROSSE-HUNT,ROBERT,CHARLES,,49,PATTERSON CIR, ,COLQUITT,GA,39837,49,PATTERSON CIR,,COLQUITT,GA,39837,A,,,09/04/2020,09/18/2020,,MAILED,NO,NO,NO,,1,002,011,154,PATA,00004,,00033,142,
MILLER,03755349,LEE,DOREEN,DYKES,,357,CUTHBERT ST S, ,COLQUITT,GA,39837-3904,357,CUTHBERT ST S,,COLQUITT,GA,39837-3904,A,,,04/17/2020,,,MAILED,NO,NO,NO,1,1,002,011,154,PATA,00009,,,,
MILLER,00620285,WALKER,ELIZABETH,FREEMAN,,740,HOLLY ST, ,COLQUITT,GA,39837,740,HOLLY ST,,COLQUITT,GA,39837,A,,,08/28/2020,09/18/2020,,MAILED,NO,NO,NO,1,1,002,011,154,PATA,00007,,00012,39,
MILLER,00619740,RANDLE,LOUISE,CRAWFORD,,107,BIRD ST, ,COLQUITT,GA,39837,107,BIRD ST,,COLQUITT,GA,39837,A,,,04/13/2020,,,MAILED,NO,NO,NO,1,1,002,011,154,PATA,00009,,,,
MILLER,00732134,WHITTAKER,CURTIS,EDWARD,,2228,GA HIGHWAY 91 S, ,DONALSONVILLE,GA,39845,2228,GA HIGHWAY 91 S,,DONALSONVILLE,GA,39845,A,,,04/14/2020,09/18/2020,,MAILED,NO,NO,NO,,1,002,011,154,PATA,00004,,00029,131,
MILLER,00618537,GORDON,HAROLD,T,,50,HOUSTON RD, ,COLQUITT,GA,39837-4109,50,HOUSTON RD,,COLQUITT,GA,39837-7232,A,,,09/02/2020,09/18/2020,,MAILED,NO,NO,NO,,1,002,011,154,PATA,00006,,00010,109,
MILLER,00620144,TABB,ANITA,L,,767,GA HIGHWAY 45 N, ,COLQUITT,GA,39837,364,N EARLY COUNTY LINE ,,COLQUITT,GA,39837,A,,,09/02/2020,09/18/2020,,MAILED,NO,NO,NO,,1,002,011,154,PATA,00006,,00013,115,
MILLER,04199810,ORANGE,WILLIE,CLEVELAND,,403,N 4TH ST, ,COLQUITT,GA,39837,721,N 4TH ST,,COLQUITT,GA,39837,A,,,09/02/2020,,,MAILED,NO,NO,NO,1,1,002,011,154,PATA,00007,,,,
MILLER,00592830,ROSEBORO,R. L.,,,513,S 1ST ST, ,COLQUITT,GA,39837,513,S 1ST ST,,COLQUITT,GA,39837,A,,,08/28/2020,09/18/2020,,MAILED,NO,NO,NO,1,1,002,011,154,PATA,00012,,00003,54,
