County,Voter Registration #,Last Name,First Name,Middle Name,Suffix,Street #,Street Name,Apt/Unit,City,State,Zip Code,Mailing Street #,Mailing Street Name,Mailing Apt/Unit,Mailing City,Mailing State,Mailing Zip Code,Application Status,Ballot Status,Status Reason,Application Date,Ballot Issued Date,Ballot Return Date,Ballot Style,Ballot Assisted,Challenged/Provisional,ID Required,Municipal Precinct,County Precinct,CNG,SEN,HOUSE	,JUD,Combo #,Vote Center ID,Ballot ID,Post #,Party
QUITMAN,00260281,HARRIS,OVEADA,,,100,WINDING WAY BLVD, ,GEORGETOWN,GA,39854-3219,,PO BOX 492,,GEORGETOWN,GA,39854-0049,A,,,04/29/2020,09/18/2020,,MAILED,NO,NO,NO,,G,002,012,151,PATA,00001,,00023,48,
QUITMAN,10889423,POWELL,LEE RAE,ANGEL,,52,COOL BRANCH RD, ,GEORGETOWN,GA,39854,52,COOL BRANCH RD,,GEORGETOWN,GA,39854,A,,,04/29/2020,,,MAILED,NO,NO,NO,,G,002,012,151,PATA,00001,,,,
QUITMAN,00261186,TAYLOR,MARCIA,ANNE,,851,CASTELLOW RD, ,GEORGETOWN,GA,39854-3736,851,CASTELLOW RD,,GEORGETOWN,GA,39854-3736,A,,,09/14/2020,09/18/2020,,MAILED,NO,NO,NO,,G,002,012,151,PATA,00001,,00039,107,
QUITMAN,05167354,JENKINS,ANGELET,LOUISE,,2,FRANCIS DR, ,GEORGETOWN,GA,39854-4819,,PO BOX 635,,GEORGETOWN,GA,39854-0063,A,,,05/20/2020,09/18/2020,,MAILED,NO,NO,NO,,G,002,012,151,PATA,00002,,00050,83,
QUITMAN,00261104,NORRIS,JOSEPH,,JR,44,HIGH ST, ,GEORGETOWN,GA,39854-4436,,PO BOX 52,,GEORGETOWN,GA,39854-0005,A,,,04/09/2020,,,MAILED,NO,NO,NO,,G,002,012,151,PATA,00002,,,,
QUITMAN,06726721,BALLENGER,WILLIAM,MALONE,,94,RIDGEVIEW ST, ,GEORGETOWN,GA,39854,94,RIDGEVIEW ST,,GEORGETOWN,GA,39854,A,,,04/16/2020,,,MAILED,NO,NO,NO,,G,002,012,151,PATA,00002,,,,
QUITMAN,06708760,BALKCOM,ANDREW,CARTER,,2341,US HIGHWAY 82, ,GEORGETOWN,GA,39854,,SOLNHOFER STR 5,,91804 MOEMSHEIM,,,A,,,08/24/2020,09/18/2020,,MAILED,NO,NO,NO,,G,002,012,151,PATA,00002,,00007,11,
QUITMAN,03579512,RIVERS,SUSIE,LEE,,534,GA HIGHWAY 39 S, ,GEORGETOWN,GA,39854,534,GA HIGHWAY 39 S,,GEORGETOWN,GA,39854,A,,,08/27/2020,09/18/2020,,MAILED,NO,NO,NO,,G,002,012,151,PATA,00002,,00009,19,
QUITMAN,10619963,CARR,ANN,PATRICIA,,1085,GA HIGHWAY 39 S, ,GEORGETOWN,GA,39854,1085,GA HIGHWAY 39 S,,GEORGETOWN,GA,39854-3534,A,,,04/16/2020,09/18/2020,,MAILED,NO,NO,NO,,G,002,012,151,PATA,00001,,00013,27,
QUITMAN,05531368,WEST,NICOLE,,,48,BISHOP DR, ,GEORGETOWN,GA,39854-4832,48,BISHOP DR,,GEORGETOWN,GA,39854-4832,A,,,09/09/2020,09/18/2020,,MAILED,NO,NO,NO,,G,002,012,151,PATA,00002,,00057,93,
QUITMAN,00260435,JONES,MARY,JULIA,,45,MAIN ST, ,GEORGETOWN,GA,39854-4400,45,MAIN ST,,GEORGETOWN,GA,39854-4400,A,,,04/16/2020,,,MAILED,NO,NO,NO,,G,002,012,151,PATA,00001,,,,
QUITMAN,01612945,PRITCHETT,JOHN,D,,430,VINING BRANCH RD, ,GEORGETOWN,GA,39854-2508,430,VINING BRANCH RD,,GEORGETOWN,GA,39854-2508,A,,,03/19/2020,,,MAILED,NO,NO,NO,,G,002,012,151,PATA,00001,,,,
QUITMAN,01323566,GARY,NADINE,B,,27,BEALL ST, ,GEORGETOWN,GA,39854-4616,27,BEALL ST,,GEORGETOWN,GA,39854-4616,A,,,09/01/2020,09/18/2020,,MAILED,NO,NO,NO,,G,002,012,151,PATA,00002,,00010,21,
QUITMAN,00040083,AVERA,JERALD,DOUGLAS,,56,JOSEPHINE OVERLOOK DR, ,GEORGETOWN,GA,39854,56,JOSEPHINE OVERLOOK DR,,GEORGETOWN,GA,39854,A,,,04/15/2020,,,MAILED,NO,NO,NO,,G,002,012,151,PATA,00001,,,,
QUITMAN,10572318,COCHRAN,WILLIE,,,28,SANDRA DR, ,GEORGETOWN,GA,39854,28,SANDRA DR,,GEORGETOWN,GA,39854,A,,,04/16/2020,09/18/2020,,MAILED,NO,NO,NO,,G,002,012,151,PATA,00002,,00034,61,
QUITMAN,08390916,RICHARDSON,ALEX,MONTEZ,,63,BISHOP DR, ,GEORGETOWN,GA,39854,63,BISHOP DR,,GEORGETOWN,GA,39854,A,,,09/03/2020,09/18/2020,,MAILED,NO,NO,NO,,G,002,012,151,PATA,00002,,00016,33,
QUITMAN,06597406,PETERSON,MAGGIE,WILSON,,11,CHURCH ST, ,GEORGETOWN,GA,39854-4508,,PO BOX 766,,GEORGETOWN,GA,39854-0076,A,,,04/29/2020,,,MAILED,NO,NO,NO,,G,002,012,151,PATA,00002,,,,
QUITMAN,10907554,SPIKER,PATRICIA,,,109,ARROWHEAD RD, ,GEORGETOWN,GA,39854,109,ARROWHEAD RD,,GEORGETOWN,GA,39854,A,,,04/17/2020,,,MAILED,NO,NO,NO,,G,002,012,151,PATA,00001,,,,
QUITMAN,00260095,DAVIS,CLEVIE,DELL,,154,JACQUELINE DR, ,GEORGETOWN,GA,39854-4827,154,JACQUELINE DR,,GEORGETOWN,GA,39854-4827,A,,,04/21/2020,,,MAILED,NO,NO,NO,,G,002,012,151,PATA,00002,,,,
QUITMAN,05363387,ADKINS,BILLY,R,,3446,US HIGHWAY 82, ,MORRIS,GA,39867,,PO BOX 551,,EDISON,GA,39846-0055,A,,,04/15/2020,,,MAILED,NO,NO,NO,,M,002,012,151,PATA,00002,,,,
QUITMAN,00260897,WILLIAMS,ALBERT,,,249,DEPOT RD, ,GEORGETOWN,GA,39854-4430,,PO BOX 532,,GEORGETOWN,GA,39854-0053,A,,,04/17/2020,09/18/2020,,MAILED,NO,NO,NO,,G,002,012,151,PATA,00002,,00049,79,
QUITMAN,11319701,SPRIGGS,DONALD,EDWARD,,219,TANGLEWOOD TRL, ,GEORGETOWN,GA,39854,219,TANGLEWOOD TRL,,GEORGETOWN,GA,39854-4228,A,,,09/09/2020,09/18/2020,,MAILED,NO,NO,NO,,G,002,012,151,PATA,00001,,00036,101,
QUITMAN,10657540,NORRIS,DAISHA,TANAE,,51,ARROWHEAD RD, ,GEORGETOWN,GA,39854,51,ARROWHEAD RD,,GEORGETOWN,GA,39854-3439,A,,,09/03/2020,09/18/2020,,MAILED,NO,NO,NO,,G,002,012,151,PATA,00001,,00019,42,
QUITMAN,05909433,ALEXANDER,LILLIE,CHRISTIAN,,3,PINE LOOP, ,GEORGETOWN,GA,39854,3,PINE LOOP,,GEORGETOWN,GA,39854,A,,,09/03/2020,09/18/2020,,MAILED,NO,NO,NO,,G,002,012,151,PATA,00002,,00040,68,
QUITMAN,00260506,LAWSON,HIRAM,ALEX,JR,482,GA HIGHWAY 39 S, ,GEORGETOWN,GA,39854-4128,482,GA HIGHWAY 39 S,,GEORGETOWN,GA,39854-4128,A,,,04/16/2020,,,MAILED,NO,NO,NO,,G,002,012,151,PATA,00002,,,,
QUITMAN,00954443,HUTCHESON,WANDA,NELL,,9,WHIP O WILL LN, ,GEORGETOWN,GA,39854-3429,9,WHIP O WILL LN,,GEORGETOWN,GA,39854-3429,A,,,04/16/2020,,,MAILED,NO,NO,NO,,G,002,012,151,PATA,00001,,,,
QUITMAN,04473287,THOMAS,GARNERRY,DEMETREE,,19,THOMAS RD, ,GEORGETOWN,GA,39854-3102,19,THOMAS RD,,GEORGETOWN,GA,39854-3102,A,,,08/25/2020,09/18/2020,,MAILED,NO,NO,NO,,G,002,012,151,PATA,00002,,00001,2,
QUITMAN,12430360,HINKS,MICHAEL,GARY,,520,DEER POINT RD, ,GEORGETOWN,GA,39854,520,DEER POINT RD,,GEORGETOWN,GA,39854-4042,A,,,04/29/2020,,,MAILED,NO,NO,NO,,G,002,012,151,PATA,00001,,,,
QUITMAN,00260151,ELLIS,SEAB,J,,40,RIDGEVIEW ST, ,GEORGETOWN,GA,39854-4621,,PO BOX 332,,GEORGETOWN,GA,39854-0033,A,,,04/16/2020,,,MAILED,NO,NO,NO,,G,002,012,151,PATA,00002,,,,
QUITMAN,03732116,COLEY,ANISE,,,18,FOSTER RD, ,MORRIS,GA,39867-5503,18,FOSTER RD,,MORRIS,GA,39867-5503,A,,,09/09/2020,09/18/2020,,MAILED,NO,NO,NO,,M,002,012,151,PATA,00002,,00004,103,
QUITMAN,11679998,PEEK,RICHARD,JOEL,,43,BUSSEY RD, ,MORRIS,GA,39867,43,BUSSEY RD,,MORRIS,GA,39867-5002,A,,,04/29/2020,,,MAILED,NO,NO,NO,,M,002,012,151,PATA,00001,,,,
QUITMAN,01326325,CREAMER,CARROLL,GLENN,,140,LAKEVIEW DR, ,GEORGETOWN,GA,39854-4019,140,LAKEVIEW DR,,GEORGETOWN,GA,39854-4019,A,,,04/16/2020,,,MAILED,NO,NO,NO,,G,002,012,151,PATA,00001,,,,
QUITMAN,00260881,WEST,EULA,MACK,,56,BISHOP DR, ,GEORGETOWN,GA,39854-4832,56,BISHOP DR,,GEORGETOWN,GA,39854-4832,A,,,09/09/2020,09/18/2020,,MAILED,NO,NO,NO,,G,002,012,151,PATA,00002,,00056,92,
QUITMAN,00260557,MATHEWS,JANELL,,,28,FLORENCE ST, ,GEORGETOWN,GA,39854-4521,28,FLORENCE ST,,GEORGETOWN,GA,39854-4521,A,,,04/29/2020,,,MAILED,NO,NO,NO,,G,002,012,151,PATA,00002,,,,
QUITMAN,03730667,GARRETT,SHIRLEY,D,,14,PECAN LN, ,GEORGETOWN,GA,39854-3611,14,PECAN LN,,GEORGETOWN,GA,39854-3611,A,,,04/16/2020,,,MAILED,NO,NO,NO,,G,002,012,151,PATA,00001,,,,
QUITMAN,00260452,KING,ANNETTE,,,1003,LOWER LUMPKIN RD, ,GEORGETOWN,GA,39854-3015,,PO BOX 416,,GEORGETOWN,GA,39854-0041,A,,,05/01/2020,,,MAILED,NO,NO,NO,,G,002,012,151,PATA,00002,,,,
QUITMAN,00260207,GIBBS,PEARLA,M,,2914,US HIGHWAY 82, ,GEORGETOWN,GA,39854-3130,2914,US HIGHWAY 82,,GEORGETOWN,GA,39854-3130,A,,,09/03/2020,09/18/2020,,MAILED,NO,NO,NO,,G,002,012,151,PATA,00002,,00047,76,
QUITMAN,06139519,ELLIS,MARY,ELIZABETH,,61,RIDGEVIEW ST, ,GEORGETOWN,GA,39854-4622,61,RIDGEVIEW ST,,GEORGETOWN,GA,39854-4622,A,,,05/01/2020,,,MAILED,NO,NO,NO,,G,002,012,151,PATA,00002,,,,
QUITMAN,00260156,FAIR,BETTY,MAE,,77,BISHOP DR, ,GEORGETOWN,GA,39854-4831,77,BISHOP DR,,GEORGETOWN,GA,39854-4831,A,,,09/03/2020,09/18/2020,,MAILED,NO,NO,NO,,G,002,012,151,PATA,00002,,00018,36,
QUITMAN,12098700,LANDRIAN,LAZARO,,,38,LOVERS LN, ,GEORGETOWN,GA,39854,38,LOVERS LN,,GEORGETOWN,GA,39854-3244,A,,,09/03/2020,09/18/2020,,MAILED,NO,NO,NO,,G,002,012,151,PATA,00001,,00026,66,
QUITMAN,04965427,NORRIS,JOHNNY,,,51,ARROWHEAD RD, ,GEORGETOWN,GA,39854-3439,51,ARROWHEAD RD,,GEORGETOWN,GA,39854-3439,A,,,09/03/2020,09/18/2020,,MAILED,NO,NO,NO,,G,002,012,151,PATA,00001,,00018,40,
QUITMAN,00261016,BENNETT,STANFORD,LEWIS,,343,JOHN BENNETT RD, ,MORRIS,GA,39867-5208,343,JOHN BENNETT RD,,MORRIS,GA,39867-5208,A,,,04/16/2020,,,MAILED,NO,NO,NO,,M,002,012,151,PATA,00001,,,,
QUITMAN,00259836,ANDERSON,MARY,A,,696,GA HIGHWAY 39 S, ,GEORGETOWN,GA,39854-4136,696,GA HIGHWAY 39 S,,GEORGETOWN,GA,39854-4136,A,,,04/29/2020,09/18/2020,,MAILED,NO,NO,NO,,G,002,012,151,PATA,00002,,00021,41,
QUITMAN,00260140,ELEBY,SYLVESTER,,,30,KINSEY ST, ,GEORGETOWN,GA,39854-4801,,PO BOX 465,,GEORGETOWN,GA,39854-0046,A,,,09/09/2020,09/18/2020,,MAILED,NO,NO,NO,,G,002,012,151,PATA,00002,,00055,90,
QUITMAN,00260164,FENDLEY,JAMES,W,,1010,US HIGHWAY 82, ,GEORGETOWN,GA,39854-4606,1010,US HIGHWAY 82,,GEORGETOWN,GA,39854-4606,A,,,08/01/2020,,,MAILED,NO,NO,NO,,G,002,012,151,PATA,00002,,,,
QUITMAN,03687664,MORRIS,LYDELLE,M,,113,JOSEPHINE OVERLOOK DR, ,GEORGETOWN,GA,39854,113,JOSEPHINE OVERLOOK DR,,GEORGETOWN,GA,39854,A,,,04/09/2020,,,MAILED,NO,NO,NO,,G,002,012,151,PATA,00001,,,,
QUITMAN,06766860,ST.MARTIN,FRANCES,DARLENE,,480,GA HIGHWAY 39 S, ,GEORGETOWN,GA,39854,,PO BOX 14,,GEORGETOWN,GA,39854-0001,A,,,04/30/2020,,,MAILED,NO,NO,NO,,G,002,012,151,PATA,00002,,,,
QUITMAN,01612946,PRITCHETT,BARBARA,W,,430,VINING BRANCH RD, ,GEORGETOWN,GA,39854-2508,430,VINING BRANCH RD,,GEORGETOWN,GA,39854-2508,A,,,03/19/2020,,,MAILED,NO,NO,NO,,G,002,012,151,PATA,00001,,,,
QUITMAN,00259951,BROWN,DONNIE,MACK,,56,COUNTY LINE RD, ,GEORGETOWN,GA,39854,56,COUNTY LINE RD,,GEORGETOWN,GA,39854,A,,,04/17/2020,,,MAILED,NO,NO,NO,,G,002,012,151,PATA,00001,,,,
QUITMAN,00260524,MCFOLLEY,LOTTIE,MAE,,29,FRANCIS DR, ,GEORGETOWN,GA,39854-4818,,PO BOX 121,,GEORGETOWN,GA,39854-0012,A,,,04/16/2020,,,MAILED,NO,NO,NO,,G,002,012,151,PATA,00002,,,,
QUITMAN,00260391,JENKINS,JESSIE,A,,21,HYDER WAY, ,GEORGETOWN,GA,39854-3612,21,HYDER WAY,,GEORGETOWN,GA,39854-3612,A,,,09/03/2020,09/18/2020,,MAILED,NO,NO,NO,,G,002,012,151,PATA,00001,,00027,77,
QUITMAN,00260482,LEWIS,LOYD,,,226,KAIGLER RD, ,GEORGETOWN,GA,39854-4840,226,KAIGLER RD,,GEORGETOWN,GA,39854-4840,A,,,05/12/2020,,,MAILED,NO,NO,NO,,G,002,012,151,PATA,00002,,,,
QUITMAN,07111401,MCGOWAN,ROBERT,BERNARD,,471,VINING BRANCH RD, ,GEORGETOWN,GA,39854-2509,,PO BOX 582,,GEORGETOWN,GA,39854-0058,A,,,04/16/2020,,,MAILED,NO,NO,NO,,G,002,012,151,PATA,00001,,,,
QUITMAN,08154387,WARD,DEBRA,ANN,,1934,US HIGHWAY 82, ,GEORGETOWN,GA,39854-3631,1934,US HIGHWAY 82,,GEORGETOWN,GA,39854-3631,A,,,05/01/2020,,,MAILED,NO,NO,NO,,G,002,012,151,PATA,00001,,,,
QUITMAN,08711464,PAIGE,HOWARD,ROLAND,,57,RIDGEVIEW ST, ,GEORGETOWN,GA,39854,57,RIDGEVIEW ST,,GEORGETOWN,GA,39854,A,,,04/17/2020,09/18/2020,,MAILED,NO,NO,NO,,G,002,012,151,PATA,00002,,00025,51,
QUITMAN,01337633,ST MARTIN,ANTHONY,F,,480,GA HIGHWAY 39 S, ,GEORGETOWN,GA,39854,,P O BOX 14,,GEORGETOWN,GA,39854,A,,,04/29/2020,,,MAILED,NO,NO,NO,,G,002,012,151,PATA,00002,,,,
QUITMAN,10746179,HICKS,KENNETH,,,255,MOORE MEADOW DR, ,GEORGETOWN,GA,39854,255,MOORE MEADOW DR,,GEORGETOWN,GA,39854,A,,,09/03/2020,09/18/2020,,MAILED,NO,NO,NO,,G,002,012,151,PATA,00001,,00012,26,
QUITMAN,07912685,MCFARLEY,CHARLIE,LEE,,1770,US HIGHWAY 82, ,GEORGETOWN,GA,39854-3313,1770,US HIGHWAY 82,,GEORGETOWN,GA,39854-3313,A,,,09/03/2020,09/18/2020,,MAILED,NO,NO,NO,,G,002,012,151,PATA,00001,,00020,45,
QUITMAN,00261038,ELEBY,JIMMY,,,3383,US HIGHWAY 82, ,MORRIS,GA,39867-5513,3383,US HIGHWAY 82,,MORRIS,GA,39867-5513,A,,,04/16/2020,,,MAILED,NO,NO,NO,,M,002,012,151,PATA,00002,,,,
QUITMAN,00011800,MCDONALD,DIANNE,,,48,LAKESHORE DR, ,GEORGETOWN,GA,39854,48,LAKESHORE DR,,GEORGETOWN,GA,39854,A,,,04/29/2020,,,MAILED,NO,NO,NO,,G,002,012,151,PATA,00001,,,,
QUITMAN,06199865,JORDAN,LATAYNA,R,,680,GA HIGHWAY 39 S, ,GEORGETOWN,GA,39854,680,GA HIGHWAY 39 S,,GEORGETOWN,GA,39854,A,,,08/26/2020,09/18/2020,,MAILED,NO,NO,YES,,G,002,012,151,PATA,00002,,00002,3,
QUITMAN,11397762,MARSHALL,HARRY,LEE,,1470,US HIGHWAY 82, ,GEORGETOWN,GA,39854,1470,US HIGHWAY 82,,GEORGETOWN,GA,39854-4806,A,,,09/03/2020,09/18/2020,,MAILED,NO,NO,NO,,G,002,012,151,PATA,00002,,00048,78,
QUITMAN,04962720,KING,STEVEN,MCKENZIE,,1003,LOWER LUMPKIN RD, ,GEORGETOWN,GA,39854-3015,,PO BOX 416,,GEORGETOWN,GA,39854-0041,A,,,05/01/2020,,,MAILED,NO,NO,NO,,G,002,012,151,PATA,00002,,,,
QUITMAN,00261052,MCLEOD,GINGER,W,,141,UNION CHURCH RD, ,MORRIS,GA,39867,141,UNION CHURCH RD,,MORRIS,GA,39867,A,,,04/29/2020,,,MAILED,NO,NO,NO,,M,002,012,151,PATA,00002,,,,
QUITMAN,01371232,CORBIN,MARVLYN,E,,12,DEPOT RD, ,GEORGETOWN,GA,39854,,P O BOX 251,,GEORGETOWN,GA,39854,A,,,04/17/2020,,,MAILED,NO,NO,NO,,G,002,012,151,PATA,00001,,,,
QUITMAN,06347012,GRIGGS,NATHAN,,,3,PINE LOOP, ,GEORGETOWN,GA,39854,3,PINE LOOP,,GEORGETOWN,GA,39854,A,,,09/03/2020,09/18/2020,,MAILED,NO,NO,NO,,G,002,012,151,PATA,00002,,00011,24,
QUITMAN,05655170,ANDERSON,REBECCA,MOORE,,32,WOODLAND DR, ,GEORGETOWN,GA,39854,32,WOODLAND DR,,GEORGETOWN,GA,39854,A,,,04/15/2020,,,MAILED,NO,NO,NO,,G,002,012,151,PATA,00001,,,,
QUITMAN,06969569,BARTLETT,ANN,BELFLOWER,,647,GA HIGHWAY 27, ,GEORGETOWN,GA,39854-2828,647,GA HIGHWAY 27,,GEORGETOWN,GA,39854-2828,A,,,04/15/2020,,,MAILED,NO,NO,NO,,G,002,012,151,PATA,00001,,,,
QUITMAN,10566237,COCHRAN,ETHEL,E,,28,SANDRA DR, ,GEORGETOWN,GA,39854,28,SANDRA DR,,GEORGETOWN,GA,39854-4821,A,,,04/16/2020,09/18/2020,,MAILED,NO,NO,NO,,G,002,012,151,PATA,00002,,00037,64,
QUITMAN,06000509,MCMILLER,JULIA,VICK COOK,,605,OLD FORT GAINES RD, ,GEORGETOWN,GA,39854-3943,605,OLD FORT GAINES RD,,GEORGETOWN,GA,39854-3943,A,,,04/16/2020,09/18/2020,,MAILED,NO,NO,NO,,G,002,012,151,PATA,00002,,00035,62,
QUITMAN,04720153,IMHOFF,TRACI,LYNN,,151,PLANTATION BLVD, ,GEORGETOWN,GA,39854,151,PLANTATION BLVD,,GEORGETOWN,GA,39854,A,,,08/21/2020,09/18/2020,,MAILED,NO,NO,NO,,G,002,012,151,PATA,00001,,00007,15,
QUITMAN,00260970,WOOTEN,MARY,SUE,,1813,US HIGHWAY 82, ,GEORGETOWN,GA,39854-3316,,PO BOX 684,,GEORGETOWN,GA,39854-0068,A,,,04/09/2020,,,MAILED,NO,NO,NO,,G,002,012,151,PATA,00001,,,,
QUITMAN,03687658,MORRIS,RICHARD,BYRON,,113,JOSEPHINE OVERLOOK DR, ,GEORGETOWN,GA,39854,113,JOSEPHINE OVERLOOK DR,,GEORGETOWN,GA,39854,A,,,04/09/2020,,,MAILED,NO,NO,NO,,G,002,012,151,PATA,00001,,,,
QUITMAN,06042804,SHIRAH,DOREEN,DUNN,,1739,US HIGHWAY 82, ,GEORGETOWN,GA,39854-3312,,PO BOX 31,,GEORGETOWN,GA,39854-0003,A,,,04/29/2020,,,MAILED,NO,NO,NO,,G,002,012,151,PATA,00001,,,,
QUITMAN,00260836,UPSHAW,JOHNNY,WILL,,26,UPSHAW RD, ,GEORGETOWN,GA,39854-3701,26,UPSHAW RD,,GEORGETOWN,GA,39854-3701,A,,,04/17/2020,,,MAILED,NO,NO,NO,,G,002,012,151,PATA,00002,,,,
QUITMAN,01494331,JENKINS,DONELL,,,21,HYDER WAY, ,GEORGETOWN,GA,39854-3612,21,HYDER WAY,,GEORGETOWN,GA,39854-3612,A,,,09/03/2020,09/18/2020,,MAILED,NO,NO,NO,,G,002,012,151,PATA,00001,,00021,46,
QUITMAN,00260277,HARRIS,BERNICE,,,2888,US HIGHWAY 82, ,GEORGETOWN,GA,39854-3128,,PO BOX 284,,GEORGETOWN,GA,39854-0028,A,,,09/03/2020,09/18/2020,,MAILED,NO,NO,NO,,G,002,012,151,PATA,00002,,00046,75,
QUITMAN,08364656,WIMS,FREDDIE,JAMES,,50,THOMAS RD, ,GEORGETOWN,GA,39854-3104,50,THOMAS RD,,GEORGETOWN,GA,39854-3104,A,,,08/25/2020,09/19/2020,,MAILED,NO,NO,NO,,G,002,012,151,PATA,00002,,00004,5,
QUITMAN,07658629,LOUIS,SHIRLEY,,,11,MAIN ST, ,GEORGETOWN,GA,39854-4400,11,MAIN ST,,GEORGETOWN,GA,39854-4400,A,,,04/16/2020,,,MAILED,NO,NO,NO,,G,002,012,151,PATA,00001,,,,
QUITMAN,08602311,HARRIS,DAVID,H,,280,LOWER LUMPKIN RD, ,GEORGETOWN,GA,39854,280,LOWER LUMPKIN RD,,GEORGETOWN,GA,39854,A,,,04/16/2020,,,MAILED,NO,NO,NO,,G,002,012,151,PATA,00001,,,,
QUITMAN,04578174,COCHRAN,MARY,CANDIS,,518,GA HIGHWAY 39 S, ,GEORGETOWN,GA,39854-4130,518,GA HIGHWAY 39 S,,GEORGETOWN,GA,39854-4130,A,,,04/16/2020,09/18/2020,,MAILED,NO,NO,NO,,G,002,012,151,PATA,00002,,00028,54,
QUITMAN,04966017,BURTON,ROBERT,CRAIG,,568,DEER POINT RD, ,GEORGETOWN,GA,39854,568,DEER POINT RD,,GEORGETOWN,GA,39854,A,,,09/01/2020,09/18/2020,,MAILED,NO,NO,NO,,G,002,012,151,PATA,00001,,00010,20,
QUITMAN,07238121,MCFOLLEY,ELIZABETH,RICE,,3,BISHOP DR, ,GEORGETOWN,GA,39854-4831,3,BISHOP DR,,GEORGETOWN,GA,39854-4831,A,,,09/03/2020,09/18/2020,,MAILED,NO,NO,NO,,G,002,012,151,PATA,00002,,00031,57,
QUITMAN,08506602,RICE,LAWRENCE,,JR,359,LOWER LUMPKIN RD, ,GEORGETOWN,GA,39854-3619,,PO BOX 714,,GEORGETOWN,GA,39854-0071,A,,,04/17/2020,,,MAILED,NO,NO,NO,,G,002,012,151,PATA,00002,,,,
QUITMAN,10576956,PETERS,EMILY,ANN,,427,VINING BRANCH RD, ,GEORGETOWN,GA,39854,112,GENERAL MUDGE ST,,ALBANY,GA,31707-1212,A,,,08/21/2020,09/18/2020,,MAILED,NO,NO,NO,,G,002,012,151,PATA,00001,,00006,14,
QUITMAN,04951893,DRAMBLE,RICK,,,35,NORTHGATE RD, ,GEORGETOWN,GA,39854-3210,,PO BOX 132,,GEORGETOWN,GA,39854-0057,A,,,05/20/2020,,,MAILED,NO,NO,NO,,G,002,012,151,PATA,00001,,,,
QUITMAN,11062344,ONAGHISE,MARILYNN,,,135,BEALL ST, ,GEORGETOWN,GA,39854,135,BEALL ST,,GEORGETOWN,GA,39854,A,,,09/03/2020,09/18/2020,,MAILED,NO,NO,NO,,G,002,012,151,PATA,00002,,00024,50,
QUITMAN,00260614,NORRIS,CYNTHIA,GAIL,,44,HIGH ST, ,GEORGETOWN,GA,39854-4436,,PO BOX 52,,GEORGETOWN,GA,39854-0005,A,,,04/09/2020,,,MAILED,NO,NO,NO,,G,002,012,151,PATA,00002,,,,
QUITMAN,10567104,MCGOWAN,CALLIE,ELIZABETH,,471,VINING BRANCH RD, ,GEORGETOWN,GA,39854,471,VINING BRANCH RD,,GEORGETOWN,GA,39854-2509,A,,,04/16/2020,,,MAILED,NO,NO,NO,,G,002,012,151,PATA,00001,,,,
QUITMAN,00259957,BROWN,JOANN,,,56,COUNTY LINE RD, ,GEORGETOWN,GA,39854-4301,56,COUNTY LINE RD,,GEORGETOWN,GA,39854-4301,A,,,04/17/2020,,,MAILED,NO,NO,NO,,G,002,012,151,PATA,00001,,,,
QUITMAN,08031043,COLLINS,JOHNNY,LAMAR,,79,PLANTATION BLVD, ,GEORGETOWN,GA,39854-3419,79,PLANTATION BLVD,,GEORGETOWN,GA,39854-3419,A,,,04/16/2020,,,MAILED,NO,NO,NO,,G,002,012,151,PATA,00001,,,,
QUITMAN,01300008,HARBUCK,RICHARD,W,SR,12,DEPOT RD, ,GEORGETOWN,GA,39854-4424,,PO BOX 446,,GEORGETOWN,GA,39854-0044,A,,,08/24/2020,09/18/2020,,MAILED,NO,NO,NO,,G,002,012,151,PATA,00001,,00002,9,
QUITMAN,00260929,WILLIS,BOBBY,DEAN,,1755,US HIGHWAY 82, ,GEORGETOWN,GA,39854-3312,1755,US HIGHWAY 82,,GEORGETOWN,GA,39854-3312,A,,,05/20/2020,09/18/2020,,MAILED,NO,NO,NO,,G,002,012,151,PATA,00001,,00022,47,
QUITMAN,00260746,SHIRAH,BILLY,K,SR,1739,US HIGHWAY 82, ,GEORGETOWN,GA,39854-3312,,PO BOX 31,,GEORGETOWN,GA,39854-0003,A,,,04/29/2020,,,MAILED,NO,NO,NO,,G,002,012,151,PATA,00001,,,,
QUITMAN,08530235,PETERSON,MARY,LOUISE,,120,MCKENZIE RD, ,GEORGETOWN,GA,39854-4723,120,MCKENZIE RD,,GEORGETOWN,GA,39854-4723,A,,,09/03/2020,09/18/2020,,MAILED,NO,NO,NO,,G,002,012,151,PATA,00002,,00033,60,
QUITMAN,04325489,MARSHALL,DORA,MAE,,1470,US HIGHWAY 82, ,GEORGETOWN,GA,39854-4806,1470,US HIGHWAY 82,,GEORGETOWN,GA,39854-4806,A,,,04/21/2020,09/18/2020,,MAILED,NO,NO,NO,,G,002,012,151,PATA,00002,,00032,59,
QUITMAN,02716238,RICE,RUSSELL,,SR,23,FLORENCE ST, ,GEORGETOWN,GA,39854-4522,,PO BOX 714,,GEORGETOWN,GA,39854-0071,A,,,04/17/2020,,,MAILED,NO,NO,NO,,G,002,012,151,PATA,00002,,,,
QUITMAN,08130535,BOUYER,MARLIN,RAYSHUN,,2760,US HIGHWAY 82, ,GEORGETOWN,GA,39854-3716,2760,US HIGHWAY 82,,GEORGETOWN,GA,39854-3716,A,,,09/03/2020,09/18/2020,,MAILED,NO,NO,NO,,G,002,012,151,PATA,00002,,00026,52,
QUITMAN,08390915,MCDONALD,VERNON,J,,48,LAKESHORE DR, ,GEORGETOWN,GA,39854-4030,48,LAKESHORE DR,,GEORGETOWN,GA,39854-4030,A,,,05/01/2020,,,MAILED,NO,NO,NO,,G,002,012,151,PATA,00001,,,,
QUITMAN,06905612,OLIVER,DOUGLAS,EDWARD,,15,BISHOP DR, ,GEORGETOWN,GA,39854-4831,15,BISHOP DR,,GEORGETOWN,GA,39854-4831,A,,,04/17/2020,09/18/2020,,MAILED,NO,NO,NO,,G,002,012,151,PATA,00002,,00053,86,
QUITMAN,00636026,DANGLER,CATHERINE,A,,49,JOSEPHINE OVERLOOK DR, ,GEORGETOWN,GA,39854-4323,49,JOSEPHINE OVERLOOK DR,,GEORGETOWN,GA,39854-4323,A,,,05/12/2020,,,MAILED,NO,NO,NO,,G,002,012,151,PATA,00001,,,,
QUITMAN,05174324,POPE,JAMES,ROBERT,,599,GRADDY RD, ,GEORGETOWN,GA,39854-2625,599,GRADDY RD,,GEORGETOWN,GA,39854-2625,A,,,04/17/2020,,,MAILED,NO,NO,NO,,G,002,012,151,PATA,00001,,,,
QUITMAN,08186062,BALDWIN,DANNY,RAY,,236,WATSON RD, ,GEORGETOWN,GA,39854,236,WATSON RD,,GEORGETOWN,GA,39854,A,,,04/16/2020,,,MAILED,NO,NO,NO,,G,002,012,151,PATA,00001,,,,
QUITMAN,10575488,RODNEY,WILFORD,,,977,GA HIGHWAY 39 S, ,GEORGETOWN,GA,39854,977,GA HIGHWAY 39 S,,GEORGETOWN,GA,39854,A,,,05/11/2020,,,MAILED,NO,NO,NO,,G,002,012,151,PATA,00001,,,,
QUITMAN,12522765,FINNEGAN,ELIZABETH,,,12,SANDY DR, ,GEORGETOWN,GA,39854,12,SANDY DR,,GEORGETOWN,GA,39854,A,,,04/16/2020,,,MAILED,NO,NO,NO,,G,002,012,151,PATA,00001,,,,
QUITMAN,00260386,JENKINS,BOB,,,21,HYDER WAY, ,GEORGETOWN,GA,39854-3612,21,HYDER WAY,,GEORGETOWN,GA,39854-3612,A,,,05/20/2020,09/18/2020,,MAILED,NO,NO,NO,,G,002,012,151,PATA,00001,,00024,49,
QUITMAN,00591721,WILBORN,CYNTHIA,,,86,MORRIS RD, ,MORRIS,GA,39867-5603,86,MORRIS RD,,MORRIS,GA,39867-5603,A,,,09/09/2020,09/18/2020,,MAILED,NO,NO,NO,,M,002,012,151,PATA,00002,,00003,91,
QUITMAN,00260145,ELLIS,ELOISE,C,,40,RIDGEVIEW ST, ,GEORGETOWN,GA,39854-4621,,PO BOX 332,,GEORGETOWN,GA,39854-0033,A,,,04/16/2020,,,MAILED,NO,NO,NO,,G,002,012,151,PATA,00002,,,,
QUITMAN,00260476,LEE,MATTIE,MAE,,981,LOWER LUMPKIN RD, ,GEORGETOWN,GA,39854-3013,981,LOWER LUMPKIN RD,,GEORGETOWN,GA,39854-3013,A,,,05/01/2020,09/18/2020,,MAILED,NO,NO,NO,,G,002,012,151,PATA,00002,,00030,56,
QUITMAN,00259862,BARCLAY,JANE,F,,12,DEPOT RD, ,GEORGETOWN,GA,39854-4424,,PO BOX 153,,GEORGETOWN,GA,39854-0015,A,,,04/15/2020,,,MAILED,NO,NO,NO,,G,002,012,151,PATA,00001,,,,
QUITMAN,00039099,AVERA,FAYE,B,,56,JOSEPHINE OVERLOOK DR, ,GEORGETOWN,GA,39854-4326,56,JOSEPHINE OVERLOOK DR,,GEORGETOWN,GA,39854-4326,A,,,04/15/2020,,,MAILED,NO,NO,NO,,G,002,012,151,PATA,00001,,,,
QUITMAN,00615508,STARLING,JAMES,T,,50,JOSEPHINE OVERLOOK DR, ,GEORGETOWN,GA,39854-4325,50,JOSEPHINE OVERLOOK DR,,GEORGETOWN,GA,39854-4325,A,,,05/01/2020,,,MAILED,NO,NO,NO,,G,002,012,151,PATA,00001,,,,
QUITMAN,00260819,THOMAS,MARY,BOUYER,,19,THOMAS RD, ,GEORGETOWN,GA,39854-3102,19,THOMAS RD,,GEORGETOWN,GA,39854-3102,A,,,09/03/2020,09/18/2020,,MAILED,NO,NO,NO,,G,002,012,151,PATA,00002,,00027,53,
QUITMAN,04776634,LITVAITIS,DIANA,L,,12,DEPOT RD, ,GEORGETOWN,GA,39854,,PO BOX 507,,GEORGETOWN,GA,39854-0050,A,,,04/16/2020,,,MAILED,NO,NO,NO,,G,002,012,151,PATA,00001,,,,
QUITMAN,05038249,MASSEY,BOBBY,DEAN,,228,PLANTATION BLVD, ,GEORGETOWN,GA,39854,228,PLANTATION BLVD,,GEORGETOWN,GA,39854,A,,,04/16/2020,,,MAILED,NO,NO,NO,,G,002,012,151,PATA,00001,,,,
QUITMAN,03479308,KINSEY,DAVID,EUGENE,,29,SEAY SPRING RD, ,GEORGETOWN,GA,39854-2820,29,SEAY SPRING RD,,GEORGETOWN,GA,39854-2820,A,,,05/12/2020,09/18/2020,,MAILED,NO,NO,NO,,G,002,012,151,PATA,00002,,00039,67,
QUITMAN,00260033,CLANCE,HARRY,EDWARD,,507,OLD 39 RD, ,GEORGETOWN,GA,39854-3352,507,OLD 39 RD,,GEORGETOWN,GA,39854-3352,A,,,04/16/2020,,,MAILED,NO,NO,NO,,G,002,012,151,PATA,00001,,,,
QUITMAN,12522479,POLLOCK,BRADY,ROSS,,18,DAVIS DR, ,GEORGETOWN,GA,39854,18,DAVIS DR,,GEORGETOWN,GA,39854-3248,A,,,04/17/2020,,,MAILED,NO,NO,NO,,G,002,012,151,PATA,00001,,,,
QUITMAN,12098698,CHALKLEY,SUSAN,AMANDA,,85,MAIN ST, ,GEORGETOWN,GA,39854,85,MAIN ST,,GEORGETOWN,GA,39854,A,,,09/09/2020,09/18/2020,,MAILED,NO,NO,NO,,G,002,012,151,PATA,00001,,00034,97,
QUITMAN,07986725,CHRISTIAN,THELMON,,,30,TOMS DR, ,GEORGETOWN,GA,39854-4803,30,TOMS DR,,GEORGETOWN,GA,39854-4803,A,,,04/16/2020,,,MAILED,NO,NO,NO,,G,002,012,151,PATA,00002,,,,
QUITMAN,10555032,WHITE,JEROME,TILLIS,,459,GA HIGHWAY 39 S, ,GEORGETOWN,GA,39854,459,OLD HWY 39,,GEORGETOWN,GA,39854-0000,A,,,04/29/2020,,,MAILED,NO,NO,NO,,G,002,012,151,PATA,00001,,,,
QUITMAN,05804410,GILLIS,ALICE,,,16,BISHOP DR, ,GEORGETOWN,GA,39854-4832,16,BISHOP DR,,GEORGETOWN,GA,39854-4832,A,,,04/16/2020,09/18/2020,,MAILED,NO,NO,NO,,G,002,012,151,PATA,00002,,00041,69,
QUITMAN,00013726,ROGERS,CELIA,DAVIS,,70,WOODLAND DR, ,GEORGETOWN,GA,39854-3416,70,WOODLAND DR,,GEORGETOWN,GA,39854-3416,A,,,09/03/2020,09/18/2020,,MAILED,NO,NO,NO,,G,002,012,151,PATA,00001,,00017,38,
QUITMAN,00260157,FAIR,JIMMIE,L,,77,BISHOP DR, ,GEORGETOWN,GA,39854-4831,77,BISHOP DR,,GEORGETOWN,GA,39854-4831,A,,,09/03/2020,09/18/2020,,MAILED,NO,NO,NO,,G,002,012,151,PATA,00002,,00045,74,
QUITMAN,08130504,JOHNSON,DAVID,TIMOTHY,,174,COMMONS WAY,122CO,GEORGETOWN,GA,39854,,P O BOX 494,,GEORGETOWN,GA,39854,A,,,05/11/2020,09/18/2020,,MAILED,NO,NO,NO,,G,002,012,151,PATA,00002,,00051,84,
QUITMAN,08364551,HAYES,JIMMIE,LOUIS,,241,MORRIS RD, ,MORRIS,GA,39867-5608,241,MORRIS RD,,MORRIS,GA,39867-5608,A,,,04/16/2020,09/18/2020,,MAILED,NO,NO,NO,,M,002,012,151,PATA,00002,,00005,104,
QUITMAN,01302421,DUNN,HENRY,D,,12,DEPOT RD,90,GEORGETOWN,GA,39854,,P O BOX 43,,GEORGETOWN,GA,39854,A,,,04/16/2020,,,MAILED,NO,NO,NO,,G,002,012,151,PATA,00001,,,,
QUITMAN,00259902,BLAND,BETTY,H,,787,GA HIGHWAY 27, ,GEORGETOWN,GA,39854-2830,787,GA HIGHWAY 27,,GEORGETOWN,GA,39854-2830,A,,,04/15/2020,,,MAILED,NO,NO,NO,,G,002,012,151,PATA,00001,,,,
QUITMAN,03693665,GRIFFITHS,JAMES,M,,580,DEER POINT RD, ,GEORGETOWN,GA,39854-4042,580,DEER POINT RD,,GEORGETOWN,GA,39854-4042,A,,,04/16/2020,,,MAILED,NO,NO,NO,,G,002,012,151,PATA,00001,,,,
QUITMAN,00259844,RUTLEDGE,MARY,SUDIE,,818,GA HIGHWAY 27, ,GEORGETOWN,GA,39854-2831,818,GA HIGHWAY 27,,GEORGETOWN,GA,39854-2831,A,,,04/21/2020,,,MAILED,NO,NO,NO,,G,002,012,151,PATA,00002,,,,
QUITMAN,00260572,MING,ERNEST,JASPER,,165,JACQUELINE DR, ,GEORGETOWN,GA,39854-4828,165,JACQUELINE DR,,GEORGETOWN,GA,39854-4828,A,,,04/16/2020,,,MAILED,NO,NO,NO,,G,002,012,151,PATA,00002,,,1,
QUITMAN,03847249,WIMS,BOBBIE,LEE,,50,THOMAS RD, ,GEORGETOWN,GA,39854-3104,50,THOMAS RD,,GEORGETOWN,GA,39854-3104,A,,,08/25/2020,09/18/2020,,MAILED,NO,NO,NO,,G,002,012,151,PATA,00002,,00005,6,
QUITMAN,06098338,BOUYER,EUGENE,,,2760,US HIGHWAY 82, ,GEORGETOWN,GA,39854-3716,2760,US HIGHWAY 82,,GEORGETOWN,GA,39854-3716,A,,,04/16/2020,09/18/2020,,MAILED,NO,NO,NO,,G,002,012,151,PATA,00002,,00006,7,
QUITMAN,00260855,WALLACE,WILLIE,L,,560,GA HIGHWAY 39 S, ,GEORGETOWN,GA,39854,560,GA HIGHWAY 39 S,,GEORGETOWN,GA,39854,A,,,09/03/2020,09/18/2020,,MAILED,NO,NO,NO,,G,002,012,151,PATA,00002,,00017,35,
QUITMAN,03593877,JOYNER,JAMIE,REYNOLDS,,41,OLD FORT GAINES RD, ,GEORGETOWN,GA,39854-3517,41,OLD FORT GAINES RD,,GEORGETOWN,GA,39854-3517,A,,,04/17/2020,,,MAILED,NO,NO,NO,,G,002,012,151,PATA,00001,,,,
QUITMAN,12429905,JAMES,ARTHUR,STEVE,,10,NAPOLEON BLVD, ,GEORGETOWN,GA,39854,10,NAPOLEON BLVD,,GEORGETOWN,GA,39854-4341,A,,,05/11/2020,,,MAILED,NO,NO,NO,,G,002,012,151,PATA,00001,,,,
QUITMAN,10898342,ONAGHISE,ROTIMI,,,135,BEALL ST, ,GEORGETOWN,GA,39854,135,BEALL ST,,GEORGETOWN,GA,39854,A,,,08/25/2020,09/18/2020,,MAILED,NO,NO,NO,,G,002,012,151,PATA,00002,,00003,4,
QUITMAN,11806477,BRUNSON,ALVA,CECIL,,605,DEER POINT RD, ,GEORGETOWN,GA,39854,605,DEER POINT RD,,GEORGETOWN,GA,39854-4045,A,,,04/16/2020,,,MAILED,NO,NO,NO,,G,002,012,151,PATA,00001,,,,
QUITMAN,00009343,HARRIS,FRANCIS,J,SR,66,JOSEPHINE OVERLOOK DR, ,GEORGETOWN,GA,39854,66,JOSEPHINE OVERLOOK DR,,GEORGETOWN,GA,39854,A,,,05/20/2020,,,MAILED,NO,NO,NO,,G,002,012,151,PATA,00001,,,,
QUITMAN,06476283,REDMON,ROSE,MARIE,,12,DEPOT RD, ,GEORGETOWN,GA,39854-4424,,PO BOX 654,,GEORGETOWN,GA,39854-0065,A,,,04/29/2020,09/18/2020,,MAILED,NO,NO,NO,,G,002,012,151,PATA,00001,,00032,89,
QUITMAN,06000512,ALEXANDER,ADRIANE,DENISE,,2921,US HIGHWAY 82, ,GEORGETOWN,GA,39854,,PO BOX 734,,GEORGETOWN,GA,39854-0073,A,,,09/03/2020,09/18/2020,,MAILED,NO,NO,NO,,G,002,012,151,PATA,00002,,00042,70,
QUITMAN,00260318,HILL,DENISE,,,122,SOUTH ST, ,GEORGETOWN,GA,39854-4518,,PO BOX 213,,GEORGETOWN,GA,39854-0021,A,,,09/03/2020,09/18/2020,,MAILED,NO,NO,NO,,G,002,012,151,PATA,00002,,00022,43,
QUITMAN,06503374,LASETER,LEE,ETHEL,,1009,LOWER LUMPKIN RD, ,GEORGETOWN,GA,39854-3015,1009,LOWER LUMPKIN RD,,GEORGETOWN,GA,39854-3015,A,,,09/03/2020,09/18/2020,,MAILED,NO,NO,NO,,G,002,012,151,PATA,00002,,00036,63,
QUITMAN,10619975,REDDELL,CHARLES,CARROL,,46,CHARITY DR, ,GEORGETOWN,GA,39854,,PO BOX 22,,GEORGETOWN,GA,39854-0022,A,,,04/17/2020,09/18/2020,,MAILED,NO,NO,NO,,G,002,012,151,PATA,00001,,00031,87,
QUITMAN,00261139,CULVER,LESLIE,J,,240,DEPOT RD, ,GEORGETOWN,GA,39854,240,DEPOT RD,,GEORGETOWN,GA,39854,A,,,09/09/2020,09/18/2020,,MAILED,NO,NO,NO,,G,002,012,151,PATA,00001,,00033,94,
QUITMAN,12143554,DIXON,JO,ANN,,1808,US HIGHWAY 82, ,GEORGETOWN,GA,39854,1808,US HIGHWAY 82,,GEORGETOWN,GA,39854-3353,A,,,05/01/2020,,,MAILED,NO,NO,NO,,G,002,012,151,PATA,00001,,,,
QUITMAN,00260522,MCFOLLEY,CURTIS,,,32,UPSHAW RD, ,GEORGETOWN,GA,39854-3701,32,UPSHAW RD,,GEORGETOWN,GA,39854-3701,A,,,04/16/2020,,,MAILED,NO,NO,NO,,G,002,012,151,PATA,00002,,,,
QUITMAN,01227663,FOWLER,LORA,BURGESS,,151,COOL BRANCH RD, ,GEORGETOWN,GA,39854,151,COOL BRANCH RD,,GEORGETOWN,GA,39854,A,,,04/16/2020,09/18/2020,,MAILED,NO,NO,NO,,G,002,012,151,PATA,00001,,00030,82,
QUITMAN,06726723,BALLENGER,CLAUDIA,BICE,,94,RIDGEVIEW ST, ,GEORGETOWN,GA,39854,94,RIDGEVIEW ST,,GEORGETOWN,GA,39854,A,,,04/16/2020,,,MAILED,NO,NO,NO,,G,002,012,151,PATA,00002,,,,
QUITMAN,00260479,LEWIS,CLARA,,,45,LEWIS RD, ,GEORGETOWN,GA,39854-2935,45,LEWIS RD,,GEORGETOWN,GA,39854-2935,A,,,04/16/2020,,,MAILED,NO,NO,NO,,G,002,012,151,PATA,00002,,,,
QUITMAN,08685943,CLEMENTS,MARY,JANE,,178,WINDING WAY BLVD, ,GEORGETOWN,GA,39854-3221,178,WINDING WAY BLVD,,GEORGETOWN,GA,39854-3221,A,,,04/16/2020,,,MAILED,NO,NO,NO,,G,002,012,151,PATA,00001,,,,
QUITMAN,12082318,JORDAN,INGRID,,,605,OLD FORT GAINES RD, ,GEORGETOWN,GA,39854,605,OLD FORT GAINES RD,,GEORGETOWN,GA,39854,A,,,09/03/2020,09/18/2020,,MAILED,NO,NO,NO,,G,002,012,151,PATA,00002,,00029,55,
QUITMAN,08298822,HAYES,NORMA,HALL,,241,MORRIS RD, ,MORRIS,GA,39867-5608,241,MORRIS RD,,MORRIS,GA,39867-5608,A,,,04/16/2020,09/18/2020,,MAILED,NO,NO,NO,,M,002,012,151,PATA,00002,,00006,105,
QUITMAN,12430404,VELEZ,KEVIN,TAYLOR,,151,PLANTATION BLVD, ,GEORGETOWN,GA,39854,151,PLANTATION BLVD,,GEORGETOWN,GA,39854-3423,A,,,08/21/2020,09/18/2020,,MAILED,NO,NO,NO,,G,002,012,151,PATA,00001,,00004,12,
QUITMAN,07680808,BUSSEY,J W,,,36,BUSSEY PLACE RD, ,MORRIS,GA,39867-5216,36,BUSSEY PLACE RD,,MORRIS,GA,39867-5216,A,,,04/16/2020,09/18/2020,,MAILED,NO,NO,NO,,M,002,012,151,PATA,00002,,00002,71,
QUITMAN,06267259,COCHRAN,JOHNNY,CHARLES,,518,GA HIGHWAY 39 S, ,GEORGETOWN,GA,39854,518,GA HIGHWAY 39 S,,GEORGETOWN,GA,39854,A,,,04/16/2020,09/18/2020,,MAILED,NO,NO,NO,,G,002,012,151,PATA,00002,,00044,73,
QUITMAN,00260493,LIPTROTH,SENORA,L,,18,NORTHGATE RD, ,GEORGETOWN,GA,39854-3211,18,NORTHGATE RD,,GEORGETOWN,GA,39854-3211,A,,,09/03/2020,09/18/2020,,MAILED,NO,NO,NO,,G,002,012,151,PATA,00001,,00016,34,
QUITMAN,00026189,REESE,ALBERT,BURNEY,JR,12,DEPOT RD,LOT 78,GEORGETOWN,GA,39854,,P O BOX 127,,GEORGETOWN,GA,39854,A,,,04/17/2020,,,MAILED,NO,NO,NO,,G,002,012,151,PATA,00001,,,,
QUITMAN,11679996,DZWONKOWSKI,ROBERT,STANLEY,,46,COUNTY LINE RD, ,GEORGETOWN,GA,39854,46,COUNTY LINE RD,,GEORGETOWN,GA,39854-4301,A,,,04/16/2020,09/18/2020,,MAILED,NO,NO,NO,,G,002,012,151,PATA,00001,,00028,80,
QUITMAN,07404155,TAYLOR,IRMA,J,,82,FLORENCE ST, ,GEORGETOWN,GA,39854,82,FLORENCE ST,,GEORGETOWN,GA,39854,A,,,09/14/2020,09/18/2020,,MAILED,NO,NO,NO,,G,002,012,151,PATA,00001,,00040,108,
QUITMAN,06139477,CEASER,EDDIE,ROY,,153,DEPOT RD, ,GEORGETOWN,GA,39854-4426,,PO BOX 694,,GEORGETOWN,GA,39854-0069,A,,,05/18/2020,09/18/2020,,MAILED,NO,NO,NO,,G,002,012,151,PATA,00002,,00060,98,
QUITMAN,01296762,HARBUCK,BARBARA,FAYE K,,12,DEPOT RD, ,GEORGETOWN,GA,39854-4424,,PO BOX 446,,GEORGETOWN,GA,39854-0044,A,,,08/24/2020,09/18/2020,,MAILED,NO,NO,NO,,G,002,012,151,PATA,00001,,00003,10,
QUITMAN,05523267,CARTER,JOHN,,,919,UNION CHURCH RD RD, ,MORRIS,GA,39867,919,UNION CHURCH RD RD,,MORRIS,GA,39867,A,,,04/16/2020,,,MAILED,NO,NO,NO,,M,002,012,151,PATA,00001,,,,
QUITMAN,01328759,MURRAY,DARLENE,ADAMS BARBEE,,228,PLANTATION BLVD, ,GEORGETOWN,GA,39854,228,PLANTATION BLVD,,GEORGETOWN,GA,39854,A,,,04/16/2020,,,MAILED,NO,NO,NO,,G,002,012,151,PATA,00001,,,,
QUITMAN,00260725,JONES,JULIA,MAE,,6,KINSEY ST, ,GEORGETOWN,GA,39854-4801,,PO BOX 244,,GEORGETOWN,GA,39854-0024,A,,,09/09/2020,09/18/2020,,MAILED,NO,NO,NO,,G,002,012,151,PATA,00002,,00059,96,
QUITMAN,04695435,RICHARDSON,LORINE,HOWARD,,63,BISHOP DR, ,GEORGETOWN,GA,39854-4831,63,BISHOP DR,,GEORGETOWN,GA,39854-4831,A,,,09/03/2020,09/18/2020,,MAILED,NO,NO,NO,,G,002,012,151,PATA,00002,,00015,32,
QUITMAN,06726700,FAIR,BREE,SUMMERS DENISE,,77,BISHOP DR, ,GEORGETOWN,GA,39854,77,BISHOP DR,,GEORGETOWN,GA,39854,A,,,09/03/2020,09/18/2020,,MAILED,NO,NO,NO,,G,002,012,151,PATA,00002,,00019,37,
QUITMAN,10035746,ELEBY,WAULENE,,,36,FOSTER RD, ,MORRIS,GA,39867,36,FOSTER RD,,MORRIS,GA,39867-5503,A,,,05/12/2020,,,MAILED,NO,NO,NO,,M,002,012,151,PATA,00002,,,,
QUITMAN,00307988,FISHER,EDNA,SPRUELL,,118,WOODLAND DR, ,GEORGETOWN,GA,39854,118,WOODLAND DR,,GEORGETOWN,GA,39854,A,,,03/09/2020,,,MAILED,NO,NO,NO,,G,002,012,151,PATA,00001,,,,
QUITMAN,00020100,HARRIS,JESSIE,FLEETWOOD,,66,JOSEPHINE OVERLOOK DR, ,GEORGETOWN,GA,39854,66,JOSEPHINE OVERLOOK DR,,GEORGETOWN,GA,39854,A,,,05/20/2020,,,MAILED,NO,NO,NO,,G,002,012,151,PATA,00001,,,,
QUITMAN,12425359,FREEMAN,JOHNNIE,,,131,JACQUELINE DR, ,GEORGETOWN,GA,39854,131,JACQUELINE DR,,GEORGETOWN,GA,39854,A,,,05/12/2020,,,MAILED,NO,NO,NO,,G,002,012,151,PATA,00002,,,,
QUITMAN,00260279,HARRIS,FLORA,,,944,GA HIGHWAY 27, ,GEORGETOWN,GA,39854-2833,944,GA HIGHWAY 27,,GEORGETOWN,GA,39854-2833,A,,,04/16/2020,,,MAILED,NO,NO,NO,,G,002,012,151,PATA,00002,,,,
QUITMAN,00260484,LEWIS,MAC,NEAL,,87,LEWIS RD, ,GEORGETOWN,GA,39854-2935,,PO BOX 231,,GEORGETOWN,GA,39854-0023,A,,,04/21/2020,09/18/2020,,MAILED,NO,NO,NO,,G,002,012,151,PATA,00002,,00038,65,
QUITMAN,00260847,WADDELL,JACQELINE,W,,216,GA HIGHWAY 39 N, ,GEORGETOWN,GA,39854-2839,216,GA HIGHWAY 39 N,,GEORGETOWN,GA,39854-2839,A,,,04/17/2020,,,MAILED,NO,NO,NO,,G,002,012,151,PATA,00001,,,,
QUITMAN,08007093,PRESLEY,MARGARET,BLAND,,953,US HIGHWAY 82, ,GEORGETOWN,GA,39854,,PO BOX 117,,GEORGETOWN,GA,39854-0011,A,,,04/17/2020,09/18/2020,,MAILED,NO,NO,NO,,G,002,012,151,PATA,00001,,00009,17,
QUITMAN,02007778,MORGAN,GLOURISE,D,,21,MAIN ST, ,GEORGETOWN,GA,39854,343,HOOD ST,,CUTHBERT,GA,39840-5230,A,,,08/25/2020,09/18/2020,,MAILED,NO,NO,NO,,G,002,012,151,PATA,00001,,00001,8,
QUITMAN,00669987,MOORE,MARY,R,,91,JOSEPHINE OVERLOOK DR, ,GEORGETOWN,GA,39854-4323,91,JOSEPHINE OVERLOOK DR,,GEORGETOWN,GA,39854-4323,A,,,09/14/2020,09/18/2020,,MAILED,NO,NO,NO,,G,002,012,151,PATA,00001,,00038,106,
QUITMAN,00305805,ADKINS,LARRY,,,3446,US HIGHWAY 82, ,MORRIS,GA,39867,3446,US HIGHWAY 82,,MORRIS,GA,39867,A,,,04/15/2020,,,MAILED,NO,NO,NO,,M,002,012,151,PATA,00002,,,,
QUITMAN,12253293,FLOYD,HAZEL,,,52,COOL BRANCH RD,A,GEORGETOWN,GA,39854,52,COOL BRANCH RD,A,GEORGETOWN,GA,39854,A,,,02/24/2020,09/18/2020,,MAILED,NO,NO,NO,,G,002,012,151,PATA,00001,,00029,81,
QUITMAN,06174296,WELCH,CAROL,ANN,,6,BANJO CIR, ,GEORGETOWN,GA,39854,,PO BOX 315,,BOX SPRINGS,GA,31801-0031,A,,,04/17/2020,,,MAILED,NO,NO,NO,,G,002,012,151,PATA,00001,,,,
QUITMAN,00260144,ELLIS,BARBARA,,,52,RIDGEVIEW ST, ,GEORGETOWN,GA,39854-4621,,PO BOX 237,,GEORGETOWN,GA,39854-0023,A,,,04/16/2020,,,MAILED,NO,NO,NO,,G,002,012,151,PATA,00002,,,,
QUITMAN,00260319,HILL,EDDIE,JOE,,122,SOUTH ST, ,GEORGETOWN,GA,39854-4518,,PO BOX 213,,GEORGETOWN,GA,39854-0021,A,,,09/03/2020,09/18/2020,,MAILED,NO,NO,NO,,G,002,012,151,PATA,00002,,00023,44,
QUITMAN,05684495,GREEN,PATSY,JOYCE,,183,TANGLEWOOD TRL, ,GEORGETOWN,GA,39854-4226,183,TANGLEWOOD TRL,,GEORGETOWN,GA,39854-4226,A,,,04/16/2020,,,MAILED,NO,NO,NO,,G,002,012,151,PATA,00001,,,,
QUITMAN,00261077,THOMAS,IRENE,,,46,FOSTER RD, ,MORRIS,GA,39867-5503,46,FOSTER RD,,MORRIS,GA,39867-5503,A,,,09/01/2020,09/18/2020,,MAILED,NO,NO,NO,,M,002,012,151,PATA,00002,,00001,22,
QUITMAN,11922182,DIXON,JAMES,,,1808,US HIGHWAY 82, ,GEORGETOWN,GA,39854,1808,US HIGHWAY 82,,GEORGETOWN,GA,39854,A,,,05/11/2020,,,MAILED,NO,NO,NO,,G,002,012,151,PATA,00001,,,,
QUITMAN,08219107,IMHOFF,CHRISTOPHER,L,,151,PLANTATION BLVD, ,GEORGETOWN,GA,39854,,P O BOX 213146,,MARTINEZ,GA,30917,A,,,08/21/2020,09/18/2020,,MAILED,NO,NO,NO,,G,002,012,151,PATA,00001,,00008,16,
QUITMAN,00260481,LEWIS,KATHERINE,,,226,KAIGLER RD, ,GEORGETOWN,GA,39854-4840,226,KAIGLER RD,,GEORGETOWN,GA,39854-4840,A,,,05/12/2020,,,MAILED,NO,NO,NO,,G,002,012,151,PATA,00002,,,,
QUITMAN,10003366,RICHARDSON,RICCARDO,LOPEZ,,63,BISHOP DR, ,GEORGETOWN,GA,39854,63,BISHOP DR,,GEORGETOWN,GA,39854-4831,A,,,09/03/2020,09/18/2020,,MAILED,NO,NO,NO,,G,002,012,151,PATA,00002,,00014,31,
QUITMAN,05195218,POPE,DEBRA,,,599,GRADDY RD, ,GEORGETOWN,GA,39854-2625,599,GRADDY RD,,GEORGETOWN,GA,39854-2625,A,,,04/17/2020,,,MAILED,NO,NO,NO,,G,002,012,151,PATA,00001,,,,
QUITMAN,03213468,DELEONE-THOMAS,CAROL,L,,221,TANGLEWOOD TRL, ,GEORGETOWN,GA,39854-4228,221,TANGLEWOOD TRL,,GEORGETOWN,GA,39854-4228,A,,,04/29/2020,,,MAILED,NO,NO,NO,,G,002,012,151,PATA,00001,,,,
QUITMAN,00260556,MASSEY,LEE,,SR,31,BISHOP DR, ,GEORGETOWN,GA,39854-4831,31,BISHOP DR,,GEORGETOWN,GA,39854-4831,A,,,09/03/2020,09/18/2020,,MAILED,NO,NO,NO,,G,002,012,151,PATA,00002,,00012,25,
QUITMAN,01836069,RANSOM,PATRICIA,M,,15,KIMBERLY DR, ,GEORGETOWN,GA,39854-4625,,PO BOX 2,,GEORGETOWN,GA,39854,A,,,04/29/2020,,,MAILED,NO,NO,NO,,G,002,012,151,PATA,00001,,,,
QUITMAN,08250265,SPENCER,BOBBY,,,275,WINDING WAY BLVD, ,GEORGETOWN,GA,39854,,P O BOX 65,,GEORGETOWN,GA,39854,A,,,04/17/2020,,,MAILED,NO,NO,NO,,G,002,012,151,PATA,00001,,,,
QUITMAN,05006768,YOUNG,ANNIE,PETERSON,,13,SCENIC DR, ,GEORGETOWN,GA,39854-3206,13,SCENIC DR,,GEORGETOWN,GA,39854-3206,A,,,02/24/2020,09/18/2020,,MAILED,NO,NO,NO,,G,002,012,151,PATA,00001,,00014,28,
QUITMAN,05428898,ROBINSON,JAMES,,,31,GRAVEL PIT RD, ,GEORGETOWN,GA,39854-3335,,PO BOX 443,,GEORGETOWN,GA,39854-0044,A,,,04/17/2020,,,MAILED,NO,NO,NO,,G,002,012,151,PATA,00001,,,,
QUITMAN,06098828,ALEXANDRA,J,D,JR,2921,US HIGHWAY 82, ,GEORGETOWN,GA,39854-3131,2921,US HIGHWAY 82,,GEORGETOWN,GA,39854-3131,A,,,09/03/2020,09/18/2020,,MAILED,NO,NO,NO,,G,002,012,151,PATA,00002,,00043,72,
QUITMAN,04174671,RICE,SHELBY,G,,23,FLORENCE ST, ,GEORGETOWN,GA,39854-4522,,PO BOX 714,,GEORGETOWN,GA,39854-0071,A,,,04/17/2020,,,MAILED,NO,NO,NO,,G,002,012,151,PATA,00002,,,,
QUITMAN,04361563,CEASER,SCHERRY,A,,153,DEPOT RD, ,GEORGETOWN,GA,39854-4427,,PO BOX 694,,GEORGETOWN,GA,39854-0069,A,,,09/09/2020,09/18/2020,,MAILED,NO,NO,NO,,G,002,012,151,PATA,00002,,00061,100,
QUITMAN,12318763,SEIDEL,MICHAEL,GEORGE,,484,GA HIGHWAY 39 S, ,GEORGETOWN,GA,39854,484,GA HIGHWAY 39 S,,GEORGETOWN,GA,39854-4128,A,,,04/16/2020,,,MAILED,NO,NO,NO,,G,002,012,151,PATA,00002,,,,
QUITMAN,00261036,ELEBY,EARLINE,,,34,FOSTER RD, ,MORRIS,GA,39867-5503,34,FOSTER RD,,MORRIS,GA,39867-5503,A,,,05/12/2020,,,MAILED,NO,NO,NO,,M,002,012,151,PATA,00002,,,,
QUITMAN,10403149,BARWICK,JOSEPH,NATHAN,,206,LOWER LUMPKIN RD, ,GEORGETOWN,GA,39854,206,LOWER LUMPKIN RD,,GEORGETOWN,GA,39854-2815,A,,,04/15/2020,,,MAILED,NO,NO,NO,,G,002,012,151,PATA,00001,,,,
QUITMAN,00307936,WEEKS,ROBERT,MARTIN,,178,WINDING WAY BLVD, ,GEORGETOWN,GA,39854-3221,178,WINDING WAY BLVD,,GEORGETOWN,GA,39854-3221,A,,,04/17/2020,,,MAILED,NO,NO,NO,,G,002,012,151,PATA,00001,,,,
QUITMAN,00259840,ANDERSON,WILLIE,JAMES,,696,GA HIGHWAY 39 S, ,GEORGETOWN,GA,39854-4136,696,GA HIGHWAY 39 S,,GEORGETOWN,GA,39854-4136,A,,,04/29/2020,09/18/2020,,MAILED,NO,NO,NO,,G,002,012,151,PATA,00002,,00020,39,
QUITMAN,00261084,UPSHAW,SHIRLENE,,,26,UPSHAW RD, ,GEORGETOWN,GA,39854-3701,26,UPSHAW RD,,GEORGETOWN,GA,39854-3701,A,,,04/17/2020,09/18/2020,,MAILED,NO,NO,NO,,G,002,012,151,PATA,00002,,00054,88,
QUITMAN,00260900,WILLIAMS,BERNICE,,,249,DEPOT RD, ,GEORGETOWN,GA,39854-4430,,PO BOX 532,,GEORGETOWN,GA,39854-0053,A,,,04/17/2020,09/18/2020,,MAILED,NO,NO,NO,,G,002,012,151,PATA,00002,,00013,30,
QUITMAN,00260726,RUMPH,MARSHALL,,,14,SOUTH ST, ,GEORGETOWN,GA,39854-4442,,PO BOX 244,,GEORGETOWN,GA,39854-0024,A,,,09/09/2020,09/18/2020,,MAILED,NO,NO,NO,,G,002,012,151,PATA,00002,,00058,95,
QUITMAN,12617617,SCOTT,ARIANNA,,,2921,US HIGHWAY 82, ,GEORGETOWN,GA,39854,,P O BOX 734,,GEORGETOWN,GA,39854,A,,,08/26/2020,09/18/2020,,MAILED,NO,NO,NO,,G,002,012,151,PATA,00002,,00008,18,
QUITMAN,08299680,YOUNG,TIMOTHY,JAMES,,13,SCENIC DR, ,GEORGETOWN,GA,39854,3708,CHIMNEY CREEK DR,,VIRGINIA BEACH,VA,23462,A,,,02/20/2020,09/18/2020,,MAILED,NO,NO,NO,,G,002,012,151,PATA,00001,,00005,13,
QUITMAN,00032526,ROGERS,JENNIFER,ANN,,70,WOODLAND DR, ,GEORGETOWN,GA,39854,70,WOODLAND DR,,GEORGETOWN,GA,39854,A,,,04/17/2020,09/18/2020,,MAILED,NO,NO,NO,,G,002,012,151,PATA,00001,,00035,99,
QUITMAN,00260590,MOORE,JIMMIE,,,15,KIMBERLY DR, ,GEORGETOWN,GA,39854-4625,,PO BOX 2,,GEORGETOWN,GA,39854,A,,,04/29/2020,,,MAILED,NO,NO,NO,,G,002,012,151,PATA,00001,,,,
QUITMAN,05684501,YOUNG,MARCUS,NEAL,,13,SCENIC DR, ,GEORGETOWN,GA,39854,,PO BOX 474,,GEORGETOWN,GA,39854-0047,A,,,09/03/2020,09/18/2020,,MAILED,NO,NO,NO,,G,002,012,151,PATA,00001,,00015,29,
QUITMAN,01267331,HUNTER,JACKIE,E,,47,ELBA RD, ,GEORGETOWN,GA,39854,47,ELBA RD,,GEORGETOWN,GA,39854,A,,,04/16/2020,,,MAILED,NO,NO,NO,,G,002,012,151,PATA,00001,,,,
QUITMAN,07556384,RACHEL,LOYD,,,79,DEER POINT RD, ,GEORGETOWN,GA,39854,79,DEER POINT RD,,GEORGETOWN,GA,39854,A,,,04/17/2020,,,MAILED,NO,NO,NO,,G,002,012,151,PATA,00001,,,,
QUITMAN,00017755,VREDENBURG,GENE,LINCOLN,,107,LAKEVIEW DR, ,GEORGETOWN,GA,39854-4020,107,LAKEVIEW DR,,GEORGETOWN,GA,39854-4020,A,,,04/17/2020,,,MAILED,NO,NO,NO,,G,002,012,151,PATA,00001,,,,
QUITMAN,00260199,GARY,EUGENE,OLIVER,,915,US HIGHWAY 82, ,GEORGETOWN,GA,39854-4603,915,US HIGHWAY 82,,GEORGETOWN,GA,39854-4603,A,,,05/20/2020,,,MAILED,NO,NO,NO,,G,002,012,151,PATA,00001,,,,
QUITMAN,11362484,BURKHALTER,SUSAN,BUTCHER,,12,DEPOT RD, ,GEORGETOWN,GA,39854,,P O BOX 146,,GEORGETOWN,GA,39854,A,,,09/03/2020,09/18/2020,,MAILED,NO,NO,NO,,G,002,012,151,PATA,00001,,00011,23,
QUITMAN,01638384,SHEDD,LINDA,,,15,MAGNOLIA DR, ,GEORGETOWN,GA,39854-3444,15,MAGNOLIA DR,,GEORGETOWN,GA,39854-3444,A,,,04/17/2020,09/18/2020,,MAILED,NO,NO,NO,,G,002,012,151,PATA,00001,,00025,58,
QUITMAN,03583061,FRIEDMAN,RUTH,JERNIGAN,,983,GRADDY RD, ,GEORGETOWN,GA,39854-2724,983,GRADDY RD,,GEORGETOWN,GA,39854-2724,A,,,04/16/2020,,,MAILED,NO,NO,NO,,G,002,012,151,PATA,00001,,,,
QUITMAN,00259877,BELFLOWER,IVEY,,,60,RIDGEVIEW ST, ,GEORGETOWN,GA,39854-4621,60,RIDGEVIEW ST,,GEORGETOWN,GA,39854-4621,A,,,05/01/2020,,,MAILED,NO,NO,NO,,G,002,012,151,PATA,00002,,,,
QUITMAN,08099666,COLLINS,SUDYE,LOUISE,,79,PLANTATION BLVD, ,GEORGETOWN,GA,39854-3419,79,PLANTATION BLVD,,GEORGETOWN,GA,39854-3419,A,,,04/16/2020,,,MAILED,NO,NO,NO,,G,002,012,151,PATA,00001,,,,
QUITMAN,00611039,BENNETT,VICKI,U,,70,JOSEPHINE OVERLOOK DR, ,GEORGETOWN,GA,39854,70,JOSEPHINE OVERLOOK DR,,GEORGETOWN,GA,39854,A,,,04/15/2020,,,MAILED,NO,NO,NO,,G,002,012,151,PATA,00001,,,,
QUITMAN,00260571,MING,BETTY,A,,165,JACQUELINE DR, ,GEORGETOWN,GA,39854-4828,165,JACQUELINE DR,,GEORGETOWN,GA,39854-4828,A,,,04/17/2020,09/18/2020,,MAILED,NO,NO,NO,,G,002,012,151,PATA,00002,,00052,85,
QUITMAN,02716434,REED,BOBBY,ANTHONY,,166,WINDING WAY BLVD, ,GEORGETOWN,GA,39854-3221,166,WINDING WAY BLVD,,GEORGETOWN,GA,39854-3221,A,,,09/09/2020,09/18/2020,,MAILED,NO,NO,NO,,G,002,012,151,PATA,00001,,00037,102,
QUITMAN,00260505,LAWSON,ELSIE,JONES,,482,GA HIGHWAY 39 S, ,GEORGETOWN,GA,39854-4128,482,GA HIGHWAY 39 S,,GEORGETOWN,GA,39854-4128,A,,,04/16/2020,,,MAILED,NO,NO,NO,,G,002,012,151,PATA,00002,,,,
QUITMAN,03458712,KINSEY,MARTHA,GAY,,29,SEAY SPRING RD, ,GEORGETOWN,GA,39854,29,SEAY SPRING RD,,GEORGETOWN,GA,39854,A,,,05/12/2020,,,MAILED,NO,NO,NO,,G,002,012,151,PATA,00002,,,,
