County,Voter Registration #,Last Name,First Name,Middle Name,Suffix,Street #,Street Name,Apt/Unit,City,State,Zip Code,Mailing Street #,Mailing Street Name,Mailing Apt/Unit,Mailing City,Mailing State,Mailing Zip Code,Application Status,Ballot Status,Status Reason,Application Date,Ballot Issued Date,Ballot Return Date,Ballot Style,Ballot Assisted,Challenged/Provisional,ID Required,Municipal Precinct,County Precinct,CNG,SEN,HOUSE	,JUD,Combo #,Vote Center ID,Ballot ID,Post #,Party
SCHLEY,01339039,MCDANIEL,NETTIE,G,,1926,BRIDGES STORE RD, ,ELLAVILLE,GA,31806-5020,1926,BRIDGES STORE RD,,ELLAVILLE,GA,31806-5020,A,,,04/08/2020,,,MAILED,NO,NO,NO,,01,002,015,138,SWST,00001,,,,
SCHLEY,01597183,EWING,CECELIA,J,,675,BARWICK RD, ,ELLAVILLE,GA,31806,675,BARWICK RD,,ELLAVILLE,GA,31806-2752,A,,,04/08/2020,,,MAILED,NO,NO,NO,,01,002,015,138,SWST,00009,,,,
SCHLEY,01338823,YOUNG,ROBERT,FREDERICK,,69,MEADOW DR, ,ELLAVILLE,GA,31806-8922,,PO BOX 175,,ELLAVILLE,GA,31806-0017,A,,,08/28/2020,09/18/2020,,MAILED,NO,NO,NO,CITY,01,002,015,138,SWST,00006,,00003,9,
SCHLEY,07782731,WELCH,GEORGE,LARRY,,12,BRIDGES STORE RD, ,ELLAVILLE,GA,31806-5300,12,BRIDGES STORE RD,,ELLAVILLE,GA,31806-5300,A,,,04/13/2020,,,MAILED,NO,NO,NO,,01,002,015,138,SWST,00001,,,,
SCHLEY,08321652,SAWYER,LORI,MCKENZIE,,658,COVEY RUN, ,ELLAVILLE,GA,31806,658,COVEY RUN,,ELLAVILLE,GA,31806,A,,,08/31/2020,09/18/2020,,MAILED,NO,NO,NO,,01,002,015,138,SWST,00009,,00001,13,
SCHLEY,01274157,STUCKEY,PHILLIP,BLEVENS,,250,HARVEY CIR, ,ELLAVILLE,GA,31806,250,HARVEY CIRCLE,,ELLAVILLE,GA,31806,A,,,08/11/2020,09/18/2020,,MAILED,NO,NO,NO,,01,002,015,138,SWST,00012,,00007,37,
SCHLEY,01338438,JACKSON,BOBBY,LEE,,740,SPIVEY ST, ,ELLAVILLE,GA,31806-3802,,PO BOX 925,,ELLAVILLE,GA,31806-0092,A,,,03/03/2020,,,MAILED,NO,NO,NO,CITY,01,002,015,138,SWST,00006,,,,
SCHLEY,01339628,ORTON,LAURA,KIM,,2682,MOODY RD, ,BUENA VISTA,GA,31803-9212,2682,MOODY RD,,BUENA VISTA,GA,31803-9212,A,,,09/14/2020,09/18/2020,,MAILED,NO,NO,NO,,01,002,015,138,SWST,00001,,00034,103,
SCHLEY,03519374,JONES,CURTIS,,,210,KING RD, ,ELLAVILLE,GA,31806,,PO BOX 691,,ELLAVILLE,GA,31806-0069,A,,,04/13/2020,,,MAILED,NO,NO,NO,CITY,01,002,015,138,SWST,00006,,,,
SCHLEY,08542039,BROCK,ANN,LOU,,100,HAYES AVE,APT 8,ELLAVILLE,GA,31806,100,HAYES AVE,APT 8,ELLAVILLE,GA,31806,A,,,04/09/2020,,,MAILED,NO,NO,NO,CITY,01,002,015,138,SWST,00006,,,,
SCHLEY,01338884,WARD,ROSALIE,ROLL,,201,NATALIE LN, ,ELLAVILLE,GA,31806,,PO BOX 538,,ELLAVILLE,GA,31806-0053,A,,,04/28/2020,,,MAILED,NO,NO,NO,CITY,01,002,015,138,SWST,00004,,,,
SCHLEY,01339239,JACKSON,MARION,L,,740,SPIVEY ST, ,ELLAVILLE,GA,31806-3802,,PO BOX 925,,ELLAVILLE,GA,31806-0092,A,,,09/01/2020,09/18/2020,,MAILED,NO,NO,NO,CITY,01,002,015,138,SWST,00006,,00005,16,
SCHLEY,01338232,SELLARS,JAMES,HENRY,,1001,HOPEWELL CHURCH RD, ,ELLAVILLE,GA,31806-6523,1001,HOPEWELL CHURCH RD,,ELLAVILLE,GA,31806-6523,A,,,09/02/2020,09/18/2020,,MAILED,NO,NO,NO,,01,002,015,138,SWST,00001,,00010,21,
SCHLEY,02197767,REECE,TERRY,JEAN,,2815,DEER CREEK RD, ,ELLAVILLE,GA,31806-5626,2815,DEER CREEK RD,,ELLAVILLE,GA,31806-5626,A,,,04/16/2020,,,MAILED,NO,NO,NO,,01,002,015,138,SWST,00005,,,,
SCHLEY,03934023,FULKS,ESSIE,M,,768,BAILEY LN, ,ELLAVILLE,GA,31806-9362,,PO BOX 744,,ELLAVILLE,GA,31806-0074,A,,,05/07/2020,,,MAILED,NO,NO,NO,,01,002,015,138,SWST,00009,,,,
SCHLEY,04304359,SMITH,GRACIE,MAE,,2593,WJ STOREY RD, ,BUENA VISTA,GA,31803-9432,2593,WJ STOREY RD,,BUENA VISTA,GA,31803-9432,A,,,08/27/2020,09/18/2020,,MAILED,NO,NO,NO,,01,002,015,138,SWST,00012,,00011,65,
SCHLEY,01338157,MALPHRUS,LINCOLN,W,SR,2250,CONNERS MILL RD, ,BUENA VISTA,GA,31803-9222,2250,CONNERS MILL RD,,BUENA VISTA,GA,31803-9222,A,,,04/16/2020,,,MAILED,NO,NO,NO,,01,002,015,138,SWST,00001,,,,
SCHLEY,01339673,LUCAS,KATHY,TERRY,,349,N THOMPSON ST, ,ELLAVILLE,GA,31806,,PO BOX 141,,ELLAVILLE,GA,31806,A,,,09/09/2020,09/18/2020,,MAILED,NO,NO,NO,CITY,01,002,015,138,SWST,00027,,00001,82,
SCHLEY,01338434,HUGHES,MARY,COSBY,,1146,COUNTY LINE RD, ,OGLETHORPE,GA,31068,1146,COUNTY LINE RD,,OGLETHORPE,GA,31068,A,,,04/13/2020,,,MAILED,NO,NO,NO,,01,002,015,138,SWST,00005,,,,
SCHLEY,01339206,WURTZ,GLYNDA,G,,410,WESTWOOD DR, ,ELLAVILLE,GA,31806-3208,410,WESTWOOD DR,,ELLAVILLE,GA,31806-3208,A,,,04/13/2020,,,MAILED,NO,NO,NO,CITY,01,002,015,138,SWST,00023,,,,
SCHLEY,01338637,BAILEY,GWENDOLYN,F,,3950,SR 271, ,ELLAVILLE,GA,31806-2560,3950,SR 271,,ELLAVILLE,GA,31806-2560,A,,,04/13/2020,,,MAILED,NO,NO,NO,,01,002,015,138,SWST,00009,,,,
SCHLEY,03769266,BROWN,MELINDA,K,,274,CLAUDE FRIPP RD, ,ELLAVILLE,GA,31806,274,CLAUDE FRIPP RD,,ELLAVILLE,GA,31806-9250,A,,,04/09/2020,,,MAILED,NO,NO,NO,,01,002,015,138,SWST,00005,,,,
SCHLEY,06116199,SOLOMON,ANNIE,CARTER,,144,KING RD, ,ELLAVILLE,GA,31806-3808,144,KING RD,,ELLAVILLE,GA,31806-3808,A,,,08/24/2020,09/18/2020,,MAILED,YES,NO,NO,CITY,01,002,015,138,SWST,00006,,00015,55,
SCHLEY,10219598,THRASHER,SAM,EDWARD,,3495,SR 26 E, ,ELLAVILLE,GA,31806,3495,GA HIGHWAY 26 E,,ELLAVILLE,GA,31806-6917,A,,,04/20/2020,,,MAILED,NO,NO,NO,,01,002,015,138,SWST,00005,,,,
SCHLEY,11975512,HOWELL,CAROLE,WADE,,360,WOODWARD RD, ,ELLAVILLE,GA,31806,360,WOODWARD RD,,ELLAVILLE,GA,31806,A,,,09/11/2020,09/18/2020,,MAILED,NO,NO,NO,,01,002,015,138,SWST,00005,,00008,94,
SCHLEY,01338377,COUEY,SADIE,ANN,,824,BLAN WALL RD, ,ELLAVILLE,GA,31806,824,BLAN WALL RD,,ELLAVILLE,GA,31806,A,,,04/08/2020,,,MAILED,NO,NO,NO,,01,002,015,138,SWST,00005,,,,
SCHLEY,01338020,BREWER,WILLIARD,A,,996,N BROAD ST, ,ELLAVILLE,GA,31806-3739,996,N BROAD ST,,ELLAVILLE,GA,31806-3739,A,,,04/08/2020,,,MAILED,NO,NO,NO,CITY,01,002,015,138,SWST,00027,,,,
SCHLEY,03744869,BEAVERS,MARY,L WILLIAMSON,,1809,HEATH RD, ,ELLAVILLE,GA,31806-2161,1809,HEATH RD,,ELLAVILLE,GA,31806-2161,A,,,08/24/2020,09/18/2020,,MAILED,NO,NO,NO,,01,002,015,138,SWST,00009,,00025,106,
SCHLEY,01307082,BENDEVER,LORINE,JACKIE,,161,HURST RD, ,ELLAVILLE,GA,31806,161,HURST RD,,ELLAVILLE,GA,31806,A,,,09/14/2020,09/18/2020,,MAILED,NO,NO,NO,,01,002,015,138,SWST,00001,,00029,96,
SCHLEY,01339078,ROPER,MARY,ANN,,84,LINDA LN, ,ELLAVILLE,GA,31806-3216,,PO BOX 612,,ELLAVILLE,GA,31806-0061,A,,,05/14/2020,,,MAILED,NO,NO,NO,CITY,01,002,015,138,SWST,00023,,,,
SCHLEY,01339169,WALL,JOHNNY,ELZA,,236,HIGHWAY 153, ,ELLAVILLE,GA,31806,236,HWY 153,,ELLAVILLE,GA,31806-3389,A,,,04/13/2020,,,MAILED,NO,NO,NO,CITY,01,002,015,138,SWST,00026,,,,
SCHLEY,01338696,GATTIS,THERON,D,,370,CANDY CANE LN, ,ELLAVILLE,GA,31806-2630,370,CANDY CANE LN,,ELLAVILLE,GA,31806-2630,A,,,04/09/2020,,,MAILED,NO,NO,NO,,01,002,015,138,SWST,00009,,,,
SCHLEY,06971490,INZETTA,SARAH,GRANTHAM,,326,DEER RD, ,ELLAVILLE,GA,31806,326,DEER RD,,ELLAVILLE,GA,31806,A,,,09/05/2020,09/18/2020,,MAILED,NO,NO,NO,,01,002,015,138,SWST,00009,,00014,75,
SCHLEY,01272227,CLARK,EVA,W,,2822,SR 271, ,ELLAVILLE,GA,31806-2538,2822,SR 271,,ELLAVILLE,GA,31806-2538,A,,,04/08/2020,,,MAILED,NO,NO,NO,,01,002,015,138,SWST,00009,,,,
SCHLEY,01338211,POOLE,BELINDA,J GRIFFITH,,860,POOLE RD, ,ELLAVILLE,GA,31806-4449,860,POOLE RD,,ELLAVILLE,GA,31806-4449,A,,,05/08/2020,,,MAILED,NO,NO,NO,,01,002,015,138,SWST,00001,,,,
SCHLEY,01087421,RUSHING,RICHARD,A,,431,W OGLETHORPE ST, ,ELLAVILLE,GA,31806,431,W OGLETHORPE ,,ELLAVILLE,GA,31806,A,,,04/17/2020,,,MAILED,NO,NO,NO,CITY,01,002,015,138,SWST,00014,,,,
SCHLEY,01338817,WILLIAMSON,MINNIE,MAE MOUNTAIN,,2045,GREEN RD, ,ELLAVILLE,GA,31806-2042,2045,GREEN RD,,ELLAVILLE,GA,31806-2042,A,,,04/08/2020,,,MAILED,NO,NO,NO,,01,002,015,138,SWST,00009,,,,
SCHLEY,06969287,ADAMS,LUCIAN,R,,4079,GOOLSBY RD, ,ELLAVILLE,GA,31806-1537,4079,GOOLSBY RD,,ELLAVILLE,GA,31806-1537,A,,,04/08/2020,,,MAILED,NO,NO,NO,,01,002,015,138,SWST,00012,,,,
SCHLEY,03500646,LAW,TOMMIE,LEE,,56,WILLIAM GROVE RD, ,ELLAVILLE,GA,31806,,PO BOX 253,,ELLAVILLE,GA,31806-0253,A,,,04/24/2020,,,MAILED,NO,NO,NO,,01,002,015,138,SWST,00009,,,,
SCHLEY,01338463,MILLER,MARY,ALICE,,100,HAYES AVE,UNIT 1,ELLAVILLE,GA,31806-8933,100,HAYES AVE,UNIT 1,ELLAVILLE,GA,31806-8933,A,,,08/24/2020,09/18/2020,,MAILED,NO,NO,NO,CITY,01,002,015,138,SWST,00006,,00010,45,
SCHLEY,12620918,WILLIAMS,GABRIELLA,OROZCO,,1612,EBENEZER RD, ,ELLAVILLE,GA,31806,1612,EBENEZER RD,,ELLAVILLE,GA,31806,A,,,09/03/2020,09/18/2020,,MAILED,NO,NO,NO,,01,002,015,138,SWST,00012,,00004,22,
SCHLEY,07810130,HICKS,BRITNEY,ANN,,391,REID RD, ,ELLAVILLE,GA,31806,,1407 LAVALLEY RD,,MOOERS,NY,12958,A,,,09/03/2020,,,MAILED,NO,NO,NO,,01,002,015,138,SWST,00009,,,,
SCHLEY,03665241,TAYLOR,PEGGY,JEANE,,360,HUGH G RAY RD, ,BUENA VISTA,GA,31803-9526,360,HUGH G RAY RD,,BUENA VISTA,GA,31803-9526,A,,,08/31/2020,09/18/2020,,MAILED,NO,NO,NO,,01,002,015,138,SWST,00012,,00010,61,
SCHLEY,08244611,GILLEY,DEDRA,SUE,,1064,SHILOH RD, ,ELLAVILLE,GA,31806-1838,1064,SHILOH RD,,ELLAVILLE,GA,31806-1838,A,,,04/09/2020,,,MAILED,NO,NO,NO,,01,002,015,138,SWST,00009,,,,
SCHLEY,01338889,DAVENPORT,BILLY,FRANK,,3488,BLAN WALL RD, ,ELLAVILLE,GA,31806,3488,BLAN WALL RD,,ELLAVILLE,GA,31806-4514,A,,,04/08/2020,,,MAILED,NO,NO,NO,,01,002,015,138,SWST,00005,,,,
SCHLEY,01304062,KING,HENRY,W,JR,1973,TAYLOR COUNTY RD, ,ELLAVILLE,GA,31806-3639,1973,TAYLOR COUNTY RD,,ELLAVILLE,GA,31806-3639,A,,,09/14/2020,09/18/2020,,MAILED,NO,NO,NO,,01,002,015,138,SWST,00001,,00031,100,
SCHLEY,01274221,MANN,IRENE,MAY,,5457,SR 26 E, ,ELLAVILLE,GA,31806,5457,GA HIGHWAY 26 E,,ELLAVILLE,GA,31806-6323,A,,,04/15/2020,,,MAILED,NO,NO,NO,,01,002,015,138,SWST,00009,,,,
SCHLEY,01339165,WALKER,LAVERNE,TURNER,,557,GREEN RD, ,ELLAVILLE,GA,31806-2012,557,GREEN RD,,ELLAVILLE,GA,31806-2012,A,,,04/08/2020,,,MAILED,NO,NO,NO,,01,002,015,138,SWST,00009,,,,
SCHLEY,01303574,DODSON,ROBERT,W,,6126,LACROSSE RD, ,ELLAVILLE,GA,31806,6126,LACROSSE RD,,ELLAVILLE,GA,31806,A,,,04/08/2020,,,MAILED,NO,NO,NO,,01,002,015,138,SWST,00009,,,,
SCHLEY,01339137,TEN BENSEL,DON,RAY,,34,BRIAR PL, ,ELLAVILLE,GA,31806,,PO BOX 342,,ELLAVILLE,GA,31806-0342,A,,,04/24/2020,,,MAILED,NO,NO,NO,CITY,01,002,015,138,SWST,00014,,,,
SCHLEY,01338607,STOREY,MARY,E HAYNES,,5827,SR 26 E, ,ELLAVILLE,GA,31806-6331,5827,SR 26 E,,ELLAVILLE,GA,31806-6331,A,,,09/10/2020,09/18/2020,,MAILED,NO,NO,NO,,01,002,015,138,SWST,00009,,00018,83,
SCHLEY,01338819,WHITE,VERONICA,R,,39,ANDREWS LN, ,ELLAVILLE,GA,31806-9365,39,ANDREWS LN,,ELLAVILLE,GA,31806-9365,A,,,09/10/2020,09/18/2020,,MAILED,NO,NO,NO,,01,002,015,138,SWST,00009,,00021,88,
SCHLEY,12282187,STARR,WALKER,EVAN,,472,COVEY RUN, ,ELLAVILLE,GA,31806,472,COVEY RUN,,ELLAVILLE,GA,31806,A,,,09/10/2020,09/18/2020,,MAILED,NO,NO,NO,,01,002,015,138,SWST,00009,,00020,86,
SCHLEY,01338559,WHITTEN,THOMAS,M,,234,BLAN WALL RD, ,ELLAVILLE,GA,31806-4704,234,BLAN WALL RD,,ELLAVILLE,GA,31806-4704,A,,,04/09/2020,,,MAILED,NO,NO,NO,,01,002,015,138,SWST,00005,,,,
SCHLEY,01300517,OWENS,JOHN,D,,1424,HIGHWAY 26 W, ,ELLAVILLE,GA,31806-6644,1424,HIGHWAY 26 W,,ELLAVILLE,GA,31806-6644,A,,,04/08/2020,,,MAILED,NO,NO,NO,,01,002,015,138,SWST,00001,,,,
SCHLEY,01305221,KING,DIANNE,,,1973,TAYLOR COUNTY RD, ,ELLAVILLE,GA,31806,1973,TAYLOR COUNTY RD,,ELLAVILLE,GA,31806,A,,,09/14/2020,09/18/2020,,MAILED,NO,NO,NO,,01,002,015,138,SWST,00001,,00032,101,
SCHLEY,01339734,THOMAS,MARY,A,,260,E OGLETHORPE ST, ,ELLAVILLE,GA,31806-3637,260,E OGLETHORPE ,,ELLAVILLE,GA,31806-3637,A,,,05/18/2020,,,MAILED,NO,NO,NO,CITY,01,002,015,138,SWST,00006,,,,
SCHLEY,01339179,WAY,NELLIE,LEE LUCAS,,88,S PECAN ST, ,ELLAVILLE,GA,31806-3109,,PO BOX 3,,ELLAVILLE,GA,31806,A,,,04/15/2020,,,MAILED,NO,NO,NO,CITY,01,002,015,138,SWST,00031,,,,
SCHLEY,06621867,HALSTEAD,ASHLEY,NICOLE,,88,KELLY AVE, ,ELLAVILLE,GA,31806-6058,88,KELLY AVE,,ELLAVILLE,GA,31806-6058,A,,,09/05/2020,09/18/2020,,MAILED,NO,NO,NO,,01,002,015,138,SWST,00001,,00024,74,
SCHLEY,11471303,GRAVES-MORRIS,WIL,LOU,,5682,CONCORD CHURCH RD, ,ELLAVILLE,GA,31806,5682,CONCORD CHURCH RD,,ELLAVILLE,GA,31806,A,,,04/09/2020,,,MAILED,NO,NO,NO,,01,002,015,138,SWST,00001,,,,
SCHLEY,01273209,TALLENT,JAMES,ALEX,,832,BAILEY LN, ,ELLAVILLE,GA,31806,832,BAILEY LN,,ELLAVILLE,GA,31806,A,,,04/28/2020,,,MAILED,NO,NO,NO,,01,002,015,138,SWST,00009,,,,
SCHLEY,01338776,LUCKERSON,FRAZIER,A,,1805,HEATH RD, ,ELLAVILLE,GA,31806-2161,1805,HEATH RD,,ELLAVILLE,GA,31806-2161,A,,,09/11/2020,09/18/2020,,MAILED,NO,NO,NO,,01,002,015,138,SWST,00009,,00024,93,
SCHLEY,10009567,STRATFORD,ARLENE,,,381,LOWERY RD, ,ELLAVILLE,GA,31806,PO,BOX 1171,,ELLAVILLE,GA,31806-1171,A,,,05/21/2020,,,MAILED,NO,NO,NO,,01,002,015,138,SWST,00009,,,,
SCHLEY,01299972,ADDY,NORMA,KATHRYN,,249,EDGEWOOD DR, ,ELLAVILLE,GA,31806-3249,,PO BOX 772,,ELLAVILLE,GA,31806-0077,A,,,04/16/2020,,,MAILED,NO,NO,NO,CITY,01,002,015,138,SWST,00014,,,,
SCHLEY,01339205,WISHAM,EUNICE,B WRIGHT,,283,LOWERY RD, ,ELLAVILLE,GA,31806-9123,283,LOWERY RD,,ELLAVILLE,GA,31806-9123,A,,,04/08/2020,,,MAILED,NO,NO,NO,,01,002,015,138,SWST,00009,,,,
SCHLEY,01338178,MCCORKLE,WILLIAM,D,SR,4239,SR 26 W, ,ELLAVILLE,GA,31806-7340,4239,SR 26 W,,ELLAVILLE,GA,31806-7340,A,,,08/31/2020,09/18/2020,,MAILED,NO,NO,NO,,01,002,015,138,SWST,00001,,00007,11,
SCHLEY,01339093,SHUTTERS,LINDA,YVONNE,,179,SHUTTERS LN, ,ELLAVILLE,GA,31806-9043,179,SHUTTERS LN,,ELLAVILLE,GA,31806-9043,A,,,04/08/2020,,,MAILED,NO,NO,NO,,01,002,015,138,SWST,00009,,,,
SCHLEY,01338498,SAMPSON,REGINA,,,1095,JIMMY WELLS RD, ,ELLAVILLE,GA,31806-4046,1095,JIMMY WELLS RD,,ELLAVILLE,GA,31806-4046,A,,,04/24/2020,,,MAILED,NO,NO,NO,,01,002,015,138,SWST,00001,,,,
SCHLEY,01338730,HEATH,FRANCES,PHILLIPS,,1069,HEATH RD, ,ELLAVILLE,GA,31806-2358,1069,HEATH RD,,ELLAVILLE,GA,31806-2358,A,,,04/20/2020,,,MAILED,NO,NO,NO,,01,002,015,138,SWST,00009,,,,
SCHLEY,03628404,SHELTON,MARTHA,HAYES,,5573,HWY 26 E, ,ELLAVILLE,GA,31806,5573,HWY 26 E,,ELLAVILLE,GA,31806,A,,,09/08/2020,09/18/2020,,MAILED,NO,NO,NO,,01,002,015,138,SWST,00009,,00013,73,
SCHLEY,04085593,PINES,MAXINE,HARTAGE,,166,ANDREWS LN, ,ELLAVILLE,GA,31806-9366,166,ANDREWS LN,,ELLAVILLE,GA,31806-9366,A,,,08/24/2020,09/18/2020,,MAILED,NO,NO,NO,,01,002,015,138,SWST,00009,,00005,42,
SCHLEY,01339171,WALL,NELL,R,,236,HIGHWAY 153, ,ELLAVILLE,GA,31806-3389,236,HIGHWAY 153,,ELLAVILLE,GA,31806-3389,A,,,04/13/2020,,,MAILED,NO,NO,NO,CITY,01,002,015,138,SWST,00026,,,,
SCHLEY,01339691,SOLOMON,RUBY,,,337,KING RD, ,ELLAVILLE,GA,31806,,PO BOX 473,,ELLAVILLE,GA,31806-0047,A,,,05/04/2020,,,MAILED,NO,NO,NO,CITY,01,002,015,138,SWST,00006,,,,
SCHLEY,01338018,BREWER,BETTY,W,,996,N BROAD ST, ,ELLAVILLE,GA,31806-3739,996,N BROAD ST,,ELLAVILLE,GA,31806-3739,A,,,04/08/2020,,,MAILED,NO,NO,NO,CITY,01,002,015,138,SWST,00027,,,,
SCHLEY,01338356,BRANTLEY,JAMES,H,JR,896,HWY 240 E, ,ELLAVILLE,GA,31806-4638,,PO BOX 1167,,ELLAVILLE,GA,31806-0116,A,,,04/23/2020,,,MAILED,NO,NO,NO,,01,002,015,138,SWST,00005,,,,
SCHLEY,11164530,HORN,JOSHUA,LEE,,1081,HARVEY CIR, ,ELLAVILLE,GA,31806,1081,HARVEY CIR,,ELLAVILLE,GA,31806-8842,A,,,09/14/2020,09/18/2020,,MAILED,NO,NO,NO,CITY,01,002,015,138,SWST,00026,,00001,98,
SCHLEY,12488412,KEARBY,WILLIAM,SHANE,,1807,WILLIE SHIRAH RD, ,BUENA VISTA,GA,31803,1807,WILLIE SHIRAH RD,,BUENA VISTA,GA,31803-9449,A,,,09/01/2020,09/18/2020,,MAILED,NO,NO,NO,,01,002,015,138,SWST,00012,,00003,17,
SCHLEY,08818563,WILSON,JUDY,FAYE,,564,MCMICKLE RD, ,ELLAVILLE,GA,31806-5042,564,MCMICKLE RD,,ELLAVILLE,GA,31806-5042,A,,,04/08/2020,,,MAILED,NO,NO,NO,,01,002,015,138,SWST,00001,,,,
SCHLEY,11049676,STALEY,NANCY,MARIE,,459,WESTWOOD DR, ,ELLAVILLE,GA,31806,459,WESTWOOD DR,,ELLAVILLE,GA,31806-3209,A,,,09/02/2020,09/18/2020,,MAILED,NO,NO,NO,CITY,01,002,015,138,SWST,00014,,00001,19,
SCHLEY,01273086,SEXTON,LILA,D,,2217,LACROSSE RD,UNIT B,ELLAVILLE,GA,31806,2217,LACROSSE RD,UNIT B,ELLAVILLE,GA,31806,A,,,09/08/2020,09/18/2020,,MAILED,NO,NO,NO,,01,002,015,138,SWST,00005,,00002,29,
SCHLEY,01338695,GATTIS,JUDY,SHEWMAKE,,370,CANDY CANE LN, ,ELLAVILLE,GA,31806-2630,370,CANDY CANE LN,,ELLAVILLE,GA,31806-2630,A,,,04/09/2020,,,MAILED,NO,NO,NO,,01,002,015,138,SWST,00009,,,,
SCHLEY,04085585,WILLIAMSON,JOHNNIE,B,SR,2162,LACROSSE RD, ,ELLAVILLE,GA,31806,2162,LACROSSE RD,,ELLAVILLE,GA,31806,A,,,04/09/2020,,,MAILED,NO,NO,NO,,01,002,015,138,SWST,00009,,,,
SCHLEY,01338567,PERRY,MARY,CLIFFORD BLUE,,362,CLAUDE FRIPP RD, ,ELLAVILLE,GA,31806-9252,362,CLAUDE FRIPP RD,,ELLAVILLE,GA,31806-9252,A,,,04/09/2020,,,MAILED,NO,NO,NO,,01,002,015,138,SWST,00005,,,,
SCHLEY,05270852,DAVIS,SHAWN,DAVID,,1728,STEVENS RD, ,ELLAVILLE,GA,31806,1728,STEVENS RD,,ELLAVILLE,GA,31806-8402,A,,,09/08/2020,09/18/2020,,MAILED,NO,NO,NO,,01,002,015,138,SWST,00012,,00013,89,
SCHLEY,01338382,DAVIS,ARTIE,MAE TERRY,,381,KING RD, ,ELLAVILLE,GA,31806-3814,381,KING RD,,ELLAVILLE,GA,31806-3814,A,,,04/16/2020,,,MAILED,NO,NO,NO,,01,002,015,138,SWST,00005,,,,
SCHLEY,01300811,WALTON,E,FAY,,4015,LACROSSE RD, ,ELLAVILLE,GA,31806,,PO BOX 409,,ELLAVILLE,GA,31806-0040,A,,,05/11/2020,,,MAILED,NO,NO,NO,,01,002,015,138,SWST,00009,,,,
SCHLEY,01338228,ROGERS,MICHAEL,,SR,25,SAM ST, ,ELLAVILLE,GA,31806,25,SAM ST,,ELLAVILLE,GA,31806,A,,,04/15/2020,,,MAILED,NO,NO,NO,CITY,01,002,015,138,SWST,00027,,,,
SCHLEY,01306368,RAYBON,KRISTIN,V,,696,EBENEZER RD, ,ELLAVILLE,GA,31806,,PO BOX 6627,,AMERICUS,GA,31709-6627,A,,,05/14/2020,,,MAILED,NO,NO,NO,CITY,01,002,015,138,SWST,00014,,,,
SCHLEY,01339391,CROMER,TRACY,ELAINE,,3592,MCMICKLE RD, ,BUENA VISTA,GA,31803-9347,3592,MCMICKLE RD,,BUENA VISTA,GA,31803-9347,A,,,04/16/2020,,,MAILED,NO,NO,NO,,01,002,015,138,SWST,00001,,,,
SCHLEY,01339394,MADDOCKS,MARTHA,LOUISE,,593,RAYBON RD, ,ELLAVILLE,GA,31806-5211,593,RAYBON RD,,ELLAVILLE,GA,31806-5211,A,,,04/09/2020,09/18/2020,,MAILED,NO,NO,NO,,01,002,015,138,SWST,00001,,00014,30,
SCHLEY,06212545,WARD,JOHN,EDWIN,,201,NATALIE LN, ,ELLAVILLE,GA,31806,,PO BOX 538,,ELLAVILLE,GA,31806-0053,A,,,04/28/2020,,,MAILED,NO,NO,NO,CITY,01,002,015,138,SWST,00004,,,,
SCHLEY,06385704,HOWELL,SAMUEL,BRUCE,,360,WOODWARD RD, ,ELLAVILLE,GA,31806-6140,360,WOODWARD RD,,ELLAVILLE,GA,31806-6140,A,,,09/11/2020,09/18/2020,,MAILED,NO,NO,NO,,01,002,015,138,SWST,00005,,00009,95,
SCHLEY,01338004,BAISDEN,MARY,LOUISE,,596,N THOMPSON ST, ,ELLAVILLE,GA,31806,596,N THOMPSON ST,,ELLAVILLE,GA,31806,A,,,05/12/2020,,,MAILED,NO,NO,NO,CITY,01,002,015,138,SWST,00006,,,,
SCHLEY,03736603,LAWSON,VIVIAN,K MURRAY,,88,DIXON DR, ,ELLAVILLE,GA,31806-3401,88,DIXON DR,,ELLAVILLE,GA,31806-3401,A,,,08/28/2020,09/18/2020,,MAILED,NO,NO,NO,CITY,01,002,015,138,SWST,00006,,00002,8,
SCHLEY,02200008,JONES,REATHER,MAE,,69,CORA DR, ,ELLAVILLE,GA,31806-3815,,PO BOX 211,,ELLAVILLE,GA,31806-0021,A,,,04/29/2020,,,MAILED,NO,NO,NO,CITY,01,002,015,138,SWST,00006,,,,
SCHLEY,04261477,UNDERWOOD,STOUT,ALLEN,,1132,CONNERS MILL RD, ,ELLAVILLE,GA,31806,1132,CONNERS MILL RD,,ELLAVILLE,GA,31806-4022,A,,,09/04/2020,09/18/2020,,MAILED,NO,NO,NO,,01,002,015,138,SWST,00001,,00012,27,
SCHLEY,01338925,GILL,TYRUS,R,,311,BRIARWOOD DR, ,ELLAVILLE,GA,31806-3227,,PO BOX 214,,ELLAVILLE,GA,31806-0021,A,,,04/22/2020,,,MAILED,NO,NO,NO,CITY,01,002,015,138,SWST,00023,,,,
SCHLEY,04567508,STEELE,OTTIS,SAMUEL,,2121,RAYBON RD, ,ELLAVILLE,GA,31806,2121,RAYBON RD,,ELLAVILLE,GA,31806,A,,,09/10/2020,09/18/2020,,MAILED,NO,NO,NO,,01,002,015,138,SWST,00001,,00028,87,
SCHLEY,04410509,HOLT,PECORAL,S,,2679,WJ STOREY RD, ,BUENA VISTA,GA,31803-9434,2679,WJ STOREY RD,,BUENA VISTA,GA,31803,A,,,08/24/2020,09/18/2020,,MAILED,NO,NO,NO,,01,002,015,138,SWST,00012,,00008,57,
SCHLEY,05098200,RIGSBY,RUTH,MELBA,,185,W OGLETHORPE ST, ,ELLAVILLE,GA,31806-3113,,PO BOX 914,,ELLAVILLE,GA,31806-0091,A,,,04/24/2020,,,MAILED,NO,NO,NO,CITY,01,002,015,138,SWST,00014,,,,
SCHLEY,01819555,HURST,GLORIA,JUNE,,161,HURST RD, ,ELLAVILLE,GA,31806-6634,161,HURST RD,,ELLAVILLE,GA,31806-6634,A,,,09/14/2020,09/18/2020,,MAILED,NO,NO,NO,,01,002,015,138,SWST,00001,,00030,97,
SCHLEY,01338601,STEWART,CHRISTINE,W,,341,HEATH RD, ,ELLAVILLE,GA,31806-2344,341,HEATH RD,,ELLAVILLE,GA,31806-2344,A,,,05/01/2020,,,MAILED,NO,NO,NO,,01,002,015,138,SWST,00009,,,,
SCHLEY,06068068,BECKWITH,CARLENE,ROYAL,,860,BECKWITH RD, ,ELLAVILLE,GA,31806-1928,860,BECKWITH RD,,ELLAVILLE,GA,31806-1928,A,,,04/13/2020,,,MAILED,NO,NO,NO,,01,002,015,138,SWST,00012,,,,
SCHLEY,02198319,EDWARDS,LARRY,,,347,CORA DR, ,ELLAVILLE,GA,31806-3826,,PO BOX 167,,ELLAVILLE,GA,31806-0016,A,,,03/12/2020,,,MAILED,NO,NO,NO,CITY,01,002,015,138,SWST,00006,,,,
SCHLEY,01339262,JOHNSON,MARTHA,S,,1637,WILLIE SHIRAH RD, ,BUENA VISTA,GA,31803,1637,WILLIE SHIRAH RD,,BUENA VISTA,GA,31803-9447,A,,,04/13/2020,,,MAILED,NO,NO,NO,,01,002,015,138,SWST,00012,,,,
SCHLEY,04061436,WILLIAMSON,ANNIE,PERKINS,,2162,LACROSSE RD, ,ELLAVILLE,GA,31806,2162,LACROSSE RD,,ELLAVILLE,GA,31806,A,,,04/09/2020,,,MAILED,NO,NO,NO,,01,002,015,138,SWST,00009,,,,
SCHLEY,01338414,EDWARDS,BERNICE,,,211,CORA DR, ,ELLAVILLE,GA,31806-3822,,PO BOX 633,,ELLAVILLE,GA,31806-0063,A,,,04/28/2020,,,MAILED,NO,NO,NO,CITY,01,002,015,138,SWST,00006,,,,
SCHLEY,01339160,USRY,MILDRED,GERALDINE,,701,W OGLETHORPE ST, ,ELLAVILLE,GA,31806-3129,,PO BOX 275,,ELLAVILLE,GA,31806-0027,A,,,04/14/2020,,,MAILED,NO,NO,NO,CITY,01,002,015,138,SWST,00014,,,,
SCHLEY,01338928,GREENE,WARREN,EUGENE,,3353,LACROSSE RD, ,ELLAVILLE,GA,31806,3353,LACROSSE RD,,ELLAVILLE,GA,31806,A,,,09/11/2020,09/18/2020,,MAILED,NO,NO,NO,,01,002,015,138,SWST,00009,,00022,90,
SCHLEY,04239534,SHANNON,BETTY,JOYCE,,1971,TAYLOR COUNTY RD, ,ELLAVILLE,GA,31806-4269,1971,TAYLOR COUNTY RD,,ELLAVILLE,GA,31806-4269,A,,,08/24/2020,09/18/2020,,MAILED,NO,NO,NO,,01,002,015,138,SWST,00001,,00017,38,
SCHLEY,01338824,YOUNG,NANCY,MCMATH,,69,MEADOW DR, ,ELLAVILLE,GA,31806-8922,,PO BOX 175,,ELLAVILLE,GA,31806-0017,A,,,04/29/2020,,,MAILED,NO,NO,NO,CITY,01,002,015,138,SWST,00006,,,,
SCHLEY,01339009,MALLICHEK,OLIVIA,K,,343,HIGHWAY 153, ,ELLAVILLE,GA,31806-9001,,PO BOX 391,,ELLAVILLE,GA,31806-0039,A,,,08/31/2020,09/18/2020,,MAILED,NO,NO,NO,,01,002,015,138,SWST,00012,,00002,14,
SCHLEY,04867822,ALDRIDGE,LINDA,T,,370,LACROSSE RD N, ,ELLAVILLE,GA,31806,370,LACROSSE RD N,,ELLAVILLE,GA,31806,A,,,08/24/2020,09/18/2020,,MAILED,NO,NO,NO,,01,002,015,138,SWST,00005,,00007,53,
SCHLEY,10715711,WAINWRIGHT,WILLIAM,ERNEST,,5955,HWY 26 E, ,ELLAVILLE,GA,31806,5955,HWY 26 E,,ELLAVILLE,GA,31806,A,,,05/01/2020,,,MAILED,NO,NO,NO,,01,002,015,138,SWST,00009,,,,
SCHLEY,01339202,WILSON,CARLTON,E,,59,AMANDA LN, ,ELLAVILLE,GA,31806-3242,59,AMANDA LN,,ELLAVILLE,GA,31806-3242,A,,,04/08/2020,,,MAILED,NO,NO,NO,CITY,01,002,015,138,SWST,00014,,,,
SCHLEY,10338718,CHAVIS,HAZEL,BROOKS,,363,N THOMPSON ST, ,ELLAVILLE,GA,31806,,PO BOX 1002,,ELLAVILLE,GA,31806,A,,,05/14/2020,,,MAILED,NO,NO,NO,CITY,01,002,015,138,SWST,00027,,,,
SCHLEY,01338479,PEEPLES,CONSTANCE,JOY,,474,E OGLETHORPE ST,APT 6,ELLAVILLE,GA,31806,,PO BOX 1041,,ELLAVILLE,GA,31806-0098,A,,,08/24/2020,09/18/2020,,MAILED,NO,NO,NO,CITY,01,002,015,138,SWST,00006,,00008,43,
SCHLEY,01338338,BELCHER,LARRY,J,,3046,SR 26 E, ,ELLAVILLE,GA,31806-6908,3046,SR 26 E,,ELLAVILLE,GA,31806-6908,A,,,04/09/2020,,,MAILED,NO,NO,NO,,01,002,015,138,SWST,00005,,,,
SCHLEY,01338241,SNIDER,ROBERT,L,,2095,MOUNT PLEASANT RD, ,BUENA VISTA,GA,31803-6748,2095,MOUNT PLEASANT RD,,BUENA VISTA,GA,31803-6748,A,,,04/08/2020,,,MAILED,NO,NO,NO,,01,002,015,138,SWST,00001,,,,
SCHLEY,01303128,NUTT,KIMBERLY,WANSTALL,,1921,CANDY CANE LN, ,ELLAVILLE,GA,31806,1921,CANDY CANE LN,,ELLAVILLE,GA,31806,A,,,04/08/2020,,,MAILED,NO,NO,NO,,01,002,015,138,SWST,00009,,,,
SCHLEY,01338923,GILL,LARRYA,ANN,,311,BRIARWOOD DR, ,ELLAVILLE,GA,31806,,PO BOX 214,,ELLAVILLE,GA,31806-0021,A,,,04/22/2020,,,MAILED,NO,NO,NO,CITY,01,002,015,138,SWST,00023,,,,
SCHLEY,01338387,DEVANE,MARVIN,E,JR,5402,HWY 26 E, ,ELLAVILLE,GA,31806-6322,,PO BOX 1181,,ELLAVILLE,GA,31806-0118,A,,,05/13/2020,,,MAILED,NO,NO,NO,,01,002,015,138,SWST,00005,,,,
SCHLEY,01338581,ROGERS,STANLEY,,,327,CORA DR, ,ELLAVILLE,GA,31806-3826,,PO BOX 902,,ELLAVILLE,GA,31806-0090,A,,,08/24/2020,09/18/2020,,MAILED,NO,NO,NO,CITY,01,002,015,138,SWST,00006,,00014,54,
SCHLEY,04230692,HOLLIS,WILLIE,JEAN,,1389,TAYLOR COUNTY RD, ,ELLAVILLE,GA,31806-3627,1389,TAYLOR COUNTY RD,,ELLAVILLE,GA,31806-3627,A,,,08/28/2020,09/18/2020,,MAILED,NO,NO,NO,,01,002,015,138,SWST,00001,,00003,4,
SCHLEY,01338996,LAWHORN,BOBBY,S,,1,LAWHORN LN, ,ELLAVILLE,GA,31806-9560,1,LAWHORN LN,,ELLAVILLE,GA,31806-9560,A,,,04/13/2020,,,MAILED,NO,NO,NO,,01,002,015,138,SWST,00009,,,,
SCHLEY,06070093,KELLY-WILCHER,BONNIE,,,44,MEADOW WOOD DR, ,ELLAVILLE,GA,31806-8942,44,MEADOW WOOD DR,,ELLAVILLE,GA,31806-8942,A,,,08/31/2020,09/18/2020,,MAILED,NO,NO,NO,,01,002,015,138,SWST,00005,,00001,12,
SCHLEY,00618993,JOINER,MARY,CLARK,,100,HAYES AVE,APT 5,ELLAVILLE,GA,31806,100,HAYES AVE,APT 5,ELLAVILLE,GA,31806,A,,,04/13/2020,,,MAILED,NO,NO,NO,CITY,01,002,015,138,SWST,00006,,,,
SCHLEY,00646330,GOLDEN,ERNEST,LAVON,,100,HAYES AVE,APT 3,ELLAVILLE,GA,31806,100,HAYES AVE,APT 3,ELLAVILLE,GA,31806,A,,,04/08/2020,,,MAILED,NO,NO,NO,CITY,01,002,015,138,SWST,00006,,,,
SCHLEY,01295763,BIVINS,PRISCILLA,ANN,,620,BARWICK RD, ,ELLAVILLE,GA,31806-2751,620,BARWICK RD,,ELLAVILLE,GA,31806-2751,A,,,05/11/2020,,,MAILED,NO,NO,NO,,01,002,015,138,SWST,00009,,,,
SCHLEY,03658709,TAYLOR,RICHARD,WAYNE,,360,HUGH G RAY RD, ,BUENA VISTA,GA,31803-9526,360,HUGH G RAY RD,,BUENA VISTA,GA,31803-9526,A,,,08/31/2020,09/18/2020,,MAILED,NO,NO,NO,,01,002,015,138,SWST,00012,,00009,60,
SCHLEY,03984518,HOLMES,MINNIE,JEWEL,,444,E OGLETHORPE ST, ,ELLAVILLE,GA,31806-3641,,PO BOX 625,,ELLAVILLE,GA,31806-0062,A,,,05/14/2020,,,MAILED,NO,NO,NO,CITY,01,002,015,138,SWST,00006,,,,
SCHLEY,01338078,GOLPHIN,JEANETTE,BAKER,,100,HAYES AVE,APT 25,ELLAVILLE,GA,31806,100,HAYES AVE,APT 25,ELLAVILLE,GA,31806,A,,,08/24/2020,09/18/2020,,MAILED,NO,NO,NO,CITY,01,002,015,138,SWST,00006,,00016,58,
SCHLEY,05641893,EWING,ARTHUR,WELLINGTON,,675,BARWICK RD, ,ELLAVILLE,GA,31806,675,BARWICK RD,,ELLAVILLE,GA,31806-2752,A,,,04/08/2020,,,MAILED,NO,NO,NO,,01,002,015,138,SWST,00009,,,,
SCHLEY,01338635,MERCER,JOSEPHINE,WILLIAMSON,,1761,HEATH RD, ,ELLAVILLE,GA,31806-2159,1761,HEATH RD,,ELLAVILLE,GA,31806-2159,A,,,08/24/2020,09/18/2020,,MAILED,NO,NO,NO,,01,002,015,138,SWST,00009,,00026,107,
SCHLEY,01338867,BRYANT,LEE,R,,3870,GOOLSBY RD, ,ELLAVILLE,GA,31806-1532,3870,GOOLSBY RD,,ELLAVILLE,GA,31806-1532,A,,,04/08/2020,,,MAILED,NO,NO,NO,,01,002,015,138,SWST,00012,,,,
SCHLEY,01339065,PILCHER,MARY,NAN LIGHTNER,,435,EDGEWOOD DR, ,ELLAVILLE,GA,31806-3253,435,EDGEWOOD DR,,ELLAVILLE,GA,31806-3253,A,,,09/14/2020,09/18/2020,,MAILED,NO,NO,NO,CITY,01,002,015,138,SWST,00014,,00003,104,
SCHLEY,04629161,KING,TOSHIDA,CAMILLE,,1973,TAYLOR COUNTY RD, ,ELLAVILLE,GA,31806-4269,1973,TAYLOR COUNTY RD,,ELLAVILLE,GA,31806-0048,A,,,09/14/2020,09/18/2020,,MAILED,NO,NO,NO,,01,002,015,138,SWST,00001,,00033,102,
SCHLEY,01338035,CLAWSON,NEDRA,F,,430,HWY 240 W, ,ELLAVILLE,GA,31806-4408,430,GA HWY  240 W,,ELLAVILLE,GA,31806,A,,,04/13/2020,,,MAILED,NO,NO,NO,,01,002,015,138,SWST,00001,,,,
SCHLEY,01338952,HART,LINDA,C WILSON,,353,HART RD, ,AMERICUS,GA,31719-7707,353,HART RD,,AMERICUS,GA,31719-7707,A,,,04/09/2020,,,MAILED,NO,NO,NO,,01,002,015,138,SWST,00012,,,,
SCHLEY,02198043,STUCKEY,CARLA,COOGLE,,250,HARVEY CIR, ,ELLAVILLE,GA,31806,250,HARVEY CIR,,ELLAVILLE,GA,31806,A,,,08/11/2020,09/18/2020,,MAILED,NO,NO,NO,,01,002,015,138,SWST,00012,,00006,36,
SCHLEY,01339181,WEATHERSBY,M,WILSON,,2349,GREEN RD, ,ELLAVILLE,GA,31806,2349,GREEN RD,,ELLAVILLE,GA,31806,A,,,03/06/2020,,,MAILED,NO,NO,NO,,01,002,015,138,SWST,00009,,,,
SCHLEY,01338769,LAWSON,EMMETT,,,88,DIXON DR, ,ELLAVILLE,GA,31806,88,DIXON DR,,ELLAVILLE,GA,31806-3401,A,,,03/17/2020,,,MAILED,NO,NO,NO,CITY,01,002,015,138,SWST,00006,,,,
SCHLEY,10563899,ORTON,GINGER,MAY,,2682,MOODY RD, ,BUENA VISTA,GA,31803,2603,29TH ST,,LUBBOCK,TX,79410,A,,,09/02/2020,09/18/2020,,MAILED,NO,NO,NO,,01,002,015,138,SWST,00001,,00008,18,
SCHLEY,01338133,JUSTICE,VICKI,D HARRIS,,86,W COLLEGE ST, ,ELLAVILLE,GA,31806-3026,86,W COLLEGE ST,,ELLAVILLE,GA,31806-3026,A,,,04/20/2020,,,MAILED,NO,NO,NO,CITY,01,002,015,138,SWST,00004,,,,
SCHLEY,07430400,MCDANIEL,DAWN,POSEY,,3134,LACROSSE RD, ,ELLAVILLE,GA,31806,,PO BOX 1110,,ELLAVILLE,GA,31806-0082,A,,,08/18/2020,09/18/2020,,MAILED,NO,NO,NO,,01,002,015,138,SWST,00009,,00009,68,
SCHLEY,07097445,NEWMAN,ANTHONY,STEVE,,4239,LACROSSE RD, ,ELLAVILLE,GA,31806,4239,LACROSSE RD,,ELLAVILLE,GA,31806-2435,A,,,04/08/2020,,,MAILED,NO,NO,NO,,01,002,015,138,SWST,00009,,,,
SCHLEY,07794101,GOLDEN,RUBY,J,,100,HAYES AVE,APT 3,ELLAVILLE,GA,31806,100,HAYES AVE,APT 3,ELLAVILLE,GA,31806,A,,,08/25/2020,09/18/2020,,MAILED,NO,NO,NO,CITY,01,002,015,138,SWST,00006,,00012,48,
SCHLEY,01297431,MATHEWS,BRENDA,H,,624,BARWICK RD,B,ELLAVILLE,GA,31806-2751,624,BARWICK RD,B,ELLAVILLE,GA,31806,A,,,04/13/2020,,,MAILED,NO,NO,NO,,01,002,015,138,SWST,00009,,,,
SCHLEY,01338766,KITCHENS,EDWINA,GATTIS,,518,CANDY CANE LN, ,ELLAVILLE,GA,31806-2634,518,CANDY CANE LN,,ELLAVILLE,GA,31806-2634,A,,,04/13/2020,,,MAILED,NO,NO,NO,,01,002,015,138,SWST,00009,,,,
SCHLEY,05419613,SIMMONS,SHIRLEY,DIANNE,,1909,HOPEWELL CHURCH RD, ,ELLAVILLE,GA,31806-6403,1909,HOPEWELL CHURCH RD,,ELLAVILLE,GA,31806-6403,A,,,04/09/2020,,,MAILED,NO,NO,NO,,01,002,015,138,SWST,00001,,,,
SCHLEY,00623916,SARTWELL,ANNE,LOUISE,,721,N BROAD ST, ,ELLAVILLE,GA,31806,,PO BOX 1083,,ELLAVILLE,GA,31806,A,,,04/29/2020,,,MAILED,NO,NO,NO,CITY,01,002,015,138,SWST,00004,,,,
SCHLEY,01339005,LIGHTNER,DOROTHY,G,,619,HWY 153, ,ELLAVILLE,GA,31806,,PO BOX 822,,ELLAVILLE,GA,31806-0082,A,,,04/29/2020,,,MAILED,NO,NO,NO,,01,002,015,138,SWST,00012,,,,
SCHLEY,01338016,BLACK,MARTHA,L,,40,MAPLE DR, ,ELLAVILLE,GA,31806,,PO BOX 178,,ELLAVILLE,GA,31806-0017,A,,,03/03/2020,,,MAILED,NO,NO,NO,CITY,01,002,015,138,SWST,00027,,,,
SCHLEY,01338308,WELLS,BETTY,,,617,JIMMY WELLS RD, ,ELLAVILLE,GA,31806-3513,617,JIMMY WELLS RD,,ELLAVILLE,GA,31806-3513,A,,,04/08/2020,,,MAILED,NO,NO,NO,,01,002,015,138,SWST,00001,,,,
SCHLEY,01338608,STOREY,MILTON,,,5827,SR 26 E, ,ELLAVILLE,GA,31806-6331,5827,SR 26 E,,ELLAVILLE,GA,31806-6331,A,,,09/10/2020,09/18/2020,,MAILED,NO,NO,NO,,01,002,015,138,SWST,00009,,00019,84,
SCHLEY,10212301,HOLT,ROY,,JR,2679,WJ STOREY RD, ,BUENA VISTA,GA,31803,2679,WJ STOREY RD,,BUENA VISTA,GA,31803-9434,A,,,08/27/2020,09/18/2020,,MAILED,NO,NO,NO,,01,002,015,138,SWST,00012,,00001,6,
SCHLEY,01338526,SWANSON,MINNIE,PEARL,,210,KING RD, ,ELLAVILLE,GA,31806-3810,210,KING RD,,ELLAVILLE,GA,31806-3810,A,,,04/13/2020,,,MAILED,NO,NO,NO,CITY,01,002,015,138,SWST,00006,,,,
SCHLEY,01339055,PHILLIPS,BECKY,LEE,,6408,GA HIGHWAY 153, ,AMERICUS,GA,31719-7720,6408,GA HIGHWAY 153,,AMERICUS,GA,31719-7720,A,,,04/15/2020,,,MAILED,NO,NO,NO,,01,002,015,138,SWST,00012,,,,
SCHLEY,01338134,JUSTICE,WILBUR,BROOKS,,86,W COLLEGE ST, ,ELLAVILLE,GA,31806-3026,86,W COLLEGE ST,,ELLAVILLE,GA,31806-3026,A,,,04/20/2020,,,MAILED,NO,NO,NO,CITY,01,002,015,138,SWST,00004,,,,
SCHLEY,10509671,LEWIS,DARLENE,EPEARDS,,464,WILLIAM GROVE RD, ,ELLAVILLE,GA,31806,464,WILLIAM GROVE RD,,ELLAVILLE,GA,31806-7060,A,,,04/08/2020,,,MAILED,NO,NO,NO,,01,002,015,138,SWST,00009,,,,
SCHLEY,01338670,WALL,BILLIE,CROTHERS,,1736,LACROSSE RD, ,ELLAVILLE,GA,31806,1736,LACROSSE RD,,ELLAVILLE,GA,31806,A,,,09/08/2020,09/18/2020,,MAILED,NO,NO,NO,,01,002,015,138,SWST,00009,,00011,71,
SCHLEY,01338192,PENN,GLORIA,DEAN,,1236,HOPEWELL CHURCH RD, ,ELLAVILLE,GA,31806-6526,1236,HOPEWELL CHURCH RD,,ELLAVILLE,GA,31806-6526,A,,,08/28/2020,09/18/2020,,MAILED,NO,NO,NO,,01,002,015,138,SWST,00001,,00005,7,
SCHLEY,01339172,WALL,SHARON,L,,75,SNIDER ST, ,ELLAVILLE,GA,31806-3136,,PO BOX 434,,ELLAVILLE,GA,31806-0043,A,,,04/29/2020,,,MAILED,NO,NO,NO,CITY,01,002,015,138,SWST,00014,,,,
SCHLEY,01338156,MALPHRUS,ALICE,C COOLEY,,2250,CONNERS MILL RD, ,BUENA VISTA,GA,31803-9222,2250,CONNERS MILL RD,,BUENA VISTA,GA,31803-9222,A,,,04/17/2020,,,MAILED,NO,NO,NO,,01,002,015,138,SWST,00001,,,,
SCHLEY,12056692,HART,HELEN,HEFFLIN,,100,HAYES AVE,APT 26,ELLAVILLE,GA,31806,100,HAYES AVE,APT 26,ELLAVILLE,GA,31806,A,,,08/25/2020,09/18/2020,,MAILED,NO,NO,NO,CITY,01,002,015,138,SWST,00006,,00011,47,
SCHLEY,01338571,PERKINS,VERA,C,,2124,LACROSSE RD, ,ELLAVILLE,GA,31806,,PO BOX 190,,ELLAVILLE,GA,31806-0019,A,,,04/09/2020,,,MAILED,NO,NO,NO,,01,002,015,138,SWST,00009,,,,
SCHLEY,01338936,GRIMSLEY,FLOYD,RALPH,,554,OLD BUENA VISTA RD, ,ELLAVILLE,GA,31806,554,OLD BUENA VISTA RD,,ELLAVILLE,GA,31806,A,,,04/08/2020,,,MAILED,NO,NO,NO,CITY,01,002,015,138,SWST,00004,,,,
SCHLEY,01338735,HEATH,CHARLES,WAYNE,,1435,HEATH RD, ,ELLAVILLE,GA,31806-2153,1435,HEATH RD,,ELLAVILLE,GA,31806-2153,A,,,05/22/2020,,,MAILED,NO,NO,NO,,01,002,015,138,SWST,00009,,,,
SCHLEY,08906060,ALBRITTON,DIANN,DEVANE,,1187,TALLENT STORE RD, ,AMERICUS,GA,31719-8427,1187,TALLENT STORE RD,,AMERICUS,GA,31719-8427,A,,,05/15/2020,,,MAILED,NO,NO,NO,,01,002,015,138,SWST,00009,,,,
SCHLEY,01338290,USRY,HAROLD,LYNN,,882,BRIDGES STORE RD, ,ELLAVILLE,GA,31806,882,BRIDGES STORE RD,,ELLAVILLE,GA,31806-5316,A,,,04/29/2020,,,MAILED,NO,NO,NO,,01,002,015,138,SWST,00001,,,,
SCHLEY,07805256,BAILEY,CLYDE,LAMAR,,6911,LACROSSE RD, ,ELLAVILLE,GA,31806,6911,LACROSSE RD,,ELLAVILLE,GA,31806,A,,,04/16/2020,,,MAILED,NO,NO,NO,,01,002,015,138,SWST,00009,,,,
SCHLEY,01338077,GOLDEN,SUSAN,L TRUSSELL,,244,WESTWOOD DR, ,ELLAVILLE,GA,31806-3037,,PO BOX 111,,ELLAVILLE,GA,31806-0011,A,,,04/29/2020,,,MAILED,NO,NO,NO,CITY,01,002,015,138,SWST,00023,,,,
SCHLEY,01270438,LAYFIELD,BONITA,HARRIS,,161,EDGEWOOD DR, ,ELLAVILLE,GA,31806-3247,161,EDGEWOOD DR,,ELLAVILLE,GA,31806-3247,A,,,04/08/2020,,,MAILED,NO,NO,NO,CITY,01,002,015,138,SWST,00014,,,,
SCHLEY,01338503,EDWARDS,BERTHA,MAE,,347,CORA DR, ,ELLAVILLE,GA,31806-3826,,PO BOX 167,,ELLAVILLE,GA,31806-0016,A,,,03/12/2020,,,MAILED,NO,NO,NO,CITY,01,002,015,138,SWST,00006,,,,
SCHLEY,06447776,DUDLEY,ERNESTINE,FULKS,,3895,SR 26 E, ,ELLAVILLE,GA,31806-6219,3895,SR 26 E,,ELLAVILLE,GA,31806-6219,A,,,04/23/2020,,,MAILED,NO,NO,NO,,01,002,015,138,SWST,00005,,,,
SCHLEY,03582450,BURWELL,KISHA,DENISE,,1747,HEATH RD, ,ELLAVILLE,GA,31806-3613,1747,HEATH RD,,ELLAVILLE,GA,31806-3613,A,,,09/09/2020,09/18/2020,,MAILED,NO,NO,NO,,01,002,015,138,SWST,00009,,00017,81,
SCHLEY,05869680,MERRITT,LIVIA,CHEMISE,,227,MURPHY ST, ,ELLAVILLE,GA,31806,227,MURPHY ST,,ELLAVILLE,GA,31806,A,,,09/14/2020,09/18/2020,,MAILED,NO,NO,NO,CITY,01,002,015,138,SWST,00006,,00018,99,
SCHLEY,01338190,PEEPLES,HARRIETT,LAYFETTE,,474,E OGLETHORPE ST,UNIT 06,ELLAVILLE,GA,31806,,PO BOX 1041,,ELLAVILLE,GA,31806-0104,A,,,08/27/2020,09/18/2020,,MAILED,NO,NO,NO,CITY,01,002,015,138,SWST,00006,,00001,3,
SCHLEY,04134551,TYUS,KRISTY,STRAWDER,,1728,STEVENS RD, ,ELLAVILLE,GA,31806,1728,STEVENS RD,,ELLAVILLE,GA,31806-8402,A,,,09/08/2020,09/18/2020,,MAILED,NO,NO,NO,,01,002,015,138,SWST,00012,,00012,70,
SCHLEY,01338595,SLAPPEY,LENNICK,MARVIN,JR,3061,BUMPHEAD RD, ,ELLAVILLE,GA,31806,3061,BUMPHEAD RD,,ELLAVILLE,GA,31806,A,,,03/04/2020,,,MAILED,NO,NO,NO,,01,002,015,138,SWST,00009,,,,
SCHLEY,07097426,NEWMAN,TEENA,D,,4239,LACROSSE RD, ,ELLAVILLE,GA,31806,4239,LACROSSE RD,,ELLAVILLE,GA,31806-2435,A,,,04/08/2020,,,MAILED,NO,NO,NO,,01,002,015,138,SWST,00009,,,,
SCHLEY,01338207,PHILLIPS,MARIANNE,G,,261,N BROAD ST, ,ELLAVILLE,GA,31806-3515,,PO BOX 165,,ELLAVILLE,GA,31806-0165,A,,,04/28/2020,,,MAILED,NO,NO,NO,CITY,01,002,015,138,SWST,00004,,,,
SCHLEY,01338970,HUNTER,FRANCES,H,,25,N STEVENS ST, ,ELLAVILLE,GA,31806-3000,25,N STEVENS ST,,ELLAVILLE,GA,31806-3000,A,,,05/08/2020,,,MAILED,NO,NO,NO,CITY,01,002,015,138,SWST,00004,,,,
SCHLEY,03733617,BROWN,CHARLES,P,,3201,CONNERS MILL RD, ,BUENA VISTA,GA,31803,3201,CONNERS MILL RD,,BUENA VISTA,GA,31803-9230,A,,,08/24/2020,09/18/2020,,MAILED,NO,NO,NO,,01,002,015,138,SWST,00001,,00019,51,
SCHLEY,01338135,KING,BRENDA,WALKER,,2031,TAYLOR COUNTY RD, ,ELLAVILLE,GA,31806-4271,2031,TAYLOR COUNTY RD,,ELLAVILLE,GA,31806-4271,A,,,09/04/2020,09/18/2020,,MAILED,NO,NO,NO,,01,002,015,138,SWST,00001,,00011,25,
SCHLEY,01339445,SMITH,EARNESTINE,STEWART,,355,HEATH RD, ,ELLAVILLE,GA,31806,355,HEATH RD,,ELLAVILLE,GA,31806,A,,,08/24/2020,09/18/2020,,MAILED,NO,NO,NO,,01,002,015,138,SWST,00009,,00003,39,
SCHLEY,08309667,COOPER,MALCOM,JOSHUA,,355,HEATH RD, ,ELLAVILLE,GA,31806-2344,355,HEATH RD,,ELLAVILLE,GA,31806-2344,A,,,08/25/2020,09/18/2020,,MAILED,NO,NO,NO,,01,002,015,138,SWST,00009,,00006,50,
SCHLEY,08246117,GILLEY,ROBERT,LEE,,1064,SHILOH RD, ,ELLAVILLE,GA,31806-1838,1064,SHILOH RD,,ELLAVILLE,GA,31806-1838,A,,,04/09/2020,,,MAILED,NO,NO,NO,,01,002,015,138,SWST,00009,,,,
SCHLEY,08726831,HOLLIS,GEENA,C,,1389,TAYLOR COUNTY RD, ,ELLAVILLE,GA,31806-4256,1389,TAYLOR COUNTY RD,,ELLAVILLE,GA,31806-4256,A,,,08/27/2020,09/18/2020,,MAILED,NO,NO,NO,,01,002,015,138,SWST,00001,,00004,5,
SCHLEY,01339353,MADDOCKS,DAYTON,ORIN,,593,RAYBON RD, ,ELLAVILLE,GA,31806-5211,593,RAYBON RD,,ELLAVILLE,GA,31806-5211,A,,,04/09/2020,09/18/2020,,MAILED,NO,NO,NO,,01,002,015,138,SWST,00001,,00015,31,
SCHLEY,06314577,HAGAN,SANDRA,MCEVERS,,165,STEWART RD, ,ELLAVILLE,GA,31806,165,STEWART RD,,ELLAVILLE,GA,31806,A,,,04/17/2020,,,MAILED,NO,NO,NO,,01,002,015,138,SWST,00001,,,,
SCHLEY,07286403,ACKISS,ELOISE,RUTH MICHELLE,,3092,EBENEZER RD, ,ELLAVILLE,GA,31806,3092,EBENEZER RD,,ELLAVILLE,GA,31806,A,,,09/03/2020,09/18/2020,,MAILED,NO,NO,NO,,01,002,015,138,SWST,00012,,00005,24,
SCHLEY,10509647,LEWIS,ALAN,JAMES,,464,WILLIAM GROVE RD, ,ELLAVILLE,GA,31806,464,WILLIAM GROVE RD,,ELLAVILLE,GA,31806-7060,A,,,04/08/2020,,,MAILED,NO,NO,NO,,01,002,015,138,SWST,00009,,,,
SCHLEY,01338927,GREENE,PAMELA,SPANN,,3353,LACROSSE RD, ,ELLAVILLE,GA,31806,3353,LACROSSE RD,,ELLAVILLE,GA,31806,A,,,04/09/2020,,,MAILED,NO,NO,NO,,01,002,015,138,SWST,00009,,,,
SCHLEY,07290994,CRESSON,NANCY,C,,1035,JIMMY WELLS RD, ,ELLAVILLE,GA,31806,4000,CONNERS MILL RD,,MAUK,GA,31058,A,,,05/21/2020,,,MAILED,NO,NO,NO,,01,002,015,138,SWST,00001,,,,
SCHLEY,01339156,TURNER,MATTIE,J,,336,EDGEWOOD DR, ,ELLAVILLE,GA,31806-3250,,PO BOX 155,,ELLAVILLE,GA,31806-0015,A,,,05/14/2020,,,MAILED,NO,NO,NO,CITY,01,002,015,138,SWST,00023,,,,
SCHLEY,01338792,OLIVER,SHERRY,FRANCINE,,79,FELTON JONES CT, ,ELLAVILLE,GA,31806-8916,,PO BOX 228,,ELLAVILLE,GA,31806-0022,A,,,09/04/2020,09/18/2020,,MAILED,NO,NO,NO,CITY,01,002,015,138,SWST,00006,,00007,26,
SCHLEY,01303342,EASON,JOSEPH,SMITH,JR,1256,CONCORD CHURCH RD, ,ELLAVILLE,GA,31806,1256,CONCORD CHURCH RD,,ELLAVILLE,GA,31806,A,,,04/13/2020,,,MAILED,NO,NO,NO,,01,002,015,138,SWST,00001,,,,
SCHLEY,01273130,SMITH,KATHLEEN,T,,1683,BRIDGES STORE RD, ,ELLAVILLE,GA,31806-5015,1683,BRIDGES STORE RD,,ELLAVILLE,GA,31806-5015,A,,,04/13/2020,,,MAILED,NO,NO,NO,,01,002,015,138,SWST,00001,,,,
SCHLEY,11390459,RALWINS,DINORAH,,,40,S STEVENS ST, ,ELLAVILLE,GA,31806,40,S STEVENS ST,,ELLAVILLE,GA,31806-3101,A,,,04/08/2020,,,MAILED,NO,NO,NO,CITY,01,002,015,138,SWST,00014,,,,
SCHLEY,05235597,ROEBUCK,CATHA,ADAMS,,37,BROWN RD W, ,ELLAVILLE,GA,31806-9561,37,BROWN RD W,,ELLAVILLE,GA,31806-9561,A,,,05/29/2020,,,MAILED,NO,NO,NO,,01,002,015,138,SWST,00009,,,,
SCHLEY,01338465,MITCHELL,CHRISTINE,,,100,HAYES AVE,UNIT 1,ELLAVILLE,GA,31806-8933,100,HAYES AVE,UNIT 1,ELLAVILLE,GA,31806-8933,A,,,08/24/2020,09/18/2020,,MAILED,NO,NO,NO,CITY,01,002,015,138,SWST,00006,,00009,44,
SCHLEY,01339173,WALL,STEVE,E,,75,SNIDER ST, ,ELLAVILLE,GA,31806-3136,,PO BOX 434,,ELLAVILLE,GA,31806-0043,A,,,04/29/2020,,,MAILED,NO,NO,NO,CITY,01,002,015,138,SWST,00014,,,,
SCHLEY,07787592,BELCHER,CAROLYN,RUTH,,38,POOLE RD, ,ELLAVILLE,GA,31806-4433,,PO BOX 803,,ELLAVILLE,GA,31806-0080,A,,,05/15/2020,,,MAILED,NO,NO,NO,,01,002,015,138,SWST,00001,,,,
SCHLEY,04976900,LAWHORN,MARJORIE,DELORES,,1,LAWHORN LN, ,ELLAVILLE,GA,31806-9560,1,LAWHORN LN,,ELLAVILLE,GA,31806-9560,A,,,04/13/2020,,,MAILED,NO,NO,NO,,01,002,015,138,SWST,00009,,,,
SCHLEY,07364122,HOLLOMON,ADRIAN,,,2031,TAYLOR COUNTY RD, ,ELLAVILLE,GA,31806,2031,TAYLOR COUNTY RD,,ELLAVILLE,GA,31806,A,,,08/24/2020,09/18/2020,,MAILED,NO,NO,NO,,01,002,015,138,SWST,00001,,00018,46,
SCHLEY,04117001,GRECOL,PAUL,STEPHEN,,469,ANDERSONVILLE RD, ,ELLAVILLE,GA,31806,,PO BOX 509,,ELLAVILLE,GA,31806-0050,A,,,04/08/2020,,,MAILED,NO,NO,NO,CITY,01,002,015,138,SWST,00006,,,,
SCHLEY,01338205,PHILLIPS,JAMES,M,,261,N BROAD ST, ,ELLAVILLE,GA,31806,,PO BOX 165,,ELLAVILLE,GA,31806,A,,,04/28/2020,,,MAILED,NO,NO,NO,CITY,01,002,015,138,SWST,00004,,,,
SCHLEY,01338833,BARFIELD,HARRIET,E,,2809,EBENEZER RD, ,ELLAVILLE,GA,31806-8715,2809,EBENEZER RD,,ELLAVILLE,GA,31806-8715,A,,,04/08/2020,,,MAILED,NO,NO,NO,,01,002,015,138,SWST,00012,,,,
SCHLEY,01338701,GREENE,CHARLOTTE,I DAVIS,,3512,LACROSSE RD, ,ELLAVILLE,GA,31806,,PO BOX 532,,ELLAVILLE,GA,31806-0053,A,,,04/13/2020,,,MAILED,NO,NO,NO,,01,002,015,138,SWST,00009,,,,
SCHLEY,01339108,SMITH,SANDRA,J,,790,EBENEZER RD, ,ELLAVILLE,GA,31806,,PO BOX 546,,ELLAVILLE,GA,31806,A,,,04/29/2020,,,MAILED,NO,NO,NO,CITY,01,002,015,138,SWST,00014,,,,
SCHLEY,07588044,SIMMONS,HORACE,LUTHEN,SR,824,BLAN WALL RD, ,ELLAVILLE,GA,31806-4716,824,BLAN WALL RD,,ELLAVILLE,GA,31806-4716,A,,,04/08/2020,,,MAILED,NO,NO,NO,,01,002,015,138,SWST,00005,,,,
SCHLEY,05454900,WILLIAMS,DEBORAH,ELAINE,,38,W BUENA VISTA ST, ,ELLAVILLE,GA,31806,38,W BUENA VISTA ST,,ELLAVILLE,GA,31806,A,,,04/24/2020,,,MAILED,NO,NO,NO,CITY,01,002,015,138,SWST,00004,,,,
SCHLEY,01338810,WILLIAMS,LENTZ,PHILLIPS,,497,CANDY CANE LN, ,ELLAVILLE,GA,31806-2633,497,CANDY CANE LN,,ELLAVILLE,GA,31806-2633,A,,,04/08/2020,,,MAILED,NO,NO,NO,,01,002,015,138,SWST,00009,,,,
SCHLEY,01338804,WHALEY,ROSALIND,CRAIG,,16,S WILSON ST,APT 3,ELLAVILLE,GA,31806,16,S WILSON ST,APT 3,ELLAVILLE,GA,31806,A,,,05/13/2020,,,MAILED,NO,NO,NO,CITY,01,002,015,138,SWST,00029,,,,
SCHLEY,01338066,UNDERWOOD,MAXINE,,,1132,CONNERS MILL RD, ,ELLAVILLE,GA,31806,1132,CONNERS MILL RD,,ELLAVILLE,GA,31806-4022,A,,,09/04/2020,09/18/2020,,MAILED,NO,NO,NO,,01,002,015,138,SWST,00001,,00013,28,
SCHLEY,01338532,TERRY,DORIS,,,268,SPIVEY ST, ,ELLAVILLE,GA,31806-3602,268,SPIVEY ST,,ELLAVILLE,GA,31806-3602,A,,,05/08/2020,,,MAILED,NO,NO,NO,CITY,01,002,015,138,SWST,00006,,,,
SCHLEY,01338398,FRAZIER,MARILYN,PATRICA,,100,HAYES AVE,APT 2,ELLAVILLE,GA,31806,100,HAYES AVE,APT 2,ELLAVILLE,GA,31806-8933,A,,,08/25/2020,09/18/2020,,MAILED,NO,NO,NO,CITY,01,002,015,138,SWST,00006,,00013,49,
SCHLEY,00254580,ROBERTSON,JAMES,STANFORD,,229,NORTHSIDE DR, ,ELLAVILLE,GA,31806,,PO BOX 725,,ELLAVILLE,GA,31806-0725,A,,,04/30/2020,,,MAILED,NO,NO,NO,CITY,01,002,015,138,SWST,00006,,,,
SCHLEY,01339066,PILCHER,SAMMY,LEE,,435,EDGEWOOD DR, ,ELLAVILLE,GA,31806-3253,435,EDGEWOOD DR,,ELLAVILLE,GA,31806-3253,A,,,09/14/2020,09/18/2020,,MAILED,NO,NO,NO,CITY,01,002,015,138,SWST,00014,,00004,105,
SCHLEY,12265353,BROWN,FAITH,,,394,ED BROWN RD, ,ELLAVILLE,GA,31806,6965,CUMBERLAND GAP PARKWAY,,HARROGATE,TN,37752,A,,,08/17/2020,09/18/2020,,MAILED,NO,NO,NO,,01,002,015,138,SWST,00009,,00002,34,
SCHLEY,01338885,CRAWFORD,CLARICE,WILSON,,1604,GREEN RD, ,ELLAVILLE,GA,31806,1604,GREEN RD,,ELLAVILLE,GA,31806,A,,,04/13/2020,,,MAILED,NO,NO,NO,,01,002,015,138,SWST,00009,,,,
SCHLEY,01339000,LAWHORN,JIMMY,CLYDE,,315,HOLLOWAY RD S, ,ELLAVILLE,GA,31806-9243,315,HOLLOWAY RD S,,ELLAVILLE,GA,31806-9243,A,,,04/16/2020,,,MAILED,NO,NO,NO,,01,002,015,138,SWST,00009,,,,
SCHLEY,01338395,FOLDS,JANICE,S,,1410,SR 26 E, ,ELLAVILLE,GA,31806-6808,,PO BOX 535,,ELLAVILLE,GA,31806-0053,A,,,02/20/2020,,,MAILED,NO,NO,NO,,01,002,015,138,SWST,00005,,,,
SCHLEY,05543795,HARRIS,SHELIA,DANETTE,,38,CEDAR CT,APT 308B,ELLAVILLE,GA,31806,38,CEDAR CT,APT 308B,ELLAVILLE,GA,31806,A,,,05/19/2020,,,MAILED,NO,NO,NO,CITY,01,002,015,138,SWST,00006,,,,
SCHLEY,01297432,MATHEWS,CECIL,ROBERT,,624,BARWICK RD,B,ELLAVILLE,GA,31806-2751,624,BARWICK RD,B,ELLAVILLE,GA,31806,A,,,04/13/2020,,,MAILED,NO,NO,NO,,01,002,015,138,SWST,00009,,,,
SCHLEY,01339574,KITCHENS,ALVIN,GWINNETT,,494,CANDY CANE LN, ,ELLAVILLE,GA,31806-2632,494,CANDY CANE LN,,ELLAVILLE,GA,31806-2632,A,,,04/09/2020,,,MAILED,NO,NO,NO,,01,002,015,138,SWST,00009,,,,
SCHLEY,06049753,STRATFORD,JOHN,RICHARD,,381,LOWERY RD, ,ELLAVILLE,GA,31806-9125,,PO BOX 1171,,ELLAVILLE,GA,31806-0117,A,,,05/18/2020,,,MAILED,NO,NO,NO,,01,002,015,138,SWST,00009,,,,
SCHLEY,06621901,MASILEK,LINDA,GREEN,,240,JIM PEARSON RD, ,ELLAVILLE,GA,31806-6854,240,JIM PEARSON RD,,ELLAVILLE,GA,31806-6854,A,,,07/15/2020,09/18/2020,,MAILED,NO,NO,NO,,01,002,015,138,SWST,00005,,00004,33,
SCHLEY,08393160,FERNANDEZ,MANUEL,JOSE,,1709,POPLAR RIDGE RD, ,ELLAVILLE,GA,31806-5935,1709,POPLAR RIDGE RD,,ELLAVILLE,GA,31806-5935,A,,,04/08/2020,,,MAILED,NO,NO,NO,,01,002,015,138,SWST,00001,,,,
SCHLEY,01338548,DAVENPORT,FRANCES,G,,3488,BLAN WALL RD, ,ELLAVILLE,GA,31806-4514,3488,BLAN WALL RD,,ELLAVILLE,GA,31806-4514,A,,,04/08/2020,,,MAILED,NO,NO,NO,,01,002,015,138,SWST,00005,,,,
SCHLEY,01339177,WAY,CLARENCE,H,,130,WHIPP LN, ,ELLAVILLE,GA,31806-8847,,PO BOX 513,,ELLAVILLE,GA,31806-0051,A,,,04/15/2020,,,MAILED,NO,NO,NO,,01,002,015,138,SWST,00012,,,,
SCHLEY,01267282,PETERS,SHIRLEY,JEAN,,110,S STEVENS ST, ,ELLAVILLE,GA,31806,110,S STEVENS ST,,ELLAVILLE,GA,31806,A,,,09/06/2020,09/18/2020,,MAILED,NO,NO,NO,CITY,01,002,015,138,SWST,00014,,00002,76,
SCHLEY,10317736,ROBINSON,HENRY,MICHAEL,,133,BRIARWOOD DR, ,ELLAVILLE,GA,31806,133,BRIARWOOD DR,,ELLAVILLE,GA,31806,A,,,04/13/2020,,,MAILED,NO,NO,NO,CITY,01,002,015,138,SWST,00014,,,,
SCHLEY,01339180,WEATHERSBY,MARY,JANE HALEY,,2349,GREEN RD, ,ELLAVILLE,GA,31806-2048,2349,GREEN RD,,ELLAVILLE,GA,31806-2048,A,,,03/06/2020,,,MAILED,NO,NO,NO,,01,002,015,138,SWST,00009,,,,
SCHLEY,03680846,JOHNSON,WILLIE,CLARENCE,,50,POPLAR CIR, ,ELLAVILLE,GA,31806,50,POPLAR CIR,,ELLAVILLE,GA,31806,A,,,08/19/2020,09/18/2020,,MAILED,NO,NO,NO,CITY,01,002,015,138,SWST,00006,,00017,66,
SCHLEY,01338067,EUBANKS,GINGER,GIDDENS,,99,WELCH LN, ,ELLAVILLE,GA,31806,,PO BOX 943,,ELLAVILLE,GA,31806-0094,A,,,04/08/2020,,,MAILED,NO,NO,NO,,01,002,015,138,SWST,00009,,,,
SCHLEY,01338348,BLACKSTON,CAROL,SMITH,,6027,US HIGHWAY 19 N, ,ELLAVILLE,GA,31806-5535,6027,US HIGHWAY 19 N,,ELLAVILLE,GA,31806-5535,A,,,04/08/2020,,,MAILED,NO,NO,NO,,01,002,015,138,SWST,00005,,,,
SCHLEY,01338643,BATCHELOR,LILLIAN,R STOREY,,5695,SR 26 E, ,ELLAVILLE,GA,31806-6327,5695,SR 26 E,,ELLAVILLE,GA,31806-6327,A,,,02/28/2020,,,MAILED,NO,NO,NO,,01,002,015,138,SWST,00009,,,,
SCHLEY,01338236,SELLARS,MITTIE,WALLACE CARTER,,1001,HOPEWELL CHURCH RD, ,ELLAVILLE,GA,31806-6523,1001,HOPEWELL CHURCH RD,,ELLAVILLE,GA,31806-6523,A,,,09/02/2020,09/18/2020,,MAILED,NO,NO,NO,,01,002,015,138,SWST,00001,,00009,20,
SCHLEY,01338440,JACKSON,VINCIENT,S,,740,SPIVEY ST, ,ELLAVILLE,GA,31806,,PO BOX 925,,ELLAVILLE,GA,31806-0092,A,,,09/02/2020,09/18/2020,,MAILED,NO,NO,NO,CITY,01,002,015,138,SWST,00006,,00004,15,
SCHLEY,01338580,ROGERS,MARY,FREDERICK,,402,CLAUDE FRIPP RD, ,ELLAVILLE,GA,31806-9254,402,CLAUDE FRIPP RD,,ELLAVILLE,GA,31806-9254,A,,,08/24/2020,09/18/2020,,MAILED,NO,NO,NO,,01,002,015,138,SWST,00005,,00005,40,
SCHLEY,01339143,THOMPSON,ANNIE,FAYE,,248,EDGEWOOD DR, ,ELLAVILLE,GA,31806-3248,248,EDGEWOOD DR,,ELLAVILLE,GA,31806-3248,A,,,04/13/2020,,,MAILED,NO,NO,NO,CITY,01,002,015,138,SWST,00023,,,,
SCHLEY,01339115,SORRELS,DORIS,BOOTSIE,,2757,WILLIE SHIRAH RD, ,BUENA VISTA,GA,31803,2757,WILLIE SHIRAH RD,,BUENA VISTA,GA,31803-9414,A,,,04/13/2020,,,MAILED,NO,NO,NO,,01,002,015,138,SWST,00012,,,,
SCHLEY,08765349,MATHIS,MARTHA,A,,3062,CONNERS MILL RD, ,BUENA VISTA,GA,31803,3062,CONNERS MILL RD,,BUENA VISTA,GA,31803-0048,A,,,03/03/2020,,,MAILED,NO,NO,NO,,01,002,015,138,SWST,00001,,,,
SCHLEY,01338837,BARWICK,WILLIAM,ALLEN,,77,ROBIN WAY, ,ELLAVILLE,GA,31806-3140,77,ROBIN WAY,,ELLAVILLE,GA,31806-3140,A,,,04/08/2020,,,MAILED,NO,NO,NO,CITY,01,002,015,138,SWST,00014,,,,
SCHLEY,05396500,HAGAN,BRENDA,LEE,,179,TRICE RD, ,ELLAVILLE,GA,31806,179,TRICE RD,,ELLAVILLE,GA,31806,A,,,04/13/2020,,,MAILED,NO,NO,NO,,01,002,015,138,SWST,00001,,,,
SCHLEY,03460970,WALL,SYBLE,JAMES,,2040,SR 26 W, ,ELLAVILLE,GA,31806,2040,SR 26 W,,ELLAVILLE,GA,31806,A,,,04/09/2020,,,MAILED,NO,NO,NO,,01,002,015,138,SWST,00001,,,,
SCHLEY,04867918,USRY,JOHN,,JR,701,W OGLETHORPE ST, ,ELLAVILLE,GA,31806,,PO BOX 275,,ELLAVILLE,GA,31806-0030,A,,,04/14/2020,,,MAILED,NO,NO,NO,CITY,01,002,015,138,SWST,00014,,,,
SCHLEY,00832847,ROBINSON,SARAH,B,,133,BRIARWOOD DR, ,ELLAVILLE,GA,31806-3222,133,BRIARWOOD DR,,ELLAVILLE,GA,31806-3222,A,,,04/13/2020,,,MAILED,NO,NO,NO,CITY,01,002,015,138,SWST,00014,,,,
SCHLEY,03720731,YARBROUGH,LISA,MICHELLE,,740,MCMICKLE RD, ,ELLAVILLE,GA,31806,740,MCMICKLE RD,,ELLAVILLE,GA,31806,A,,,04/28/2020,,,MAILED,NO,NO,NO,,01,002,015,138,SWST,00001,,,,
SCHLEY,01296296,DEW,SHIRLEY,G,,4634,CONCORD CHURCH RD, ,ELLAVILLE,GA,31806,4634,CONCORD CHURCH RD,,ELLAVILLE,GA,31806,A,,,08/27/2020,09/18/2020,,MAILED,NO,NO,NO,,01,002,015,138,SWST,00001,,00001,1,
SCHLEY,01338288,UNDERWOOD,LOIS,CROMER,,3505,MCMICKLE RD, ,BUENA VISTA,GA,31803-9348,3505,MCMICKLE RD,,BUENA VISTA,GA,31803,A,,,11/01/2019,,,MAILED,NO,NO,NO,,01,002,015,138,SWST,00001,,,,
SCHLEY,01338047,DEVANE,WILLIAM,N,,5064,CONCORD CHURCH RD, ,ELLAVILLE,GA,31806-5120,5064,CONCORD CHURCH RD,,ELLAVILLE,GA,31806-5120,A,,,03/04/2020,,,MAILED,NO,NO,NO,,01,002,015,138,SWST,00001,,,,
SCHLEY,01270439,LAYFIELD,HERMAN,WAYNE,,161,EDGEWOOD DR, ,ELLAVILLE,GA,31806-3247,161,EDGEWOOD DR,,ELLAVILLE,GA,31806-3247,A,,,04/08/2020,,,MAILED,NO,NO,NO,CITY,01,002,015,138,SWST,00014,,,,
SCHLEY,01338698,GRECOL,MARY,FAYE HURST,,469,ANDERSONVILLE RD, ,ELLAVILLE,GA,31806-3445,,PO BOX 509,,ELLAVILLE,GA,31806-0050,A,,,04/09/2020,,,MAILED,NO,NO,NO,CITY,01,002,015,138,SWST,00006,,,,
SCHLEY,01338682,EDGE,EDDIE,JAMES,,5749,SR 26 E, ,ELLAVILLE,GA,31806-6329,5749,SR 26 E,,ELLAVILLE,GA,31806-6329,A,,,04/17/2020,,,MAILED,NO,NO,NO,,01,002,015,138,SWST,00009,,,,
SCHLEY,01339376,SOLOMON,JOAN,DENISE,,964,CONNERS MILL RD, ,ELLAVILLE,GA,31806,964,CONNERS MILL RD,,ELLAVILLE,GA,31806-4018,A,,,08/31/2020,09/18/2020,,MAILED,NO,NO,NO,,01,002,015,138,SWST,00001,,00006,10,
SCHLEY,05235589,MOTT,THOMAS,ALPHEUS,,3930,GREEN RD, ,ELLAVILLE,GA,31806-2249,3912,TRAVELERS REST RD,,NEWTON,GA,39870,A,,,05/22/2020,09/18/2020,,MAILED,NO,NO,NO,,01,002,015,138,SWST,00009,,00010,69,
SCHLEY,01338181,NAGY,JOSEPH,A,,2908,COUNTRY CLUB RD, ,BUENA VISTA,GA,31803-9204,2908,COUNTRY CLUB RD,,BUENA VISTA,GA,31803-9204,A,,,09/09/2020,09/18/2020,,MAILED,NO,NO,NO,,01,002,015,138,SWST,00001,,00025,78,
SCHLEY,01338551,WALL,ROBERT,LARRY,,815,OLD 19 NORTH, ,ELLAVILLE,GA,31806,815,OLD 19 NORTH,,ELLAVILLE,GA,31806,A,,,04/13/2020,,,MAILED,NO,NO,NO,,01,002,015,138,SWST,00005,,,,
SCHLEY,04346896,ALDRIDGE,REGINALD,,,370,LACROSSE RD N, ,ELLAVILLE,GA,31806,370,LACROSSE RD N,,ELLAVILLE,GA,31806,A,,,08/25/2020,09/18/2020,,MAILED,NO,NO,NO,,01,002,015,138,SWST,00005,,00006,52,
SCHLEY,00264283,SLOCUMB,PEGGY,JUANITA,,100,HAYES AVE,APT 10,ELLAVILLE,GA,31806,100,HAYES AVE,APT 10,ELLAVILLE,GA,31806-8933,A,,,04/23/2020,,,MAILED,NO,NO,NO,CITY,01,002,015,138,SWST,00006,,,,
SCHLEY,01339186,HEATH,DOROTHY,BASS,,1435,HEATH RD, ,ELLAVILLE,GA,31806-2153,1435,HEATH RD,,ELLAVILLE,GA,31806-2153,A,,,05/22/2020,,,MAILED,NO,NO,NO,,01,002,015,138,SWST,00009,,,,
SCHLEY,12782111,BURWELL,MATTHEW,JALEN,,1747,HEATH RD, ,ELLAVILLE,GA,31806,1747,HEATH RD,,ELLAVILLE,GA,31806,A,,,09/09/2020,09/18/2020,,MAILED,NO,NO,NO,,01,002,015,138,SWST,00009,,00016,79,
SCHLEY,08004315,OWENS,JAMIE,NICOLE,,601,ANDERSONVILLE RD, ,ELLAVILLE,GA,31806-3449,,HOLZGASSE STR 27,,"BONN, NOORD ",,,A,,,09/15/2020,09/18/2020,,MAILED,NO,NO,NO,CITY,01,002,015,138,SWST,00006,,00019,108,
SCHLEY,01338594,SLAPPEY,JUDY,CAROL,,3061,BUMPHEAD RD, ,ELLAVILLE,GA,31806,3061,BUMPHEAD RD,,ELLAVILLE,GA,31806,A,,,03/04/2020,,,MAILED,NO,NO,NO,,01,002,015,138,SWST,00009,,,,
SCHLEY,01338480,PERKINS,JOAN,W,,274,N THOMPSON ST, ,ELLAVILLE,GA,31806-3612,,PO BOX 179,,ELLAVILLE,GA,31806-0017,A,,,04/28/2020,,,MAILED,NO,NO,NO,CITY,01,002,015,138,SWST,00006,,,,
SCHLEY,01338644,BATCHELOR,THOMAS,A,,5695,HWY 26 E, ,ELLAVILLE,GA,31806-6327,5695,HWY 26 E,,ELLAVILLE,GA,31806-6327,A,,,02/28/2020,,,MAILED,NO,NO,NO,,01,002,015,138,SWST,00009,,,,
SCHLEY,01338963,HOLLOWAY,MICHAEL,E,,280,SNIDER WAY, ,ELLAVILLE,GA,31806,280,SNIDER WAY,,ELLAVILLE,GA,31806,A,,,08/28/2020,09/18/2020,,MAILED,NO,NO,NO,,01,002,015,138,SWST,00001,,00022,63,
SCHLEY,07786751,MASILEK,ROBERT,MICHAEL,,240,JIM PEARSON RD, ,ELLAVILLE,GA,31806,240,JIM PEARSON RD,,ELLAVILLE,GA,31806-6854,A,,,07/15/2020,09/18/2020,,MAILED,NO,NO,NO,,01,002,015,138,SWST,00005,,00003,32,
SCHLEY,10739065,BAILEY,THELMA,LATRELLE,,6875,LACROSSE RD, ,ELLAVILLE,GA,31806,6875,LACROSSE RD,,ELLAVILLE,GA,31806,A,,,04/16/2020,,,MAILED,NO,NO,NO,,01,002,015,138,SWST,00009,,,,
SCHLEY,12572843,HAGAN,WILLIAM,OTTO,,179,TRICE RD, ,ELLAVILLE,GA,31806,179,TRICE RD,,ELLAVILLE,GA,31806,A,,,04/13/2020,,,MAILED,NO,NO,NO,,01,002,015,138,SWST,00001,,,,
SCHLEY,11390434,RALWINS,EDUARDO,FELIPE,,40,S STEVENS ST, ,ELLAVILLE,GA,31806,40,S STEVENS ST,,ELLAVILLE,GA,31806-3101,A,,,04/08/2020,,,MAILED,NO,NO,NO,CITY,01,002,015,138,SWST,00014,,,,
SCHLEY,01338596,SMITH,HELEN,LOUISE FUDGE,,2661,SR 271, ,ELLAVILLE,GA,31806-2535,2661,SR 271,,ELLAVILLE,GA,31806-2535,A,,,04/17/2020,,,MAILED,NO,NO,NO,,01,002,015,138,SWST,00009,,,,
SCHLEY,01338886,CRAWFORD,JAMES,MACK,JR,1604,GREEN RD, ,ELLAVILLE,GA,31806,1604,GREEN RD,,ELLAVILLE,GA,31806,A,,,05/11/2020,,,MAILED,NO,NO,NO,,01,002,015,138,SWST,00009,,,,
SCHLEY,01338176,MCCORKLE,MARGARET,ELENE,,4239,SR 26 W, ,ELLAVILLE,GA,31806-7340,4239,SR 26 W,,ELLAVILLE,GA,31806-7340,A,,,08/31/2020,09/18/2020,,MAILED,NO,NO,NO,,01,002,015,138,SWST,00001,,00021,62,
SCHLEY,01339203,WILSON,LINDA,JOY,,59,AMANDA LN, ,ELLAVILLE,GA,31806-3242,59,AMANDA LN,,ELLAVILLE,GA,31806-3242,A,,,04/13/2020,,,MAILED,NO,NO,NO,CITY,01,002,015,138,SWST,00014,,,,
SCHLEY,01338363,BULLOCK,STEVEN,,,1116,BLAN WALL RD, ,ELLAVILLE,GA,31806-4723,1116,BLAN WALL RD,,ELLAVILLE,GA,31806-4723,A,,,04/09/2020,,,MAILED,NO,NO,NO,,01,002,015,138,SWST,00005,,,,
SCHLEY,01339730,VARNER,CARRIE,B,,4137,HWY 19 S, ,ELLAVILLE,GA,31806,2741,BAKER RIDGE DR NW,,ATLANTA,GA,30318,A,,,03/02/2020,09/18/2020,,MAILED,NO,NO,NO,,01,002,015,138,SWST,00009,,00015,77,
SCHLEY,02899990,FOLDS,MARVIN,H,SR,1410,HWY 26 E, ,ELLAVILLE,GA,31806-6808,,PO BOX 535,,ELLAVILLE,GA,31806-0053,A,,,02/20/2020,,,MAILED,NO,NO,NO,,01,002,015,138,SWST,00005,,,,
SCHLEY,01338838,BARWICK,ELAINE,,,77,ROBIN WAY, ,ELLAVILLE,GA,31806-3140,77,ROBIN WAY,,ELLAVILLE,GA,31806-3140,A,,,04/08/2020,,,MAILED,NO,NO,NO,CITY,01,002,015,138,SWST,00014,,,,
SCHLEY,01338780,MERRELL,PHILIP,H,,3134,LACROSSE RD, ,ELLAVILLE,GA,31806,,PO BOX 1110,,ELLAVILLE,GA,31806-0111,A,,,08/18/2020,09/18/2020,,MAILED,NO,NO,NO,,01,002,015,138,SWST,00009,,00008,67,
SCHLEY,01338339,BELCHER,MARY,K,,3046,SR 26 E, ,ELLAVILLE,GA,31806,3046,SR 26 E,,ELLAVILLE,GA,31806-6908,A,,,04/09/2020,,,MAILED,NO,NO,NO,,01,002,015,138,SWST,00005,,,,
SCHLEY,01338008,BARNES,THOMAS,E,,41,N BROAD ST, ,ELLAVILLE,GA,31806-3510,,PO BOX 427,,ELLAVILLE,GA,31806-0042,A,,,02/28/2020,,,MAILED,NO,NO,NO,CITY,01,002,015,138,SWST,00004,,,,
SCHLEY,01338489,RUFF,EMILY,C,,306,N THOMPSON ST, ,ELLAVILLE,GA,31806-3613,,PO BOX 778,,ELLAVILLE,GA,31806-0077,A,,,03/13/2020,,,MAILED,NO,NO,NO,CITY,01,002,015,138,SWST,00006,,,,
SCHLEY,03745055,SHERWOOD,KAY,W,,345,ANDERSONVILLE RD, ,ELLAVILLE,GA,31806-3443,,PO BOX 1114,,ELLAVILLE,GA,31806-0111,A,,,04/24/2020,,,MAILED,NO,NO,NO,CITY,01,002,015,138,SWST,00006,,,,
SCHLEY,00011427,MACMINN,JEANNE,W,,823,JOHNSON RD, ,BUENA VISTA,GA,31803,,PO BOX 1325,,ELLAVILLE,GA,31806-1325,A,,,04/24/2020,,,MAILED,NO,NO,NO,,01,002,015,138,SWST,00001,,,,
SCHLEY,01338785,MURRAY,ARLENE,T,,100,HAYES AVE,UNIT 21,ELLAVILLE,GA,31806,,PO BOX 1016,,ELLAVILLE,GA,31806-0101,A,,,04/08/2020,,,MAILED,NO,NO,NO,CITY,01,002,015,138,SWST,00006,,,,
SCHLEY,01339077,ROPER,WILLARD,VERLIN,,84,LINDA LN, ,ELLAVILLE,GA,31806-3216,,PO BOX 612,,ELLAVILLE,GA,31806-0061,A,,,05/14/2020,,,MAILED,NO,NO,NO,CITY,01,002,015,138,SWST,00023,,,,
SCHLEY,01339284,BAISDEN,EDDIE,,,596,N THOMPSON ST, ,ELLAVILLE,GA,31806,596,N THOMPSON ST,,ELLAVILLE,GA,31806,A,,,05/12/2020,,,MAILED,NO,NO,NO,CITY,01,002,015,138,SWST,00006,,,,
SCHLEY,07591194,KITCHENS,CLIFTON,G,,518,CANDY CANE LN, ,ELLAVILLE,GA,31806-2634,518,CANDY CANE LN,,ELLAVILLE,GA,31806-2634,A,,,04/13/2020,,,MAILED,NO,NO,NO,,01,002,015,138,SWST,00009,,,,
SCHLEY,01339188,WELCH,JIM,L,JR,6453,HWY 19 S, ,AMERICUS,GA,31719-7814,1309,HWY 19 NORTH,,AMERICUS,GA,31719-0012,A,,,04/15/2020,,,MAILED,NO,NO,NO,,01,002,015,138,SWST,00009,,,,
SCHLEY,05500133,DUDLEY,ROBERT,,,3895,SR 26 E, ,ELLAVILLE,GA,31806-6219,3895,SR 26 E,,ELLAVILLE,GA,31806-6219,A,,,04/23/2020,,,MAILED,NO,NO,NO,,01,002,015,138,SWST,00005,,,,
SCHLEY,01338179,NAGY,DEBORAH,LYNN,,2908,COUNTRY CLUB RD, ,BUENA VISTA,GA,31803,2908,COUNTRY CLUB RD,,BUENA VISTA,GA,31803,A,,,09/09/2020,09/18/2020,,MAILED,NO,NO,NO,,01,002,015,138,SWST,00001,,00026,80,
SCHLEY,01339142,THEUS,MICHAEL,BENTLEY,,141,HIGHWAY 153, ,ELLAVILLE,GA,31806,141,GA HIGHWAY 153,,ELLAVILLE,GA,31806-3388,A,,,09/11/2020,09/18/2020,,MAILED,NO,NO,NO,CITY,01,002,015,138,SWST,00030,,00001,91,
SCHLEY,11390046,PETERS,FRANCIS,,,5224,CONCORD CHURCH RD, ,ELLAVILLE,GA,31806,5224,CONCORD CHURCH RD,,ELLAVILLE,GA,31806-5124,A,,,09/10/2020,09/18/2020,,MAILED,NO,NO,NO,,01,002,015,138,SWST,00001,,00027,85,
SCHLEY,01338734,HEATH,RONNIE,E,,1069,HEATH RD, ,ELLAVILLE,GA,31806-2358,1069,HEATH RD,,ELLAVILLE,GA,31806-2358,A,,,04/20/2020,,,MAILED,NO,NO,NO,,01,002,015,138,SWST,00009,,,,
SCHLEY,12572522,ROHNING,BETTY,POOLE,,860,POOLE RD, ,ELLAVILLE,GA,31806,860,POOLE RD,,ELLAVILLE,GA,31806,A,,,05/08/2020,,,MAILED,NO,NO,NO,,01,002,015,138,SWST,00001,,,,
SCHLEY,07913253,HUDSON,MARY MAGDALENE,,,531,N THOMPSON ST, ,ELLAVILLE,GA,31806-3718,,PO BOX 922,,ELLAVILLE,GA,31806-0092,A,,,04/30/2020,,,MAILED,NO,NO,NO,CITY,01,002,015,138,SWST,00006,,,,
SCHLEY,08392285,WILLIAMS,SUSAN,ELIZABETH,,5495,HWY 19 S, ,ELLAVILLE,GA,31806-2209,5495,HWY 19 S,,ELLAVILLE,GA,31806-2209,A,,,08/25/2020,09/18/2020,,MAILED,NO,NO,NO,,01,002,015,138,SWST,00009,,00007,59,
SCHLEY,01339114,SORRELS,CHARLIE,ECHOLS,,2757,WILLIE SHIRAH RD, ,BUENA VISTA,GA,31803-9414,2757,WILLIE SHIRAH RD,,BUENA VISTA,GA,31803-9414,A,,,04/13/2020,,,MAILED,NO,NO,NO,,01,002,015,138,SWST,00012,,,,
SCHLEY,01338964,HOLLOWAY,STEPHANIE,,,280,SNIDER WAY, ,ELLAVILLE,GA,31806-7404,280,SNIDER WAY,,ELLAVILLE,GA,31806-7404,A,,,08/28/2020,09/18/2020,,MAILED,NO,NO,NO,,01,002,015,138,SWST,00001,,00023,64,
SCHLEY,01338568,PERRY,PHILLIP,C,,362,CLAUDE FRIPP RD, ,ELLAVILLE,GA,31806-9252,362,CLAUDE FRIPP RD,,ELLAVILLE,GA,31806-9252,A,,,04/09/2020,,,MAILED,NO,NO,NO,,01,002,015,138,SWST,00005,,,,
SCHLEY,06212816,CARTER,EDDIE,WILL,,166,KING RD, ,ELLAVILLE,GA,31806-3808,,PO BOX 827,,ELLAVILLE,GA,31806-0082,A,,,04/29/2020,,,MAILED,NO,NO,NO,CITY,01,002,015,138,SWST,00006,,,,
SCHLEY,01339351,TAYLOR,MARY,ELIZABETH,,6718,CONCORD CHURCH RD, ,ELLAVILLE,GA,31806,6718,CONCORD CHURCH RD,,ELLAVILLE,GA,31806,A,,,08/11/2020,09/18/2020,,MAILED,NO,NO,NO,,01,002,015,138,SWST,00001,,00016,35,
SCHLEY,01339136,TEN BENSEL,CAROL,JEANINE,,34,BRIAR PL, ,ELLAVILLE,GA,31806-3229,,PO BOX 342,,ELLAVILLE,GA,31806-0034,A,,,04/24/2020,,,MAILED,NO,NO,NO,CITY,01,002,015,138,SWST,00014,,,,
SCHLEY,01338808,WILLIAMS,HERBERT,WESTBROOK,SR,497,CANDY CANE LN, ,ELLAVILLE,GA,31806-2633,497,CANDY CANE LN,,ELLAVILLE,GA,31806-2633,A,,,04/08/2020,,,MAILED,NO,NO,NO,,01,002,015,138,SWST,00009,,,,
SCHLEY,01339290,WALL,HUGH,F,,1736,LACROSSE RD, ,ELLAVILLE,GA,31806,1736,LACROSSE RD,,ELLAVILLE,GA,31806,A,,,09/08/2020,09/18/2020,,MAILED,NO,NO,NO,,01,002,015,138,SWST,00009,,00012,72,
SCHLEY,01274216,FITZGERALD,CRAIG,A,,876,HWY 240 W, ,ELLAVILLE,GA,31806-4417,876,HWY 240 W,,ELLAVILLE,GA,31806-4417,A,,,08/27/2020,09/18/2020,,MAILED,NO,NO,NO,,01,002,015,138,SWST,00001,,00002,2,
SCHLEY,01338967,HOLTON,EARNESTINE,JONES,,1348,MINTER RD, ,ELLAVILLE,GA,31806-8340,,PO BOX 924,,ELLAVILLE,GA,31806-0092,A,,,08/24/2020,09/18/2020,,MAILED,NO,NO,NO,,01,002,015,138,SWST,00001,,00020,56,
SCHLEY,01339004,LIGHTNER,JOHN,LESTER,JR,619,HWY 153, ,ELLAVILLE,GA,31806,,PO BOX 822,,ELLAVILLE,GA,31806-0082,A,,,04/29/2020,,,MAILED,NO,NO,NO,,01,002,015,138,SWST,00012,,,,
SCHLEY,04564915,PINES,DARRELL,E,,166,ANDREWS LN, ,ELLAVILLE,GA,31806-9366,166,ANDREWS LN,,ELLAVILLE,GA,31806-9366,A,,,08/24/2020,09/18/2020,,MAILED,NO,NO,NO,,01,002,015,138,SWST,00009,,00004,41,
SCHLEY,01339227,TONDEE,JAMES,G,,516,BROWN RD E, ,ELLAVILLE,GA,31806-9575,516,BROWN RD E,,ELLAVILLE,GA,31806-9575,A,,,04/08/2020,,,MAILED,NO,NO,NO,,01,002,015,138,SWST,00009,,,,
SCHLEY,01843514,MACMINN,DAN,RICHARD,,823,JOHNSON RD, ,BUENA VISTA,GA,31803,,PO BOX 1325,,ELLAVILLE,GA,31806-1325,A,,,04/24/2020,,,MAILED,NO,NO,NO,,01,002,015,138,SWST,00001,,,,
SCHLEY,01339602,EDGE,IRENE,J,,5749,SR 26 E, ,ELLAVILLE,GA,31806-6329,5749,SR 26 E,,ELLAVILLE,GA,31806-6329,A,,,04/17/2020,,,MAILED,NO,NO,NO,,01,002,015,138,SWST,00009,,,,
SCHLEY,01338749,JAMES,MARIE,JOHNSON,,5899,SR 228, ,ELLAVILLE,GA,31806,5899,SR 228,,ELLAVILLE,GA,31806,A,,,04/13/2020,,,MAILED,NO,NO,NO,,01,002,015,138,SWST,00009,,,,
SCHLEY,01338588,ROYAL,LETTIE,LEE WILLIAMS,,482,CANDY CANE LN, ,ELLAVILLE,GA,31806-2632,482,CANDY CANE LN,,ELLAVILLE,GA,31806-2632,A,,,04/13/2020,,,MAILED,NO,NO,NO,,01,002,015,138,SWST,00009,,,,
SCHLEY,01338277,TOMS,ROBERT,E,JR,465,N BROAD ST, ,ELLAVILLE,GA,31806-3730,,PO BOX 118,,ELLAVILLE,GA,31806-0011,A,,,05/05/2020,,,MAILED,NO,NO,NO,CITY,01,002,015,138,SWST,00004,,,,
SCHLEY,01338558,WHITTEN,ELAYNE,D KINLOCH,,234,BLAN WALL RD, ,ELLAVILLE,GA,31806-4704,234,BLAN WALL RD,,ELLAVILLE,GA,31806-4704,A,,,04/08/2020,,,MAILED,NO,NO,NO,,01,002,015,138,SWST,00005,,,,
SCHLEY,01801991,SHERWOOD,CHARLES,LEE,,345,ANDERSONVILLE RD, ,ELLAVILLE,GA,31806-3443,,PO BOX 1114,,ELLAVILLE,GA,31806-0111,A,,,04/24/2020,,,MAILED,NO,NO,NO,CITY,01,002,015,138,SWST,00006,,,,
SCHLEY,01338812,WILLIAMSON,ELLA,PEARL,,1867,HEATH RD, ,ELLAVILLE,GA,31806,,PO BOX 547,,ELLAVILLE,GA,31806,A,,,03/03/2020,,,MAILED,NO,NO,NO,,01,002,015,138,SWST,00009,,,,
SCHLEY,01338775,LUCKERSON,BEVERLYN,DIANE,,1805,HEATH RD, ,ELLAVILLE,GA,31806-2161,1805,HEATH RD,,ELLAVILLE,GA,31806-2161,A,,,09/11/2020,09/18/2020,,MAILED,NO,NO,NO,,01,002,015,138,SWST,00009,,00023,92,
