County,Voter Registration #,Last Name,First Name,Middle Name,Suffix,Street #,Street Name,Apt/Unit,City,State,Zip Code,Mailing Street #,Mailing Street Name,Mailing Apt/Unit,Mailing City,Mailing State,Mailing Zip Code,Application Status,Ballot Status,Status Reason,Application Date,Ballot Issued Date,Ballot Return Date,Ballot Style,Ballot Assisted,Challenged/Provisional,ID Required,Municipal Precinct,County Precinct,CNG,SEN,HOUSE	,JUD,Combo #,Vote Center ID,Ballot ID,Post #,Party
STEWART,00264161,JONES,BILLY,RUFUS,,1008,ALSTON ST, ,RICHLAND,GA,31825-6020,1008,ALSTON ST,,RICHLAND,GA,31825-6020,A,,,08/27/2020,09/18/2020,,MAILED,NO,NO,NO,RICHL,02,002,012,151,SWST,00102,,00005,32,
STEWART,00262173,WILLIAMS,LINDA,PAGE,,1191,OLD LOUVALE RD, ,LUMPKIN,GA,31815-5321,1191,OLD LOUVALE RD,,LUMPKIN,GA,31815-5321,A,,,04/13/2020,,,MAILED,NO,NO,NO,,04,002,012,151,SWST,00101,,,,
STEWART,00262016,BROOKS,BETTY,W,,9133,TROTMAN RD, ,LUMPKIN,GA,31815,9133,TROTMAN RD,,LUMPKIN,GA,31815,A,,,04/09/2020,,,MAILED,NO,NO,NO,,02,002,012,151,SWST,00106,,,,
STEWART,00262368,CASKEY,CLARA,,,14645,GA HWY 27, ,LUMPKIN,GA,31815,14645,GA HWY 27,,LUMPKIN,GA,31815,A,,,04/09/2020,,,MAILED,NO,NO,NO,,05,002,012,151,SWST,00104,,,,
STEWART,01816065,HAMLIN,RUTHIE,R,,2080,RED HILL RD, ,RICHLAND,GA,31825-9503,2080,RED HILL RD,,RICHLAND,GA,31825-9503,A,,,04/27/2020,,,MAILED,NO,NO,NO,,02,002,012,151,SWST,00104,,,,
STEWART,00262437,DUKES,FREDDIE,BELL,,44,MATILDA ST, ,LUMPKIN,GA,31815-3504,44,MATILDA ST,,LUMPKIN,GA,31815-3504,A,,,09/09/2020,09/18/2020,,MAILED,NO,NO,NO,LUMPK,05,002,012,151,SWST,00113,,00006,141,
STEWART,00025827,MURRAY,BETTY,GRACE,,142,MCCOY DR, ,RICHLAND,GA,31825-4702,142,MCCOY DR,,RICHLAND,GA,31825-4702,A,,,09/08/2020,09/18/2020,,MAILED,NO,NO,NO,,02,002,012,151,SWST,00106,,00010,106,
STEWART,00263509,REMBERT,FRED,,JR,34,NUTWOOD DR, ,RICHLAND,GA,31825-6468,34,NUTWOOD DR,,RICHLAND,GA,31825-6468,A,,,08/27/2020,09/18/2020,,MAILED,NO,NO,NO,RICHL,02,002,012,151,SWST,00103,,00011,46,
STEWART,00261947,WILLIAMS,ALICE,HARRIS,,1681,KIMBROUGH RD, ,RICHLAND,GA,31825-4826,1681,KIMBROUGH RD,,RICHLAND,GA,31825-4826,A,,,04/16/2020,,,MAILED,NO,NO,NO,,02,002,012,151,SWST,00106,,,,
STEWART,11000804,HUDSON,NORMAN,,,387,GEORGE HUDSON RD, ,LUMPKIN,GA,31815,387,GEORGE HUDSON RD,,LUMPKIN,GA,31815,A,,,08/31/2020,09/18/2020,,MAILED,NO,NO,NO,,05,002,012,151,SWST,00111,,00003,78,
STEWART,03629953,THOMAS,ELIZABETH,,,194,BUSH ST, ,RICHLAND,GA,31825-6132,194,BUSH ST,,RICHLAND,GA,31825-6132,A,,,09/08/2020,09/18/2020,,MAILED,NO,NO,NO,RICHL,02,002,012,151,SWST,00102,,00029,130,
STEWART,05615189,RUSE,SYLVIA,CHRISTEEN,,251,PAUL STEPHENS RD, ,RICHLAND,GA,31825-7439,251,PAUL STEPHENS RD,,RICHLAND,GA,31825-7439,A,,,05/15/2020,,,MAILED,NO,NO,NO,,02,002,012,151,SWST,00104,,,,
STEWART,08321728,BONNER,CHARLES,THOMAS,,240,RAJU LN, ,LUMPKIN,GA,31815,,PO BOX 661,,LUMPKIN,GA,31815-0066,A,,,04/21/2020,,,MAILED,NO,NO,NO,,05,002,012,151,SWST,00104,,,,
STEWART,01803826,VANPATTEN,ROBERT,CHARLES,,22542,US HWY 27, ,CUSSETA,GA,31805,22542,US HIGHWAY 27,,CUSSETA,GA,31805-5532,A,,,04/15/2020,,,MAILED,NO,NO,NO,,04,002,012,151,SWST,00101,,,,
STEWART,10533599,WERUM,HELEN,BRADBURN,,1591,PONDER ST, ,RICHLAND,GA,31825,1591,PONDER ST,,RICHLAND,GA,31825,A,,,09/02/2020,09/16/2020,,ELECTRONIC,NO,NO,NO,RICHL,02,002,012,151,SWST,00102,,00004,164,
STEWART,00261331,BROGDEN,LUCIOUS,,,2096,NICHOLSON ST, ,RICHLAND,GA,31825-6447,,PO BOX 221,,RICHLAND,GA,31825-0022,A,,,04/16/2020,,,MAILED,NO,NO,NO,RICHL,02,002,012,151,SWST,00103,,,,
STEWART,00263642,MERRITT,SARAH,WILSON,,985,BROAD ST, ,RICHLAND,GA,31825,985,BROAD ST,,RICHLAND,GA,31825,A,,,04/30/2020,,,MAILED,NO,NO,NO,RICHL,02,002,012,151,SWST,00103,,,,
STEWART,00264377,ADAMS,HELEN,STEPHENS,,25,GRADY ST, ,RICHLAND,GA,31825-6253,25,GRADY ST,,RICHLAND,GA,31825-6253,A,,,04/09/2020,,,MAILED,NO,NO,NO,RICHL,02,002,012,151,SWST,00103,,,,
STEWART,00262048,WRIGHT,RANDY,DELAVE,,1147,WRIGHTSVILLE RD, ,LUMPKIN,GA,31815-6152,1147,WRIGHTSVILLE RD,,LUMPKIN,GA,31815-6152,A,,,08/27/2020,09/18/2020,,MAILED,NO,NO,NO,,02,002,012,151,SWST,00106,,00007,74,
STEWART,06073358,SAFO,JOSIAH,WILLIAMS,,200,MCCOY DR, ,RICHLAND,GA,31825,PO,BOX 41,,WESTON,GA,31832-0041,A,,,08/27/2020,09/18/2020,,MAILED,NO,NO,NO,,02,002,012,151,SWST,00106,,00004,49,
STEWART,00261334,BROWN,JESSIE,HOLT,,618,MARTIN LUTHER KING JR DR, ,RICHLAND,GA,31825-6612,,PO BOX 331,,RICHLAND,GA,31825-0033,A,,,04/21/2020,,,MAILED,NO,NO,NO,RICHL,02,002,012,151,SWST,00103,,,,
STEWART,00262098,DENT,SADIE,MAE,,21,CHURCH ST, ,LUMPKIN,GA,31815,,PO BOX 1005,,LUMPKIN,GA,31815-0100,A,,,04/09/2020,,,MAILED,NO,NO,NO,LUMPK,05,002,012,151,SWST,00114,,,,
STEWART,11433818,FAVARA,LYNNE,ROBERTSON,,287,SUNNYVIEW RD, ,LUMPKIN,GA,31815,287,SUNNYVIEW RD,,LUMPKIN,GA,31815-3638,A,,,04/07/2020,,,MAILED,NO,NO,NO,LUMPK,05,002,012,151,SWST,00112,,,,
STEWART,00261524,HORNE,MATTIE,BELL,,109,HUDSON ST, ,RICHLAND,GA,31825-6317,109,HUDSON ST,,RICHLAND,GA,31825-6317,A,,,09/08/2020,09/18/2020,,MAILED,NO,NO,NO,RICHL,02,002,012,151,SWST,00103,,00022,111,
STEWART,01041389,DEADRICK,ROSA,P,,219,LIBERTY ST, ,LUMPKIN,GA,31815,,PO BOX 1225,,LUMPKIN,GA,31815,A,,,05/20/2020,,,MAILED,NO,NO,NO,LUMPK,05,002,012,151,SWST,00113,,,,
STEWART,00262282,BARDGE,HELEN,,,6900,GREEN GROVE RD, ,LUMPKIN,GA,31815-4844,6900,GREEN GROVE RD,,LUMPKIN,GA,31815-4844,A,,,04/20/2020,,,MAILED,NO,NO,NO,,05,002,012,151,SWST,00111,,,,
STEWART,07298962,LEHMAN,DOLORES,,,182,MAIN ST, ,LUMPKIN,GA,31815,,P.O. BOX 7,,LUMPKIN,GA,31815,A,,,09/01/2020,09/18/2020,,MAILED,NO,NO,NO,LUMPK,05,002,012,151,SWST,00113,,00002,98,
STEWART,08320331,FLINTROY,WILLIE,FRANKLIN,,447,SECOND AVE, ,OMAHA,GA,31821,,PO BOX 52,,OMAHA,GA,31821-0052,A,,,08/27/2020,09/18/2020,,MAILED,NO,NO,NO,,06,002,012,151,SWST,00111,,00003,23,
STEWART,03648357,DAVIDSON,GEORGIA,CLYDE,,711,MAIN ST, ,LUMPKIN,GA,31815-3415,711,MAIN ST,,LUMPKIN,GA,31815-3415,A,,,04/15/2020,,,MAILED,NO,NO,NO,LUMPK,05,002,012,151,SWST,00114,,,,
STEWART,00262672,LANE,SHIRLEY,E,,738,LANE RD, ,LUMPKIN,GA,31815-5220,738,LANE RD,,LUMPKIN,GA,31815-5220,A,,,04/16/2020,,,MAILED,NO,NO,NO,,05,002,012,151,SWST,00111,,,,
STEWART,00262542,DURHAM,CATHERINE,REGINA,,736,DALTON LOOP, ,LUMPKIN,GA,31815-4148,,PO BOX 816,,LUMPKIN,GA,31815-0081,A,,,05/06/2020,,,MAILED,NO,NO,NO,,05,002,012,151,SWST,00111,,,,
STEWART,00261369,CARTER,MATTIE,W,,60,BOXCAR ST, ,RICHLAND,GA,31825-1235,60,BOXCAR ST,,RICHLAND,GA,31825-1235,A,,,04/13/2020,,,MAILED,NO,NO,NO,RICHL,02,002,012,151,SWST,00102,,,,
STEWART,04958440,MONSON,SHELIA,,,182,MAIN ST, ,LUMPKIN,GA,31815,,P.O. BOX 7,,LUMPKIN,GA,31815,A,,,09/01/2020,09/18/2020,,MAILED,NO,NO,NO,LUMPK,05,002,012,151,SWST,00113,,00003,99,
STEWART,03798926,SLAY,KELLY,,,10747,UNION PLEASANT GRV, ,OMAHA,GA,31821,10747,UNION PLEASANT GRV,,OMAHA,GA,31821-2659,A,,,09/01/2020,09/18/2020,,MAILED,NO,NO,NO,,06,002,012,151,SWST,00111,,00006,89,
STEWART,00304398,CARNEY,BILLIE,C,,460,MAIN ST, ,LUMPKIN,GA,31815-3408,460,MAIN ST,,LUMPKIN,GA,31815-3408,A,,,04/08/2020,,,MAILED,NO,NO,NO,LUMPK,05,002,012,151,SWST,00113,,,,
STEWART,00263651,MORRIS,MARY,A,,41,HARRIS ST, ,RICHLAND,GA,31825,41,HARRIS ST,,RICHLAND,GA,31825,A,,,04/09/2020,,,MAILED,NO,NO,NO,RICHL,02,002,012,151,SWST,00103,,,,
STEWART,11794794,MURRAY,WILBURN,,,35,SCHLEY CIR, ,RICHLAND,GA,31825,35,SCHLEY CIR,,RICHLAND,GA,31825,A,,,09/08/2020,09/18/2020,,MAILED,NO,NO,NO,RICHL,02,002,012,151,SWST,00103,,00025,136,
STEWART,01391918,HAMMOCK,CLARA,L,,980,NICHOLSON ST, ,RICHLAND,GA,31825-6425,980,NICHOLSON ST,,RICHLAND,GA,31825-6425,A,,,04/22/2020,,,MAILED,NO,NO,NO,RICHL,02,002,012,151,SWST,00102,,,,
STEWART,07567918,STATEN,WILLIE,CLARK,,569,MAIN ST, ,LUMPKIN,GA,31815,,PO BOX 451,,LUMPKIN,GA,31815-0045,A,,,04/20/2020,,,MAILED,NO,NO,NO,LUMPK,05,002,012,151,SWST,00114,,,,
STEWART,05870255,WHITE,FLOYD,,,649,DAN BRINSON RD, ,LUMPKIN,GA,31815-5257,649,DAN BRINSON RD,,LUMPKIN,GA,31815-5257,A,,,09/08/2020,09/18/2020,,MAILED,NO,NO,NO,,04,002,012,151,SWST,00101,,00014,114,
STEWART,06846372,JONES,CLIFFORD,LEE,,955,WALL ST, ,RICHLAND,GA,31825-6722,955,WALL ST,,RICHLAND,GA,31825-6722,A,,,08/28/2020,,,MAILED,NO,NO,NO,RICHL,02,002,012,151,SWST,00102,,,,
STEWART,10809872,WALKER,TANASHA,,,621,ALSTON ST, ,RICHLAND,GA,31825,621,ALSTON ST,,RICHLAND,GA,31825-6013,A,,,08/27/2020,09/18/2020,,MAILED,NO,NO,NO,RICHL,02,002,012,151,SWST,00103,,00015,66,
STEWART,00263400,WRIGHT,BETTY,LOU,,932,WRIGHTSVILLE RD, ,LUMPKIN,GA,31815-6147,932,WRIGHTSVILLE RD,,LUMPKIN,GA,31815-6147,A,,,04/15/2020,,,MAILED,NO,NO,NO,,02,002,012,151,SWST,00106,,,,
STEWART,10901857,MACK,JASMINE,RENEE,,529,SURLES ST, ,LUMPKIN,GA,31815,,PO BOX 1094,,LUMPKIN,GA,31815,A,,,05/04/2020,,,MAILED,NO,NO,NO,LUMPK,05,002,012,151,SWST,00113,,,,
STEWART,00262710,LYNCH,SANDRA,H,,1673,VALLEY RD, ,LUMPKIN,GA,31815-6036,1673,VALLEY RD,,LUMPKIN,GA,31815-6036,A,,,04/13/2020,,,MAILED,NO,NO,NO,,05,002,012,151,SWST,00101,,,,
STEWART,00262111,FRIPP,JOYCE,MCLENDON,,10828,UNION PLEASANT GRV, ,OMAHA,GA,31821-2700,10828,UNION PLEASANT GRV,,OMAHA,GA,31821-2700,A,,,04/10/2020,,,MAILED,NO,NO,NO,,06,002,012,151,SWST,00111,,,,
STEWART,10624527,SHELL,VANESSA,ROYAL,,2610,JAMES HOLDER RD, ,RICHLAND,GA,31825,2610,JAMES HOLDER RD,,RICHLAND,GA,31825-7408,A,,,08/27/2020,09/18/2020,,MAILED,NO,NO,NO,,02,002,012,151,SWST,00106,,00006,54,
STEWART,00268606,MURRAY,NELLIE,J MCCOY,,142,MCCOY DR, ,RICHLAND,GA,31825,142,MCCOY DR,,RICHLAND,GA,31825-4702,A,,,09/08/2020,09/18/2020,,MAILED,NO,NO,NO,,02,002,012,151,SWST,00106,,00012,108,
STEWART,00264109,TAYLOR,PACQUNIA,CHIFFON,,23030,US HWY 27, ,CUSSETA,GA,31805-5534,23030,US HWY 27,,CUSSETA,GA,31805-5534,A,,,08/27/2020,09/18/2020,,MAILED,NO,NO,NO,,04,002,012,151,SWST,00101,,00008,59,
STEWART,00262832,REDDING,WILLIE,LEE,,151,STEVENS ST, ,LUMPKIN,GA,31815,,PO BOX 462,,LUMPKIN,GA,31815,A,,,09/09/2020,09/18/2020,,MAILED,NO,NO,NO,LUMPK,05,002,012,151,SWST,00113,,00007,142,
STEWART,12289827,PINKARD,ANGERLENA,,,25,LINDY LN, ,RICHLAND,GA,31825,25,LINDY LN,,RICHLAND,GA,31825-6338,A,,,08/27/2020,09/18/2020,,MAILED,NO,NO,NO,RICHL,02,002,012,151,SWST,00103,,00010,43,
STEWART,00261452,FRENCH,JANICE,D,,1433,WALL ST, ,RICHLAND,GA,31825-6732,1433,WALL ST,,RICHLAND,GA,31825-6732,A,,,04/15/2020,,,MAILED,NO,NO,NO,RICHL,02,002,012,151,SWST,00102,,,,
STEWART,00261656,MCLENDON,ADOLPH,,,85,PHILLIPS ST, ,RICHLAND,GA,31825-0246,85,PHILLIPS ST,,RICHLAND,GA,31825-0246,A,,,04/16/2020,,,MAILED,NO,NO,NO,RICHL,02,002,012,151,SWST,00102,,,,
STEWART,10080946,HALL,JESSIE,BEALL,,2887,PHILADELPHIA CHURCH RD, ,LUMPKIN,GA,31815,2887,PHILADELPHIA CHURCH RD,,LUMPKIN,GA,31815-5413,A,,,04/21/2020,,,MAILED,NO,NO,NO,,05,002,012,151,SWST,00111,,,,
STEWART,08603022,MCDONALD,AMANDA,SWAILS,,2010,GA HWY 27, ,LUMPKIN,GA,31815,2010,GA HIGHWAY 27,,LUMPKIN,GA,31815-4227,A,,,08/27/2020,09/18/2020,,MAILED,NO,NO,NO,,05,002,012,151,SWST,00106,,00003,39,
STEWART,04173874,MORGAN,JACKYLENE,DELOIS,,900,MAIN ST, ,LUMPKIN,GA,31815,,PO BOX 794,,LUMPKIN,GA,31815-0794,A,,,04/14/2020,,,MAILED,NO,NO,NO,LUMPK,05,002,012,151,SWST,00113,,,,
STEWART,11102226,JESTER,KENNETH,DARRELL,,7165,GREEN GROVE RD, ,LUMPKIN,GA,31815,7165,GREEN GRV,,LUMPKIN,GA,31815-4849,A,,,09/14/2020,09/18/2020,,MAILED,NO,NO,NO,,05,002,012,151,SWST,00111,,00006,152,
STEWART,00262799,PONDER,RONALD,,,582,LIBERTY ST, ,LUMPKIN,GA,31815-3341,,PO BOX 672,,LUMPKIN,GA,31815-0067,A,,,05/26/2020,,,MAILED,NO,NO,NO,LUMPK,05,002,012,151,SWST,00113,,,,
STEWART,00262410,DALTON,ISAAC,,JR,226,DALTON LOOP, ,LUMPKIN,GA,31815-4144,226,DALTON LOOP,,LUMPKIN,GA,31815-4144,A,,,08/26/2020,09/18/2020,,MAILED,NO,NO,NO,,05,002,012,151,SWST,00111,,00001,16,
STEWART,00261902,VANOVER,BOBBIE,J,,466,PONDER ST, ,RICHLAND,GA,31825-6524,466,PONDER ST,,RICHLAND,GA,31825-6524,A,,,09/10/2020,09/18/2020,,MAILED,NO,NO,NO,RICHL,02,002,012,151,SWST,00102,,00031,143,
STEWART,03605242,TAYLOR,KEVIN,ANTHONY,,23030,US HWY 27, ,CUSSETA,GA,31805-5534,23030,US HWY 27,,CUSSETA,GA,31805-5534,A,,,08/27/2020,09/18/2020,,MAILED,NO,NO,NO,,04,002,012,151,SWST,00101,,00007,58,
STEWART,00264179,THORNTON,LEASER,,,1085,PAUL STEPHENS RD, ,RICHLAND,GA,31825-7451,1085,PAUL STEPHENS RD,,RICHLAND,GA,31825-7451,A,,,09/08/2020,09/18/2020,,MAILED,NO,NO,NO,,02,002,012,151,SWST,00104,,00008,113,
STEWART,11394136,WERUM,ANNE,MAGDALENA,,1591,PONDER ST, ,RICHLAND,GA,31825,1591,PONDER ST,,RICHLAND,GA,31825-0000,A,,,09/02/2020,09/16/2020,,ELECTRONIC,NO,NO,NO,RICHL,02,002,012,151,SWST,00102,,00003,163,
STEWART,00231218,ROBINSON,KING,D,SR,7962,GA HWY 520, ,RICHLAND,GA,31825-7156,7962,GA HWY 520,,RICHLAND,GA,31825-7156,A,,,09/01/2020,09/18/2020,,MAILED,NO,NO,NO,,02,002,012,151,SWST,00104,,00005,92,
STEWART,00261987,AMMONS,MARY,HARMON,,405,TT AMONS BLVD, ,LUMPKIN,GA,31815-5753,405,TT AMONS BLVD,,LUMPKIN,GA,31815-5753,A,,,04/10/2020,,,MAILED,NO,NO,NO,,02,002,012,151,SWST,00106,,,,
STEWART,00263049,CRAYTON,MAE,ONICE,,2772,HOLTZ CLAW RD, ,OMAHA,GA,31821-2514,2772,HOLTZ CLAW RD,,OMAHA,GA,31821-2514,A,,,08/26/2020,09/18/2020,,MAILED,NO,NO,NO,,06,002,012,151,SWST,00111,,00001,11,
STEWART,08696432,WILLIAMS,WALTER,JAMES,,1442,SARDIS RD, ,RICHLAND,GA,31825,1442,SARDIS RD,,RICHLAND,GA,31825,A,,,04/27/2020,,,MAILED,NO,NO,NO,,02,002,012,151,SWST,00106,,,,
STEWART,00261552,JENKINS,DERRICK,B,,138,CRESCENT ST, ,RICHLAND,GA,31825,138,CRESCENT ST,,RICHLAND,GA,31825,A,,,04/20/2020,,,MAILED,NO,NO,NO,RICHL,02,002,012,151,SWST,00102,,,,
STEWART,05904667,WILLIS,QUIRDITA,PAQUELL,,40,PARKER ST, ,RICHLAND,GA,31825-6427,40,PARKER ST,,RICHLAND,GA,31825-6427,A,,,08/27/2020,09/18/2020,,MAILED,NO,NO,NO,RICHL,02,002,012,151,SWST,00103,,00017,71,
STEWART,03358124,BUCHAN,JERALYNN,GWEN,,617,OLD LOUVALE RD, ,LUMPKIN,GA,31815-6321,617,OLD LOUVALE RD,,LUMPKIN,GA,31815-6321,A,,,04/16/2020,,,MAILED,NO,NO,NO,,04,002,012,151,SWST,00101,,,,
STEWART,12556036,CASKEY,CLARA,,,14625,GA HWY 27, ,LUMPKIN,GA,31815,14625,GA HWY 27,,LUMPKIN,GA,31815,A,,,08/26/2020,09/18/2020,,MAILED,NO,NO,NO,,05,002,012,151,SWST,00104,,00001,10,
STEWART,00262780,PATTERSON,WINIFRED,H,,864,BROAD ST, ,LUMPKIN,GA,31815,864,BROAD ST,,LUMPKIN,GA,31815,A,,,08/25/2020,09/18/2020,,MAILED,NO,NO,NO,LUMPK,05,002,012,151,SWST,00112,,00005,72,
STEWART,04293472,SAFO,SHERREYAL,MCCOY,,200,MCCOY DR, ,RICHLAND,GA,31825-4704,,PO BOX 41,,WESTON,GA,31832-0004,A,,,08/27/2020,09/18/2020,,MAILED,NO,NO,NO,,02,002,012,151,SWST,00106,,00005,52,
STEWART,10744286,GARRETT,STACY,,,986,ALSTON ST, ,RICHLAND,GA,31825,986,ALSTON ST,,RICHLAND,GA,31825,A,,,08/27/2020,09/18/2020,,MAILED,NO,NO,NO,RICHL,02,002,012,151,SWST,00102,,00004,25,
STEWART,01904141,BREWER,PATRICIA,BASS,,798,NICHOLSON ST, ,RICHLAND,GA,31825,798,NICHOLSON ST,,RICHLAND,GA,31825-6461,A,,,04/14/2020,,,MAILED,NO,NO,NO,RICHL,02,002,012,151,SWST,00102,,,,
STEWART,00264270,JOHNSTON,JOHN,W,,3214,VALLEY RD, ,LUMPKIN,GA,31815-6053,3214,VALLEY RD,,LUMPKIN,GA,31815-6053,A,,,04/10/2020,,,MAILED,NO,NO,NO,,05,002,012,151,SWST,00104,,,,
STEWART,00269070,MURRAY,DALE,SEARS,,215,REDMOND RD, ,LUMPKIN,GA,31815-3602,,PO BOX 878,,LUMPKIN,GA,31815-0087,A,,,04/17/2020,,,MAILED,NO,NO,NO,LUMPK,05,002,012,151,SWST,00112,,,,
STEWART,08728307,WADDY,VICKIE,ANN,,433,SURLES ST, ,LUMPKIN,GA,31815,,PO BOX 1184,,LUMPKIN,GA,31815-0118,A,,,09/08/2020,09/18/2020,,MAILED,NO,NO,NO,LUMPK,05,002,012,151,SWST,00113,,00004,109,
STEWART,06866734,JONES,PAMELA,ELAINE,,2099,JAMES HOLDER RD, ,RICHLAND,GA,31825-7481,2099,JAMES HOLDER RD,,RICHLAND,GA,31825-7481,A,,,08/31/2020,09/18/2020,,MAILED,NO,NO,NO,,02,002,012,151,SWST,00101,,00002,84,
STEWART,00263483,SLAY,KENNETH,EUGENE,,10747,UNION PLEASANT GRV, ,OMAHA,GA,31821-2659,10747,UNION PLEASANT GRV,,OMAHA,GA,31821-2659,A,,,04/16/2020,,,MAILED,NO,NO,NO,,06,002,012,151,SWST,00111,,,,
STEWART,04171874,WILLIAMS,MARTHA,LEWIS,,20070,US HWY 27, ,CUSSETA,GA,31805-5530,20070,US HWY 27,,CUSSETA,GA,31805-5530,A,,,04/10/2020,,,MAILED,NO,NO,NO,,04,002,012,151,SWST,00101,,,,
STEWART,00261699,MOSES,MINNIE,LEE,,35,SCHLEY CIR, ,RICHLAND,GA,31825-6623,35,SCHLEY CIR,,RICHLAND,GA,31825-6623,A,,,09/08/2020,09/18/2020,,MAILED,NO,NO,NO,RICHL,02,002,012,151,SWST,00103,,00027,139,
STEWART,07367101,GIROUARD,WAYNE,PAUL,,1094,BUDDY BOY THORNTON RD, ,RICHLAND,GA,31825-7024,1094,BUDDY BOY THORNTON RD,,RICHLAND,GA,31825-7024,A,,,05/22/2020,,,MAILED,NO,NO,NO,,02,002,012,151,SWST,00101,,,,
STEWART,00262855,RIVERS,NESTREE,,,1024,MAIN ST, ,LUMPKIN,GA,31815-3420,,PO BOX 781,,LUMPKIN,GA,31815-0078,A,,,05/27/2020,,,MAILED,NO,NO,NO,LUMPK,05,002,012,151,SWST,00113,,,,
STEWART,00263942,JONES,SOLOMON,LEROY,,1008,ALSTON ST, ,RICHLAND,GA,31825,1008,ALSTON ST,,RICHLAND,GA,31825,A,,,09/14/2020,09/18/2020,,MAILED,NO,NO,NO,RICHL,02,002,012,151,SWST,00102,,00032,149,
STEWART,01950406,EMANUEL,CATHERINE,BROWN,,161,MILLIKEN AVE, ,RICHLAND,GA,31825-6503,,PO BOX 189,,RICHLAND,GA,31825-0018,A,,,08/27/2020,09/18/2020,,MAILED,NO,NO,NO,RICHL,02,002,012,151,SWST,00103,,00005,21,
STEWART,00268678,WALKER,SHIRLEY,ANN,,621,ALSTON ST, ,RICHLAND,GA,31825,621,ALSTON ST,,RICHLAND,GA,31825-6013,A,,,08/27/2020,09/18/2020,,MAILED,NO,NO,NO,RICHL,02,002,012,151,SWST,00103,,00014,65,
STEWART,00261687,BLIZZARD,EDNA,MAE,,1469,WALL ST, ,RICHLAND,GA,31825-1028,,PO BOX 12,,RICHLAND,GA,31825-0001,A,,,05/29/2020,,,MAILED,NO,NO,NO,RICHL,02,002,012,151,SWST,00102,,,,
STEWART,00261690,MOSES,CAROLYN,,,17763,GA HWY 27, ,RICHLAND,GA,31825,17763,GA HIGHWAY 27,,RICHLAND,GA,31825-6927,A,,,08/27/2020,09/18/2020,,MAILED,NO,NO,NO,,02,002,012,151,SWST,00104,,00001,40,
STEWART,05696566,WILLIAMS,RONNIE,DAVIS,,44,SUNNYVIEW RD,175,LUMPKIN,GA,31815,,PO BOX 175,,LUMPKIN,GA,31815-0175,A,,,05/20/2020,,,MAILED,NO,NO,NO,LUMPK,05,002,012,151,SWST,00112,,,,
STEWART,03400785,JOSEY,WILMA,J,,60,CHEROKEE ST, ,RICHLAND,GA,31825,60,CHEROKEE ST,,RICHLAND,GA,31825,A,,,09/01/2020,09/18/2020,,MAILED,NO,NO,NO,RICHL,02,002,012,151,SWST,00103,,00019,87,
STEWART,00261940,WHITE,BARBARA,ANN,,54,N JONES ST, ,RICHLAND,GA,31825-6510,,PO BOX 324,,RICHLAND,GA,31825-0032,A,,,09/01/2020,09/18/2020,,MAILED,NO,NO,NO,RICHL,02,002,012,151,SWST,00102,,00020,90,
STEWART,00262486,GHANT,SALLY,,,176,NORTH ST, ,LUMPKIN,GA,31815-3512,,PO BOX 842,,LUMPKIN,GA,31815-0084,A,,,05/26/2020,,,MAILED,NO,NO,NO,LUMPK,05,002,012,151,SWST,00114,,,,
STEWART,00263138,SLAY,JEANNE,CHAPMAN,,10747,UNION PLEASANT GRV, ,OMAHA,GA,31821,10747,UNION PLEASANT GRV,,OMAHA,GA,31821,A,,,04/16/2020,,,MAILED,NO,NO,NO,,06,002,012,151,SWST,00111,,,,
STEWART,04692879,WICKER,JAMES,EARL,,418,JULIA RD, ,OMAHA,GA,31821,418,JULIA RD,,OMAHA,GA,31821-2530,A,,,04/10/2020,,,MAILED,NO,NO,NO,,04,002,012,151,SWST,00101,,,,
STEWART,10706211,WILLIAMS,ALICE,BELLE,,1444,SARDIS RD, ,RICHLAND,GA,31825,1444,SARDIS RD,,RICHLAND,GA,31825,A,,,04/27/2020,,,MAILED,NO,NO,NO,,02,002,012,151,SWST,00106,,,,
STEWART,00262613,JENKINS,JAMES,,,151,STEVENS ST,UNIT 19,LUMPKIN,GA,31815-3631,,PO BOX 801,,LUMPKIN,GA,31815,A,,,09/14/2020,09/18/2020,,MAILED,NO,NO,NO,LUMPK,05,002,012,151,SWST,00113,,00010,148,
STEWART,00262488,GILBERT,FREDDIE,LEE,,122,ST. JOHNS ST, ,LUMPKIN,GA,31815-3624,122,ST. JOHNS ST,,LUMPKIN,GA,31815-3624,A,,,05/07/2020,,,MAILED,NO,NO,NO,LUMPK,05,002,012,151,SWST,00114,,,,
STEWART,00261706,MURRAH,JOHNNY,LEON,,21,HOSPITAL RD, ,RICHLAND,GA,31825-4400,,PO BOX 397,,RICHLAND,GA,31825-0039,A,,,04/15/2020,,,MAILED,NO,NO,NO,,02,002,012,151,SWST,00105,,,,
STEWART,06104169,MOSES,MAGGIE,MAE,,734,PONDER ST, ,RICHLAND,GA,31825-6560,734,PONDER ST,,RICHLAND,GA,31825-6560,A,,,08/27/2020,09/18/2020,,MAILED,NO,NO,NO,RICHL,02,002,012,151,SWST,00102,,00007,41,
STEWART,10016232,FRIPP,JANNIE,A,,1329,UNION PLEASANT GRV, ,OMAHA,GA,31821,1329,UNION PLEASANT GRV,,OMAHA,GA,31821-2615,A,,,04/09/2020,,,MAILED,NO,NO,NO,,06,002,012,151,SWST,00111,,,,
STEWART,05418660,DORSEY,MARY,DEAN,,169,UREY EMERSON DR,33,RICHLAND,GA,31825,169,UREY EMERSON DR,# 33,RICHLAND,GA,31825-6638,A,,,04/22/2020,,,MAILED,NO,NO,NO,RICHL,02,002,012,151,SWST,00102,,,,
STEWART,00263460,RIGSBY,LINDA,LEE,,22542,US HWY 27, ,CUSSETA,GA,31805,22542,US HWY 27,,CUSSETA,GA,31805,A,,,09/08/2020,09/18/2020,,MAILED,NO,NO,NO,,04,002,012,151,SWST,00101,,00015,117,
STEWART,01664085,SIMMONS,TONY,BERNARD,,21,RANDALL ST, ,LUMPKIN,GA,31815-3545,,PO BOX 554,,LUMPKIN,GA,31815-0055,A,,,05/08/2020,,,MAILED,NO,NO,NO,LUMPK,05,002,012,151,SWST,00113,,,,
STEWART,04386437,DENT,JANICE,MALEASIA,,1022,SINGER POND RD, ,LUMPKIN,GA,31815,,PO BOX 204,,LOUVALE,GA,31814-0020,A,,,09/08/2020,09/18/2020,,MAILED,NO,NO,NO,,05,002,012,151,SWST,00106,,00006,132,
STEWART,00261560,JOHNSON,BARBARA,ANN,,189,CHEROKEE ST, ,RICHLAND,GA,31825-6407,189,CHEROKEE ST,,RICHLAND,GA,31825-6407,A,,,04/17/2020,09/18/2020,,MAILED,NO,NO,NO,RICHL,02,002,012,151,SWST,00103,,00006,30,
STEWART,12744497,BRYANT,DANIEL,THOMAS,,37,STEWART ST, ,RICHLAND,GA,31825,37,STEWART ST,,RICHLAND,GA,31825,A,,,08/26/2020,09/18/2020,,MAILED,NO,NO,NO,RICHL,02,002,012,151,SWST,00102,,00003,9,
STEWART,00263158,PONDER,MOLLIE,WILLIAMS,,69,VALLEY RD, ,LUMPKIN,GA,31815-6019,,PO BOX 594,,LUMPKIN,GA,31815-0059,A,,,04/14/2020,,,MAILED,NO,NO,NO,,05,002,012,151,SWST,00101,,,,
STEWART,00261259,ANGLIN,CAROLYN,DREW,,46,W BROAD ST, ,RICHLAND,GA,31825-1033,46,W BROAD ST,,RICHLAND,GA,31825-1033,A,,,04/09/2020,,,MAILED,NO,NO,NO,RICHL,02,002,012,151,SWST,00102,,,,
STEWART,05897231,LYNCH,JAMES,WILLARD,,29,HUMBER AVE, ,LUMPKIN,GA,31815-3320,,PO BOX 34,,LUMPKIN,GA,31815-0003,A,,,04/17/2020,,,MAILED,NO,NO,NO,LUMPK,05,002,012,151,SWST,00112,,,,
STEWART,00261861,TARVER,DORIS,MOSES,,71,PARKER ST, ,RICHLAND,GA,31825-1535,,PO BOX 72,,RICHLAND,GA,31825-0007,A,,,04/15/2020,,,MAILED,NO,NO,NO,RICHL,02,002,012,151,SWST,00103,,,,
STEWART,00261759,PROTHO,ARNOLD,BELL,,803,HARMONY ST, ,RICHLAND,GA,31825-1219,803,HARMONY ST,,RICHLAND,GA,31825-1219,A,,,05/04/2020,,,MAILED,NO,NO,NO,RICHL,02,002,012,151,SWST,00102,,,,
STEWART,00262128,HARRIS,MARY,EUN,IV,277,MOORES STORE RD, ,CUSSETA,GA,31805,277,MOORES STORE RD,,CUSSETA,GA,31805,A,,,05/11/2020,,,MAILED,NO,NO,NO,,04,002,012,151,SWST,00101,,,,
STEWART,05104070,GHANT,OSCAR,,,552,OLD LOUVALE RD, ,LUMPKIN,GA,31815-6318,552,OLD LOUVALE RD,,LUMPKIN,GA,31815-6318,A,,,04/09/2020,,,MAILED,NO,NO,NO,,04,002,012,151,SWST,00101,,,,
STEWART,03424743,FLEMING,MABLE,T,,215,MOORES STORE RD, ,CUSSETA,GA,31805-5513,215,MOORES STORE RD,,CUSSETA,GA,31805-5513,A,,,05/26/2020,,,MAILED,NO,NO,NO,,04,002,012,151,SWST,00101,,,,
STEWART,12639248,DAVIS,BRANDON,AHMAD,,1295,NICHOLSON ST, ,RICHLAND,GA,31825,1295,NICHOLSON ST,,RICHLAND,GA,31825-6433,A,,,08/26/2020,09/18/2020,,MAILED,NO,NO,NO,RICHL,02,002,012,151,SWST,00103,,00003,19,
STEWART,00262631,JOHNSTON,CLAUDIE,GERTRUDE,,3214,VALLEY RD, ,LUMPKIN,GA,31815-6053,,PO BOX 1262,,LUMPKIN,GA,31815-0126,A,,,04/10/2020,,,MAILED,NO,NO,NO,,05,002,012,151,SWST,00104,,,,
STEWART,06452739,JOHNSON,MINNIE,MAE,,24,HAMILTON ST, ,RICHLAND,GA,31825-6030,,PO BOX 255,,RICHLAND,GA,31825-0025,A,,,04/09/2020,,,MAILED,NO,NO,NO,RICHL,02,002,012,151,SWST,00103,,,,
STEWART,03491396,VAN PATTEN,REBECCA,PHILLIPS,,22542,US HWY 27, ,CUSSETA,GA,31805,22542,US HWY 27,,CUSSETA,GA,31805,A,,,09/14/2020,09/18/2020,,MAILED,NO,NO,NO,,04,002,012,151,SWST,00101,,00025,151,
STEWART,11948985,THOMAS,BOBBY,LEE,,194,BUSH ST, ,RICHLAND,GA,31825,194,BUSH ST,,RICHLAND,GA,31825,A,,,09/08/2020,09/18/2020,,MAILED,NO,NO,NO,RICHL,02,002,012,151,SWST,00102,,00027,128,
STEWART,04727825,DAWKINS,CATHERINE,MARIE,,11,HUMBER AVE, ,LUMPKIN,GA,31815,,PO BOX 34,,LUMPKIN,GA,31815-0034,A,,,08/26/2020,09/18/2020,,MAILED,NO,NO,NO,LUMPK,05,002,012,151,SWST,00112,,00002,18,
STEWART,10123832,EVANS,ANTHONY,WADE,,1419,OLD LOUVALE RD,UNIT D,LUMPKIN,GA,31815,1419,OLD LOUVALE RD,UNIT D,LUMPKIN,GA,31815-5328,A,,,08/27/2020,09/18/2020,,MAILED,NO,NO,NO,,04,002,012,151,SWST,00101,,00004,22,
STEWART,00264125,AYERS,MARYLON,,,515,MEYERS ST, ,RICHLAND,GA,31825,515,MEYERS ST,,RICHLAND,GA,31825,A,,,04/21/2020,,,MAILED,NO,NO,NO,RICHL,02,002,012,151,SWST,00102,,,,
STEWART,00263307,STATEN,TANYA,LAWERNE,,569,MAIN ST, ,LUMPKIN,GA,31815,,PO BOX 562,,LUMPKIN,GA,31815-0562,A,,,04/20/2020,,,MAILED,NO,NO,NO,LUMPK,05,002,012,151,SWST,00114,,,,
STEWART,00261701,MOSES,RICHARD,,,734,PONDER ST, ,RICHLAND,GA,31825-6560,734,PONDER ST,,RICHLAND,GA,31825-6560,A,,,08/27/2020,09/18/2020,,MAILED,NO,NO,NO,RICHL,02,002,012,151,SWST,00102,,00008,42,
STEWART,00261283,BARTLETT,PAUL,EUGENE,,709,RENFROE RD, ,RICHLAND,GA,31825,709,RENFROE RD,,RICHLAND,GA,31825,A,,,04/09/2020,,,MAILED,NO,NO,NO,,02,002,012,151,SWST,00101,,,,
STEWART,03830039,SCOTT,JESSICA,THOMAS,,190,PHILLIPS ST, ,RICHLAND,GA,31825,,301 BARRINGTON ,,MACON,GA,31220,A,,,08/31/2020,09/18/2020,,MAILED,NO,NO,NO,RICHL,02,002,012,151,SWST,00102,,00023,101,
STEWART,00262255,ARCHIBALD,LULA,BELL,,169,OAK ST, ,LUMPKIN,GA,31815-3519,,PO BOX 582,,LUMPKIN,GA,31815-0058,A,,,05/18/2020,,,MAILED,NO,NO,NO,LUMPK,05,002,012,151,SWST,00113,,,,
STEWART,00264417,WILSON,JAMES,,,166,MOORES STORE RD, ,CUSSETA,GA,31805-5510,166,MOORES STORE RD,,CUSSETA,GA,31805-5510,A,,,09/14/2020,09/18/2020,,MAILED,NO,NO,NO,,04,002,012,151,SWST,00101,,00024,150,
STEWART,00304399,CARNEY,DAVID,J,,480,MAIN ST, ,LUMPKIN,GA,31815-3408,480,MAIN ST,,LUMPKIN,GA,31815-3408,A,,,04/08/2020,,,MAILED,NO,NO,NO,LUMPK,05,002,012,151,SWST,00113,,,,
STEWART,00262221,RICHARDSON,MAGGIE,WHITE,,663,DAN BRINSON RD, ,LUMPKIN,GA,31815,663,DAN BRINSON RD,,LUMPKIN,GA,31815,A,,,04/09/2020,,,MAILED,NO,NO,NO,,04,002,012,151,SWST,00101,,,,
STEWART,06483964,PERDUE,HARRY,,JR,124,OVERBY DR, ,RICHLAND,GA,31825,124,OVERBY DR,,RICHLAND,GA,31825,A,,,09/14/2020,09/18/2020,,MAILED,NO,NO,NO,RICHL,02,002,012,151,SWST,00102,,00034,157,
STEWART,05514909,GRIFFIN,KAREN,SUE,,23013,US HWY 27, ,CUSSETA,GA,31805,23013,US HWY 27,,CUSSETA,GA,31805,A,,,09/08/2020,09/18/2020,,MAILED,NO,NO,NO,,04,002,012,151,SWST,00101,,00017,119,
STEWART,00262827,KNIGHTON,CHARLOTTE,DALTON,,93,NORTH ST, ,LUMPKIN,GA,31815-3511,93,NORTH ST,,LUMPKIN,GA,31815-3511,A,,,04/17/2020,,,MAILED,NO,NO,NO,LUMPK,05,002,012,151,SWST,00113,,,,
STEWART,06354874,WILLIAMS,MILTON,KELLY,,1191,OLD LOUVALE RD, ,LUMPKIN,GA,31815-5321,1191,OLD LOUVALE RD,,LUMPKIN,GA,31815-5321,A,,,04/13/2020,,,MAILED,NO,NO,NO,,04,002,012,151,SWST,00101,,,,
STEWART,12406841,FALCON,JOHN,D,,801,UNION PLEASANT GRV, ,OMAHA,GA,31821,801,UNION PLEASANT GRV,,OMAHA,GA,31821-2609,A,,,08/27/2020,09/18/2020,,MAILED,NO,NO,NO,,06,002,012,151,SWST,00111,,00005,51,
STEWART,00264090,TAYLOR,JACQUELINE,DENICE,,23030,US HWY 27, ,CUSSETA,GA,31805,23030,US HWY 27,,CUSSETA,GA,31805,A,,,04/27/2020,,,MAILED,NO,NO,NO,,04,002,012,151,SWST,00101,,,,
STEWART,00263445,FLINTROY,WILLIE,F,,447,SECOND AVE, ,OMAHA,GA,31821-2119,447,SECOND AVE,,OMAHA,GA,31821-2119,A,,,09/08/2020,09/18/2020,,MAILED,NO,NO,NO,,06,002,012,151,SWST,00111,,00007,123,
STEWART,00262106,FLATT,RICHARD,,,1726,HITCHITEE CRK RD,A,CUSSETA,GA,31815-5502,1726,HITCHITEE CRK RD,A,CUSSETA,GA,31815-5502,A,,,04/15/2020,,,MAILED,NO,NO,NO,,04,002,012,151,SWST,00101,,,,
STEWART,00261953,WILLIAMS,LAWRENCE,L,,1681,KIMBROUGH RD, ,RICHLAND,GA,31825-4826,,PO BOX 267,,RICHLAND,GA,31825-0026,A,,,04/16/2020,,,MAILED,NO,NO,NO,,02,002,012,151,SWST,00106,,,,
STEWART,11327472,LEE,GENERAL,FRANKLIN,,2785,JAMES HOLDER RD, ,RICHLAND,GA,31825,2785,JAMES HOLDER RD,,RICHLAND,GA,31825,A,,,04/09/2020,,,MAILED,NO,NO,NO,,02,002,012,151,SWST,00101,,,,
STEWART,04264986,RIGSBY,RICKY,THOMAS,,22542,US HWY 27, ,CUSSETA,GA,31805,22542,US HIGHWAY 27,,CUSSETA,GA,31805-5532,A,,,09/08/2020,09/18/2020,,MAILED,NO,NO,NO,,04,002,012,151,SWST,00101,,00016,118,
STEWART,06205768,TARVER,CHARLES,,,97,MEYERS ST, ,RICHLAND,GA,31825,97,MEYERS ST,,RICHLAND,GA,31825,A,,,09/08/2020,09/18/2020,,MAILED,NO,NO,NO,RICHL,02,002,012,151,SWST,00102,,00028,129,
STEWART,00261296,BLACKBURN,GARY,FRANK,,565,HAMILTON ST, ,RICHLAND,GA,31825-1120,,PO BOX 263,,RICHLAND,GA,31825-0026,A,,,04/14/2020,,,MAILED,NO,NO,NO,RICHL,02,002,012,151,SWST,00102,,,,
STEWART,00261242,THREATS,MARJORIE,MOSES,,90,RAGTOWN RD, ,RICHLAND,GA,31825,544,PO BOX 1,,RICHLAND,GA,31825-0955,A,,,04/09/2020,,,MAILED,NO,NO,NO,,02,002,012,151,SWST,00104,,,,
STEWART,03348913,JORDAN,HELEN,BRITTON,,847,BROAD ST, ,RICHLAND,GA,31825,847,E BROAD ST,,RICHLAND,GA,31825-1515,A,,,08/31/2020,09/18/2020,,MAILED,NO,NO,NO,RICHL,02,002,012,151,SWST,00103,,00018,82,
STEWART,00263540,ROBINSON,LEOMIA,WHEELER,,250,UREY EMERSON DR, ,RICHLAND,GA,31825-6639,250,UREY EMERSON DR,,RICHLAND,GA,31825-6639,A,,,08/27/2020,09/18/2020,,MAILED,NO,NO,NO,RICHL,02,002,012,151,SWST,00102,,00010,48,
STEWART,00263746,POWELL,ERNESTINE,,,1688,TROTMAN RD, ,LUMPKIN,GA,31815-5704,1688,TROTMAN RD,,LUMPKIN,GA,31815-5704,A,,,08/27/2020,09/18/2020,,MAILED,NO,NO,NO,,02,002,012,151,SWST,00106,,00003,44,
STEWART,00262409,DALTON,ISAAC,,,220,DALTON LOOP, ,LUMPKIN,GA,31815-4144,220,DALTON LOOP,,LUMPKIN,GA,31815-4144,A,,,08/26/2020,09/18/2020,,MAILED,NO,NO,NO,,05,002,012,151,SWST,00111,,00002,17,
STEWART,01792209,PSALMOND,PHILLIP,MYRICK,,431,PSALMOND RD, ,LOUVALE,GA,31815,1601,13TH AVE,,COLUMBUS,GA,31901-0190,A,,,09/08/2020,09/18/2020,,MAILED,NO,NO,NO,,04,002,012,151,SWST,00101,,00020,122,
STEWART,00261578,BINN,JERRY,DIANA,,190,UREY EMERSON DR, ,RICHLAND,GA,31825,190,UREY EMERSON DR,,RICHLAND,GA,31825,A,,,08/26/2020,09/18/2020,,MAILED,NO,NO,NO,RICHL,02,002,012,151,SWST,00102,,00001,5,
STEWART,07913250,MCCOY,KEILA,TWYNIECE,,25,LINDY LN, ,RICHLAND,GA,31825-6338,25,LINDY LN,,RICHLAND,GA,31825-6338,A,,,08/27/2020,09/18/2020,,MAILED,NO,NO,NO,RICHL,02,002,012,151,SWST,00103,,00009,38,
STEWART,00262161,MCBRIDE,BERNICE,LATIMER,,1547,OLD LOUVALE RD, ,LUMPKIN,GA,31815,1547,OLD LOUVALE RD,,LUMPKIN,GA,31815,A,,,04/13/2020,,,MAILED,NO,NO,NO,,04,002,012,151,SWST,00101,,,,
STEWART,00261822,SCRIBNER,CHRISTINA,GRANT,,993,WALL ST, ,RICHLAND,GA,31825-1315,,PO BOX 68,,RICHLAND,GA,31825-0006,A,,,08/27/2020,09/18/2020,,MAILED,NO,NO,NO,RICHL,02,002,012,151,SWST,00102,,00011,53,
STEWART,10931491,CARNEY,JEFFREY,,,460,MAIN ST, ,LUMPKIN,GA,31815,460,MAIN ST,,LUMPKIN,GA,31815,A,,,04/08/2020,,,MAILED,NO,NO,NO,LUMPK,05,002,012,151,SWST,00113,,,,
STEWART,06451579,COY,CARMEN,LEE,,157,HARRIS ST, ,RICHLAND,GA,31825-6311,,PO BOX 363,,RICHLAND,GA,31825-0036,A,,,04/09/2020,,,MAILED,NO,NO,NO,RICHL,02,002,012,151,SWST,00102,,,,
STEWART,00264062,FLINTROY,SHERYL,ANN,,447,SECOND AVE, ,OMAHA,GA,31821-2119,,PO BOX 52,,OMAHA,GA,31821-0005,A,,,09/08/2020,09/18/2020,,MAILED,NO,NO,NO,,06,002,012,151,SWST,00111,,00008,124,
STEWART,06846313,GIBSON,DAVID,MICHAEL,,955,WALL ST, ,RICHLAND,GA,31825-6722,955,WALL ST,,RICHLAND,GA,31825-6722,A,,,08/28/2020,,,MAILED,NO,NO,NO,RICHL,02,002,012,151,SWST,00102,,,,
STEWART,00262154,DABBS,ORATEEN,HALL,,894,DAN BRINSON RD, ,LUMPKIN,GA,31815-5210,894,DAN BRINSON RD,,LUMPKIN,GA,31815-5210,A,,,08/26/2020,09/18/2020,,MAILED,NO,NO,NO,,04,002,012,151,SWST,00101,,00002,14,
STEWART,00261426,DAVENPORT,WAYLON,,,16836,GA HWY 27, ,RICHLAND,GA,31825,16836,GA HWY 27,,RICHLAND,GA,31825,A,,,04/10/2020,,,MAILED,NO,NO,NO,,02,002,012,151,SWST,00101,,,,
STEWART,00263965,HARRIS,BERNICE,TAYLOR,,447,MOORES STORE RD, ,CUSSETA,GA,31805,447,MOORES STORE RD,,CUSSETA,GA,31805-5517,A,,,04/13/2020,,,MAILED,NO,NO,NO,,04,002,012,151,SWST,00101,,,,
STEWART,00263345,HUDSON,MARILYN,L,,19,NORTH ST, ,LUMPKIN,GA,31815-3511,,PO BOX 1147,,LUMPKIN,GA,31815-0114,A,,,04/15/2020,,,MAILED,NO,NO,NO,LUMPK,05,002,012,151,SWST,00113,,,,
STEWART,00262800,PONDER,SHIRLEAN,,,582,LIBERTY ST, ,LUMPKIN,GA,31815-3341,,PO BOX 672,,LUMPKIN,GA,31815,A,,,05/26/2020,,,MAILED,NO,NO,NO,LUMPK,05,002,012,151,SWST,00113,,,,
STEWART,00262608,JENKINS,BERTHA,MAE,,151,STEVENS ST, ,LUMPKIN,GA,31815-3631,151,STEVENS ST,,LUMPKIN,GA,31815-3631,A,,,09/14/2020,09/18/2020,,MAILED,NO,NO,NO,LUMPK,05,002,012,151,SWST,00113,,00008,146,
STEWART,04679832,JOHNSON,JOHN,LEE,,801,CRESCENT ST, ,RICHLAND,GA,31825-1211,,PO BOX 243,,RICHLAND,GA,31825-0024,A,,,09/08/2020,09/18/2020,,MAILED,NO,NO,NO,RICHL,02,002,012,151,SWST,00102,,00030,134,
STEWART,08760083,BOLDEN,CARL,,,190,CHERRY ST, ,LUMPKIN,GA,31815,,PO BOX 723,,LUMPKIN,GA,31815-0723,A,,,08/26/2020,09/18/2020,,MAILED,NO,NO,NO,LUMPK,05,002,012,151,SWST,00112,,00001,6,
STEWART,07254594,FREEMAN,CALVIN,,,510,FREEMAN RD,A,RICHLAND,GA,31825,510,FREEMAN RD,A,RICHLAND,GA,31825,A,,,08/27/2020,09/18/2020,,MAILED,NO,NO,NO,,02,002,012,151,SWST,00106,,00001,24,
STEWART,00625700,WRIGHT,PATRICIA,DENISE,,1157,WRIGHTSVILLE RD, ,LUMPKIN,GA,31815-6152,1157,WRIGHTSVILLE RD,,LUMPKIN,GA,31815-6152,A,,,09/01/2020,09/18/2020,,MAILED,NO,NO,NO,,02,002,012,151,SWST,00106,,00008,93,
STEWART,03720412,THOMAS,JOBE,,,1036,PAUL STEPHENS RD, ,RICHLAND,GA,31825-7450,1036,PAUL STEPHENS RD,,RICHLAND,GA,31825-7450,A,,,08/27/2020,09/18/2020,,MAILED,NO,NO,NO,,02,002,012,151,SWST,00104,,00002,61,
STEWART,00261996,EMMONS,HATTIE,M,,1385,FISHER HUDSON RD, ,LUMPKIN,GA,31815-4205,1385,FISHER HUDSON RD,,LUMPKIN,GA,31815-4205,A,,,04/16/2020,,,MAILED,NO,NO,NO,,02,002,012,151,SWST,00106,,,,
STEWART,06118200,WILLIAMS,MARY,GLADIS,,1444,SARDIS RD,A,RICHLAND,GA,31825,1444,SARDIS RD,A,RICHLAND,GA,31825,A,,,04/10/2020,,,MAILED,NO,NO,NO,,02,002,012,151,SWST,00106,,,,
STEWART,00263340,HUDSON,ANNA,ROSE,,19,NORTH ST, ,LUMPKIN,GA,31815-3511,19,NORTH ST,,LUMPKIN,GA,31815-3511,A,,,04/15/2020,,,MAILED,NO,NO,NO,LUMPK,05,002,012,151,SWST,00113,,,,
STEWART,02311104,AYERS,SAMUEL,CLAYTON,II,281,MEYERS ST, ,RICHLAND,GA,31825-6354,281,MEYERS ST,,RICHLAND,GA,31825-6354,A,,,04/21/2020,,,MAILED,NO,NO,NO,RICHL,02,002,012,151,SWST,00102,,,,
STEWART,04353658,HARRIS,EUGENE,,,277,MOORES STORE RD, ,CUSSETA,GA,31805-5513,277,MOORES STORE RD,,CUSSETA,GA,31805-5513,A,,,05/11/2020,,,MAILED,NO,NO,NO,,04,002,012,151,SWST,00101,,,,
STEWART,10015981,GILBERT,SHUNDRA,NICOLE,,357,LIBERTY ST, ,LUMPKIN,GA,31815,357,LIBERTY ST,,LUMPKIN,GA,31815,A,,,09/09/2020,09/18/2020,,MAILED,NO,NO,NO,LUMPK,05,002,012,151,SWST,00113,,00005,140,
STEWART,00264114,HARRIS,PRISCILLA,ANN,,855,DAN BRINSON RD, ,LUMPKIN,GA,31815-5211,855,DAN BRINSON RD,,LUMPKIN,GA,31815-5211,A,,,09/01/2020,09/18/2020,,MAILED,NO,NO,NO,,04,002,012,151,SWST,00101,,00012,91,
STEWART,01803154,ASH,MARGARET,L,,349,MARTIN LUTHER KING JR DR, ,RICHLAND,GA,31825-6607,,PO BOX 34,,RICHLAND,GA,31825-0003,A,,,04/15/2020,,,MAILED,NO,NO,NO,RICHL,02,002,012,151,SWST,00103,,,,
STEWART,10191247,WEAVER,LATOYA,JANEESE,,60,BOXCAR ST, ,RICHLAND,GA,31825,60,BOXCAR ST,,RICHLAND,GA,31825,A,,,04/14/2020,,,MAILED,NO,NO,NO,RICHL,02,002,012,151,SWST,00102,,,,
STEWART,00262787,PERRYMOND,FANNIE,LEE,,2526,BROAD ST, ,LUMPKIN,GA,31815-3104,,POST OFFICE BOX 714,,LUMPKIN,GA,31815,A,,,05/06/2020,,,MAILED,NO,NO,NO,LUMPK,05,002,012,151,SWST,00114,,,,
STEWART,08228851,MERRITT,FRANKLIN,,,80,NUTWOOD DR, ,RICHLAND,GA,31825-6468,,PO BOX 4,,RICHLAND,GA,31825,A,,,09/14/2020,09/18/2020,,MAILED,NO,NO,NO,RICHL,02,002,012,151,SWST,00103,,00031,160,
STEWART,04295185,JORDAN,MARIQUEEN,LATIMER,,155,BUSH ST, ,RICHLAND,GA,31825-6129,155,BUSH ST,,RICHLAND,GA,31825-6129,A,,,08/27/2020,09/18/2020,,MAILED,NO,NO,NO,RICHL,02,002,012,151,SWST,00102,,00006,33,
STEWART,01728390,ALGER,JUDY,LANE,,1630,BROAD ST, ,LUMPKIN,GA,31815-3042,1630,BROAD ST,,LUMPKIN,GA,31815-3042,A,,,05/04/2020,,,MAILED,NO,NO,NO,LUMPK,05,002,012,151,SWST,00112,,,,
STEWART,00261943,WHITE,ELIZABETH,,,162,MILLIKEN AVE, ,RICHLAND,GA,31825,162,MILLIKEN AVE,,RICHLAND,GA,31825,A,,,09/01/2020,09/18/2020,,MAILED,NO,NO,NO,RICHL,02,002,012,151,SWST,00103,,00020,88,
STEWART,01351428,AMMONS,GEORGE,E,,114,RAY LN, ,LUMPKIN,GA,31815,2124,HWY 280 W,11,PLAINS,GA,31780,A,,,09/02/2020,09/02/2020,,MAILED,NO,NO,NO,,02,002,012,151,SWST,00106,,00009,104,
STEWART,07049856,THOMAS,ALBERT,,JR,76,DAN BRINSON RD, ,LUMPKIN,GA,31815,76,DAN BRINSON RD,,LUMPKIN,GA,31815,A,,,04/20/2020,,,MAILED,NO,NO,NO,,04,002,012,151,SWST,00101,,,,
STEWART,00264025,STARLING,ANGELA,LAVONN,,389,VALLEY RD, ,LUMPKIN,GA,31815-6025,389,VALLEY RD,,LUMPKIN,GA,31815-6025,A,,,08/27/2020,09/18/2020,,MAILED,NO,NO,NO,,05,002,012,151,SWST,00101,,00001,57,
STEWART,08379688,JENKINS,TAMMARA,JANAE,,115,CRESCENT ST, ,RICHLAND,GA,31825,115,CRESCENT ST,,RICHLAND,GA,31825,A,,,09/01/2020,09/18/2020,,MAILED,NO,NO,NO,RICHL,02,002,012,151,SWST,00102,,00018,85,
STEWART,10332008,FLOYD,STEVE,M.,,151,STEVENS ST, ,LUMPKIN,GA,31815,,P.O. BOX 865,,LUMPKIN,GA,31815,A,,,04/10/2020,,,MAILED,NO,NO,NO,LUMPK,05,002,012,151,SWST,00113,,,,
STEWART,04198187,NEAL,LEMARK,,,151,CHESTNUT PL, ,LUMPKIN,GA,31815-3119,,PO BOX 724,,LUMPKIN,GA,31815-0072,A,,,05/22/2020,,,MAILED,NO,NO,NO,,05,002,012,151,SWST,00101,,,,
STEWART,00269609,STEPHENS,MARY,HOUSE,,404,PAUL STEPHENS RD, ,RICHLAND,GA,31825,404,PAUL STEPHENS RD,,RICHLAND,GA,31825,A,,,04/20/2020,,,MAILED,NO,NO,NO,,02,002,012,151,SWST,00104,,,,
STEWART,00261309,BLIZZARD,BOBBY,,,1469,WALL ST, ,RICHLAND,GA,31825,,PO BOX 12,,RICHLAND,GA,31825-0001,A,,,04/22/2020,,,MAILED,NO,NO,NO,RICHL,02,002,012,151,SWST,00102,,,,
STEWART,01019759,PRICE,JOE,WILLIAM,SR,81,RED HILL CHURCH RD, ,RICHLAND,GA,31825,,PO BOX 1285,,DUBLIN,GA,31040-0128,A,,,04/20/2020,,,MAILED,NO,NO,NO,,02,002,012,151,SWST,00104,,,,
STEWART,06846179,LEWIS,FRANK,,JR,138,ARMOUR LN,A,CUSSETA,GA,31805-5604,138,ARMOUR LN,A,CUSSETA,GA,31805-5604,A,,,08/27/2020,09/18/2020,,MAILED,NO,NO,NO,,04,002,012,151,SWST,00101,,00006,35,
STEWART,10212968,JOSEY,NYKENYA,SHINES,,694,BROAD ST, ,RICHLAND,GA,31825,694,E BROAD ST,,RICHLAND,GA,31825-1513,A,,,09/08/2020,09/18/2020,,MAILED,NO,NO,NO,RICHL,02,002,012,151,SWST,00103,,00023,126,
STEWART,03644562,JENKINS,PROCETHIA,DIANE,,151,STEVENS ST, ,LUMPKIN,GA,31815,,PO BOX 492,,LUMPKIN,GA,31815-0492,A,,,09/14/2020,09/18/2020,,MAILED,NO,NO,NO,LUMPK,05,002,012,151,SWST,00113,,00009,147,
STEWART,00261642,MCCARTHY,ARTHUR,LEO,,62,BUSH ST, ,RICHLAND,GA,31825-6126,,PO BOX 182,,RICHLAND,GA,31825-0018,A,,,04/20/2020,,,MAILED,NO,NO,NO,RICHL,02,002,012,151,SWST,00102,,,,
STEWART,05776282,MARSHALL,MASLYN,AMANDA,,97,MEYERS ST,C1,RICHLAND,GA,31825-6349,,PO BOX 4,,RICHLAND,GA,31825,A,,,09/08/2020,09/18/2020,,MAILED,NO,NO,NO,RICHL,02,002,012,151,SWST,00102,,00026,125,
STEWART,00261417,CULPEPPER,SANDRA,DENISE,,40,PARKER ST, ,RICHLAND,GA,31825-6427,40,PARKER ST,,RICHLAND,GA,31825-6427,A,,,08/26/2020,09/18/2020,,MAILED,NO,NO,NO,RICHL,02,002,012,151,SWST,00103,,00002,12,
STEWART,00263162,BROWN,ISIAH,,,3636,GA HWY 27, ,LUMPKIN,GA,31815-4237,3636,GA HWY 27,,LUMPKIN,GA,31815-4237,A,,,04/16/2020,,,MAILED,NO,NO,NO,,05,002,012,151,SWST,00106,,,,
STEWART,00262684,LEWIS,CAROLYN,,,10587,GA HWY 27, ,LUMPKIN,GA,31815-4405,,PO BOX 477,,LUMPKIN,GA,31815-0047,A,,,04/13/2020,,,MAILED,NO,NO,NO,,05,002,012,151,SWST,00111,,,,
STEWART,10658473,RICHARDSON,LEE,,,663,DAN BRINSON RD, ,LUMPKIN,GA,31815,663,DAN BRINSON RD,,LUMPKIN,GA,31815,A,,,04/09/2020,,,MAILED,NO,NO,NO,,04,002,012,151,SWST,00101,,,,
STEWART,10461877,BROWN,ALICE,LOUISE,,178,NORTH ST, ,LUMPKIN,GA,31815,178,NORTH ST,,LUMPKIN,GA,31815-3512,A,,,08/26/2020,,,MAILED,NO,NO,NO,LUMPK,05,002,012,151,SWST,00114,,,,
STEWART,08456710,POWELL,HAYWARD,,JR,187,BUSH ST, ,RICHLAND,GA,31825-6129,187,BUSH ST,,RICHLAND,GA,31825-6129,A,,,08/27/2020,09/18/2020,,MAILED,NO,NO,NO,RICHL,02,002,012,151,SWST,00102,,00009,45,
STEWART,00262951,CLIATT,THELMA,THOMAS,,92,CHESTNUT PL, ,LUMPKIN,GA,31815-3116,92,CHESTNUT PL,,LUMPKIN,GA,31815-3116,A,,,04/15/2020,,,MAILED,NO,NO,NO,,05,002,012,151,SWST,00101,,,,
STEWART,00261769,PROTHO,WILLIE,JAMES,SR,169,CHEROKEE ST, ,RICHLAND,GA,31825-6407,169,CHEROKEE ST,,RICHLAND,GA,31825-6407,A,,,04/27/2020,,,MAILED,NO,NO,NO,RICHL,02,002,012,151,SWST,00103,,,,
STEWART,10025818,WALTON,MARION,PUGH,,244,UREY EMERSON DR, ,RICHLAND,GA,31825,244,UREY EMERSON DR,,RICHLAND,GA,31825,A,,,08/27/2020,09/18/2020,,MAILED,NO,NO,NO,RICHL,02,002,012,151,SWST,00102,,00015,67,
STEWART,00264239,HAWKS,GEORGE,STEPHEN,,133,PINE ST, ,LUMPKIN,GA,31815-3543,15,POINSETTIA PLACE,,BROWNSVILLE,TX,78520,A,,,08/27/2020,09/18/2020,,MAILED,NO,NO,NO,LUMPK,05,002,012,151,SWST,00112,,00003,27,
STEWART,03337187,HARRIS,DELOIS,,,700,DAN BRINSON RD, ,LUMPKIN,GA,31815-9616,700,DAN BRINSON RD,,LUMPKIN,GA,31815-9616,A,,,04/09/2020,,,MAILED,NO,NO,NO,,04,002,012,151,SWST,00101,,,,
STEWART,03288100,JOHNSON,HATTIE,MAE,,44,CHURCH ST, ,LUMPKIN,GA,31815-1331,44,CHURCH ST,,LUMPKIN,GA,31815-1331,A,,,04/22/2020,,,MAILED,NO,NO,NO,LUMPK,05,002,012,151,SWST,00113,,,,
STEWART,08023159,SCOTT,BENJAMIN,COYLE,,190,PHILLIPS ST, ,RICHLAND,GA,31825,,301 BARRINGTON ,,MACON,GA,31220,A,,,08/31/2020,09/18/2020,,MAILED,NO,NO,NO,RICHL,02,002,012,151,SWST,00102,,00022,100,
STEWART,00261411,CROXTON,CATHERINE,S,,128,W BROAD ST, ,RICHLAND,GA,31825-1033,128,W BROAD ST,,RICHLAND,GA,31825-1033,A,,,04/16/2020,,,MAILED,NO,NO,NO,RICHL,02,002,012,151,SWST,00102,,,,
STEWART,00262073,BAKER,ARTHUR,,JR,297,MOORES STORE RD, ,CUSSETA,GA,31805-5513,297,MOORES STORE RD,,CUSSETA,GA,31805-5513,A,,,04/10/2020,,,MAILED,NO,NO,NO,,04,002,012,151,SWST,00101,,,,
STEWART,03281791,MCCOY,DAISY,BEAL,,732,WRIGHTSVILLE RD, ,LUMPKIN,GA,31815-6143,732,WRIGHTSVILLE RD,,LUMPKIN,GA,31815-6143,A,,,04/29/2020,,,MAILED,NO,NO,NO,,02,002,012,151,SWST,00106,,,,
STEWART,00264240,HAWKS,NANCY,,,133,CHERRY ST, ,LUMPKIN,GA,31815,15,POINSETTIA PLACE,,BROWNSVILLE,TX,78520,A,,,08/27/2020,09/18/2020,,MAILED,NO,NO,NO,LUMPK,05,002,012,151,SWST,00112,,00004,28,
STEWART,07367335,BENNETT,HANNAH,COX,,7118,GA HWY 39, ,OMAHA,GA,31821,7118,GA HWY 39,,OMAHA,GA,31821,A,,,09/14/2020,09/18/2020,,MAILED,NO,NO,NO,,06,002,012,151,SWST,00111,,00009,154,
STEWART,00263797,JOHNSON,ANGELA,M,,101,CRESCENT ST, ,RICHLAND,GA,31825-6235,101,CRESCENT ST,,RICHLAND,GA,31825-6235,A,,,09/02/2020,09/18/2020,,MAILED,NO,NO,NO,RICHL,02,002,012,151,SWST,00102,,00024,103,
STEWART,03822333,MURRAY,MILTON,ALEXANDER,,142,MCCOY DR, ,RICHLAND,GA,31825,142,MCCOY DR,,RICHLAND,GA,31825-4702,A,,,09/08/2020,09/18/2020,,MAILED,NO,NO,NO,,02,002,012,151,SWST,00106,,00011,107,
STEWART,01805024,NISBET,MATTHEW,W,,159,UREY EMERSON DR, ,RICHLAND,GA,31825,159,UREY EMERSON DR,,RICHLAND,GA,31825,A,,,04/15/2020,,,MAILED,NO,NO,NO,RICHL,02,002,012,151,SWST,00102,,,,
STEWART,00262538,HARTY,JOHNNIE,G,,385,COOPER RD, ,RICHLAND,GA,31825-6853,385,COOPER RD,,RICHLAND,GA,31825-6853,A,,,04/30/2020,09/18/2020,,MAILED,NO,NO,NO,,02,002,012,151,SWST,00105,,00001,26,
STEWART,00262101,FLATT,JOYCE,HUFF,,1726,HITCHITEE CRK RD, ,CUSSETA,GA,31815-5502,1726,HITCHITEE CRK RD,,CUSSETA,GA,31815-5502,A,,,09/08/2020,09/18/2020,,MAILED,NO,NO,NO,,04,002,012,151,SWST,00101,,00021,127,
STEWART,00263080,JACKSON,MARY,ELIZABETH,,30,LYONS ST, ,OMAHA,GA,31821-2024,,PO BOX 174,,OMAHA,GA,31821-0017,A,,,05/20/2020,,,MAILED,NO,NO,NO,,06,002,012,151,SWST,00111,,,,
STEWART,00262158,LOTT,JERALDENE,A,,755,DAN BRINSON RD, ,LUMPKIN,GA,31815-5209,,PO BOX 1023,,LUMPKIN,GA,31815-0102,A,,,04/13/2020,,,MAILED,NO,NO,NO,,04,002,012,151,SWST,00101,,,,
STEWART,07858598,POWELL,ALICE,NAKITA,,197,BARGE RD, ,LUMPKIN,GA,31815-3723,197,BARGE RD,,LUMPKIN,GA,31815-3723,A,,,04/09/2020,,,MAILED,NO,NO,NO,,02,002,012,151,SWST,00106,,,,
STEWART,00261869,THOMAS,GUSSIE,G,,42,CARTER ST, ,RICHLAND,GA,31825,42,CARTER ST,,RICHLAND,GA,31825,A,,,08/27/2020,09/18/2020,,MAILED,NO,NO,NO,RICHL,02,002,012,151,SWST,00103,,00012,60,
STEWART,00949862,SMITH,GLORIA,PATTON,,125,HARRIS ST, ,RICHLAND,GA,31825-1126,,PO BOX 311,,RICHLAND,GA,31825-0031,A,,,04/10/2020,,,MAILED,NO,NO,NO,RICHL,02,002,012,151,SWST,00102,,,,
STEWART,11274300,CONCA,MINDY,CARMEN,,26,GEESLIN LN, ,LUMPKIN,GA,31815,26,GEESLIN LN,,LUMPKIN,GA,31815-3839,A,,,04/16/2020,,,MAILED,NO,NO,NO,,05,002,012,151,SWST,00111,,,,
STEWART,00261277,BARRINGTON,PRISCILLA,C,,49,SCHLEY CIR, ,RICHLAND,GA,31825-6623,49,SCHLEY CIR,,RICHLAND,GA,31825-6623,A,,,04/22/2020,,,MAILED,NO,NO,NO,RICHL,02,002,012,151,SWST,00103,,,,
STEWART,00262876,BOST,GLORIA,T,,1485,ESTHER THORNTON RD, ,LUMPKIN,GA,31815-5311,,PO BOX 783,,LUMPKIN,GA,31815-0078,A,,,09/02/2020,09/02/2020,,MAILED,NO,NO,NO,,05,002,012,151,SWST,00111,,00005,105,
STEWART,05776230,JOSEY,CHARLIE,,JR,101,COLUMBIA AVE, ,RICHLAND,GA,31825,101,COLUMBIA AVE,,RICHLAND,GA,31825,A,,,09/08/2020,09/18/2020,,MAILED,NO,NO,NO,RICHL,02,002,012,151,SWST,00103,,00026,137,
STEWART,00264071,SIMMONS,ORMOND,R,,2010,GA HWY 27, ,LUMPKIN,GA,31815-4227,2010,GA HWY 27,,LUMPKIN,GA,31815-4227,A,,,08/27/2020,09/18/2020,,MAILED,NO,NO,NO,,05,002,012,151,SWST,00106,,00004,55,
STEWART,00263763,WILLIAMS,JANICE,MARIE,,1295,NICHOLSON ST, ,RICHLAND,GA,31825,1295,NICHOLSON ST,,RICHLAND,GA,31825,A,,,08/27/2020,09/18/2020,,MAILED,NO,NO,NO,RICHL,02,002,012,151,SWST,00103,,00016,69,
STEWART,00261459,JOHNSON,MARGARET,LAVAUGHN,,73,GLENN ST, ,RICHLAND,GA,31825,73,GLENN ST,,RICHLAND,GA,31825-6249,A,,,08/27/2020,09/18/2020,,MAILED,NO,NO,NO,RICHL,02,002,012,151,SWST,00103,,00007,31,
STEWART,04023233,HUDSON,GEORGE,R,,387,GEORGE HUDSON RD, ,LUMPKIN,GA,31815,387,GEORGE HUDSON RD,,LUMPKIN,GA,31815-4539,A,,,08/31/2020,09/18/2020,,MAILED,NO,NO,NO,,05,002,012,151,SWST,00111,,00004,79,
STEWART,00262453,WHITE,ANNIE,L,,4428,VALLEY RD, ,LUMPKIN,GA,31815-6109,4428,VALLEY RD,,LUMPKIN,GA,31815-6109,A,,,04/16/2020,,,MAILED,NO,NO,NO,,05,002,012,151,SWST,00104,,,,
STEWART,00262872,ROYAL,CLARA,,,2610,JAMES HOLDER RD, ,RICHLAND,GA,31825,2610,JAMES HOLDER RD,,RICHLAND,GA,31825,A,,,04/13/2020,,,MAILED,NO,NO,NO,,02,002,012,151,SWST,00106,,,,
STEWART,00261644,MCCARTHY,JOSEPH,EUGENE,JR,32,SCHLEY CIR, ,RICHLAND,GA,31825-6622,32,SCHLEY CIR,,RICHLAND,GA,31825-6622,A,,,04/13/2020,,,MAILED,NO,NO,NO,RICHL,02,002,012,151,SWST,00103,,,,
STEWART,00262074,BAKER,MATTIE,PEARL,,297,MOORES STORE RD, ,CUSSETA,GA,31805-5513,297,MOORES STORE RD,,CUSSETA,GA,31805-5513,A,,,04/10/2020,,,MAILED,NO,NO,NO,,04,002,012,151,SWST,00101,,,,
STEWART,10044586,COY,WILLIAM,JOHN,,157,HARRIS ST, ,RICHLAND,GA,31825,PO,BOX 363,,RICHLAND,GA,31825-0363,A,,,04/09/2020,,,MAILED,NO,NO,NO,RICHL,02,002,012,151,SWST,00102,,,,
STEWART,08239283,CARROLL,JEFFREY,MORRELL,,23013,US HWY 27, ,CUSSETA,GA,31805,23013,US HIGHWAY 27,,CUSSETA,GA,31805-5535,A,,,09/08/2020,09/18/2020,,MAILED,NO,NO,NO,,04,002,012,151,SWST,00101,,00022,133,
STEWART,00261670,MINICK,PATTY,GAIL,,71,LAYFIELD ST, ,RICHLAND,GA,31825-6329,71,LAYFIELD ST,,RICHLAND,GA,31825-6329,A,,,09/01/2020,09/18/2020,,MAILED,NO,NO,NO,RICHL,02,002,012,151,SWST,00102,,00021,97,
STEWART,01247911,WOODWARD,JOHN,W,JR,21,OLD CHESTNUT ST, ,LUMPKIN,GA,31815,,PO BOX 82,,LUMPKIN,GA,31815-0082,A,,,09/08/2020,09/18/2020,,MAILED,NO,NO,NO,LUMPK,05,002,012,151,SWST,00112,,00007,115,
STEWART,00030963,TURNER,CURTIS,LEE,,89,HOUSE AVE, ,LUMPKIN,GA,31815-3316,,PO BOX 1293,,LUMPKIN,GA,31815-0129,A,,,04/15/2020,09/18/2020,,MAILED,NO,NO,NO,LUMPK,05,002,012,151,SWST,00112,,00006,75,
STEWART,03621372,JONES,KELVIN,EARL,,1152,HOSPITAL RD, ,RICHLAND,GA,31825,1152,HOSPITAL RD,,RICHLAND,GA,31825,A,,,09/08/2020,09/18/2020,,MAILED,NO,NO,NO,,02,002,012,151,SWST,00105,,00002,138,
STEWART,00263749,HARRIS,JACQUELINE,Y,,855,DAN BRINSON RD, ,LUMPKIN,GA,31815-5211,855,DAN BRINSON RD,,LUMPKIN,GA,31815-5211,A,,,09/02/2020,09/18/2020,,MAILED,NO,NO,NO,,04,002,012,151,SWST,00101,,00013,102,
STEWART,10733831,THOMAS,VONTREASE,,,164,HARMONY ST, ,RICHLAND,GA,31825,164,HARMONY ST,,RICHLAND,GA,31825,A,,,08/27/2020,09/18/2020,,MAILED,NO,NO,NO,RICHL,02,002,012,151,SWST,00102,,00014,63,
STEWART,00261229,SHORT,HILDA,JEAN,,178,ELM ST, ,LUMPKIN,GA,31815-3236,,PO BOX 1323,,LUMPKIN,GA,31815-0132,A,,,05/30/2020,,,MAILED,NO,NO,NO,LUMPK,05,002,012,151,SWST,00113,,,,
STEWART,00263172,BALDWIN,ARTHUR,L,,603,BALDWIN RD, ,LUMPKIN,GA,31815-3717,603,BALDWIN RD,,LUMPKIN,GA,31815-3717,A,,,08/26/2020,09/18/2020,,MAILED,NO,NO,NO,,05,002,012,151,SWST,00106,,00001,3,
STEWART,00261345,BRYANT,ANNIE,THOMPKINS,,26,HUDSON ST, ,RICHLAND,GA,31825,26,HUDSON ST,,RICHLAND,GA,31825,A,,,04/27/2020,,,MAILED,NO,NO,NO,RICHL,02,002,012,151,SWST,00103,,,,
STEWART,04797507,CLEMENS,KATHY,ANN,,124,OVERBY DR,#104,RICHLAND,GA,31825,5775,WEST CENTER POINT RD,,RICHLAND,GA,31825,A,,,05/15/2020,,,MAILED,NO,NO,NO,RICHL,02,002,012,151,SWST,00102,,,,
STEWART,00261442,EDMONDS,GLABION,JEROME,,405,PONDER ST, ,RICHLAND,GA,31825,,P.O. BOX 129,,RICHLAND,GA,31825,A,,,09/14/2020,09/18/2020,,MAILED,NO,NO,NO,RICHL,02,002,012,151,SWST,00102,,00033,156,
STEWART,01404633,PRICE,NANETTE,DUNN,,81,RED HILL CHURCH RD, ,RICHLAND,GA,31825,81,RED HILL CHURCH RD,,RICHLAND,GA,31825,A,,,04/20/2020,,,MAILED,NO,NO,NO,,02,002,012,151,SWST,00104,,,,
STEWART,00263508,WHITE,REGINALD,,,38,SHADY GROVE CHURCH RD, ,RICHLAND,GA,31825,38,SHADY GROVE CHURCH RD,,RICHLAND,GA,31825,A,,,08/31/2020,09/18/2020,,MAILED,NO,NO,NO,,02,002,012,151,SWST,00104,,00004,77,
STEWART,01815972,GILLETTE,PATRICIA,CASTLE,,123,REBECCA RD, ,LUMPKIN,GA,31815,123,REBECCA RD,,LUMPKIN,GA,31815-3548,A,,,04/13/2020,,,MAILED,NO,NO,NO,LUMPK,05,002,012,151,SWST,00112,,,,
STEWART,11501207,MAYO,GLORIA,W,,133,MAYO LN, ,RICHLAND,GA,31825,133,MAYO LN,,RICHLAND,GA,31825-1170,A,,,04/21/2020,,,MAILED,NO,NO,NO,RICHL,02,002,012,151,SWST,00102,,,,
STEWART,11102231,JESTER,TAMMY,LYNN,,7165,GREEN GROVE RD, ,LUMPKIN,GA,31815,7165,GREEN GRV,,LUMPKIN,GA,31815-4849,A,,,09/14/2020,09/18/2020,,MAILED,NO,NO,NO,,05,002,012,151,SWST,00111,,00007,155,
STEWART,00262686,LEWIS,LARRY,,,10587,GA HWY 27, ,LUMPKIN,GA,31815-4405,10587,GA HWY 27,,LUMPKIN,GA,31815-4405,A,,,04/13/2020,,,MAILED,NO,NO,NO,,05,002,012,151,SWST,00111,,,,
STEWART,04849648,JOHNSON,CHARLIE,T,,62,VIRGINIA ST, ,RICHLAND,GA,31825-6649,62,VIRGINIA ST,,RICHLAND,GA,31825-6649,A,,,04/13/2020,,,MAILED,NO,NO,NO,RICHL,02,002,012,151,SWST,00103,,,,
STEWART,02546131,GARRETT,KELVIN,RAMONE,,197,BARGE RD, ,LUMPKIN,GA,31815,197,BARGE RD,,LUMPKIN,GA,31815-3723,A,,,04/09/2020,,,MAILED,NO,NO,NO,,02,002,012,151,SWST,00106,,,,
STEWART,10764936,THORNTON,ANFERNEE,,,855,DAN BRINSON RD, ,LUMPKIN,GA,31815,855,DAN BRINSON RD,,LUMPKIN,GA,31815-5211,A,,,09/10/2020,09/18/2020,,MAILED,NO,NO,NO,,04,002,012,151,SWST,00101,,00023,144,
STEWART,00261646,MCCARTHY,FANNIE,MARGARET,,32,SCHLEY CIR, ,RICHLAND,GA,31825-6622,32,SCHLEY CIR,,RICHLAND,GA,31825-6622,A,,,04/13/2020,,,MAILED,NO,NO,NO,RICHL,02,002,012,151,SWST,00103,,,,
STEWART,02109724,STANKUS,AMY,E,,210,PHILLIPS ST, ,RICHLAND,GA,31825,,P.O. BOX 401,,RICHLAND,GA,31825,A,,,04/08/2020,,,MAILED,NO,NO,NO,RICHL,02,002,012,151,SWST,00102,,,,
STEWART,00591506,GILES,JOAN,S,,14795,CANYON RD, ,LUMPKIN,GA,31815-4036,14795,CANYON RD,,LUMPKIN,GA,31815-4036,A,,,04/09/2020,,,MAILED,NO,NO,NO,,05,002,012,151,SWST,00111,,,,
STEWART,00262256,ARMOUR,MABLE,JEANNETTE,,137,ROCKWELL ST, ,LUMPKIN,GA,31815-3607,137,ROCKWELL ST,,LUMPKIN,GA,31815-3607,A,,,08/26/2020,09/18/2020,,MAILED,NO,NO,NO,LUMPK,05,002,012,151,SWST,00114,,00001,2,
STEWART,05597821,DABBS,REBURN,,JR,894,DAN BRINSON RD, ,LUMPKIN,GA,31815-5210,894,DAN BRINSON RD,,LUMPKIN,GA,31815-5210,A,,,08/26/2020,09/18/2020,,MAILED,NO,NO,NO,,04,002,012,151,SWST,00101,,00003,15,
STEWART,06353831,WILLIAMS,CANDACE,ELAINE,,433,ELM ST,UNIT 7,LUMPKIN,GA,31815,,P.O. BOX 503,,LUMPKIN,GA,31815,A,,,05/20/2020,,,MAILED,NO,NO,NO,LUMPK,05,002,012,151,SWST,00114,,,,
STEWART,08275458,CULPEPPER,KENNY,A,,10,BROWN ST, ,RICHLAND,GA,31825-6028,,PO BOX 23,,RICHLAND,GA,31825-0002,A,,,09/14/2020,09/18/2020,,MAILED,NO,NO,NO,RICHL,02,002,012,151,SWST,00103,,00029,158,
STEWART,07569298,JOHNSON-MCCOY,KIERA,L,,218,MCCOY DR, ,RICHLAND,GA,31825,,PO BOX 41,,WESTON,GA,31832-0041,A,,,05/15/2020,09/16/2020,,ELECTRONIC,NO,NO,NO,,02,002,012,151,SWST,00106,,00001,161,
STEWART,00264126,WHITE,SANDRA,D,,155,PAUL STEPHENS RD, ,RICHLAND,GA,31825-7437,155,PAUL STEPHENS RD,,RICHLAND,GA,31825-7437,A,,,09/08/2020,09/18/2020,,MAILED,NO,NO,NO,,02,002,012,151,SWST,00104,,00007,112,
STEWART,00262537,HARRISON,MARTHA SUE,HOUSE,,274,FLORENCE ST, ,LUMPKIN,GA,31815-0417,274,FLORENCE ST,,LUMPKIN,GA,31815-0417,A,,,04/20/2020,,,MAILED,NO,NO,NO,LUMPK,05,002,012,151,SWST,00112,,,,
STEWART,10824880,MARSHALL,MAYA,,,97,MEYERS ST, ,RICHLAND,GA,31825,97,MEYERS ST,,RICHLAND,GA,31825-6349,A,,,09/08/2020,09/18/2020,,MAILED,NO,NO,NO,RICHL,02,002,012,151,SWST,00102,,00025,116,
STEWART,11778753,BROWN,DEMETRIC,LAKEITH,,508,PARKER ST, ,RICHLAND,GA,31825,508,PARKER ST,,RICHLAND,GA,31825-1536,A,,,08/26/2020,09/18/2020,,MAILED,NO,NO,NO,RICHL,02,002,012,151,SWST,00102,,00002,7,
STEWART,00263769,WRIGHT,CHARLES,,,9,NEW ST, ,LUMPKIN,GA,31815,,P.O. BOX 893,,LUMPKIN,GA,31815,A,,,04/21/2020,,,MAILED,NO,NO,NO,LUMPK,05,002,012,151,SWST,00113,,,,
STEWART,06487156,HAMLIN,CHARLES,MASON,,2080,RED HILL CHURCH RD, ,RICHLAND,GA,31825,2080,RED HILL CHURCH RD,,RICHLAND,GA,31825,A,,,04/27/2020,,,MAILED,NO,NO,NO,,02,002,012,151,SWST,00104,,,,
STEWART,00261659,MCLENDON,MARGARET,O,,85,PHILLIPS ST, ,RICHLAND,GA,31825-6255,85,PHILLIPS ST,,RICHLAND,GA,31825-6255,A,,,04/16/2020,,,MAILED,NO,NO,NO,RICHL,02,002,012,151,SWST,00102,,,,
STEWART,00261318,BRAZIER,JIMMY,BRYANT,,19700,GA HWY 27, ,RICHLAND,GA,31825,19700,GA HWY 27,,RICHLAND,GA,31825,A,,,04/10/2020,,,MAILED,NO,NO,NO,,02,002,012,151,SWST,00105,,,,
STEWART,04728770,WILSON,WILLIAM,HENRY,,1365,NICHOLSON ST, ,RICHLAND,GA,31825-1430,1365,NICHOLSON ST,,RICHLAND,GA,31825-1430,A,,,04/13/2020,,,MAILED,NO,NO,NO,RICHL,02,002,012,151,SWST,00103,,,,
STEWART,03621226,CURRY,JAMES,MATTHEW,,380,WALL RD, ,OMAHA,GA,31821-2706,380,WALL RD,,OMAHA,GA,31821-2706,A,,,08/26/2020,09/18/2020,,MAILED,NO,NO,NO,,06,002,012,151,SWST,00111,,00002,13,
STEWART,01960211,FREEMAN,ELLEN,GILBERT,,122,ST. JOHNS ST, ,LUMPKIN,GA,31815-3624,,PO BOX 1155,,LUMPKIN,GA,31815-0115,A,,,05/06/2020,,,MAILED,NO,NO,NO,LUMPK,05,002,012,151,SWST,00114,,,,
STEWART,02393082,HOUSTON,CATHERINE,IRVING,,958,BROAD ST, ,RICHLAND,GA,31825,,PO BOX 384,,RICHLAND,GA,31825-0038,A,,,04/13/2020,,,MAILED,NO,NO,NO,RICHL,02,002,012,151,SWST,00103,,,,
STEWART,03677174,BARTLETT,BONNIE,CAROL,,709,RENFROE RD, ,RICHLAND,GA,31825-7049,709,RENFROE RD,,RICHLAND,GA,31825-7049,A,,,04/09/2020,,,MAILED,NO,NO,NO,,02,002,012,151,SWST,00101,,,,
STEWART,11047565,JENKINS,SHARI,,,1589,OLD LOUVALE RD, ,LUMPKIN,GA,31815,1589,OLD LOUVALE RD,,LUMPKIN,GA,31815,A,,,09/08/2020,09/18/2020,,MAILED,NO,NO,NO,,04,002,012,151,SWST,00101,,00019,121,
STEWART,00263013,WILSON,DOROTHY,,,500,VALLEY RD, ,LUMPKIN,GA,31815-6028,500,VALLEY RD,,LUMPKIN,GA,31815-6028,A,,,05/04/2020,,,MAILED,NO,NO,NO,,05,002,012,151,SWST,00104,,,,
STEWART,00262205,ROLAND,JEAN,C,,1669,OLD LOUVALE RD, ,LUMPKIN,GA,31815-5327,1669,OLD LOUVALE RD,,LUMPKIN,GA,31815-5327,A,,,04/10/2020,,,MAILED,NO,NO,NO,,04,002,012,151,SWST,00101,,,,
STEWART,00262701,LYNCH,MARION,E,,29,HUMBER AVE, ,LUMPKIN,GA,31815-0034,29,HUMBER AVE,,LUMPKIN,GA,31815-0034,A,,,04/17/2020,,,MAILED,NO,NO,NO,LUMPK,05,002,012,151,SWST,00112,,,,
STEWART,05234384,THREATS,GEORGE,,,61,RAGTOWN RD, ,RICHLAND,GA,31825-7501,61,RAGTOWN RD,,RICHLAND,GA,31825-7501,A,,,09/14/2020,09/18/2020,,MAILED,NO,NO,NO,,02,002,012,151,SWST,00101,,00003,145,
STEWART,00261708,MURRAH,JULIE,W,,21,HOSPITAL RD, ,RICHLAND,GA,31825-4400,21,HOSPITAL RD,,RICHLAND,GA,31825-4400,A,,,04/15/2020,,,MAILED,NO,NO,NO,,02,002,012,151,SWST,00105,,,,
STEWART,00261389,CLARK,JUANITA,CARTER,,137,PARKER ST, ,RICHLAND,GA,31825-6458,137,PARKER ST,,RICHLAND,GA,31825-6458,A,,,04/21/2020,,,MAILED,NO,NO,NO,RICHL,02,002,012,151,SWST,00102,,,,
STEWART,00261837,SMITH,LARRY,BROOKS,,125,HARRIS ST, ,RICHLAND,GA,31825-1126,,PO BOX 311,,RICHLAND,GA,31825-0031,A,,,04/09/2020,,,MAILED,NO,NO,NO,RICHL,02,002,012,151,SWST,00102,,,,
STEWART,11089888,MILLER,AUSTIN,TYLER,,212,CHERRY ST, ,LUMPKIN,GA,31815,212,CHERRY ST,,LUMPKIN,GA,31815,A,,,09/02/2020,09/16/2020,,ELECTRONIC,NO,NO,NO,LUMPK,05,002,012,151,SWST,00112,,00002,162,
STEWART,03984611,THOMAS,MARY,D,,3672,GA HWY 27, ,LUMPKIN,GA,31815-4237,3672,GA HWY 27,,LUMPKIN,GA,31815-4237,A,,,04/20/2020,,,MAILED,NO,NO,NO,,05,002,012,151,SWST,00106,,,,
STEWART,00262753,MURRAY,JAMES,ARTHUR,JR,215,REDMOND RD, ,LUMPKIN,GA,31815-3602,215,REDMOND RD,,LUMPKIN,GA,31815-3602,A,,,04/17/2020,,,MAILED,NO,NO,NO,LUMPK,05,002,012,151,SWST,00112,,,,
STEWART,00261410,CROXTON,JERRY,H,,128,W BROAD ST, ,RICHLAND,GA,31825-1033,128,W BROAD ST,,RICHLAND,GA,31825-1033,A,,,04/16/2020,,,MAILED,NO,NO,NO,RICHL,02,002,012,151,SWST,00102,,,,
STEWART,08713507,PHILLIPS,KATHLEEN,M,,408,FITZGERALD ST, ,OMAHA,GA,31821-2022,,PO BOX 39,,OMAHA,GA,31821-0003,A,,,04/10/2020,,,MAILED,NO,NO,NO,,06,002,012,151,SWST,00111,,,,
STEWART,00261764,PROTHO,JUANITA,,,83,CHEROKEE ST, ,RICHLAND,GA,31825-6405,83,CHEROKEE ST,,RICHLAND,GA,31825-6405,A,,,04/13/2020,,,MAILED,NO,NO,NO,RICHL,02,002,012,151,SWST,00103,,,,
STEWART,00262798,PONDER,CLARENCE,,JR,69,VALLEY RD, ,LUMPKIN,GA,31815-6019,,PO BOX 594,,LUMPKIN,GA,31815-0059,A,,,04/14/2020,,,MAILED,NO,NO,NO,,05,002,012,151,SWST,00101,,,,
STEWART,04319325,MACKEY,SCOTT,RYAN,JR,1011,BROAD ST, ,RICHLAND,GA,31825,1011,BROAD ST,,RICHLAND,GA,31825-6125,A,,,04/15/2020,,,MAILED,NO,NO,NO,RICHL,02,002,012,151,SWST,00103,,,,
STEWART,00262235,WILLIAMS,JOSEPH,B,,20070,US HWY 27, ,CUSSETA,GA,31805-5530,20070,US HWY 27,,CUSSETA,GA,31805-5530,A,,,04/10/2020,,,MAILED,NO,NO,NO,,04,002,012,151,SWST,00101,,,,
STEWART,06076264,WILLIAMSBALDWIN,QUINYATA,,,326,VALLEY RD, ,LUMPKIN,GA,31815,,P.O. BOX 863,,LUMPKIN,GA,31815,A,,,09/01/2020,09/18/2020,,MAILED,NO,NO,NO,,05,002,012,151,SWST,00104,,00002,95,
STEWART,05843615,LIGON,CHRYSTA,GLOVER,,1538,PAUL STEPHENS RD, ,RICHLAND,GA,31825-7456,1538,PAUL STEPHENS RD,,RICHLAND,GA,31825-7456,A,,,04/09/2020,,,MAILED,NO,NO,NO,,02,002,012,151,SWST,00104,,,,
STEWART,07573352,WELCH,TALMADGE,D,,332,PAUL STEPHENS RD, ,RICHLAND,GA,31825-7440,332,PAUL STEPHENS RD,,RICHLAND,GA,31825-7440,A,,,04/27/2020,,,MAILED,NO,NO,NO,,02,002,012,151,SWST,00104,,,,
STEWART,00263025,BELL,ALDRIN,,,380,WALL RD, ,OMAHA,GA,31821-2706,380,WALL RD,,OMAHA,GA,31821-2706,A,,,05/13/2020,,,MAILED,NO,NO,NO,,06,002,012,151,SWST,00111,,,,
STEWART,00262327,BROWN,FLOSSIE,,,557,LIBERTY ST, ,LUMPKIN,GA,31815-3342,,PO BOX 1057,,LUMPKIN,GA,31815-0105,A,,,04/17/2020,,,MAILED,NO,NO,NO,LUMPK,05,002,012,151,SWST,00113,,,,
STEWART,04520021,THOMPKINS,COREY,ANDRE,,71,SCHLEY CIR, ,RICHLAND,GA,31825-6623,71,SCHLEY CIR,,RICHLAND,GA,31825-6623,A,,,08/27/2020,09/18/2020,,MAILED,NO,NO,NO,RICHL,02,002,012,151,SWST,00103,,00013,64,
STEWART,00262068,ARMOUR,MATTIE,BELLE,,256,ARMOUR LN, ,CUSSETA,GA,31805-5606,256,ARMOUR LN,,CUSSETA,GA,31805-5606,A,,,04/15/2020,,,MAILED,NO,NO,NO,,04,002,012,151,SWST,00101,,,,
STEWART,00263229,WEAVER,JACQUELINE,,,954,PAUL STEPHENS RD, ,RICHLAND,GA,31825,954,PAUL STEPHENS RD,,RICHLAND,GA,31825,A,,,05/04/2020,09/18/2020,,MAILED,NO,NO,NO,,02,002,012,151,SWST,00104,,00003,76,
STEWART,00261623,LEE,CHARLES,GRADY,,191,BROAD ST, ,RICHLAND,GA,31825-6107,,PO BOX 130,,RICHLAND,GA,31825-0013,A,,,04/09/2020,,,MAILED,NO,NO,NO,RICHL,02,002,012,151,SWST,00102,,,,
STEWART,12289667,CHINN,MALCOLM,ALEXANDER,,61,NUTWOOD DR, ,RICHLAND,GA,31825,,P.O. BOX 187,,RICHLAND,GA,31825,A,,,09/14/2020,09/18/2020,,MAILED,NO,NO,NO,RICHL,02,002,012,151,SWST,00103,,00030,159,
STEWART,00261936,WELCH,GLADYS,LAVERNE,,813,BROAD ST, ,RICHLAND,GA,31825-6121,813,BROAD ST,,RICHLAND,GA,31825-6121,A,,,09/14/2020,09/18/2020,,MAILED,NO,NO,NO,RICHL,02,002,012,151,SWST,00103,,00028,153,
STEWART,00261597,THOMAS,PATTIE,ANN,,164,HARMONY ST, ,RICHLAND,GA,31825-6302,164,HARMONY ST,,RICHLAND,GA,31825-6302,A,,,08/27/2020,09/18/2020,,MAILED,NO,NO,NO,RICHL,02,002,012,151,SWST,00102,,00013,62,
STEWART,11278166,MCCOY,JOSIAH,WILLIAMS,,200,MCCOY DR, ,RICHLAND,GA,31825,,PO BOX 41,,WESTON,GA,31832-0041,A,,,08/27/2020,09/18/2020,,MAILED,NO,NO,NO,,02,002,012,151,SWST,00106,,00002,37,
STEWART,03374360,HARDWICK,QUINCY,LAMAR,,305,HARMONY ST, ,RICHLAND,GA,31825-6307,,PO BOX 121,,RICHLAND,GA,31825-0012,A,,,09/01/2020,09/18/2020,,MAILED,NO,NO,NO,RICHL,02,002,012,151,SWST,00102,,00019,86,
STEWART,00261543,IVEY,JUDITH,D,,9,PONDER ST, ,RICHLAND,GA,31825-1152,9,PONDER ST,,RICHLAND,GA,31825-1152,A,,,04/27/2020,,,MAILED,NO,NO,NO,RICHL,02,002,012,151,SWST,00102,,,,
STEWART,00261703,MOSES,WILLIE,ANN,,7962,GA HWY 520, ,RICHLAND,GA,31825-6211,7962,GA HIGHWAY 520,,RICHLAND,GA,31825-7156,A,,,09/01/2020,09/18/2020,,MAILED,NO,NO,NO,,02,002,012,151,SWST,00104,,00006,94,
STEWART,00262578,HOUSE,WILLIAM,ED,,1159,BROAD ST, ,LUMPKIN,GA,31815,,P.O. BOX 215,,LUMPKIN,GA,31815,A,,,06/01/2020,,,MAILED,NO,NO,NO,LUMPK,05,002,012,151,SWST,00112,,,,
STEWART,05667680,DORSEY,TOMMIE,,,36,LINDY LN, ,RICHLAND,GA,31825,36,LINDY LN,,RICHLAND,GA,31825,A,,,08/26/2020,09/18/2020,,MAILED,NO,NO,NO,RICHL,02,002,012,151,SWST,00103,,00004,20,
STEWART,10546075,FALCON,IRMA,,,801,UNION PLEASANT GRV, ,OMAHA,GA,31821,801,UNION PLEASANT GRV,,OMAHA,GA,31821,A,,,08/27/2020,09/18/2020,,MAILED,NO,NO,NO,,06,002,012,151,SWST,00111,,00004,50,
STEWART,10249184,BROWN,KYRA,PATRICE,,168,NUTWOOD DR, ,RICHLAND,GA,31825,168,NUTWOOD DR,,RICHLAND,GA,31825,A,,,08/26/2020,09/18/2020,,MAILED,NO,NO,NO,RICHL,02,002,012,151,SWST,00103,,00001,8,
STEWART,00262912,SLAUGHTER,SHIRLEY,R,,7783,GA HWY 27, ,LUMPKIN,GA,31815-4313,7783,GA HWY 27,,LUMPKIN,GA,31815-4313,A,,,04/10/2020,,,MAILED,NO,NO,NO,,05,002,012,151,SWST,00111,,,,
STEWART,00263388,FRIPP,ARTHUR,RICHARD,JR,1329,UNION PLEASANT GRV, ,OMAHA,GA,31821-2615,1329,UNION PLEASANT GRV,,OMAHA,GA,31821-2615,A,,,04/09/2020,,,MAILED,NO,NO,NO,,06,002,012,151,SWST,00111,,,,
STEWART,00263921,LOWE,CLARENCE,,JR,40,HARMONY ST, ,RICHLAND,GA,31825-6300,,PO BOX 894,,LUMPKIN,GA,31815-0089,A,,,08/27/2020,09/18/2020,,MAILED,NO,NO,NO,RICHL,02,002,012,151,SWST,00103,,00008,36,
STEWART,00262463,FORT,LISA,MASON,,526,FORT RD, ,LUMPKIN,GA,31815-3842,526,FORT RD,,LUMPKIN,GA,31815-3842,A,,,04/16/2020,,,MAILED,NO,NO,NO,,05,002,012,151,SWST,00111,,,,
STEWART,00262033,POWELL,LINDELL,,,1688,TROTMAN RD, ,LUMPKIN,GA,31815-5704,,PO BOX 13,,LUMPKIN,GA,31815,A,,,09/08/2020,09/18/2020,,MAILED,NO,NO,NO,,02,002,012,151,SWST,00106,,00013,131,
STEWART,00263257,WHITE,TERRI,LAVONDIA,,155,COLLEGE ST, ,RICHLAND,GA,31825,155,COLLEGE ST,,RICHLAND,GA,31825,A,,,08/27/2020,09/18/2020,,MAILED,NO,NO,NO,RICHL,02,002,012,151,SWST,00102,,00017,73,
STEWART,10016178,ARMOUR,AMY,VERONICA,,238,ARMOUR LN, ,CUSSETA,GA,31805,238,ARMOUR LN,,CUSSETA,GA,31805,A,,,08/26/2020,09/18/2020,,MAILED,NO,NO,NO,,04,002,012,151,SWST,00101,,00001,1,
STEWART,05497436,SMITH,ELIZABETH,ANN,,2897,LOVEN MILL RD, ,RICHLAND,GA,31825,2897,LOVEN MILL RD,,RICHLAND,GA,31825-6815,A,,,04/15/2020,,,MAILED,NO,NO,NO,,02,002,012,151,SWST,00104,,,,
STEWART,00625840,EDGE,JAMES,SPRADLEY,,122,VIRGINIA ST, ,RICHLAND,GA,31825-6651,122,VIRGINIA ST,,RICHLAND,GA,31825-6651,A,,,04/15/2020,,,MAILED,NO,NO,NO,RICHL,02,002,012,151,SWST,00103,,,,
STEWART,00263718,BUTTS,MARY,WILLIAMS,,814,CHESTNUT ST, ,LUMPKIN,GA,31815,,814 CHESTNUT ST/P.O. BOX ,,LUMPKIN,GA,31815,A,,,04/15/2020,,,MAILED,NO,NO,NO,LUMPK,05,002,012,151,SWST,00112,,,,
STEWART,10129976,PONDER,JOHNNIE,,,582,LIBERTY ST, ,LUMPKIN,GA,31815,PO,BOX 672,,LUMPKIN,GA,31815-0672,A,,,05/26/2020,,,MAILED,NO,NO,NO,LUMPK,05,002,012,151,SWST,00113,,,,
STEWART,00262237,WILLIAMS,LILLY,THOMAS,,963,DAN BRINSON RD, ,LUMPKIN,GA,31815,963,DAN BRINSON RD,,LUMPKIN,GA,31815-5213,A,,,08/27/2020,09/18/2020,,MAILED,NO,NO,NO,,04,002,012,151,SWST,00101,,00009,70,
STEWART,02856569,CARTER,JOSEPH,FREDERICK,JR,1589,OLD LOUVALE RD, ,LUMPKIN,GA,31815,1589,OLD LOUVALE RD,,LUMPKIN,GA,31815-6329,A,,,09/08/2020,09/18/2020,,MAILED,NO,NO,NO,,04,002,012,151,SWST,00101,,00018,120,
STEWART,08174131,WILLIAMS,JOE,LEE,JR,43,JONES ST, ,RICHLAND,GA,31825-6326,,PO BOX 124,,RICHLAND,GA,31825-0012,A,,,09/08/2020,09/18/2020,,MAILED,NO,NO,NO,RICHL,02,002,012,151,SWST,00103,,00024,135,
STEWART,08740917,REMBERT,ROBERT,MARK,,416,MOORES STORE RD, ,CUSSETA,GA,31805,416,MOORES STORE RD,,CUSSETA,GA,31805,A,,,08/31/2020,09/18/2020,,MAILED,NO,NO,NO,,04,002,012,151,SWST,00101,,00010,80,
STEWART,01814201,CANNON-WILLIAMS,DEBORAH,ANN,,660,BALDWIN RD, ,LUMPKIN,GA,31815,660,BALDWIN RD,,LUMPKIN,GA,31815-3716,A,,,09/01/2020,09/18/2020,,MAILED,NO,NO,NO,,05,002,012,151,SWST,00106,,00005,96,
STEWART,00263663,SCOTT,LATANYA,YVETTE,,383,MOORES STORE RD, ,CUSSETA,GA,31805,383,MOORES STORE RD,,CUSSETA,GA,31805-5515,A,,,08/31/2020,09/18/2020,,MAILED,NO,NO,NO,,04,002,012,151,SWST,00101,,00011,83,
STEWART,00262853,RIVERS,CAROLYN,L,,1024,MAIN ST, ,LUMPKIN,GA,31815-3420,,PO BOX 781,,LUMPKIN,GA,31815-0078,A,,,08/27/2020,09/18/2020,,MAILED,NO,NO,NO,LUMPK,05,002,012,151,SWST,00113,,00001,47,
STEWART,11794403,BALDWIN,EVELYN,,,603,BALDWIN RD, ,LUMPKIN,GA,31815,603,BALDWIN RD,,LUMPKIN,GA,31815,A,,,08/26/2020,09/18/2020,,MAILED,NO,NO,NO,,05,002,012,151,SWST,00106,,00002,4,
STEWART,12635506,SMITH,LORA,,,250,UREY EMERSON DR,32,RICHLAND,GA,31825,250,UREY EMERSON DR,32,RICHLAND,GA,31825,A,,,08/27/2020,09/18/2020,,MAILED,NO,NO,NO,RICHL,02,002,012,151,SWST,00102,,00012,56,
STEWART,00262155,LEMONS,RICHARD,JAMES,,1419,OLD LOUVALE RD,UNIT B,LUMPKIN,GA,31815,1419,OLD LOUVALE RD,UNIT B,LUMPKIN,GA,31815-5328,A,,,08/27/2020,09/18/2020,,MAILED,NO,NO,NO,,04,002,012,151,SWST,00101,,00005,34,
STEWART,00264365,JONES,DARRYL,DWAYNE,,2099,JAMES HOLDER RD, ,RICHLAND,GA,31825-7481,2099,JAMES HOLDER RD,,RICHLAND,GA,31825-7481,A,,,08/31/2020,09/18/2020,,MAILED,NO,NO,NO,,02,002,012,151,SWST,00101,,00001,81,
STEWART,11807761,WERUM,SARAH,,,1591,PONDER ST, ,RICHLAND,GA,31825,1591,PONDER ST,,RICHLAND,GA,31825,A,,,09/02/2020,09/16/2020,,ELECTRONIC,NO,NO,NO,RICHL,02,002,012,151,SWST,00102,,00005,165,
STEWART,00263917,WILLIAMS,HELEN,,,986,ALSTON ST,UNIT 11,RICHLAND,GA,31825,,PO BOX 54,,RICHLAND,GA,31825-0005,A,,,08/27/2020,09/18/2020,,MAILED,NO,NO,NO,RICHL,02,002,012,151,SWST,00102,,00016,68,
STEWART,00261270,BALDWIN,CHARLES,LEWIS,,8,CHESTNUT ST, ,LUMPKIN,GA,31815,,PO BOX 394,,RICHLAND,GA,31825-0394,A,,,04/16/2020,,,MAILED,NO,NO,NO,LUMPK,05,002,012,151,SWST,00113,,,,
STEWART,00262702,LYNCH,CAROLYN,ANN,,39,HOUSE AVE, ,LUMPKIN,GA,31815-3316,,PO BOX 274,,LUMPKIN,GA,31815-0027,A,,,04/15/2020,,,MAILED,NO,NO,NO,LUMPK,05,002,012,151,SWST,00112,,,,
STEWART,00262127,HARRIS,JOHN,WESLEY,,700,DAN BRINSON RD, ,LUMPKIN,GA,31815-5208,700,DAN BRINSON RD,,LUMPKIN,GA,31815-5208,A,,,04/09/2020,,,MAILED,NO,NO,NO,,04,002,012,151,SWST,00101,,,,
STEWART,00263167,GREENE,MARY,JEANETTE,,1422,BROAD ST, ,LUMPKIN,GA,31815-3038,1422,BROAD ST,,LUMPKIN,GA,31815-3038,A,,,04/09/2020,,,MAILED,NO,NO,NO,LUMPK,05,002,012,151,SWST,00112,,,,
STEWART,00266590,IVEY,ANDREW,J,,310,GRADY ST, ,RICHLAND,GA,31825-1417,310,GRADY ST,,RICHLAND,GA,31825-1417,A,,,09/08/2020,09/18/2020,,MAILED,NO,NO,NO,RICHL,02,002,012,151,SWST,00103,,00021,110,
STEWART,12211618,HARVEY,ETHLYN,SHIRLEY,,174,CHURCH ST, ,LUMPKIN,GA,31815,174,CHURCH ST,,LUMPKIN,GA,31815,A,,,08/27/2020,09/18/2020,,MAILED,NO,NO,NO,LUMPK,05,002,012,151,SWST,00114,,00002,29,
STEWART,00262484,HARVILLE,VICKIE,B,,1204,BROAD ST, ,LUMPKIN,GA,31815-3034,,PO BOX 201,,LUMPKIN,GA,31815-0020,A,,,05/12/2020,,,MAILED,NO,NO,NO,LUMPK,05,002,012,151,SWST,00112,,,,
STEWART,00261432,EDMONDS,GLORIA,JEAN,,405,PONDER ST, ,RICHLAND,GA,31825,,PO BOX 129,,RICHLAND,GA,31825-0012,A,,,04/13/2020,,,MAILED,NO,NO,NO,RICHL,02,002,012,151,SWST,00102,,,,
