County,Voter Registration #,Last Name,First Name,Middle Name,Suffix,Street #,Street Name,Apt/Unit,City,State,Zip Code,Mailing Street #,Mailing Street Name,Mailing Apt/Unit,Mailing City,Mailing State,Mailing Zip Code,Application Status,Ballot Status,Status Reason,Application Date,Ballot Issued Date,Ballot Return Date,Ballot Style,Ballot Assisted,Challenged/Provisional,ID Required,Municipal Precinct,County Precinct,CNG,SEN,HOUSE	,JUD,Combo #,Vote Center ID,Ballot ID,Post #,Party
TALIAFERRO,00229588,VEAZEY,ALMA,RUTH,,259,ALEXANDER ST NW, ,CRAWFORDVILLE,GA,30631-2804,259,ALEXANDER ST NW,,CRAWFORDVILLE,GA,30631-2804,A,,,05/21/2020,,,MAILED,NO,NO,NO,601CR,601,010,024,120,TOOM,00005,,,,
TALIAFERRO,00228519,BOWMAN,FLOYD,DORVIS,,217,BROAD ST NE, ,CRAWFORDVILLE,GA,30631-3209,217,BROAD ST NE,,CRAWFORDVILLE,GA,30631-3209,A,,,04/04/2020,,,MAILED,NO,NO,NO,601CR,601,010,024,120,TOOM,00005,,,,
TALIAFERRO,00229419,STEPHENS,JUANITA,ANDREWS,,425,CENTER HILL SCHOOL RD, ,UNION POINT,GA,30669,425,CENTER HILL SCHOOL RD,,UNION POINT,GA,30669,A,,,04/17/2020,,,MAILED,NO,NO,NO,,601,010,024,120,TOOM,00009,,,,
TALIAFERRO,02067284,PEEK,GLORISTINE,,,978,SHARON RD NE, ,CRAWFORDVILLE,GA,30631-2226,978,SHARON RD NE,,CRAWFORDVILLE,GA,30631-2226,A,,,08/19/2020,09/18/2020,,MAILED,NO,NO,NO,,601,010,024,120,TOOM,00002,,00001,8,
TALIAFERRO,00229296,RHODES,RUTH,JIMENZ,,1567,BETHANY CHURCH RD SW, ,CRAWFORDVILLE,GA,30631,1567,BETHANY CHURCH RD ,,CRAWFORDVILLE,GA,30631,A,,,04/13/2020,,,MAILED,NO,NO,NO,,601,010,024,120,TOOM,00001,,,,
TALIAFERRO,12703541,WALKER,JOHN,THOMAS,,358,REYNOLDSVILLE RD SE, ,CRAWFORDVILLE,GA,30631,358,REYNOLDSVILLE RD SE,,CRAWFORDVILLE,GA,30631,A,,,09/11/2020,09/18/2020,,MAILED,NO,NO,NO,,172,010,024,120,TOOM,00010,,00012,89,
TALIAFERRO,00228441,WYNN,ROBERT,LEE,,4489,HILLMAN RD NE, ,CRAWFORDVILLE,GA,30631-2107,4489,HILLMAN RD NE,,CRAWFORDVILLE,GA,30631-2107,A,,,04/17/2020,,,MAILED,NO,NO,NO,,172,010,024,120,TOOM,00010,,,,
TALIAFERRO,00228981,KENDRICK,WILLIE,,,2402,LAWSON RD NE, ,CRAWFORDVILLE,GA,30631-1806,2402,LAWSON RD NE,,CRAWFORDVILLE,GA,30631-1806,A,,,03/13/2020,,,MAILED,NO,NO,NO,,601,010,024,120,TOOM,00008,,,,
TALIAFERRO,00226739,RHODES,LUTHER,,JR,1148,SANDY CROSS RD NE, ,CRAWFORDVILLE,GA,30631-2216,,PO BOX 177,,CRAWFORDVILLE,GA,30631-0017,A,,,03/12/2020,,,MAILED,NO,NO,NO,,601,010,024,120,TOOM,00010,,,,
TALIAFERRO,00229062,MANAGO,WILLIE,JAMES,,1253,LEXINGTON RD NW, ,CRAWFORDVILLE,GA,30631-2525,,PO BOX 128,,CRAWFORDVILLE,GA,30631-0012,A,,,04/23/2020,,,MAILED,NO,NO,NO,,601,010,024,120,TOOM,00009,,,,
TALIAFERRO,06509607,HARRIS,LINDA,SUE,,574,SANDY CROSS RD NE, ,CRAWFORDVILLE,GA,30631,574,SANDY CROSS RD NE,,CRAWFORDVILLE,GA,30631,A,,,04/23/2020,,,MAILED,NO,NO,NO,,601,010,024,120,TOOM,00010,,,,
TALIAFERRO,00229121,MOORE,WILLIAM,W,,2408,WHITE PLAINS RD SW, ,WHITE PLAINS,GA,30678-1300,2408,WHITE PLAINS RD SW,,WHITE PLAINS,GA,30678-1300,A,,,04/13/2020,,,MAILED,NO,NO,NO,,601,010,024,120,TOOM,00001,,,,
TALIAFERRO,00229280,RHODES,GLADYS,LOUISE,,434,BROAD ST NW, ,CRAWFORDVILLE,GA,30631-2911,434,BROAD ST NW,,CRAWFORDVILLE,GA,30631-2911,A,,,04/09/2020,,,MAILED,NO,NO,NO,601CR,601,010,024,120,TOOM,00003,,,,
TALIAFERRO,00228780,FOWLER,PEARL,A,,190,BROAD ST NE, ,CRAWFORDVILLE,GA,30631-3202,,PO BOX 364,,CRAWFORDVILLE,GA,30631-0036,A,,,04/02/2020,,,MAILED,NO,NO,NO,601CR,601,010,024,120,TOOM,00004,,,,
TALIAFERRO,03053105,AXLEY,BARBARA,JANNETTE,,201,DOUBLE WELLS RD SE, ,CRAWFORDVILLE,GA,30631-4003,201,DOUBLE WELLS RD SE,,CRAWFORDVILLE,GA,30631-4003,A,,,04/03/2020,,,MAILED,NO,NO,NO,,172,010,024,120,TOOM,00010,,,,
TALIAFERRO,00228105,ALEXANDER,MARY,ALICE,,2589,BETHANY CHURCH RD SW, ,CRAWFORDVILLE,GA,30631-2617,2589,BETHANY CHURCH RD ,,CRAWFORDVILLE,GA,30631-2617,A,,,08/24/2020,09/18/2020,,MAILED,NO,NO,NO,,601,010,024,120,TOOM,00001,,00004,26,
TALIAFERRO,00229086,MILTON,GLORIA,JEAN,,351,M L KING JR DR NW, ,CRAWFORDVILLE,GA,30631-2935,351,M L KING JR DR NW,,CRAWFORDVILLE,GA,30631-2935,A,,,04/16/2020,,,MAILED,NO,NO,NO,601CR,601,010,024,120,TOOM,00003,,,,
TALIAFERRO,05516083,MANAGO,TRACY,JEROME,,1303,LEXINGTON RD NW, ,CRAWFORDVILLE,GA,30631,1303,LEXINGTON RD NW,,CRAWFORDVILLE,GA,30631,A,,,08/24/2020,09/18/2020,,MAILED,NO,NO,NO,,601,010,024,120,TOOM,00009,,00008,21,
TALIAFERRO,00228849,GRIFFITH,BARBARA,,,118,ALEXANDER ST SW, ,CRAWFORDVILLE,GA,30631-2900,,PO BOX 7,,CRAWFORDVILLE,GA,30631,A,,,04/30/2020,,,MAILED,NO,NO,NO,601CR,601,010,024,120,TOOM,00004,,,,
TALIAFERRO,00228420,WOODS,EARNESTINE,,,157,ASBURY HTS SE, ,CRAWFORDVILLE,GA,30631-3101,157,ASBURY HTS SE,,CRAWFORDVILLE,GA,30631-3101,A,,,12/20/2019,,,MAILED,NO,NO,NO,601CR,601,010,024,120,TOOM,00004,,,,
TALIAFERRO,05066692,PARKS,LOLA,D,,3620,QUAKER SPRINGS RD NE, ,CRAWFORDVILLE,GA,30631-1906,3620,QUAKER SPRINGS RD ,,CRAWFORDVILLE,GA,30631-1906,A,,,08/19/2020,09/18/2020,,MAILED,NO,NO,NO,,601,010,024,120,TOOM,00010,,00003,7,
TALIAFERRO,08034182,HARRIS,JOHNNY,PAUL,,397,SHARON RD NE, ,CRAWFORDVILLE,GA,30631,397,SHARON RD NE,,CRAWFORDVILLE,GA,30631,A,,,09/03/2020,09/18/2020,,MAILED,NO,NO,NO,601CR,601,010,024,120,TOOM,00005,,00004,70,
TALIAFERRO,00228801,DAWKINS,GILES,EDWARD,,3598,QUAKER SPRINGS RD NE, ,CRAWFORDVILLE,GA,30631,3598,QUAKER SPRINGS RD ,,CRAWFORDVILLE,GA,30631,A,,,06/02/2020,,,MAILED,NO,NO,NO,,601,010,024,120,TOOM,00010,,,,
TALIAFERRO,00228428,WYNN,BRENDA,,,4475,HILLMAN RD NE, ,CRAWFORDVILLE,GA,30631-2107,4475,HILLMAN RD NE,,CRAWFORDVILLE,GA,30631-2107,A,,,09/04/2020,09/18/2020,,MAILED,NO,NO,NO,,172,010,024,120,TOOM,00010,,00010,73,
TALIAFERRO,00229081,HAMMOND,BRENDA,,,1924,LEXINGTON RD NW, ,CRAWFORDVILLE,GA,30631-1722,1924,LEXINGTON RD NW,,CRAWFORDVILLE,GA,30631-1722,A,,,08/31/2020,09/18/2020,,MAILED,NO,NO,NO,,601,010,024,120,TOOM,00009,,00018,48,
TALIAFERRO,00229066,BARNES,DEBRA,MAYES,,1295,LEXINGTON RD NW, ,CRAWFORDVILLE,GA,30631-2525,1295,LEXINGTON RD NW,,CRAWFORDVILLE,GA,30631-2525,A,,,08/24/2020,09/18/2020,,MAILED,NO,NO,NO,,601,010,024,120,TOOM,00009,,00005,14,
TALIAFERRO,00228885,HARRIS,MICHELLE,,,169,ASBURY HTS SE, ,CRAWFORDVILLE,GA,30631-3101,,PO BOX 152,,CRAWFORDVILLE,GA,30631-0015,A,,,08/31/2020,09/18/2020,,MAILED,NO,NO,NO,601CR,601,010,024,120,TOOM,00004,,00002,46,
TALIAFERRO,00229021,LEWIS,JESSE,,JR,2447,SANDY CROSS RD NE, ,CRAWFORDVILLE,GA,30631-2049,2447,SANDY CROSS RD NE,,CRAWFORDVILLE,GA,30631-2049,A,,,04/06/2020,,,MAILED,NO,NO,NO,,601,010,024,120,TOOM,00008,,,,
TALIAFERRO,10698749,MANAGO,CURTIS,,,1253,LEXINGTON RD NW, ,CRAWFORDVILLE,GA,30631,1253,LEXINGTON RD NW,,CRAWFORDVILLE,GA,30631,A,,,04/20/2020,,,MAILED,NO,NO,NO,,601,010,024,120,TOOM,00009,,,,
TALIAFERRO,00229434,STEWART,ARSIE,MAE,,607,LEXINGTON RD NW, ,CRAWFORDVILLE,GA,30631-2519,607,LEXINGTON RD NW,,CRAWFORDVILLE,GA,30631-2519,A,,,05/15/2020,,,MAILED,NO,NO,NO,601CR,601,010,024,120,TOOM,00003,,,,
TALIAFERRO,04421131,LEWIS,BETTY,ANN,,2417,SANDY CROSS RD NE, ,CRAWFORDVILLE,GA,30631-2049,2417,SANDY CROSS RD NE,,CRAWFORDVILLE,GA,30631-2049,A,,,04/03/2020,,,MAILED,NO,NO,NO,,601,010,024,120,TOOM,00008,,,,
TALIAFERRO,00228215,FULLER,GARRETT,G,,338,BARNETT RD SE, ,CRAWFORDVILLE,GA,30631-3902,,PO BOX 387,,SHARON,GA,30664-0038,A,,,08/25/2020,09/18/2020,,MAILED,NO,NO,NO,,172,010,024,120,TOOM,00010,,00006,62,
TALIAFERRO,00224672,RANDOLPH,FELISHA,DEMETRIS,,1302,LYNEVILLE RD, ,UNION POINT,GA,30669,1302,LYNEVILLE RD,,UNION POINT,GA,30669,A,,,08/31/2020,09/18/2020,,MAILED,NO,NO,NO,,601,010,024,120,TOOM,00009,,00017,45,
TALIAFERRO,03053110,AXLEY,RONNY,RAYMOND,,201,DOUBLE WELLS RD SE, ,CRAWFORDVILLE,GA,30631-4003,201,DOUBLE WELLS RD SE,,CRAWFORDVILLE,GA,30631-4003,A,,,04/03/2020,,,MAILED,NO,NO,NO,,172,010,024,120,TOOM,00010,,,,
TALIAFERRO,00228777,FLYNT,RALPH,HOKE,,1232,GREENSBORO RD NW, ,CRAWFORDVILLE,GA,30631-2736,,PO BOX 194,,CRAWFORDVILLE,GA,30631-0019,A,,,05/13/2020,,,MAILED,NO,NO,NO,,601,010,024,120,TOOM,00001,,,,
TALIAFERRO,00228481,BEASLEY,MARY,CATHERINE,,410,SPRINGFIELD RD, ,UNION POINT,GA,30669-3952,410,SPRINGFIELD RD,,UNION POINT,GA,30669-3952,A,,,03/06/2020,,,MAILED,NO,NO,NO,,601,010,024,120,TOOM,00009,,,,
TALIAFERRO,00228390,STEPHENS,LORETHA,LESTER,,3137,SHARON RD NE, ,CRAWFORDVILLE,GA,30631-3448,3137,SHARON RD NE,,CRAWFORDVILLE,GA,30631-3448,A,,,08/24/2020,09/18/2020,,MAILED,NO,NO,NO,,172,010,024,120,TOOM,00010,,00005,60,
TALIAFERRO,04667580,THOMAS,PATRICK,,,2049,THOMAS DR NE, ,CRAWFORDVILLE,GA,30631-1839,2049,THOMAS DR NE,,CRAWFORDVILLE,GA,30631-1839,A,,,08/27/2020,09/18/2020,,MAILED,NO,NO,NO,,601,010,024,120,TOOM,00008,,00004,40,
TALIAFERRO,06039136,YEARWOOD,EDNA,E,,3494,GREENSBORO RD, ,UNION POINT,GA,30669-3929,3494,GREENSBORO RD,,UNION POINT,GA,30669-3929,A,,,09/09/2020,09/18/2020,,MAILED,NO,NO,NO,,601,010,024,120,TOOM,00009,,00028,95,
TALIAFERRO,08234042,HARRIS,CORDERO,,,169,ASBURY HTS SE, ,CRAWFORDVILLE,GA,30631-3101,,PO BOX 152,,CRAWFORDVILLE,GA,30631-0015,A,,,08/31/2020,09/18/2020,,MAILED,NO,NO,NO,601CR,601,010,024,120,TOOM,00004,,00003,47,
TALIAFERRO,00228979,KENDRICK,EVELYN,RHODES,,2402,LAWSON RD NE, ,CRAWFORDVILLE,GA,30631-1806,2402,LAWSON RD NE,,CRAWFORDVILLE,GA,30631-1806,A,,,03/12/2020,,,MAILED,NO,NO,NO,,601,010,024,120,TOOM,00008,,,,
TALIAFERRO,00228693,ECHOLS,NEILL,HENRY,,5074,LEXINGTON RD NW, ,CRAWFORDVILLE,GA,30631,5074,LEXINGTON RD NW,,CRAWFORDVILLE,GA,30631,A,,,04/06/2020,,,MAILED,NO,NO,NO,,601,010,024,120,TOOM,00009,,,,
TALIAFERRO,00228121,ALLEN,KATHERINE,S,,723,NANCY GUNN CIR SE, ,CRAWFORDVILLE,GA,30631-3419,723,NANCY GUNN CIR SE,,CRAWFORDVILLE,GA,30631-3419,A,,,03/04/2020,,,MAILED,NO,NO,NO,,601,010,024,120,TOOM,00010,,,,
TALIAFERRO,00229320,ROBERTS,MELVIN,L,,108,DEERFIELD CT SW, ,CRAWFORDVILLE,GA,30631,108,DEERFIELD CT SW,,CRAWFORDVILLE,GA,30631,A,,,04/24/2020,,,MAILED,NO,NO,NO,601CR,601,010,024,120,TOOM,00003,,,,
TALIAFERRO,00229165,MONCRIEF,JOAN,EAST,,562,BROAD ST NE, ,CRAWFORDVILLE,GA,30631-3206,,PO BOX 98,,CRAWFORDVILLE,GA,30631-0009,A,,,04/03/2020,,,MAILED,NO,NO,NO,601CR,601,010,024,120,TOOM,00004,,,,
TALIAFERRO,00229180,NUNN,FANNIE,M,,165,ALEXANDER ST NW, ,CRAWFORDVILLE,GA,30631-2803,165,ALEXANDER ST NW,,CRAWFORDVILLE,GA,30631-2803,A,,,05/04/2020,,,MAILED,NO,NO,NO,601CR,601,010,024,120,TOOM,00005,,,,
TALIAFERRO,00228335,NOGGLE,SHIRLEY,RAY,,318,BROAD ST NW, ,CRAWFORDVILLE,GA,30631,318,BROAD ST NW,,CRAWFORDVILLE,GA,30631,A,,,04/09/2020,,,MAILED,NO,NO,NO,601CR,601,010,024,120,TOOM,00003,,,,
TALIAFERRO,00228118,DAVIS,ELLA,RUTH,,417,SPRINGFIELD RD, ,UNION POINT,GA,30669-3972,417,SPRINGFIELD RD,,UNION POINT,GA,30669-3972,A,,,04/22/2020,,,MAILED,NO,NO,NO,,601,010,024,120,TOOM,00009,,,,
TALIAFERRO,10602620,ECHOLS,ANDREW,CHRISTIAN,,5074,LEXINGTON RD NW, ,CRAWFORDVILLE,GA,30631,5074,LEXINGTON RD NW,,CRAWFORDVILLE,GA,30631,A,,,09/14/2020,09/18/2020,,MAILED,NO,NO,NO,,601,010,024,120,TOOM,00009,,00030,103,
TALIAFERRO,00229237,RANDOLPH,SAMMIE,DAVID,,1811,MELEARS BRIDGE RD NE, ,CRAWFORDVILLE,GA,30631-2539,1811,MELEARS BRIDGE RD NE,,CRAWFORDVILLE,GA,30631-2539,A,,,09/04/2020,09/18/2020,,MAILED,NO,NO,NO,,601,010,024,120,TOOM,00008,,00007,74,
TALIAFERRO,01367424,SMITH,BILLY,HUGH,,3576,GREENSBORO RD, ,UNION POINT,GA,30669-3954,3576,GREENSBORO RD,,UNION POINT,GA,30669-3954,A,,,08/26/2020,09/18/2020,,MAILED,NO,NO,NO,,601,010,024,120,TOOM,00009,,00009,30,
TALIAFERRO,00228106,ALEXANDER,MILTON,,,160,LIBERTY ST NW, ,CRAWFORDVILLE,GA,30631-2807,160,LIBERTY ST NW,,CRAWFORDVILLE,GA,30631-2807,A,,,08/24/2020,09/18/2020,,MAILED,NO,NO,NO,601CR,601,010,024,120,TOOM,00005,,00001,24,
TALIAFERRO,00229148,GREENE,LOIS,PATTERSON,,240,NEWTON PL SE, ,CRAWFORDVILLE,GA,30631-3226,240,NEWTON PL SE,,CRAWFORDVILLE,GA,30631-3226,A,,,04/06/2020,,,MAILED,NO,NO,NO,601CR,601,010,024,120,TOOM,00004,,,,
TALIAFERRO,00228376,SEALS,WILLIE,RUTH,,367,RAYTOWN RD NE, ,CRAWFORDVILLE,GA,30631,367,RAYTOWN RD NE,,CRAWFORDVILLE,GA,30631,A,,,04/03/2020,,,MAILED,NO,NO,NO,172SH,172,010,024,120,TOOM,00011,,,,
TALIAFERRO,00229478,SUMMERS,JAMES,ERIC,,148,JENNINGS ST SE, ,CRAWFORDVILLE,GA,30631-3216,148,JENNINGS ST SE,,CRAWFORDVILLE,GA,30631-3216,A,,,08/24/2020,09/18/2020,,MAILED,NO,NO,NO,601CR,601,010,024,120,TOOM,00004,,00001,28,
TALIAFERRO,02119092,POPE,ELEANOR,H,,1131,SAINT MARYS RD SW, ,CRAWFORDVILLE,GA,30631,1131,SAINT MARYS RD SW,,CRAWFORDVILLE,GA,30631,A,,,09/01/2020,09/18/2020,,MAILED,NO,NO,NO,,601,010,024,120,TOOM,00001,,00008,68,
TALIAFERRO,08196875,CODY,MARION,DERRICK,,3367,SILAS MERCER RD NE, ,CRAWFORDVILLE,GA,30631-1931,3367,SILAS MERCER RD NE,,CRAWFORDVILLE,GA,30631-1931,A,,,04/13/2020,,,MAILED,NO,NO,NO,,601,010,024,120,TOOM,00010,,,,
TALIAFERRO,08196866,CODY,MINNIE,IEVON,,3367,SILAS MERCER RD NE, ,CRAWFORDVILLE,GA,30631-1931,3367,SILAS MERCER RD NE,,CRAWFORDVILLE,GA,30631-1931,A,,,04/13/2020,,,MAILED,NO,NO,NO,,601,010,024,120,TOOM,00010,,,,
TALIAFERRO,00228970,JONES,ORIGA,RICHARDSON,,2212,BIRD RD SW, ,CRAWFORDVILLE,GA,30631-4501,2212,BIRD RD SW,,CRAWFORDVILLE,GA,30631-4501,A,,,04/03/2020,,,MAILED,NO,NO,NO,,601,010,024,120,TOOM,00001,,,,
TALIAFERRO,00228594,CHAPMAN,SARAH,GERTRUDE,,104,DEERFIELD CT SW, ,CRAWFORDVILLE,GA,30631,104,DEERFIELD CT SW,,CRAWFORDVILLE,GA,30631,A,,,04/24/2020,,,MAILED,NO,NO,NO,601CR,601,010,024,120,TOOM,00003,,,,
TALIAFERRO,02387739,STEWART,KAY,,,108,MONUMENT ST SE, ,CRAWFORDVILLE,GA,30631-3249,,PO BOX 1,,CRAWFORDVILLE,GA,30631,A,,,04/20/2020,,,MAILED,NO,NO,NO,601CR,601,010,024,120,TOOM,00004,,,,
TALIAFERRO,00736059,WOODWARD,PATSY,ANNETTE,,208,WASHINGTON RD NE, ,CRAWFORDVILLE,GA,30631,208,WASHINGTON RD NE,,CRAWFORDVILLE,GA,30631,A,,,04/06/2020,,,MAILED,NO,NO,NO,172SH,172,010,024,120,TOOM,00012,,,,
TALIAFERRO,10534191,STEWART,JAN,CARRELL,,722,NANCY GUNN CIR SE, ,CRAWFORDVILLE,GA,30631,722,NANCY GUNN CIR SE,,CRAWFORDVILLE,GA,30631,A,,,09/11/2020,09/18/2020,,MAILED,NO,NO,NO,,172,010,024,120,TOOM,00002,,00002,98,
TALIAFERRO,00228111,ALEXANDER,TAWANDA,L,,106,DEERFIELD CT SW, ,CRAWFORDVILLE,GA,30631,392,SPRINGFIELD RD,,CRAWFORDVILLE,GA,30631,A,,,04/27/2020,,,MAILED,NO,NO,NO,601CR,601,010,024,120,TOOM,00003,,,,
TALIAFERRO,12349887,WALKER,JERRI,LYNN,,358,REYNOLDSVILLE RD SE, ,CRAWFORDVILLE,GA,30631,358,REYNOLDSVILLE RD SE,,CRAWFORDVILLE,GA,30631-4015,A,,,09/11/2020,09/18/2020,,MAILED,NO,NO,NO,,172,010,024,120,TOOM,00010,,00011,88,
TALIAFERRO,00228364,SANKEY,CHARLES,HOWARD,,252,RAYTOWN RD NE, ,CRAWFORDVILLE,GA,30631-3600,,PO BOX 307,,SHARON,GA,30664-0030,A,,,04/03/2020,,,MAILED,NO,NO,NO,172SH,172,010,024,120,TOOM,00011,,,,
TALIAFERRO,00229601,WARE,CHARLES,WILLIAM,,1481,EDGEWOOD RD NE, ,CRAWFORDVILLE,GA,30631-2013,1481,EDGEWOOD RD NE,,CRAWFORDVILLE,GA,30631-2013,A,,,03/11/2020,,,MAILED,NO,NO,NO,,601,010,024,120,TOOM,00009,,,,
TALIAFERRO,05878602,HUGHES,TAMMY,REBECCA,,279,SPRINGFIELD RD, ,UNION POINT,GA,30669,9363,DEER CROSSING DR,,JONESBORO,GA,30236-5195,A,,,09/05/2020,09/18/2020,,MAILED,NO,NO,NO,,601,010,024,120,TOOM,00009,,00026,83,
TALIAFERRO,00228258,HYCHE,CLAUDE,J,,730,WASHINGTON RD NE, ,CRAWFORDVILLE,GA,30631-2324,730,WASHINGTON RD NE,,CRAWFORDVILLE,GA,30631-2324,A,,,05/07/2020,,,MAILED,NO,NO,NO,,172,010,024,120,TOOM,00010,,,,
TALIAFERRO,08642398,JONES,NED,LEE,,4119,RAYTOWN RD NE, ,CRAWFORDVILLE,GA,30631-2313,4119,RAYTOWN RD NE,,CRAWFORDVILLE,GA,30631-2313,A,,,08/24/2020,09/18/2020,,MAILED,NO,NO,NO,,172,010,024,120,TOOM,00010,,00003,57,
TALIAFERRO,00228915,HOWELL,JAMES,C,,424,M L KING JR DR NW, ,CRAWFORDVILLE,GA,30631,424,M L KING JR DR NW,,CRAWFORDVILLE,GA,30631,A,,,03/30/2020,,,MAILED,NO,NO,NO,601CR,601,010,024,120,TOOM,00005,,,,
TALIAFERRO,00228894,HARRISON,HOLLY,PAULINE,,725,EDGEWOOD RD NE, ,CRAWFORDVILLE,GA,30631-2513,725,EDGEWOOD RD NE,,CRAWFORDVILLE,GA,30631-2513,A,,,05/12/2020,,,MAILED,NO,NO,NO,,601,010,024,120,TOOM,00009,,,,
TALIAFERRO,00228585,CHAPMAN,CORIE,M,,1237,SPRINGFIELD RD, ,UNION POINT,GA,30669,1237,SPRINGFIELD RD,,UNION POINT,GA,30669,A,,,04/03/2020,,,MAILED,NO,NO,NO,,601,010,024,120,TOOM,00009,,,,
TALIAFERRO,00228586,CHAPMAN,LINDA,MEADOWS,,611,LEXINGTON RD NW, ,CRAWFORDVILLE,GA,30631,611,LEXINGTON RD NW,,CRAWFORDVILLE,GA,30631,A,,,11/06/2019,,,MAILED,NO,NO,NO,601CR,601,010,024,120,TOOM,00003,,,,
TALIAFERRO,00228705,EDWARDS,ROBERT,JUNIOR,,401,CENTER HILL SCHOOL RD, ,UNION POINT,GA,30669-3956,401,CENTER HILL SCHOOL RD,,UNION POINT,GA,30669-3956,A,,,04/27/2020,,,MAILED,NO,NO,NO,,601,010,024,120,TOOM,00009,,,,
TALIAFERRO,04439503,HAMPTON,NANCY,,,1430,EDGEWOOD RD NE, ,CRAWFORDVILLE,GA,30631-2006,1430,EDGEWOOD RD NE,,CRAWFORDVILLE,GA,30631-2006,A,,,03/03/2020,,,MAILED,NO,NO,NO,,601,010,024,120,TOOM,00008,,,,
TALIAFERRO,00228431,WYNN,GLORIA,JEAN,,261,KENDRICKS MILL RD NW, ,CRAWFORDVILLE,GA,30631-3505,261,KENDRICKS MILL RD NW,,CRAWFORDVILLE,GA,30631-3505,A,,,08/24/2020,09/18/2020,,MAILED,NO,NO,NO,172SH,172,010,024,120,TOOM,00012,,00002,61,
TALIAFERRO,00228279,JONES,PAUL,,,4119,RAYTOWN RD NE, ,CRAWFORDVILLE,GA,30631-2313,4119,RAYTOWN RD NE,,CRAWFORDVILLE,GA,30631-2313,A,,,08/24/2020,09/18/2020,,MAILED,NO,NO,NO,,172,010,024,120,TOOM,00010,,00002,56,
TALIAFERRO,00228507,KENDRICK,MYRTLE,G,,265,JENNINGS ST SE, ,CRAWFORDVILLE,GA,30631-3222,265,JENNINGS ST SE,,CRAWFORDVILLE,GA,30631-3222,A,,,04/02/2020,,,MAILED,NO,NO,NO,601CR,601,010,024,120,TOOM,00004,,,,
TALIAFERRO,03980731,EDWARDS,EBONY,S HEARD,,2209,BIRD RD SW, ,CRAWFORDVILLE,GA,30631,2209,BIRD RD SW,,CRAWFORDVILLE,GA,30631,A,,,08/27/2020,09/18/2020,,MAILED,NO,NO,NO,,601,010,024,120,TOOM,00001,,00006,34,
TALIAFERRO,00228570,CHAPMAN,ANNIE,DELOIS,,4038,SANDY CROSS RD NE, ,CRAWFORDVILLE,GA,30631-1823,4038,SANDY CROSS RD NE,,CRAWFORDVILLE,GA,30631-1823,A,,,08/19/2020,09/18/2020,,MAILED,NO,NO,NO,,601,010,024,120,TOOM,00010,,00001,4,
TALIAFERRO,11510359,ELLIOTT,ALMA,JEAN,,381,JENNINGS ST SE, ,CRAWFORDVILLE,GA,30631,381,JENNINGS ST SE,,CRAWFORDVILLE,GA,30631,A,,,04/08/2020,,,MAILED,NO,NO,NO,601CR,601,010,024,120,TOOM,00004,,,,
TALIAFERRO,06628746,OLIVER,ALLENE,USHRY,,2246,LEXINGTON RD NW, ,CRAWFORDVILLE,GA,30631-1726,2246,LEXINGTON RD NW,,CRAWFORDVILLE,GA,30631-1726,A,,,04/04/2020,,,MAILED,NO,NO,NO,,601,010,024,120,TOOM,00009,,,,
TALIAFERRO,00228181,BROWN,RENEE,PARZEN,,166,DAVIDSON ST SE, ,CRAWFORDVILLE,GA,30631-3800,,PO BOX 383,,SHARON,GA,30664-0038,A,,,05/14/2020,,,MAILED,NO,NO,NO,172SH,172,010,024,120,TOOM,00011,,,,
TALIAFERRO,05924535,EDWARDS,SANFORD,LAMAR,,2209,BIRD RD SW, ,CRAWFORDVILLE,GA,30631,2209,BIRD RD SW,,CRAWFORDVILLE,GA,30631,A,,,08/27/2020,09/18/2020,,MAILED,NO,NO,NO,,601,010,024,120,TOOM,00001,,00005,33,
TALIAFERRO,00229385,SIMONS,CLIFFORD,WHEELER,,502,WHITE PLAINS RD SW, ,CRAWFORDVILLE,GA,30631-4314,1140,PEACHTREE AVE E,,UNION POINT,GA,30669,A,,,05/04/2020,,,MAILED,NO,NO,NO,,601,010,024,120,TOOM,00002,,,,
TALIAFERRO,00229118,MOORE,REUBEN,EDWARD,,2633,LEXINGTON RD NW, ,CRAWFORDVILLE,GA,30631-1731,,PO BOX 425,,CRAWFORDVILLE,GA,30631-0042,A,,,04/03/2020,,,MAILED,NO,NO,NO,,601,010,024,120,TOOM,00009,,,,
TALIAFERRO,00228959,JONES,CHARLES,,JR,391,COMMERCE ST NW, ,CRAWFORDVILLE,GA,30631,,PO BOX 81,,CRAWFORDVILLE,GA,30631-0008,A,,,09/09/2020,09/18/2020,,MAILED,NO,NO,NO,601CR,601,010,024,120,TOOM,00003,,00006,97,
TALIAFERRO,00229019,LEWIS,ELDON,,SR,1084,OLD SANDY CROSS RD NE, ,CRAWFORDVILLE,GA,30631-2818,1084,OLD SANDY CROSS RD NE,,CRAWFORDVILLE,GA,30631-2818,A,,,05/07/2020,,,MAILED,NO,NO,NO,,601,010,024,120,TOOM,00010,,,,
TALIAFERRO,00228228,GRESHAM,LILLIE,PEARL,,274,KENDRICKS MILL RD NW, ,CRAWFORDVILLE,GA,30631,274,KENDRICKS MILL RD NW,,CRAWFORDVILLE,GA,30631,A,,,04/06/2020,,,MAILED,NO,NO,NO,172SH,172,010,024,120,TOOM,00012,,,,
TALIAFERRO,03665830,BUSSEY,SHAWANA,LATRELLE,,1084,OLD SANDY CROSS RD NE, ,CRAWFORDVILLE,GA,30631-2818,1084,OLD SANDY CROSS RD NE,,CRAWFORDVILLE,GA,30631-2818,A,,,09/04/2020,09/18/2020,,MAILED,NO,NO,NO,,601,010,024,120,TOOM,00010,,00008,75,
TALIAFERRO,00229100,MOORE,CALVIN,,,362,M L KING JR DR NW, ,CRAWFORDVILLE,GA,30631-2930,,PO BOX 392,,CRAWFORDVILLE,GA,30631-0039,A,,,05/26/2020,,,MAILED,NO,NO,NO,601CR,601,010,024,120,TOOM,00005,,,,
TALIAFERRO,02657786,DURHAM,STEPHANIE,E,,242,JENNINGS ST SE, ,CRAWFORDVILLE,GA,30631-3217,242,JENNINGS ST SE,,CRAWFORDVILLE,GA,30631-3217,A,,,04/03/2020,,,MAILED,NO,NO,NO,601CR,601,010,024,120,TOOM,00004,,,,
TALIAFERRO,00228160,BELL,CLEO,PASCHAL,,1594,MOUNT OLIVE RD NE, ,CRAWFORDVILLE,GA,30631-2110,1594,MOUNT OLIVE RD NE,,CRAWFORDVILLE,GA,30631-2110,A,,,02/27/2020,,,MAILED,NO,NO,NO,,172,010,024,120,TOOM,00010,,,,
TALIAFERRO,03685171,LEWIS,ROSE,MAE,,2447,SANDY CROSS RD NE, ,CRAWFORDVILLE,GA,30631-2049,2447,SANDY CROSS RD NE,,CRAWFORDVILLE,GA,30631-2049,A,,,04/06/2020,,,MAILED,NO,NO,NO,,601,010,024,120,TOOM,00008,,,,
TALIAFERRO,00229495,TAYLOR,FAYE,LANKFORD,,2598,BETHANY CHURCH RD SW, ,CRAWFORDVILLE,GA,30631-2607,2598,BETHANY CHURCH RD ,,CRAWFORDVILLE,GA,30631-2607,A,,,05/14/2020,,,MAILED,NO,NO,NO,,601,010,024,120,TOOM,00001,,,,
TALIAFERRO,00229268,RHODES,CONNIE,LYNN,,2389,BETHANY CHURCH RD SW, ,CRAWFORDVILLE,GA,30631-2615,2389,BETHANY CHURCH RD ,,CRAWFORDVILLE,GA,30631-2615,A,,,04/03/2020,,,MAILED,NO,NO,NO,,601,010,024,120,TOOM,00001,,,,
TALIAFERRO,00228732,BOWMAN,DALE,EVANS,,259,SPRINGFIELD RD, ,UNION POINT,GA,30669-3971,259,SPRINGFIELD RD,,UNION POINT,GA,30669-3971,A,,,08/27/2020,09/18/2020,,MAILED,NO,NO,NO,,601,010,024,120,TOOM,00009,,00012,35,
TALIAFERRO,00228463,BARKSDALE,JERRY,,,2587,SPARTA RD SE, ,CRAWFORDVILLE,GA,30631-4417,2587,SPARTA RD SE,,CRAWFORDVILLE,GA,30631-4417,A,,,08/20/2020,09/18/2020,,MAILED,NO,NO,NO,,601,010,024,120,TOOM,00001,,00001,3,
TALIAFERRO,00228766,FENNELL,MARTHA,ELLEN,,2232,JORDAN PLACE RD SW, ,CRAWFORDVILLE,GA,30631-4204,2232,JORDAN PLACE RD SW,,CRAWFORDVILLE,GA,30631-4204,A,,,04/06/2020,,,MAILED,NO,NO,NO,,601,010,024,120,TOOM,00001,,,,
TALIAFERRO,00228340,PASCHAL,SALLIE,MAE,,1602,MOUNT OLIVE RD NE, ,CRAWFORDVILLE,GA,30631-2112,1602,MOUNT OLIVE RD NE,,CRAWFORDVILLE,GA,30631-2112,A,,,02/27/2020,,,MAILED,NO,NO,NO,,172,010,024,120,TOOM,00010,,,,
TALIAFERRO,00229164,MOORE,BARBARA,MONCRIEF,,2408,WHITE PLAINS RD SW, ,WHITE PLAINS,GA,30678-1300,2408,WHITE PLAINS RD SW,,WHITE PLAINS,GA,30678-1300,A,,,04/16/2020,,,MAILED,NO,NO,NO,,601,010,024,120,TOOM,00001,,,,
TALIAFERRO,03287751,CODY,ROBERT,GREGORY,,3341,SILAS MERCER RD NE, ,CRAWFORDVILLE,GA,30631-1931,3341,SILAS MERCER RD NE,,CRAWFORDVILLE,GA,30631-1931,A,,,08/24/2020,09/18/2020,,MAILED,NO,NO,NO,,601,010,024,120,TOOM,00010,,00006,19,
TALIAFERRO,00229139,HOWELL,FREDDIE,LEE,,375,SHARON RD NE, ,CRAWFORDVILLE,GA,30631,375,SHARON RD NE,,CRAWFORDVILLE,GA,30631,A,,,03/11/2020,,,MAILED,NO,NO,NO,601CR,601,010,024,120,TOOM,00005,,,,
TALIAFERRO,00228599,CHAPMAN,WILLIAM,HENRY,,4038,SANDY CROSS RD NE, ,CRAWFORDVILLE,GA,30631-1823,4038,SANDY CROSS RD NE,,CRAWFORDVILLE,GA,30631-1823,A,,,08/19/2020,09/18/2020,,MAILED,NO,NO,NO,,601,010,024,120,TOOM,00010,,00002,5,
TALIAFERRO,00229232,RANDOLPH,FREDERICK,,,285,ALEXANDER ST SW, ,CRAWFORDVILLE,GA,30631-2905,285,ALEXANDER ST SW,,CRAWFORDVILLE,GA,30631-2905,A,,,08/24/2020,09/18/2020,,MAILED,NO,NO,NO,601CR,601,010,024,120,TOOM,00003,,00002,20,
TALIAFERRO,00229605,WARE,MARVIN,LEWIS,,1875,MELEARS BRIDGE RD NE, ,CRAWFORDVILLE,GA,30631-2539,1875,MELEARS BRIDGE RD NE,,CRAWFORDVILLE,GA,30631-2539,A,,,08/24/2020,09/18/2020,,MAILED,NO,NO,NO,,601,010,024,120,TOOM,00008,,00002,29,
TALIAFERRO,00878522,MATTHEWS,BENNIE,RUTH,,433,SHARON RD NE, ,CRAWFORDVILLE,GA,30631,433,SHARON RD NE,,CRAWFORDVILLE,GA,30631,A,,,04/16/2020,,,MAILED,NO,NO,NO,601CR,601,010,024,120,TOOM,00005,,,,
TALIAFERRO,06520431,CURRY,MINNIE,L,,340,SPRINGFIELD RD, ,UNION POINT,GA,30669-3951,,PO BOX 243,,CRAWFORDVILLE,GA,30631-0024,A,,,05/13/2020,,,MAILED,NO,NO,NO,,601,010,024,120,TOOM,00009,,,,
TALIAFERRO,00228100,ALEXANDER,EDDIE,HUGH,,2597,BETHANY CHURCH RD SW, ,CRAWFORDVILLE,GA,30631-2617,2597,BETHANY CHURCH RD ,,CRAWFORDVILLE,GA,30631-2617,A,,,09/08/2020,09/18/2020,,MAILED,NO,NO,NO,,601,010,024,120,TOOM,00001,,00011,85,
TALIAFERRO,00228514,BOWMAN,AARON,COMB,,1425,SPRINGFIELD RD, ,UNION POINT,GA,30669-3977,1425,SPRINGFIELD RD,,UNION POINT,GA,30669-3977,A,,,04/07/2020,,,MAILED,NO,NO,NO,,601,010,024,120,TOOM,00009,,,,
TALIAFERRO,00229017,LEWIS,BENJAMIN,,,2417,SANDY CROSS RD NE, ,CRAWFORDVILLE,GA,30631-2049,2417,SANDY CROSS RD NE,,CRAWFORDVILLE,GA,30631-2049,A,,,04/03/2020,,,MAILED,NO,NO,NO,,601,010,024,120,TOOM,00008,,,,
TALIAFERRO,00229545,THOMAS,VIRGINIA,,,3040,LEXINGTON RD NW, ,CRAWFORDVILLE,GA,30631-1736,3040,LEXINGTON RD NW,,CRAWFORDVILLE,GA,30631-1736,A,,,08/27/2020,09/18/2020,,MAILED,NO,NO,NO,,601,010,024,120,TOOM,00009,,00014,41,
TALIAFERRO,08230481,BARCUS,JOHN,HENRY,,111,RICHARDS LN SW, ,CRAWFORDVILLE,GA,30631-2941,111,RICHARDS LN SW,,CRAWFORDVILLE,GA,30631-2941,A,,,08/19/2020,09/18/2020,,MAILED,NO,NO,NO,601CR,601,010,024,120,TOOM,00003,,00001,2,
TALIAFERRO,00229120,MOORE,VALERIE,NERISSA,,1459,WHITE PLAINS RD SW, ,CRAWFORDVILLE,GA,30631-4333,1459,WHITE PLAINS RD SW,,CRAWFORDVILLE,GA,30631-4333,A,,,04/03/2020,,,MAILED,NO,NO,NO,,601,010,024,120,TOOM,00001,,,,
TALIAFERRO,00229308,RICE,ROBERT,C,JR,228,NEWTON PL SE, ,CRAWFORDVILLE,GA,30631-3226,228,NEWTON PL SE,,CRAWFORDVILLE,GA,30631-3226,A,,,04/03/2020,,,MAILED,NO,NO,NO,601CR,601,010,024,120,TOOM,00004,,,,
TALIAFERRO,02218686,SMITH,CLARENCE,,SR,274,KENDRICKS MILL RD NW, ,CRAWFORDVILLE,GA,30631-3504,,PO BOX 393,,SHARON,GA,30664-0039,A,,,09/10/2020,09/18/2020,,MAILED,NO,NO,NO,172SH,172,010,024,120,TOOM,00012,,00003,93,
TALIAFERRO,04838603,MATHIS,ANNIE,LOU,,254,WASHINGTON RD NE, ,CRAWFORDVILLE,GA,30631-2319,,PO BOX 313,,SHARON,GA,30664-0031,A,,,05/20/2020,,,MAILED,NO,NO,NO,172SH,172,010,024,120,TOOM,00012,,,,
TALIAFERRO,00229281,RHODES,HERBERT,CALVIN,,2703,BETHANY CHURCH RD SW, ,CRAWFORDVILLE,GA,30631-2619,2703,BETHANY CHURCH RD ,,CRAWFORDVILLE,GA,30631-2619,A,,,09/09/2020,09/18/2020,,MAILED,NO,NO,NO,,601,010,024,120,TOOM,00001,,00012,96,
TALIAFERRO,05580507,BURKE,LATRONIA,DENAE,,1279,SANDY CROSS RD NE, ,CRAWFORDVILLE,GA,30631,1279,SANDY CROSS RD NE,,CRAWFORDVILLE,GA,30631,A,,,08/19/2020,09/18/2020,,MAILED,NO,NO,NO,,601,010,024,120,TOOM,00008,,00006,66,
TALIAFERRO,00228238,HARRIS,JERRY,D,,184,DAVIDSON ST SE, ,CRAWFORDVILLE,GA,30631-3800,184,DAVIDSON ST SE,,CRAWFORDVILLE,GA,30631-3800,A,,,05/04/2020,,,MAILED,NO,NO,NO,172SH,172,010,024,120,TOOM,00011,,,,
TALIAFERRO,06035387,LOKEY,ESONIA,THOMAS,,2045,THOMAS DR NE, ,CRAWFORDVILLE,GA,30631-1839,2045,THOMAS DR NE,,CRAWFORDVILLE,GA,30631-1839,A,,,04/13/2020,,,MAILED,NO,NO,NO,,601,010,024,120,TOOM,00008,,,,
TALIAFERRO,00229135,HOWELL,MARY,EDWARDS,,375,SHARON RD NE, ,CRAWFORDVILLE,GA,30631,375,SHARON RD NE,,CRAWFORDVILLE,GA,30631,A,,,04/03/2020,,,MAILED,NO,NO,NO,601CR,601,010,024,120,TOOM,00005,,,,
TALIAFERRO,00229092,MITCHELL,WILHELMINA,BEASLEY,,1945,BETHANY CHURCH RD SW, ,CRAWFORDVILLE,GA,30631-2611,1945,BETHANY CHURCH RD ,,CRAWFORDVILLE,GA,30631-2611,A,,,08/27/2020,09/18/2020,,MAILED,NO,NO,NO,,601,010,024,120,TOOM,00001,,00007,36,
TALIAFERRO,04169576,LAWSON,ARMETRICE,LATRE,,151,EDGEWOOD RD NE, ,CRAWFORDVILLE,GA,30631,151,EDGEWOOD RD NE,,CRAWFORDVILLE,GA,30631,A,,,09/05/2020,09/18/2020,,MAILED,NO,NO,NO,,601,010,024,120,TOOM,00009,,00024,80,
TALIAFERRO,00228375,SEALS,WILLIE,EARL,,367,RAYTOWN RD NE, ,CRAWFORDVILLE,GA,30631,367,RAYTOWN RD NE,,CRAWFORDVILLE,GA,30631,A,,,04/03/2020,,,MAILED,NO,NO,NO,172SH,172,010,024,120,TOOM,00011,,,,
TALIAFERRO,05335500,YANASAK,NATHAN,E,,182,DOUBLE WELLS RD SE, ,CRAWFORDVILLE,GA,30631-4000,182,DOUBLE WELLS RD SE,,CRAWFORDVILLE,GA,30631-4000,A,,,08/31/2020,09/18/2020,,MAILED,NO,NO,NO,,172,010,024,120,TOOM,00010,,00008,64,
TALIAFERRO,05040695,HINDERLIDER,SUE,ANN,,1930,SHARON RD NE, ,CRAWFORDVILLE,GA,30631,1930,SHARON RD NE,,CRAWFORDVILLE,GA,30631,A,,,08/24/2020,09/18/2020,,MAILED,NO,NO,NO,,172,010,024,120,TOOM,00002,,00001,55,
TALIAFERRO,00228637,CULLARS,ROSIE,WARE,,1430,EDGEWOOD RD NE, ,CRAWFORDVILLE,GA,30631-2006,1430,EDGEWOOD RD NE,,CRAWFORDVILLE,GA,30631-2006,A,,,03/03/2020,,,MAILED,NO,NO,NO,,601,010,024,120,TOOM,00008,,,,
TALIAFERRO,00229307,RICE,JULIA,ROBERTS,,228,NEWTON PL SE, ,CRAWFORDVILLE,GA,30631-3226,228,NEWTON PL SE,,CRAWFORDVILLE,GA,30631-3226,A,,,04/03/2020,,,MAILED,NO,NO,NO,601CR,601,010,024,120,TOOM,00004,,,,
TALIAFERRO,00228315,MACFIE,IAN,CARL,,6508,LOWER MILL RD NE, ,CRAWFORDVILLE,GA,30631,6508,LOWER MILL RD NE,,CRAWFORDVILLE,GA,30631,A,,,04/16/2020,,,MAILED,NO,NO,NO,,172,010,024,120,TOOM,00010,,,,
TALIAFERRO,00228530,BROOK,GIDEON,ROBERT,III,152,BETHANY RD SW, ,UNION POINT,GA,30669-3941,152,BETHANY RD SW,,UNION POINT,GA,30669-3941,A,,,05/12/2020,,,MAILED,NO,NO,NO,,601,010,024,120,TOOM,00001,,,,
TALIAFERRO,00228109,ALEXANDER,RANDALL,,,2589,BETHANY CHURCH RD SW, ,CRAWFORDVILLE,GA,30631,2589,BETHANY CHURCH RD,,CRAWFORDVILLE,GA,30631,A,,,08/24/2020,09/18/2020,,MAILED,NO,NO,NO,,601,010,024,120,TOOM,00001,,00003,25,
TALIAFERRO,00229587,VEAZEY,LARRY,PRYOR,,4529,SPARTA RD SE, ,CRAWFORDVILLE,GA,30631-4709,4529,SPARTA RD SE,,CRAWFORDVILLE,GA,30631-4709,A,,,04/28/2020,,,MAILED,NO,NO,NO,,601,010,024,120,TOOM,00001,,,,
TALIAFERRO,07115144,TOWNS,JAMES,DAVID,,207,CENTER HILL SCHOOL RD, ,UNION POINT,GA,30669,,3844 BELAIR RD,,AUGUSTA,GA,30909,A,,,09/03/2020,09/18/2020,,MAILED,NO,NO,NO,,601,010,024,120,TOOM,00009,,00021,71,
TALIAFERRO,00228400,DORSEY,CATHERINE,,,1271,LEXINGTON RD NW, ,CRAWFORDVILLE,GA,30631-2525,1271,LEXINGTON RD NW,,CRAWFORDVILLE,GA,30631-2525,A,,,04/06/2020,,,MAILED,NO,NO,NO,,601,010,024,120,TOOM,00009,,,,
TALIAFERRO,00228485,BELL,INEZ,LEWIS,,2439,SANDY CROSS RD NE, ,CRAWFORDVILLE,GA,30631-2049,2439,SANDY CROSS RD NE,,CRAWFORDVILLE,GA,30631-2049,A,,,04/03/2020,,,MAILED,NO,NO,NO,,601,010,024,120,TOOM,00008,,,,
TALIAFERRO,00228620,COMBS,EDDIE,LEE,,289,NUNN RD NE, ,CRAWFORDVILLE,GA,30631,289,NUNN RD NE,,CRAWFORDVILLE,GA,30631,A,,,04/03/2020,,,MAILED,NO,NO,NO,,601,010,024,120,TOOM,00009,,,,
TALIAFERRO,00229073,MEADOWS,DOROTHEA,CURRY,,492,SHARON RD NE, ,CRAWFORDVILLE,GA,30631-3001,492,SHARON RD NE,,CRAWFORDVILLE,GA,30631-3001,A,,,04/23/2020,,,MAILED,NO,NO,NO,601CR,601,010,024,120,TOOM,00004,,,,
TALIAFERRO,00228103,ALEXANDER,LORENZO,EUGENE,,160,LIBERTY ST NW, ,CRAWFORDVILLE,GA,30631-2807,160,LIBERTY ST NW,,CRAWFORDVILLE,GA,30631-2807,A,,,08/27/2020,09/18/2020,,MAILED,NO,NO,NO,601CR,601,010,024,120,TOOM,00005,,00002,37,
TALIAFERRO,00229084,MILTON,CHARLIE,EDDIE,JR,466,BROAD ST NW, ,CRAWFORDVILLE,GA,30631-2951,,"PO BOX 141,BOX 141",P O,CRAWFORDVILLE,GA,30631-0014,A,,,04/13/2020,,,MAILED,NO,NO,NO,601CR,601,010,024,120,TOOM,00003,,,,
TALIAFERRO,00228910,HOWELL,BERNICE,LONDON,,424,M L KING JR DR NW, ,CRAWFORDVILLE,GA,30631-2931,424,M L KING JR DR NW,,CRAWFORDVILLE,GA,30631-2931,A,,,03/30/2020,,,MAILED,NO,NO,NO,601CR,601,010,024,120,TOOM,00005,,,,
TALIAFERRO,07013525,GLENN,AILEEN,MEADOWS,,147,ASBURY HTS SE, ,CRAWFORDVILLE,GA,30631,147,ASBURY HTS SE,,CRAWFORDVILLE,GA,30631,A,,,04/06/2020,,,MAILED,NO,NO,NO,601CR,601,010,024,120,TOOM,00004,,,,
TALIAFERRO,00228440,WYNN,ROLENE,,,154,KENDRICKS MILL RD NW, ,CRAWFORDVILLE,GA,30631-3502,,PO BOX 446,,SHARON,GA,30664-0044,A,,,06/03/2020,,,MAILED,NO,NO,NO,172SH,172,010,024,120,TOOM,00012,,,,
TALIAFERRO,05397267,JONES,MARY,LARSON,,198,BROAD ST NE, ,CRAWFORDVILLE,GA,30631-3202,198,BROAD ST NE,,CRAWFORDVILLE,GA,30631-3202,A,,,04/17/2020,,,MAILED,NO,NO,NO,601CR,601,010,024,120,TOOM,00004,,,,
TALIAFERRO,03354512,HATNEY,LILLIE,C,,228,STEPHENS RD NE, ,CRAWFORDVILLE,GA,30631-2352,,PO BOX 328,,SHARON,GA,30664-0032,A,,,04/20/2020,,,MAILED,NO,NO,NO,172SH,172,010,024,120,TOOM,00012,,,,
TALIAFERRO,05665682,SMITH,SCOTT,THOMAS,,1430,EDGEWOOD RD NE, ,CRAWFORDVILLE,GA,30631-2006,1430,EDGEWOOD RD NE,,CRAWFORDVILLE,GA,30631-2006,A,,,03/03/2020,,,MAILED,NO,NO,NO,,601,010,024,120,TOOM,00008,,,,
TALIAFERRO,08408248,MCELWRATH,JOHN,BELL,,140,RAYTOWN RD NE, ,CRAWFORDVILLE,GA,30631,140,RAYTOWN RD NE,,CRAWFORDVILLE,GA,30631,A,,,04/13/2020,,,MAILED,NO,NO,NO,172SH,172,010,024,120,TOOM,00011,,,,
TALIAFERRO,00228101,ALEXANDER,ETTA,BEATRICE,,2589,BETHANY CHURCH RD SW, ,CRAWFORDVILLE,GA,30631-2617,2589,BETHANY CHURCH RD ,,CRAWFORDVILLE,GA,30631-2617,A,,,04/14/2020,,,MAILED,NO,NO,NO,,601,010,024,120,TOOM,00001,,,,
TALIAFERRO,03287164,ERVIN,MARJORIE,SLACK,,1220,SPRINGFIELD RD, ,UNION POINT,GA,30669-3968,1220,SPRINGFIELD RD,,UNION POINT,GA,30669-3968,A,,,04/06/2020,,,MAILED,NO,NO,NO,,601,010,024,120,TOOM,00009,,,,
TALIAFERRO,00229350,SEALS,ANNA,M,,219,CARTERS FORD RD SE, ,CRAWFORDVILLE,GA,30631-3311,219,CARTERS FORD RD SE,,CRAWFORDVILLE,GA,30631-3311,A,,,09/08/2020,09/18/2020,,MAILED,NO,NO,NO,,601,010,024,120,TOOM,00002,,00005,86,
TALIAFERRO,00229243,OWENS,RENITA,J,,1220,SPRINGFIELD RD, ,UNION POINT,GA,30669,1220,SPRINGFIELD RD,,UNION POINT,GA,30669,A,,,04/13/2020,,,MAILED,NO,NO,NO,,601,010,024,120,TOOM,00009,,,,
TALIAFERRO,00228895,HARWELL,ALVIN,S,,2405,BETHANY CHURCH RD SW, ,CRAWFORDVILLE,GA,30631-2616,2405,BETHANY CHURCH RD ,,CRAWFORDVILLE,GA,30631-2616,A,,,04/22/2020,,,MAILED,NO,NO,NO,,601,010,024,120,TOOM,00001,,,,
TALIAFERRO,01901700,BOWMAN,VALERIA,WILLIAMS,,217,BROAD ST NE, ,CRAWFORDVILLE,GA,30631-3209,,PO BOX 126,,CRAWFORDVILLE,GA,30631-0012,A,,,04/04/2020,,,MAILED,NO,NO,NO,601CR,601,010,024,120,TOOM,00005,,,,
TALIAFERRO,00228965,JONES,KENNETH,,,2660,BETHANY CHURCH RD SW, ,CRAWFORDVILLE,GA,30631,2660,BETHANY CHURCH RD ,,CRAWFORDVILLE,GA,30631,A,,,08/24/2020,09/18/2020,,MAILED,NO,NO,NO,,601,010,024,120,TOOM,00001,,00002,23,
TALIAFERRO,00229575,TURNER,GLORIA,CHENAULT,,1387,SPRINGFIELD RD, ,UNION POINT,GA,30669-3976,1387,SPRINGFIELD RD,,UNION POINT,GA,30669-3976,A,,,08/20/2020,09/18/2020,,MAILED,NO,NO,NO,,601,010,024,120,TOOM,00009,,00003,12,
TALIAFERRO,00229042,MCLENDON,ANNIE,R,,1357,LEXINGTON RD NW, ,CRAWFORDVILLE,GA,30631-1715,1357,LEXINGTON RD NW,,CRAWFORDVILLE,GA,30631-1715,A,,,04/16/2020,,,MAILED,NO,NO,NO,,601,010,024,120,TOOM,00009,,,,
TALIAFERRO,00228169,BOLTON,GRADY,L,,169,ASBURY HTS SE, ,CRAWFORDVILLE,GA,30631-3101,169,ASBURY HTS SE,,CRAWFORDVILLE,GA,30631-3101,A,,,08/31/2020,09/18/2020,,MAILED,NO,NO,NO,601CR,601,010,024,120,TOOM,00004,,00005,67,
TALIAFERRO,02834624,HOUSWORTH,RUBY,CANUP,,595,JOHNSON RD NE, ,CRAWFORDVILLE,GA,30631,8359,W PROMENADE DR,,HOMOSASSA,FL,34448,A,,,04/29/2020,,,MAILED,NO,NO,NO,,601,010,024,120,TOOM,00009,,,,
TALIAFERRO,07461678,SEALS,VANESSA,DENISE,,219,CARTERS FORD RD SE, ,CRAWFORDVILLE,GA,30631-3311,219,CARTERS FORD RD SE,,CRAWFORDVILLE,GA,30631-3311,A,,,09/08/2020,09/18/2020,,MAILED,NO,NO,NO,,601,010,024,120,TOOM,00002,,00006,87,
TALIAFERRO,07582034,MARTIN,CLAIR,JOSEPH,,3198,HILLMAN RD NE, ,CRAWFORDVILLE,GA,30631-1900,3198,HILLMAN RD NE,,CRAWFORDVILLE,GA,30631-1900,A,,,04/04/2020,,,MAILED,NO,NO,NO,,601,010,024,120,TOOM,00010,,,,
TALIAFERRO,06080776,JENNINGS,HARRIETT,ELAINE,,1430,EDGEWOOD RD NE, ,CRAWFORDVILLE,GA,30631-2006,1430,EDGEWOOD RD NE,,CRAWFORDVILLE,GA,30631-2006,A,,,03/03/2020,,,MAILED,NO,NO,NO,,601,010,024,120,TOOM,00008,,,,
TALIAFERRO,00228389,STEPHENS,JOSEPH,,,3137,SHARON RD NE, ,CRAWFORDVILLE,GA,30631-3448,3137,SHARON RD NE,,CRAWFORDVILLE,GA,30631-3448,A,,,08/24/2020,09/19/2020,,MAILED,NO,NO,NO,,172,010,024,120,TOOM,00010,,00004,58,
TALIAFERRO,00229314,RICHARDS,SARAH KENDALL,R,,223,JENNINGS ST SE, ,CRAWFORDVILLE,GA,30631-3222,223,JENNINGS ST SE,,CRAWFORDVILLE,GA,30631-3222,A,,,04/13/2020,,,MAILED,NO,NO,NO,601CR,601,010,024,120,TOOM,00004,,,,
TALIAFERRO,10763397,STEWART,RANDY,HAROLD,,722,NANCY GUNN CIR SE, ,CRAWFORDVILLE,GA,30631,722,NANCY GUNN CIR SE,,CRAWFORDVILLE,GA,30631,A,,,04/07/2020,,,MAILED,NO,NO,NO,,172,010,024,120,TOOM,00002,,,,
TALIAFERRO,00234346,DOLVIN,JEAN,GUNN,,244,CENTER HILL SCHOOL RD, ,UNION POINT,GA,30669-3959,244,CENTER HILL SCHOOL RD,,UNION POINT,GA,30669-3959,A,,,04/08/2020,,,MAILED,NO,NO,NO,,601,010,024,120,TOOM,00009,,,,
TALIAFERRO,00228388,BRINKLEY,IDA,REE,,124,DEERFIELD CT SW, ,CRAWFORDVILLE,GA,30631,124,DEERFIELD CT SW,,CRAWFORDVILLE,GA,30631,A,,,01/06/2020,,,MAILED,NO,NO,NO,601CR,601,010,024,120,TOOM,00003,,,,
TALIAFERRO,00229624,WHITEHEAD,DARRELL,WAYNE,,708,WARRENTON RD SE, ,CRAWFORDVILLE,GA,30631-3234,708,WARRENTON RD SE,,CRAWFORDVILLE,GA,30631-3234,A,,,04/20/2020,,,MAILED,NO,NO,NO,,601,010,024,120,TOOM,00002,,,,
TALIAFERRO,00229085,MILTON,EDDIE,FRANK,,179,COMMERCE ST NW, ,CRAWFORDVILLE,GA,30631,179,COMMERCE ST NW,,CRAWFORDVILLE,GA,30631,A,,,09/03/2020,09/18/2020,,MAILED,NO,NO,NO,601CR,601,010,024,120,TOOM,00005,,00003,69,
TALIAFERRO,03900485,TUCKER,APRIL,WYNN,,261,KENDRICKS MILL RD NW, ,CRAWFORDVILLE,GA,30631-3505,,PO BOX 323,,SHARON,GA,30664-0032,A,,,08/24/2020,09/18/2020,,MAILED,NO,NO,NO,172SH,172,010,024,120,TOOM,00012,,00001,59,
TALIAFERRO,00228501,BILLINGSLEY,ROBERT,LEE,,494,UNION POINT RD NW, ,CRAWFORDVILLE,GA,30631-1225,494,UNION POINT RD NW,,CRAWFORDVILLE,GA,30631-1225,A,,,03/09/2020,,,MAILED,NO,NO,NO,,601,010,024,120,TOOM,00009,,,,
TALIAFERRO,04403232,DAVIS,ORA,MAE,,391,COMMERCE ST NW, ,CRAWFORDVILLE,GA,30631-2926,391,COMMERCE ST NW,,CRAWFORDVILLE,GA,30631-2926,A,,,08/31/2020,09/18/2020,,MAILED,NO,NO,NO,601CR,601,010,024,120,TOOM,00003,,00005,53,
TALIAFERRO,00228513,BOOKER,JEROME,BERNARD,SR,4388,LEXINGTON RD NW, ,CRAWFORDVILLE,GA,30631-1420,4388,LEXINGTON RD NW,,CRAWFORDVILLE,GA,30631-1420,A,,,08/24/2020,09/18/2020,,MAILED,NO,NO,NO,,601,010,024,120,TOOM,00009,,00007,16,
TALIAFERRO,12121933,LAMANAC,DOYLE,LINTON,,335,HUNTING CLUB RD SW, ,CRAWFORDVILLE,GA,30631,335,HUNTING CLUB RD SW,,CRAWFORDVILLE,GA,30631,A,,,04/06/2020,,,MAILED,NO,NO,NO,,601,010,024,120,TOOM,00001,,,,
TALIAFERRO,04160571,RICHARDSON,ELIZA,M,,4639,LEXINGTON RD NW, ,CRAWFORDVILLE,GA,30631-1201,4639,LEXINGTON RD NW,,CRAWFORDVILLE,GA,30631-1201,A,,,04/17/2020,,,MAILED,NO,NO,NO,,601,010,024,120,TOOM,00009,,,,
TALIAFERRO,00228259,HYCHE,MARY,AGNES,,730,WASHINGTON RD NE, ,CRAWFORDVILLE,GA,30631-2324,730,WASHINGTON RD NE,,CRAWFORDVILLE,GA,30631-2324,A,,,09/10/2020,09/18/2020,,MAILED,NO,NO,NO,,172,010,024,120,TOOM,00010,,00014,92,
TALIAFERRO,00228436,WYNN,NICHOLUS,LENARD,,730,WASHINGTON RD NE, ,CRAWFORDVILLE,GA,30631,730,WASHINGTON RD NE,,CRAWFORDVILLE,GA,30631,A,,,09/10/2020,09/18/2020,,MAILED,NO,NO,NO,,172,010,024,120,TOOM,00010,,00013,90,
TALIAFERRO,00228622,COMBS,LULA,MAE,,2082,LEXINGTON RD NW, ,CRAWFORDVILLE,GA,30631-1724,2082,LEXINGTON RD NW,,CRAWFORDVILLE,GA,30631-1724,A,,,04/17/2020,,,MAILED,NO,NO,NO,,601,010,024,120,TOOM,00009,,,,
TALIAFERRO,05335494,TURNER,WENDY,JO,,182,DOUBLE WELLS RD SE, ,CRAWFORDVILLE,GA,30631-4000,182,DOUBLE WELLS RD SE,,CRAWFORDVILLE,GA,30631-4000,A,,,08/31/2020,09/18/2020,,MAILED,NO,NO,NO,,172,010,024,120,TOOM,00010,,00009,65,
TALIAFERRO,00229326,RUCKER,ALFREEDIA,THOMAS,,2048,THOMAS DR NE, ,CRAWFORDVILLE,GA,30631-1838,2048,THOMAS DR NE,,CRAWFORDVILLE,GA,30631-1838,A,,,04/13/2020,,,MAILED,NO,NO,NO,,601,010,024,120,TOOM,00008,,,,
TALIAFERRO,00228744,EVANS,JESSICA,CARTER,,421,SPRINGFIELD RD, ,UNION POINT,GA,30669,421,SPRINGFIELD RD,,UNION POINT,GA,30669,A,,,09/05/2020,09/18/2020,,MAILED,NO,NO,NO,,601,010,024,120,TOOM,00009,,00023,79,
TALIAFERRO,05464156,MOORE,HENRY,M,,146,BARNETT RD SE, ,CRAWFORDVILLE,GA,30631-3900,146,BARNETT RD SE,,CRAWFORDVILLE,GA,30631-3900,A,,,04/16/2020,,,MAILED,NO,NO,NO,172SH,172,010,024,120,TOOM,00011,,,,
TALIAFERRO,00228455,BARCUS,CHARLIE,MOSES,,243,PARK ST NW, ,CRAWFORDVILLE,GA,30631-2811,243,PARK ST NW,,CRAWFORDVILLE,GA,30631-2811,A,,,05/01/2020,,,MAILED,NO,NO,NO,601CR,601,010,024,120,TOOM,00005,,,,
TALIAFERRO,00229518,THOMAS,BEATRICE,T,,2049,THOMAS DR NE, ,CRAWFORDVILLE,GA,30631-1839,2049,THOMAS DR NE,,CRAWFORDVILLE,GA,30631-1839,A,,,08/27/2020,09/18/2020,,MAILED,NO,NO,NO,,601,010,024,120,TOOM,00008,,00003,38,
TALIAFERRO,00740197,BOWMAN,YVONNE,RHODES,,1425,SPRINGFIELD RD, ,UNION POINT,GA,30669-3977,1425,SPRINGFIELD RD,,UNION POINT,GA,30669-3977,A,,,08/10/2020,09/18/2020,,MAILED,NO,NO,NO,,601,010,024,120,TOOM,00009,,00020,1,
TALIAFERRO,05264043,FOSTER,UDIA,VIORES,,3722,SANDY CROSS RD NE, ,CRAWFORDVILLE,GA,30631-1820,3722,SANDY CROSS RD NE,,CRAWFORDVILLE,GA,30631-1820,A,,,04/03/2020,,,MAILED,NO,NO,NO,,601,010,024,120,TOOM,00010,,,,
TALIAFERRO,03728827,COOPER,SHEILA,WOOD,,120,PARK ST NW, ,CRAWFORDVILLE,GA,30631-2808,120,PARK ST NW,,CRAWFORDVILLE,GA,30631-2808,A,,,03/15/2020,,,MAILED,NO,NO,NO,601CR,601,010,024,120,TOOM,00005,,,,
TALIAFERRO,00228300,LEWIS,JACKIE,,,1632,WASHINGTON RD NE, ,CRAWFORDVILLE,GA,30631-2115,1632,WASHINGTON RD NE,,CRAWFORDVILLE,GA,30631-2115,A,,,08/24/2020,09/18/2020,,MAILED,NO,NO,NO,,172,010,024,120,TOOM,00010,,00001,54,
TALIAFERRO,05188986,DAVIS,ZENITRIA,SIMETTE,,2213,LEXINGTON RD NW, ,CRAWFORDVILLE,GA,30631,529,BOULEVARD NE,APT 202,ATLANTA,GA,30308-2744,A,,,09/07/2020,09/18/2020,,MAILED,NO,NO,NO,,601,010,024,120,TOOM,00009,,00027,84,
TALIAFERRO,00238162,POPE,KEVIN,ANTHONY,,233,CENTER HILL SCHOOL RD, ,UNION POINT,GA,30669-3955,233,CENTER HILL SCHOOL RD,,UNION POINT,GA,30669-3955,A,,,09/08/2020,09/18/2020,,MAILED,NO,NO,NO,,601,010,024,120,TOOM,00009,,00025,82,
TALIAFERRO,00228978,KENDRICK,DOROTHY,BATES,,1245,SANDY CROSS RD NE, ,CRAWFORDVILLE,GA,30631,1245,SANDY CROSS RD NE,,CRAWFORDVILLE,GA,30631,A,,,04/02/2020,,,MAILED,NO,NO,NO,,601,010,024,120,TOOM,00008,,,,
TALIAFERRO,02067285,PEEK,HARVEY,,,978,SHARON RD NE, ,CRAWFORDVILLE,GA,30631-2226,978,SHARON RD NE,,CRAWFORDVILLE,GA,30631-2226,A,,,08/19/2020,09/18/2020,,MAILED,NO,NO,NO,,601,010,024,120,TOOM,00002,,00002,9,
TALIAFERRO,05808881,MITCHELL,BESSIE,MAE,,2528,SPARTA RD SE, ,CRAWFORDVILLE,GA,30631,2528,SPARTA RD SE,,CRAWFORDVILLE,GA,30631,A,,,08/24/2020,09/18/2020,,MAILED,NO,NO,NO,,601,010,024,120,TOOM,00002,,00004,22,
TALIAFERRO,00228888,STEWART,SHIRLEY,ANN,,434,BROAD ST NW, ,CRAWFORDVILLE,GA,30631,434,BROAD ST NW,,CRAWFORDVILLE,GA,30631,A,,,08/24/2020,09/18/2020,,MAILED,NO,NO,NO,601CR,601,010,024,120,TOOM,00003,,00003,27,
TALIAFERRO,03436029,HARRIS,ROBERT,MICHAEL,,574,SANDY CROSS RD NE, ,CRAWFORDVILLE,GA,30631,574,SANDY CROSS RD NE,,CRAWFORDVILLE,GA,30631,A,,,05/07/2020,,,MAILED,NO,NO,NO,,601,010,024,120,TOOM,00010,,,,
TALIAFERRO,00229224,POWELL,MILLIE,LEWIS,,2483,SANDY CROSS RD NE, ,CRAWFORDVILLE,GA,30631-2049,2483,SANDY CROSS RD NE,,CRAWFORDVILLE,GA,30631-2049,A,,,04/03/2020,,,MAILED,NO,NO,NO,,601,010,024,120,TOOM,00008,,,,
TALIAFERRO,01109131,CHILDERS,RENEE,GADILHE,,213,DAVIDSON ST SE, ,CRAWFORDVILLE,GA,30631-3803,213,DAVIDSON ST SE,,CRAWFORDVILLE,GA,30631-3803,A,,,04/03/2020,,,MAILED,NO,NO,NO,172SH,172,010,024,120,TOOM,00011,,,,
TALIAFERRO,00229104,MOORE,HENRIETTA,DARLENE,,1422,GREENSBORO RD NW, ,CRAWFORDVILLE,GA,30631-2738,1422,GREENSBORO RD NW,,CRAWFORDVILLE,GA,30631-2738,A,,,09/04/2020,09/18/2020,,MAILED,NO,NO,NO,,601,010,024,120,TOOM,00001,,00009,76,
TALIAFERRO,00228120,ALLEN,JOHN,RAYMOND,,723,NANCY GUNN CIR SE, ,CRAWFORDVILLE,GA,30631-3419,723,NANCY GUNN CIR SE,,CRAWFORDVILLE,GA,30631-3419,A,,,08/31/2020,09/18/2020,,MAILED,NO,NO,NO,,601,010,024,120,TOOM,00010,,00007,51,
TALIAFERRO,01980183,HARPER,SAMANTHA,LOVE,,394,M L KING JR DR NW, ,CRAWFORDVILLE,GA,30631,394,M L KING JR DR NW,,CRAWFORDVILLE,GA,30631,A,,,04/30/2020,,,MAILED,NO,NO,NO,601CR,601,010,024,120,TOOM,00005,,,,
TALIAFERRO,00228246,HARRIS,SUELLEN,D,,184,DAVIDSON ST SE, ,CRAWFORDVILLE,GA,30631-3800,184,DAVIDSON ST SE,,CRAWFORDVILLE,GA,30631-3800,A,,,05/04/2020,,,MAILED,NO,NO,NO,172SH,172,010,024,120,TOOM,00011,,,,
TALIAFERRO,00229337,RUFF,LARRY,JUNIOR,,1050,OLD SANDY CROSS RD NE, ,CRAWFORDVILLE,GA,30631-2818,1050,OLD SANDY CROSS RD NE,,CRAWFORDVILLE,GA,30631-2818,A,,,05/07/2020,,,MAILED,NO,NO,NO,,601,010,024,120,TOOM,00010,,,,
TALIAFERRO,02645305,MCKENZIE,ROBERT,,JR,2261,SANDY CROSS RD NE, ,CRAWFORDVILLE,GA,30631,2261,SANDY CROSS RD NE,,CRAWFORDVILLE,GA,30631,A,,,08/27/2020,09/18/2020,,MAILED,NO,NO,NO,,601,010,024,120,TOOM,00008,,00005,44,
TALIAFERRO,07718777,MOORE,CATHERINE,RENEA,,725,OLD SANDY CROSS RD NE, ,CRAWFORDVILLE,GA,30631,725,OLD SANDY CROSS RD,,CRAWFORDVILLE,GA,30631-2817,A,,,08/19/2020,09/18/2020,,MAILED,NO,NO,NO,,601,010,024,120,TOOM,00008,,00001,6,
TALIAFERRO,04867740,SEALS,BILLY,JOE,,3162,GREENSBORO RD, ,UNION POINT,GA,30669-3923,3162,GREENSBORO RD,,UNION POINT,GA,30669-3923,A,,,08/31/2020,09/18/2020,,MAILED,NO,NO,NO,,601,010,024,120,TOOM,00009,,00022,72,
TALIAFERRO,00228887,CHAPMAN,REGINA,,,635,LEXINGTON RD NW, ,CRAWFORDVILLE,GA,30631-2519,635,LEXINGTON RD NW,,CRAWFORDVILLE,GA,30631-2519,A,,,04/13/2020,,,MAILED,NO,NO,NO,601CR,601,010,024,120,TOOM,00003,,,,
TALIAFERRO,00356632,GLENN,ROBERT,LEE,,635,LEXINGTON RD NW, ,CRAWFORDVILLE,GA,30631,635,LEXINGTON RD NW,,CRAWFORDVILLE,GA,30631,A,,,04/13/2020,,,MAILED,NO,NO,NO,601CR,601,010,024,120,TOOM,00003,,,,
TALIAFERRO,00228576,CHAPMAN,DOROTHY,ANN,,206,NANCY GUNN CIR SE, ,CRAWFORDVILLE,GA,30631-3410,206,NANCY GUNN CIR SE,,CRAWFORDVILLE,GA,30631-3410,A,,,08/25/2020,09/18/2020,,MAILED,NO,NO,NO,,601,010,024,120,TOOM,00010,,00004,17,
TALIAFERRO,06721977,CHAPMAN,JERMAINE,DANYELL,,206,NANCY GUNN CIR SE, ,CRAWFORDVILLE,GA,30631,,PO BOX 113,,CRAWFORDVILLE,GA,30631-0011,A,,,08/24/2020,09/18/2020,,MAILED,NO,NO,NO,,601,010,024,120,TOOM,00010,,00005,18,
TALIAFERRO,00229026,LEWIS,ULY,JAMES,,2465,SANDY CROSS RD NE, ,CRAWFORDVILLE,GA,30631-2049,2465,SANDY CROSS RD NE,,CRAWFORDVILLE,GA,30631-2049,A,,,04/03/2020,,,MAILED,NO,NO,NO,,601,010,024,120,TOOM,00008,,,,
TALIAFERRO,04103526,LEWIS,MAROLYN,,,1050,OLD SANDY CROSS RD NE, ,CRAWFORDVILLE,GA,30631-2818,1050,OLD SANDY CROSS RD NE,,CRAWFORDVILLE,GA,30631-2818,A,,,04/06/2020,,,MAILED,NO,NO,NO,,601,010,024,120,TOOM,00010,,,,
TALIAFERRO,10749163,CORNS,TRACEY,ANN,,3867,SANDY CROSS RD NE, ,CRAWFORDVILLE,GA,30631,3867,SANDY CROSS RD NE,,CRAWFORDVILLE,GA,30631,A,,,09/14/2020,09/18/2020,,MAILED,NO,NO,NO,,601,010,024,120,TOOM,00008,,00011,101,
TALIAFERRO,00229076,BERRY,TRINA,VERONICA,,3080,LEXINGTON RD NW, ,CRAWFORDVILLE,GA,30631,3080,LEXINGTON RD NW,,CRAWFORDVILLE,GA,30631,A,,,08/24/2020,09/18/2020,,MAILED,NO,NO,NO,,601,010,024,120,TOOM,00009,,00004,13,
TALIAFERRO,00229493,TAYLOR,JAMES,MARVIN,,2598,BETHANY CHURCH RD SW, ,CRAWFORDVILLE,GA,30631-2607,2598,BETHANY CHURCH RD ,,CRAWFORDVILLE,GA,30631-2607,A,,,05/14/2020,,,MAILED,NO,NO,NO,,601,010,024,120,TOOM,00001,,,,
TALIAFERRO,11510367,ELLIOTT,JAMES,MONROE,JR,381,JENNINGS ST SE, ,CRAWFORDVILLE,GA,30631,381,JENNINGS ST SE,,CRAWFORDVILLE,GA,30631,A,,,04/08/2020,,,MAILED,NO,NO,NO,601CR,601,010,024,120,TOOM,00004,,,,
TALIAFERRO,00229150,CULLARS,CHARLIE,LEE,,1430,EDGEWOOD RD NE, ,CRAWFORDVILLE,GA,30631-2006,1430,EDGEWOOD RD NE,,CRAWFORDVILLE,GA,30631-2006,A,,,03/03/2020,,,MAILED,NO,NO,NO,,601,010,024,120,TOOM,00008,,,,
TALIAFERRO,00228172,BOLTON,SUSIE,MAE,,175,KENDRICKS MILL RD NW, ,CRAWFORDVILLE,GA,30631-3503,,PO BOX 404,,SHARON,GA,30664-0040,A,,,03/06/2020,,,MAILED,NO,NO,NO,172SH,172,010,024,120,TOOM,00012,,,,
TALIAFERRO,02565371,STEWART,LARRY,J,,108,MONUMENT ST SE, ,CRAWFORDVILLE,GA,30631-3249,,PO BOX 1,,CRAWFORDVILLE,GA,30631,A,,,04/20/2020,,,MAILED,NO,NO,NO,601CR,601,010,024,120,TOOM,00004,,,,
TALIAFERRO,02099248,SHORTER-ANDREWS,DOROTHY,N,,2464,GREENSBORO RD, ,UNION POINT,GA,30669-3909,2464,GREENSBORO RD,,UNION POINT,GA,30669-3909,A,,,04/13/2020,,,MAILED,NO,NO,NO,,601,010,024,120,TOOM,00009,,,,
TALIAFERRO,00228291,LAWSON,LETTIE,MAE,,1592,WASHINGTON RD NE, ,CRAWFORDVILLE,GA,30631-2114,1592,WASHINGTON RD NE,,CRAWFORDVILLE,GA,30631-2114,A,,,04/27/2020,,,MAILED,NO,NO,NO,,172,010,024,120,TOOM,00010,,,,
TALIAFERRO,00228245,HARRIS,SHERRIE,CHAPMAN,,258,BARNETT RD SE, ,CRAWFORDVILLE,GA,30631-3901,,PO BOX 262,,CRAWFORDVILLE,GA,30631-0026,A,,,09/09/2020,09/18/2020,,MAILED,NO,NO,NO,172SH,172,010,024,120,TOOM,00011,,00001,94,
TALIAFERRO,00229329,RUCKER,SHAWN,D,,2048,THOMAS DR NE, ,CRAWFORDVILLE,GA,30631-1838,2048,THOMAS DR NE,,CRAWFORDVILLE,GA,30631-1838,A,,,04/13/2020,,,MAILED,NO,NO,NO,,601,010,024,120,TOOM,00008,,,,
TALIAFERRO,01916636,CARMICHAEL,MELBA,ANN,,3620,QUAKER SPRINGS RD NE, ,CRAWFORDVILLE,GA,30631,,904 FOXWOOD DRIVE,,WASHINGTON,GA,30673,A,,,09/07/2020,09/18/2020,,MAILED,NO,NO,NO,,601,010,024,120,TOOM,00010,,00009,78,
TALIAFERRO,00228694,EDWARDS,BOBBIE,ELAINE,,495,M L KING JR DR NW, ,CRAWFORDVILLE,GA,30631,495,M L KING JR DR NW,,CRAWFORDVILLE,GA,30631,A,,,08/31/2020,09/18/2020,,MAILED,NO,NO,NO,601CR,601,010,024,120,TOOM,00003,,00004,49,
TALIAFERRO,00228843,BOOKER,PAMELA,ANNETTE,,4388,LEXINGTON RD NW, ,CRAWFORDVILLE,GA,30631-1420,4388,LEXINGTON RD NW,,CRAWFORDVILLE,GA,30631-1420,A,,,08/24/2020,09/18/2020,,MAILED,NO,NO,NO,,601,010,024,120,TOOM,00009,,00006,15,
TALIAFERRO,00229395,SMITH,LOIS,RHODES,,1333,SAGGUS DR NE, ,CRAWFORDVILLE,GA,30631-2017,1333,SAGGUS DR NE,,CRAWFORDVILLE,GA,30631-2017,A,,,04/13/2020,,,MAILED,NO,NO,NO,,601,010,024,120,TOOM,00008,,,,
TALIAFERRO,00229102,MOORE,ESSIE,LOU,,2633,LEXINGTON RD NW, ,CRAWFORDVILLE,GA,30631-1731,,PO BOX 425,,CRAWFORDVILLE,GA,30631-0425,A,,,04/03/2020,,,MAILED,NO,NO,NO,,601,010,024,120,TOOM,00009,,,,
TALIAFERRO,04427019,RHODES,CALVIN,LARMAR,,2444,LAWSON RD NE, ,CRAWFORDVILLE,GA,30631,2444,LAWSON RD NE,,CRAWFORDVILLE,GA,30631,A,,,09/11/2020,09/18/2020,,MAILED,NO,NO,NO,,601,010,024,120,TOOM,00008,,00010,99,
TALIAFERRO,07131449,CHILDERS,SHELBY,C,,213,DAVIDSON ST SE, ,CRAWFORDVILLE,GA,30631-3803,213,DAVIDSON ST SE,,CRAWFORDVILLE,GA,30631-3803,A,,,04/03/2020,,,MAILED,NO,NO,NO,172SH,172,010,024,120,TOOM,00011,,,,
TALIAFERRO,00090239,KENDRICK,ROBERT,H,,265,JENNINGS ST SE, ,CRAWFORDVILLE,GA,30631-3222,265,JENNINGS ST SE,,CRAWFORDVILLE,GA,30631-3222,A,,,04/02/2020,,,MAILED,NO,NO,NO,601CR,601,010,024,120,TOOM,00004,,,,
TALIAFERRO,07734141,DERRICO,ANGELICA,M,,144,STEPHENS RD NE, ,CRAWFORDVILLE,GA,30631-2348,,PO BOX 174,,CRAWFORDVILLE,GA,30631-0017,A,,,05/08/2020,,,MAILED,NO,NO,NO,172SH,172,010,024,120,TOOM,00012,,,,
TALIAFERRO,01879817,THOMAS,ANGELICA,DENISE,,136,HILLMAN RD NE, ,CRAWFORDVILLE,GA,30631-1700,136,HILLMAN RD NE,,CRAWFORDVILLE,GA,30631-1700,A,,,09/14/2020,09/18/2020,,MAILED,NO,NO,NO,,601,010,024,120,TOOM,00009,,00029,102,
TALIAFERRO,00229532,GRESHAM,LILLIAN,,,136,HILLMAN RD NE, ,CRAWFORDVILLE,GA,30631,136,HILLMAN RD NE,,CRAWFORDVILLE,GA,30631,A,,,04/29/2020,,,MAILED,NO,NO,NO,,601,010,024,120,TOOM,00009,,,,
TALIAFERRO,00229513,LEWIS,JOHNNIE,MAE,,1084,OLD SANDY CROSS RD NE, ,CRAWFORDVILLE,GA,30631,1084,OLD SANDY CROSS RD NE,,CRAWFORDVILLE,GA,30631,A,,,05/07/2020,,,MAILED,NO,NO,NO,,601,010,024,120,TOOM,00010,,,,
TALIAFERRO,00238740,TYSON,BETTY,ANN SIGMAN,,2131,CENTER HILL RD, ,UNION POINT,GA,30669,2131,CENTER HILL RD,,UNION POINT,GA,30669,A,,,08/27/2020,09/18/2020,,MAILED,NO,NO,NO,,601,010,024,120,TOOM,00009,,00015,42,
TALIAFERRO,00229272,RHODES,DOROTHY,GARNER,,2703,BETHANY CHURCH RD SW, ,CRAWFORDVILLE,GA,30631-2619,2703,BETHANY CHURCH RD ,,CRAWFORDVILLE,GA,30631-2619,A,,,09/14/2020,09/18/2020,,MAILED,NO,NO,NO,,601,010,024,120,TOOM,00001,,00013,100,
TALIAFERRO,08917281,HARRIS,MAX,O'NEIL,,169,ASBURY HTS SE, ,CRAWFORDVILLE,GA,30631-3101,,PO BOX 152,,CRAWFORDVILLE,GA,30631-0015,A,,,08/31/2020,09/18/2020,,MAILED,NO,NO,NO,601CR,601,010,024,120,TOOM,00004,,00004,50,
TALIAFERRO,06829606,PEEK,WARREN,BERNARD,JR,978,SHARON RD NE, ,CRAWFORDVILLE,GA,30631-2226,978,SHARON RD NE,,CRAWFORDVILLE,GA,30631-2226,A,,,08/19/2020,09/18/2020,,MAILED,NO,NO,NO,,601,010,024,120,TOOM,00002,,00003,10,
TALIAFERRO,02067280,DRAPER,DORIS,L PEEK,,3620,QUAKER SPRINGS RD NE, ,CRAWFORDVILLE,GA,30631-1906,3620,QUAKER SPRINGS RD ,,CRAWFORDVILLE,GA,30631-1906,A,,,04/08/2020,,,MAILED,NO,NO,NO,,601,010,024,120,TOOM,00010,,,,
TALIAFERRO,00228673,JENNINGS,GAIL,G,,275,M L KING JR DR NW, ,CRAWFORDVILLE,GA,30631-2934,,PO BOX 172,,CRAWFORDVILLE,GA,30631-0017,A,,,04/05/2020,,,MAILED,NO,NO,NO,601CR,601,010,024,120,TOOM,00003,,,,
TALIAFERRO,00228531,BROOK,LINDA,FAYE,,152,BETHANY RD SW, ,UNION POINT,GA,30669-3941,152,BETHANY RD SW,,UNION POINT,GA,30669-3941,A,,,05/12/2020,,,MAILED,NO,NO,NO,,601,010,024,120,TOOM,00001,,,,
TALIAFERRO,00229113,MOORE,MILDRED,,,1477,WHITE PLAINS RD SW, ,CRAWFORDVILLE,GA,30631-4333,1477,WHITE PLAINS RD SW,,CRAWFORDVILLE,GA,30631-4333,A,,,03/10/2020,,,MAILED,NO,NO,NO,,601,010,024,120,TOOM,00001,,,,
TALIAFERRO,00228966,JONES,LARRY,,,3269,LACY RD SW, ,CRAWFORDVILLE,GA,30631-4511,3269,LACY RD SW,,CRAWFORDVILLE,GA,30631-4511,A,,,04/03/2020,,,MAILED,NO,NO,NO,,601,010,024,120,TOOM,00001,,,,
TALIAFERRO,00228520,BOWMAN,GAYLANE,P,,1556,SPRINGFIELD RD, ,UNION POINT,GA,30669-3969,1556,SPRINGFIELD RD,,UNION POINT,GA,30669-3969,A,,,04/03/2020,,,MAILED,NO,NO,NO,,601,010,024,120,TOOM,00009,,,,
TALIAFERRO,06284707,HALL,ANNIE,SUE,,122,DEERFIELD CT SW, ,CRAWFORDVILLE,GA,30631,122,DEERFIELD CT SW,,CRAWFORDVILLE,GA,30631,A,,,02/09/2020,,,MAILED,NO,NO,NO,601CR,601,010,024,120,TOOM,00003,,,,
TALIAFERRO,01367425,SMITH,JACQUELINE,JEFFARES,,3576,GREENSBORO RD, ,UNION POINT,GA,30669-3954,3576,GREENSBORO RD,,UNION POINT,GA,30669-3954,A,,,08/26/2020,09/18/2020,,MAILED,NO,NO,NO,,601,010,024,120,TOOM,00009,,00010,31,
TALIAFERRO,00228823,GODBEE,CORRINE,,,2427,JORDAN PLACE RD SW, ,CRAWFORDVILLE,GA,30631-4207,2427,JORDAN PLACE RD SW,,CRAWFORDVILLE,GA,30631-4207,A,,,04/16/2020,,,MAILED,NO,NO,NO,,601,010,024,120,TOOM,00001,,,,
TALIAFERRO,05464164,TAYLOR-MOORE,BOBBI,,,146,BARNETT RD SE, ,CRAWFORDVILLE,GA,30631-3900,146,BARNETT RD SE,,CRAWFORDVILLE,GA,30631-3900,A,,,04/16/2020,,,MAILED,NO,NO,NO,172SH,172,010,024,120,TOOM,00011,,,,
TALIAFERRO,06121494,HARPER,CARLOS,EUGENE,,1087,SAINT MARYS RD SW, ,CRAWFORDVILLE,GA,30631-2643,,19 BIRCHSTONE ,,SIMPSONVILLE,SC,29681,A,,,09/04/2020,09/18/2020,,MAILED,NO,NO,NO,,601,010,024,120,TOOM,00001,,00010,77,
TALIAFERRO,00229573,TURNER,DORIS,THOMAS,,320,SANDY CROSS RD NE, ,CRAWFORDVILLE,GA,30631-2206,,PO BOX 3,,CRAWFORDVILLE,GA,30631,A,,,04/03/2020,,,MAILED,NO,NO,NO,,601,010,024,120,TOOM,00010,,,,
TALIAFERRO,00228347,PITTMAN,NORMA,ECHOLS,,114,BARNETT RD SE, ,CRAWFORDVILLE,GA,30631-3900,,PO BOX 386,,SHARON,GA,30664-0038,A,,,04/13/2020,,,MAILED,NO,NO,NO,172SH,172,010,024,120,TOOM,00011,,,,
TALIAFERRO,00229264,RHODES,WILLIAM,ALVIN,SR,2389,BETHANY CHURCH RD SW, ,CRAWFORDVILLE,GA,30631,2389,BETHANY CHURCH RD ,,CRAWFORDVILLE,GA,30631,A,,,04/06/2020,,,MAILED,NO,NO,NO,,601,010,024,120,TOOM,00001,,,,
TALIAFERRO,03354333,LOWE,MAMIE,P,,173,KENDRICKS MILL RD NW, ,CRAWFORDVILLE,GA,30631-3503,173,KENDRICKS MILL RD NW,,CRAWFORDVILLE,GA,30631-3503,A,,,04/06/2020,,,MAILED,NO,NO,NO,172SH,172,010,024,120,TOOM,00012,,,,
TALIAFERRO,00229242,RAY,TINA,LOUISE,,116,DEERFIELD CT SW, ,CRAWFORDVILLE,GA,30631,116,DEERFIELD CT SW,,CRAWFORDVILLE,GA,30631,A,,,12/30/2019,,,MAILED,NO,NO,NO,601CR,601,010,024,120,TOOM,00003,,,,
TALIAFERRO,11697642,LUMPKIN,CHELSEA,BRIANA,,2323,SANDY CROSS RD NE, ,CRAWFORDVILLE,GA,30631,2323,SANDY CROSS RD NE,,CRAWFORDVILLE,GA,30631-2048,A,,,09/10/2020,09/18/2020,,MAILED,NO,NO,NO,,601,010,024,120,TOOM,00008,,00009,91,
TALIAFERRO,00228499,BERRY,JOHN,WAYNE,,3080,LEXINGTON RD NW, ,CRAWFORDVILLE,GA,30631,3080,LEXINGTON RD NW,,CRAWFORDVILLE,GA,30631,A,,,08/31/2020,09/18/2020,,MAILED,NO,NO,NO,,601,010,024,120,TOOM,00009,,00019,52,
TALIAFERRO,00228522,BOWMAN,MICHAEL,SPENCER,SR,1409,SPRINGFIELD RD, ,UNION POINT,GA,30669-3977,1409,SPRINGFIELD RD,,UNION POINT,GA,30669-3977,A,,,08/27/2020,09/18/2020,,MAILED,NO,NO,NO,,601,010,024,120,TOOM,00009,,00011,32,
TALIAFERRO,00229574,TURNER,GEORGE,WASHINGTON,SR,1387,SPRINGFIELD RD, ,UNION POINT,GA,30669-3976,1387,SPRINGFIELD RD,,UNION POINT,GA,30669-3976,A,,,08/19/2020,09/18/2020,,MAILED,NO,NO,NO,,601,010,024,120,TOOM,00009,,00002,11,
TALIAFERRO,05091751,WILLIAMS,FREDDIE,,,2020,WHITE PLAINS RD SW, ,CRAWFORDVILLE,GA,30631-4520,2020,WHITE PLAINS RD SW,,CRAWFORDVILLE,GA,30631-4520,A,,,05/08/2020,,,MAILED,NO,NO,NO,,601,010,024,120,TOOM,00001,,,,
TALIAFERRO,07393356,TYSON,LAMAINE,,,2131,CENTER HILL RD, ,UNION POINT,GA,30669,2131,CENTER HILL RD,,UNION POINT,GA,30669,A,,,08/27/2020,09/18/2020,,MAILED,NO,NO,NO,,601,010,024,120,TOOM,00009,,00016,43,
TALIAFERRO,00465406,HICKS,JULIA,IRENE,,3467,SANDY CROSS RD NE, ,CRAWFORDVILLE,GA,30631-1830,3467,SANDY CROSS RD NE,,CRAWFORDVILLE,GA,30631-1830,A,,,05/04/2020,,,MAILED,NO,NO,NO,,601,010,024,120,TOOM,00008,,,,
TALIAFERRO,00228280,JONES,SHIRLENE,,,4119,RAYTOWN RD NE, ,CRAWFORDVILLE,GA,30631,4119,RAYTOWN RD NE,,CRAWFORDVILLE,GA,30631,A,,,08/27/2020,09/18/2020,,MAILED,NO,NO,NO,,172,010,024,120,TOOM,00010,,00007,63,
TALIAFERRO,00229533,THOMAS,LUCIOUS,,,3040,LEXINGTON RD NW, ,CRAWFORDVILLE,GA,30631-1736,3040,LEXINGTON RD NW,,CRAWFORDVILLE,GA,30631-1736,A,,,08/27/2020,09/18/2020,,MAILED,NO,NO,NO,,601,010,024,120,TOOM,00009,,00013,39,
TALIAFERRO,00229065,MAYES,BEVERLY,,,1287,LEXINGTON RD NW, ,CRAWFORDVILLE,GA,30631-2525,1287,LEXINGTON RD NW,,CRAWFORDVILLE,GA,30631-2525,A,,,03/05/2020,,,MAILED,NO,NO,NO,,601,010,024,120,TOOM,00009,,,,
TALIAFERRO,00228689,ECHOLS,JACKIE,FAIN,,5074,LEXINGTON RD NW, ,CRAWFORDVILLE,GA,30631-1208,5074,LEXINGTON RD NW,,CRAWFORDVILLE,GA,30631-1208,A,,,04/06/2020,,,MAILED,NO,NO,NO,,601,010,024,120,TOOM,00009,,,,
TALIAFERRO,02086665,WHATLEY,TERESA,L,,2053,THOMAS DR NE,B,CRAWFORDVILLE,GA,30631,2053,THOMAS DR NE,B,CRAWFORDVILLE,GA,30631,A,,,09/07/2020,09/18/2020,,MAILED,NO,NO,NO,,601,010,024,120,TOOM,00008,,00008,81,
