County,Voter Registration #,Last Name,First Name,Middle Name,Suffix,Street #,Street Name,Apt/Unit,City,State,Zip Code,Mailing Street #,Mailing Street Name,Mailing Apt/Unit,Mailing City,Mailing State,Mailing Zip Code,Application Status,Ballot Status,Status Reason,Application Date,Ballot Issued Date,Ballot Return Date,Ballot Style,Ballot Assisted,Challenged/Provisional,ID Required,Municipal Precinct,County Precinct,CNG,SEN,HOUSE	,JUD,Combo #,Vote Center ID,Ballot ID,Post #,Party
TREUTLEN,00568759,NORRIS,BILLY,WAYNE,,1255,ENNIS CIR, ,SOPERTON,GA,30457-3448,1255,ENNIS CIR,,SOPERTON,GA,30457-3448,A,,,04/08/2020,,,MAILED,NO,NO,NO,CH,SOPE,012,019,150,DUBL,00210,,,,
TREUTLEN,07003629,RENFROE,WILLIAM,,JR,83,BALLPARK RD, ,SOPERTON,GA,30457,83,BALLPARK RD,,SOPERTON,GA,30457,A,,,04/08/2020,,,MAILED,NO,NO,NO,CH,SOPE,012,019,150,DUBL,00213,,,,
TREUTLEN,00567268,BRINSON,PAULA,JEAN,,7789,GA HIGHWAY 221, ,SOPERTON,GA,30457,7789,GA HIGHWAY 221,,SOPERTON,GA,30457,A,,,04/08/2020,,,MAILED,NO,NO,NO,,ANNEX,012,019,150,DUBL,00201,,,,
TREUTLEN,04394382,PHILLIPS,EDDIE,RIVERS,JR,573,HORSESHOE BND, ,SOPERTON,GA,30457-6949,573,HORSESHOE BND,,SOPERTON,GA,30457-6949,A,,,09/16/2020,09/16/2020,,MAILED,NO,NO,NO,,ANNEX,012,019,150,DUBL,00201,,00014,137,
TREUTLEN,00570655,WOOLF,DON,AMECHE,,13259,GA HIGHWAY 86, ,SOPERTON,GA,30457,109,N WOODGREEN WAY,,GREENVILLE,SC,29615,A,,,04/21/2020,,,MAILED,NO,NO,NO,,ANNEX,012,019,150,DUBL,00201,,,,
TREUTLEN,00568773,ODOM,DOROTHY,C,,28,WOMMACK AVE, ,SOPERTON,GA,30457-2301,28,WOMMACK AVE,,SOPERTON,GA,30457-2301,A,,,04/17/2020,,,MAILED,NO,NO,NO,CH,SOPE,012,019,150,DUBL,00208,,,,
TREUTLEN,00567808,GREENE,JAMES,E,,1166,FOREST AVE, ,SOPERTON,GA,30457,1166,FOREST AVE,,SOPERTON,GA,30457,A,,,08/28/2020,09/18/2020,,MAILED,NO,NO,NO,CH,SOPE,012,019,150,DUBL,00208,,00005,30,
TREUTLEN,00570576,SMITH,WILLIE,O,SR,163,ALPHA RD, ,SOPERTON,GA,30457-2951,163,ALPHA RD,,SOPERTON,GA,30457-2951,A,,,09/03/2020,09/18/2020,,MAILED,NO,NO,NO,CH,SOPE,012,019,150,DUBL,00214,,00005,57,
TREUTLEN,00569294,SMITH,LEOTIS,,,120,BREEZEWOOD LN, ,SOPERTON,GA,30457,120,BREEZEWOOD LN,,SOPERTON,GA,30457,A,,,04/24/2020,,,MAILED,NO,NO,NO,,SOPE,012,019,150,DUBL,00203,,,,
TREUTLEN,00570696,LEE,CICELY,MILLS,,108,PARKWAY DR, ,SOPERTON,GA,30457-2840,108,PARKWAY DR,,SOPERTON,GA,30457-2840,A,,,09/05/2020,09/18/2020,,MAILED,NO,NO,NO,CH,SOPE,012,019,150,DUBL,00214,,00006,69,
TREUTLEN,10208278,FOSKEY,ASHLEY,LAINE,,78,QUAIL RIDGE DR, ,ADRIAN,GA,31002,78,QUAIL RIDGE DR,,ADRIAN,GA,31002,A,,,09/15/2020,09/15/2020,,MAILED,NO,NO,NO,,ANNEX,012,019,150,DUBL,00202,,00022,133,
TREUTLEN,03183599,HARRELL,JUNE,BAGGS,,1114,SECOND ST, ,SOPERTON,GA,30457,1114,SECOND ST,,SOPERTON,GA,30457,A,,,08/13/2020,,,MAILED,NO,NO,NO,CH,SOPE,012,019,150,DUBL,00217,,,,
TREUTLEN,00568963,PHILYAW,VALERIA,D,,3320,CEDAR GROVE RD, ,SOPERTON,GA,30457-3248,3320,CEDAR GROVE RD,,SOPERTON,GA,30457-3248,A,,,08/25/2020,,,MAILED,NO,NO,NO,,SOPE,012,019,150,DUBL,00203,,,,
TREUTLEN,03775889,CARTER,DOVER,,,1066,HYMAN AVE, ,SOPERTON,GA,30457,1066,HYMAN AVE,,SOPERTON,GA,30457,A,,,05/18/2020,,,MAILED,NO,NO,NO,CH,SOPE,012,019,150,DUBL,00213,,,,
TREUTLEN,08571695,MONTGOMERY,CECIL,,JR,1113,MARTIN LUTHER KING JR DR, ,SOPERTON,GA,30457,1113,MARTIN LUTHER KING ,,SOPERTON,GA,30457,A,,,08/26/2020,09/18/2020,,MAILED,NO,NO,NO,CH,SOPE,012,019,150,DUBL,00213,,00002,11,
TREUTLEN,00550071,DIXON,ROBERT,LEE,,6115,GA HIGHWAY 15, ,SOPERTON,GA,30457,6115,GA HIGHWAY 15,,SOPERTON,GA,30457,A,,,08/20/2020,,,MAILED,NO,NO,NO,,SOPE,012,019,150,DUBL,00204,,,,
TREUTLEN,00690246,POWELL,CLAUDIE,MAE,,5590,N THIRD ST, ,SOPERTON,GA,30457,5590,N THIRD ST,,SOPERTON,GA,30457,A,,,02/28/2020,,,MAILED,NO,NO,NO,CH,SOPE,012,019,150,DUBL,00212,,,,
TREUTLEN,04257099,EDWARDS,BURNETTE,EVELYN,,1145,MARTIN LUTHER KING JR DR, ,SOPERTON,GA,30457,1145,MARTIN LUTHER KING ,,SOPERTON,GA,30457,A,,,04/08/2020,,,MAILED,NO,NO,NO,CH,SOPE,012,019,150,DUBL,00213,,,,
TREUTLEN,00569651,WEBB,JOHN,M,,128,GA HIGHWAY 86, ,ADRIAN,GA,31002-6244,128,GA HIGHWAY 86,,ADRIAN,GA,31002-6244,A,,,04/24/2020,,,MAILED,NO,NO,NO,,ANNEX,012,019,150,DUBL,00202,,,,
TREUTLEN,00568613,MILLS,ELDER,J,,182,PARKWAY DR, ,SOPERTON,GA,30457-2840,182,PARKWAY DR,,SOPERTON,GA,30457-2840,A,,,04/21/2020,,,MAILED,NO,NO,NO,CH,SOPE,012,019,150,DUBL,00214,,,,
TREUTLEN,00567571,DORSEY,MAXINE,,,103,CANARY CIR, ,SOPERTON,GA,30457-1501,103,CANARY CIR,,SOPERTON,GA,30457-1501,A,,,04/28/2020,,,MAILED,NO,NO,NO,CH,SOPE,012,019,150,DUBL,00210,,,,
TREUTLEN,04066831,MOSELEY,VICKIE,D,,1280,OAKHURST RD, ,SOPERTON,GA,30457,1280,OAKHURST RD,,SOPERTON,GA,30457,A,,,04/06/2020,,,MAILED,NO,NO,NO,,ANNEX,012,019,150,DUBL,00202,,,,
TREUTLEN,00567902,HARDY,SHIRLEY,C,,4047,LOTHAIR CHURCH RD, ,SOPERTON,GA,30457-7437,4047,LOTHAIR CHURCH RD,,SOPERTON,GA,30457-7437,A,,,04/08/2020,,,MAILED,NO,NO,NO,,ANNEX,012,019,150,DUBL,00202,,,,
TREUTLEN,04344903,GODBEE,SHERRY,ANN,,1384,WOODLAND DR, ,SOPERTON,GA,30457,1384,WOODLAND DR,,SOPERTON,GA,30457,A,,,04/08/2020,,,MAILED,NO,NO,NO,CH,SOPE,012,019,150,DUBL,00212,,,,
TREUTLEN,06443912,HAYNES,TENECHIA,DANIELLE,,1325,MISSISSIPPI AVE, ,SOPERTON,GA,30457,1325,MISSISSIPPI AVE,,SOPERTON,GA,30457,A,,,09/15/2020,09/15/2020,,MAILED,NO,NO,NO,CH,SOPE,012,019,150,DUBL,00207,,00011,99,
TREUTLEN,00568821,PARKS,SHKELIA,R,,4142,FOWLER ST, ,SOPERTON,GA,30457,4142,FOWLER ST,,SOPERTON,GA,30457,A,,,04/17/2020,,,MAILED,NO,NO,NO,CH,SOPE,012,019,150,DUBL,00213,,,,
TREUTLEN,06380240,CROSBY,MAUREEN,HERNDON,,6960,THOMPSON POND RD, ,TARRYTOWN,GA,30470-1922,6960,THOMPSON POND RD,,TARRYTOWN,GA,30470-1922,A,,,04/08/2020,,,MAILED,NO,NO,NO,,ANNEX,012,019,150,DUBL,00205,,,,
TREUTLEN,00568795,PAGE,ILLA,MAE,,896,KNOX MILL RD, ,SOPERTON,GA,30457-5157,896,KNOX MILL RD,,SOPERTON,GA,30457-5157,A,,,02/28/2020,,,MAILED,NO,NO,NO,,ANNEX,012,019,150,DUBL,00202,,,,
TREUTLEN,00568083,HUTCHESON,JAMES,C,,12354,GA HIGHWAY 15, ,ADRIAN,GA,31002-6326,12354,GA HIGHWAY 15,,ADRIAN,GA,31002-6326,A,,,04/08/2020,,,MAILED,NO,NO,NO,,ANNEX,012,019,150,DUBL,00201,,,,
TREUTLEN,00568707,MOXLEY,BOBBY,JOE,JR,1530,BEAVER RUN, ,TARRYTOWN,GA,30470,1530,BEAVER RUN,,TARRYTOWN,GA,30470,A,,,04/08/2020,,,MAILED,NO,NO,NO,,ANNEX,012,019,150,DUBL,00201,,,,
TREUTLEN,06234712,SAMMONS,BETTY,P,,407,CROSSROAD TRL, ,SOPERTON,GA,30457-5770,407,CROSSROAD TRL,,SOPERTON,GA,30457-5770,A,,,04/08/2020,,,MAILED,NO,NO,NO,,ANNEX,012,019,150,DUBL,00201,,,,
TREUTLEN,01008256,HILBUN,RICHARD,EARL,,2249,COLLEGE ST, ,SOPERTON,GA,30457-3627,2249,COLLEGE ST,,SOPERTON,GA,30457-3627,A,,,02/28/2020,,,MAILED,NO,NO,NO,CH,SOPE,012,019,150,DUBL,00210,,,,
TREUTLEN,00568166,JOHNSON,MARY,FRANCES,,195,CARTER ST, ,SOPERTON,GA,30457-2703,195,CARTER ST,,SOPERTON,GA,30457-2703,A,,,05/28/2020,,,MAILED,NO,NO,NO,CH,SOPE,012,019,150,DUBL,00208,,,,
TREUTLEN,00570509,MCDANIEL,BONNIE,COLLEEN,,902,PINE HILL RD, ,SOPERTON,GA,30457,902,PINE HILL RD,,SOPERTON,GA,30457,A,,,09/06/2020,09/18/2020,,MAILED,NO,NO,NO,,ANNEX,012,019,150,DUBL,00201,,00005,74,
TREUTLEN,00568722,MOYE,L,C,JR,1584,MISSISSIPPI AVE, ,SOPERTON,GA,30457-2644,1584,MISSISSIPPI AVE,,SOPERTON,GA,30457-2644,A,,,09/15/2020,09/15/2020,,MAILED,NO,NO,NO,CH,SOPE,012,019,150,DUBL,00208,,00017,126,
TREUTLEN,00569554,WALDEN,GARY,J,,1335,MERCER CREEK RD, ,SOPERTON,GA,30457-4945,1335,MERCER CREEK RD,,SOPERTON,GA,30457-4945,A,,,04/17/2020,,,MAILED,NO,NO,NO,,ANNEX,012,019,150,DUBL,00202,,,,
TREUTLEN,00568349,LITTLE,SUSAN,,,124,BERRY ST, ,SOPERTON,GA,30457,124,BERRY ST,,SOPERTON,GA,30457,A,,,08/25/2020,,,MAILED,NO,NO,NO,CH,SOPE,012,019,150,DUBL,00207,,,,
TREUTLEN,00569114,RICKS,MAURITA,P,,2802,GA HIGHWAY 46, ,SOPERTON,GA,30457-4420,2802,GA HIGHWAY 46,,SOPERTON,GA,30457-4420,A,,,05/05/2020,,,MAILED,NO,NO,NO,,ANNEX,012,019,150,DUBL,00202,,,,
TREUTLEN,05655333,DENT,TONY,LEE,,4253,ORIANNA RD, ,SOPERTON,GA,30457,4253,ORIANNA RD,,SOPERTON,GA,30457,A,,,08/27/2020,09/18/2020,,MAILED,NO,NO,NO,,ANNEX,012,019,150,DUBL,00202,,00006,24,
TREUTLEN,10005024,WHITE,HUAQING,,,327,MILLER POND RD, ,SOPERTON,GA,30457,327,MILLER POND RD,,SOPERTON,GA,30457,A,,,08/25/2020,,,MAILED,NO,NO,NO,,SOPE,012,019,150,DUBL,00203,,,,
TREUTLEN,03802430,HEAD,ERNEST,CLEMOTH,,3971,CROOKED RUN RD, ,SOPERTON,GA,30457,3971,CROOKED RUN RD,,SOPERTON,GA,30457,A,,,04/21/2020,,,MAILED,NO,NO,NO,,ANNEX,012,019,150,DUBL,00201,,,,
TREUTLEN,05266985,DENT,DEBORAH,MYERS,,4253,ORIANNA RD, ,SOPERTON,GA,30457,4253,ORIANNA RD,,SOPERTON,GA,30457,A,,,08/27/2020,09/18/2020,,MAILED,NO,NO,NO,,ANNEX,012,019,150,DUBL,00202,,00007,25,
TREUTLEN,00567488,COX,HAROLD,,,932,SAND PIT RD, ,SOPERTON,GA,30457-5051,932,SAND PIT RD,,SOPERTON,GA,30457-5051,A,,,02/28/2020,,,MAILED,NO,NO,NO,,ANNEX,012,019,150,DUBL,00202,,,,
TREUTLEN,04124038,SPIVEY-JONES,BRENDA,G,,6115,GA HIGHWAY 15, ,SOPERTON,GA,30457,6115,GA HIGHWAY 15,,SOPERTON,GA,30457,A,,,09/15/2020,09/15/2020,,MAILED,NO,YES,NO,,SOPE,012,019,150,DUBL,00204,,00003,89,
TREUTLEN,00569456,THOMAS,LELA,,,8219,METTER RD, ,SOPERTON,GA,30457,8219,METTER RD,,SOPERTON,GA,30457,A,,,04/21/2020,,,MAILED,NO,NO,NO,CH,SOPE,012,019,150,DUBL,00208,,,,
TREUTLEN,00570471,MOSELEY,ADLENE,TISDALE,,4637,FOWLER ST, ,SOPERTON,GA,30457,4637,FOWLER ST,,SOPERTON,GA,30457,A,,,04/17/2020,,,MAILED,NO,NO,NO,CH,SOPE,012,019,150,DUBL,00213,,,,
TREUTLEN,06127627,HOOKS,CONTREAL,GANETHA,,1084,KEENE DR,APT B,SOPERTON,GA,30457,1084,KEENE DR,APT B,SOPERTON,GA,30457,A,,,09/01/2020,09/18/2020,,MAILED,NO,NO,NO,CH,SOPE,012,019,150,DUBL,00210,,00002,47,
TREUTLEN,00567037,ALLEN,TELMEGRA,STREPHON,,2249,COLLEGE ST, ,SOPERTON,GA,30457,,PO BOX 501,,SOPERTON,GA,30457,A,,,03/02/2020,,,MAILED,NO,NO,NO,CH,SOPE,012,019,150,DUBL,00210,,,,
TREUTLEN,03855607,GRAHAM,CYNTHIA,ANN,,3494,GA HIGHWAY 199 SPUR, ,SOPERTON,GA,30457,3494,GA HIGHWAY 199 SPUR,,SOPERTON,GA,30457,A,,,04/08/2020,,,MAILED,NO,NO,NO,,ANNEX,012,019,150,DUBL,00202,,,,
TREUTLEN,00568397,LOVE,W,D,,1422,TROUPS TOMB RD, ,SOPERTON,GA,30457-4630,1422,TROUPS TOMB RD,,SOPERTON,GA,30457-4630,A,,,03/03/2020,,,MAILED,NO,NO,NO,,ANNEX,012,019,150,DUBL,00202,,,,
TREUTLEN,00570177,PHILLIPS,CHRISTINE,W,,2332,BARWICK AVE, ,SOPERTON,GA,30457,2332,BARWICK AVE,,SOPERTON,GA,30457,A,,,02/07/2020,,,MAILED,NO,NO,NO,CH,SOPE,012,019,150,DUBL,00207,,,,
TREUTLEN,00567087,BARBER,FREDDIE,N,SR,792,GA HIGHWAY 199 SPUR, ,SOPERTON,GA,30457-4706,792,GA HIGHWAY 199 SPUR,,SOPERTON,GA,30457-4706,A,,,04/21/2020,,,MAILED,NO,NO,NO,,ANNEX,012,019,150,DUBL,00202,,,,
TREUTLEN,00570069,STRICKLAND,NETTIE,MAE,,1059,OUTLAW AVE, ,SOPERTON,GA,30457-2953,1059,OUTLAW AVE,,SOPERTON,GA,30457-2953,A,,,05/21/2020,,,MAILED,NO,NO,NO,CH,SOPE,012,019,150,DUBL,00213,,,,
TREUTLEN,10005022,WHITE,OSCAR,,,327,MILLER POND RD, ,SOPERTON,GA,30457,327,MILLER POND RD,,SOPERTON,GA,30457,A,,,09/07/2020,,,MAILED,NO,NO,NO,,SOPE,012,019,150,DUBL,00203,,,,
TREUTLEN,00569201,SANDERS,JOHNNIE,NELL,,392,FAIRFIELD LN, ,SOPERTON,GA,30457-4228,392,FAIRFIELD LN,,SOPERTON,GA,30457-4228,A,,,04/21/2020,,,MAILED,NO,NO,NO,,SOPE,012,019,150,DUBL,00203,,,,
TREUTLEN,07054257,ATKINSON,MICHAEL,ROSS,JR,1752,GEORGIA AVE, ,SOPERTON,GA,30457,1752,GEORGIA AVE,,SOPERTON,GA,30457,A,,,09/03/2020,09/18/2020,,MAILED,NO,NO,NO,CH,SOPE,012,019,150,DUBL,00207,,00004,62,
TREUTLEN,00568325,LAWRENCE,JACK,E,,192,WOMMACK AVE, ,SOPERTON,GA,30457-2302,192,WOMMACK AVE,,SOPERTON,GA,30457-2302,A,,,05/04/2020,,,MAILED,NO,NO,NO,CH,SOPE,012,019,150,DUBL,00208,,,,
TREUTLEN,12256123,SHIVERS,TY LAN,TAVEON,,1113,MARTIN LUTHER KING JR DR, ,SOPERTON,GA,30457,1113,MARTIN LUTHER KING ,,SOPERTON,GA,30457,A,,,08/26/2020,09/18/2020,,MAILED,NO,NO,NO,CH,SOPE,012,019,150,DUBL,00213,,00001,10,
TREUTLEN,00570263,NIMMONS,MELANIE,DAWN,,170,RIVERVIEW RD, ,SOPERTON,GA,30457-7244,170,RIVERVIEW RD,,SOPERTON,GA,30457-7244,A,,,02/10/2020,,,MAILED,NO,NO,NO,,ANNEX,012,019,150,DUBL,00201,,,,
TREUTLEN,00569798,WRIGHT,ERNEST,,,1608,MISSISSIPPI AVE, ,SOPERTON,GA,30457-2647,1608,MISSISSIPPI AVE,,SOPERTON,GA,30457-2647,A,,,04/17/2020,,,MAILED,NO,NO,NO,CH,SOPE,012,019,150,DUBL,00208,,,,
TREUTLEN,04532782,WESLEY,NATONGA,SHERVETTE,,3622,MOUNT VERNON RD, ,SOPERTON,GA,30457,3622,MOUNT VERNON RD,,SOPERTON,GA,30457,A,,,08/25/2020,,,MAILED,NO,NO,NO,CH,SOPE,012,019,150,DUBL,00215,,,,
TREUTLEN,00567556,DICKENS,CHARLES,E,,2694,GA HIGHWAY 86, ,ADRIAN,GA,31002-6204,2694,GA HIGHWAY 86,,ADRIAN,GA,31002-6204,A,,,04/09/2020,,,MAILED,NO,NO,NO,,ANNEX,012,019,150,DUBL,00202,,,,
TREUTLEN,07779871,LOVE,ESSIE,MAE,,7470,EASTMAN RD,B,SOPERTON,GA,30457-3062,7470,EASTMAN RD,B,SOPERTON,GA,30457-3062,A,,,04/24/2020,,,MAILED,NO,NO,NO,CH,SOPE,012,019,150,DUBL,00206,,,,
TREUTLEN,00568603,MILLER,RAY,NICK,,50,OAK ST, ,SOPERTON,GA,30457,50,OAK ST,,SOPERTON,GA,30457,A,,,04/16/2020,,,MAILED,NO,NO,NO,CH,SOPE,012,019,150,DUBL,00207,,,,
TREUTLEN,00569009,POWELL,KATHERYN,LEEN,,1098,FAIRGROUND CIR, ,SOPERTON,GA,30457-3038,1098,FAIRGROUND CIR,,SOPERTON,GA,30457-3038,A,,,04/17/2020,,,MAILED,NO,NO,NO,CH,SOPE,012,019,150,DUBL,00206,,,,
TREUTLEN,00568986,POOLE,VIRGINIA,H,,7585,EASTMAN RD, ,SOPERTON,GA,30457-2601,,PO BOX 145,,SOPERTON,GA,30457-0014,A,,,04/21/2020,,,MAILED,NO,NO,NO,CH,SOPE,012,019,150,DUBL,00207,,,,
TREUTLEN,00569066,REID,GENEVA,H,,1041,MANNING ST, ,SOPERTON,GA,30457,1041,MANNING ST,,SOPERTON,GA,30457,A,,,04/08/2020,,,MAILED,NO,NO,NO,CH,SOPE,012,019,150,DUBL,00206,,,,
TREUTLEN,00569180,SALTER,JAMES,LESTER,,457,SISTERS LN, ,ADRIAN,GA,31002,457,SISTERS LN,,ADRIAN,GA,31002,A,,,04/08/2020,,,MAILED,NO,NO,NO,,ANNEX,012,019,150,DUBL,00201,,,,
TREUTLEN,00567246,MCDONALD,ALMA,TYSON,,1148,FAITH CHURCH RD, ,SOPERTON,GA,30457,1148,FAITH CHURCH RD,,SOPERTON,GA,30457,A,,,04/08/2020,,,MAILED,NO,NO,NO,,ANNEX,012,019,150,DUBL,00202,,,,
TREUTLEN,00567088,BARBER,HENRIETTA,SMITH,,792,GA HIGHWAY 199 SPUR, ,SOPERTON,GA,30457-4706,792,GA HIGHWAY 199 SPUR,,SOPERTON,GA,30457-4706,A,,,04/21/2020,,,MAILED,NO,NO,NO,,ANNEX,012,019,150,DUBL,00202,,,,
TREUTLEN,00567068,BAKER,BARBARA,JEAN,,106,IVY CIR, ,SOPERTON,GA,30457,106,IVY CIR,,SOPERTON,GA,30457,A,,,04/21/2020,,,MAILED,NO,NO,NO,CH,SOPE,012,019,150,DUBL,00207,,,,
TREUTLEN,00568029,RICKS,DONNA,FAYE,,3328,ROSEMONT CHURCH RD, ,SOPERTON,GA,30457,3328,ROSEMONT CHURCH RD,,SOPERTON,GA,30457,A,,,04/21/2020,,,MAILED,NO,NO,NO,,ANNEX,012,019,150,DUBL,00202,,,,
TREUTLEN,00569712,WILCHER,PATRICIA,PHILLIPS,,7586,EASTMAN RD, ,SOPERTON,GA,30457-2600,,PO BOX 2,,SOPERTON,GA,30457,A,,,05/18/2020,,,MAILED,NO,NO,NO,CH,SOPE,012,019,150,DUBL,00206,,,,
TREUTLEN,04004253,JORDAN,ELMO,,JR,2706,BARWICK AVE, ,SOPERTON,GA,30457-2718,2706,BARWICK AVE,,SOPERTON,GA,30457-2718,A,,,08/25/2020,,,MAILED,NO,NO,NO,CH,SOPE,012,019,150,DUBL,00217,,,,
TREUTLEN,04930567,JACKSON,TERRY,S,,716,LAKE CASSIE RD, ,ADRIAN,GA,31002,716,LAKE CASSIE RD,,ADRIAN,GA,31002,A,,,09/15/2020,09/15/2020,,MAILED,NO,NO,NO,,ANNEX,012,019,150,DUBL,00201,,00013,130,
TREUTLEN,00620657,LEVERETT,CHARLES,H,,19,CEDAR LN, ,SOPERTON,GA,30457-4712,19,CEDAR LN,,SOPERTON,GA,30457-4712,A,,,04/08/2020,,,MAILED,NO,NO,NO,,ANNEX,012,019,150,DUBL,00202,,,,
TREUTLEN,00568593,MILLER,INEZ,,,1391,FOREST AVE, ,SOPERTON,GA,30457-2141,1391,FOREST AVE,,SOPERTON,GA,30457-2141,A,,,04/08/2020,,,MAILED,NO,NO,NO,CH,SOPE,012,019,150,DUBL,00208,,,,
TREUTLEN,00567100,BARRICK,PEGGY,J,,1584,MUSKOGEE RD, ,SOPERTON,GA,30457-5620,1584,MUSKOGEE RD,,SOPERTON,GA,30457-5620,A,,,05/20/2020,,,MAILED,NO,NO,NO,,ANNEX,012,019,150,DUBL,00201,,,,
TREUTLEN,00569022,POWELL,RUBY,LEE,,1483,OUTLAW AVE, ,SOPERTON,GA,30457-1376,1483,OUTLAW AVE,,SOPERTON,GA,30457-1376,A,,,09/15/2020,09/15/2020,,MAILED,NO,NO,NO,CH,SOPE,012,019,150,DUBL,00207,,00012,103,
TREUTLEN,00567059,AUSTIN,JUDITH,ANN,,2027,ALABAMA AVE, ,SOPERTON,GA,30457-1303,2027,ALABAMA AVE,,SOPERTON,GA,30457-1303,A,,,09/15/2020,09/15/2020,,MAILED,NO,NO,NO,CH,SOPE,012,019,150,DUBL,00208,,00016,124,
TREUTLEN,01645667,HORNE,ELLIE,DELANE,,157,BUCKEYE RD, ,SOPERTON,GA,30457-5335,157,BUCKEYE RD,,SOPERTON,GA,30457-5335,A,,,08/26/2020,09/18/2020,,MAILED,NO,NO,NO,,ANNEX,012,019,150,DUBL,00202,,00002,13,
TREUTLEN,00567702,COLEMAN,JACQUELINE,,,7323,EASTMAN RD, ,SOPERTON,GA,30457,,PO BOX 541,,SOPERTON,GA,30457-0054,A,,,05/05/2020,,,MAILED,NO,NO,NO,CH,SOPE,012,019,150,DUBL,00206,,,,
TREUTLEN,03639772,VALENTINE,TIFFANY,MARSHELLE,,1097,SUMNER LN, ,SOPERTON,GA,30457,1097,SUMNER LN,,SOPERTON,GA,30457,A,,,09/02/2020,09/18/2020,,MAILED,NO,NO,NO,CH,SOPE,012,019,150,DUBL,00208,,00011,51,
TREUTLEN,00550499,WICKER,HENRY,LEE,,1611,SESSIONS ST, ,SOPERTON,GA,30457,1611,SESSIONS ST,,SOPERTON,GA,30457,A,,,09/04/2020,09/18/2020,,MAILED,NO,NO,NO,CH,SOPE,012,019,150,DUBL,00213,,00011,64,
TREUTLEN,00568523,MCLENDON,GASTON,,JR,421,BALLPARK RD, ,SOPERTON,GA,30457,421,BALLPARK RD,,SOPERTON,GA,30457,A,,,04/09/2020,,,MAILED,NO,NO,NO,CH,SOPE,012,019,150,DUBL,00213,,,,
TREUTLEN,12098059,GAINEY,PATRICIA,ANN,,3847,ORIANNA RD, ,SOPERTON,GA,30457,3847,ORIANNA RD,,SOPERTON,GA,30457,A,,,04/09/2020,,,MAILED,NO,NO,NO,,ANNEX,012,019,150,DUBL,00202,,,,
TREUTLEN,01877808,ABSHER,NELL,DUKE,,205,TIMBERLAND RD, ,SOPERTON,GA,30457,205,TIMBERLAND RD,,SOPERTON,GA,30457,A,,,09/15/2020,09/15/2020,,MAILED,NO,NO,NO,,ANNEX,012,019,150,DUBL,00202,,00020,129,
TREUTLEN,00569904,BYRD,DIANNE,JOHNSON,,462,WINDING PINES WAY, ,SOPERTON,GA,30457,462,WINDING PINES WAY,,SOPERTON,GA,30457,A,,,09/15/2020,09/15/2020,,MAILED,NO,NO,NO,,ANNEX,012,019,150,DUBL,00202,,00017,117,
TREUTLEN,00567082,BALDWIN,NATHANIEL,MELVIN,,1397,CEDAR GROVE RD, ,SOPERTON,GA,30457,1397,CEDAR GROVE RD,,SOPERTON,GA,30457,A,,,04/21/2020,,,MAILED,NO,NO,NO,,ANNEX,012,019,150,DUBL,00202,,,,
TREUTLEN,00567932,HARRIS,SYLVIA,W,,1259,OUTLAW AVE, ,SOPERTON,GA,30457-2851,1259,OUTLAW AVE,,SOPERTON,GA,30457-2851,A,,,08/28/2020,,,MAILED,NO,NO,NO,CH,SOPE,012,019,150,DUBL,00213,,,,
TREUTLEN,00567325,BUSH,HYMON,J,,617,WALKING HORSE WAY, ,SOPERTON,GA,30457-4607,617,WALKING HORSE WAY,,SOPERTON,GA,30457-4607,A,,,05/05/2020,,,MAILED,NO,NO,NO,,ANNEX,012,019,150,DUBL,00202,,,,
TREUTLEN,02218382,SNEAD,LESLIE,ROCHELLE,,1078,OMEGA ST, ,SOPERTON,GA,30457,2401,BARWICK AVE,,SOPERTON,GA,30457,A,,,09/01/2020,09/18/2020,,MAILED,NO,NO,NO,CH,SOPE,012,019,150,DUBL,00214,,00002,44,
TREUTLEN,01301976,LOVE,JIMMY,M,,11714,GA HIGHWAY 221, ,SOPERTON,GA,30457,11714,GA HIGHWAY 221,,SOPERTON,GA,30457,A,,,04/21/2020,,,MAILED,NO,NO,NO,,ANNEX,012,019,150,DUBL,00201,,,,
TREUTLEN,01581404,COWART,SANDRA,S,,6301,OLD LOUISVILLE RD, ,TARRYTOWN,GA,30470,6301,OLD LOUISVILLE RD,,TARRYTOWN,GA,30470,A,,,04/08/2020,,,MAILED,NO,NO,NO,,ANNEX,012,019,150,DUBL,00201,,,,
TREUTLEN,11718690,LITTLE,ARIA,SAMOAN,,61,IVY CIR, ,SOPERTON,GA,30457,61,IVY CIR,,SOPERTON,GA,30457,A,,,09/10/2020,09/15/2020,,MAILED,NO,NO,NO,CH,SOPE,012,019,150,DUBL,00207,,00008,78,
TREUTLEN,00567491,COX,PEGGY,,,932,SAND PIT RD, ,SOPERTON,GA,30457-5051,932,SAND PIT RD,,SOPERTON,GA,30457-5051,A,,,05/18/2020,,,MAILED,NO,NO,NO,,ANNEX,012,019,150,DUBL,00202,,,,
TREUTLEN,08530074,RENFROE,ADELE,,,4142,FOWLER ST, ,SOPERTON,GA,30457,4142,FOWLER ST,,SOPERTON,GA,30457,A,,,09/04/2020,09/18/2020,,MAILED,NO,NO,NO,CH,SOPE,012,019,150,DUBL,00213,,00010,63,
TREUTLEN,00569717,WILKES,CAROLYN,,,6963,GA HIGHWAY 86, ,SOPERTON,GA,30457-5937,6963,GA HIGHWAY 86,,SOPERTON,GA,30457-5937,A,,,08/24/2020,,,MAILED,NO,NO,NO,,ANNEX,012,019,150,DUBL,00201,,,,
TREUTLEN,00567542,DAY,BILLIE,,,3270,CEDAR GROVE RD, ,SOPERTON,GA,30457-3234,3270,CEDAR GROVE RD,,SOPERTON,GA,30457-3234,A,,,05/05/2020,,,MAILED,NO,NO,NO,,SOPE,012,019,150,DUBL,00203,,,,
TREUTLEN,00567632,ELVINE,JESSIEMAE,BURNETT,,1381,OUTLAW AVE, ,SOPERTON,GA,30457-2853,,PO BOX 322,,SOPERTON,GA,30457-0032,A,,,04/21/2020,,,MAILED,NO,NO,NO,CH,SOPE,012,019,150,DUBL,00213,,,,
TREUTLEN,07658660,GREENE,MARTINA,LENISE,,1166,FOREST AVE, ,SOPERTON,GA,30457-2136,1166,FOREST AVE,,SOPERTON,GA,30457,A,,,09/01/2020,09/18/2020,,MAILED,NO,NO,NO,CH,SOPE,012,019,150,DUBL,00208,,00008,43,
TREUTLEN,04256977,RENFROE,WILLIAM,,SR,179,NEW ST, ,SOPERTON,GA,30457,179,NEW ST,,SOPERTON,GA,30457,A,,,04/09/2020,,,MAILED,NO,NO,NO,CH,SOPE,012,019,150,DUBL,00206,,,,
TREUTLEN,00569742,OUTLAW,LENA,MAE,,334,JOHN DEERE LN, ,SOPERTON,GA,30457-7458,,PO BOX 422,,ADRIAN,GA,31002-0042,A,,,04/20/2020,,,MAILED,NO,NO,NO,,SOPE,012,019,150,DUBL,00203,,,,
TREUTLEN,00567312,BURNETT,WAYMON,,,739,MOUNT OLIVE WAY, ,SOPERTON,GA,30457-4025,739,MOUNT OLIVE WAY,,SOPERTON,GA,30457-4025,A,,,04/21/2020,,,MAILED,NO,NO,NO,,SOPE,012,019,150,DUBL,00203,,,,
TREUTLEN,01940872,DESMOND,JAMES,CHRISTOPHER,,2288,DEERWOOD RD, ,SOPERTON,GA,30457,2288,DEERWOOD RD,,SOPERTON,GA,30457,A,,,04/06/2020,,,MAILED,NO,NO,NO,,ANNEX,012,019,150,DUBL,00201,,,,
TREUTLEN,04067596,BALDWIN,SONYA,,,1397,CEDAR GROVE RD, ,SOPERTON,GA,30457-4107,1397,CEDAR GROVE RD,,SOPERTON,GA,30457-4107,A,,,04/21/2020,,,MAILED,NO,NO,NO,,ANNEX,012,019,150,DUBL,00202,,,,
TREUTLEN,00567323,BUSH,GLENDA,,,617,WALKING HORSE WAY, ,SOPERTON,GA,30457-4607,617,WALKING HORSE WAY,,SOPERTON,GA,30457-4607,A,,,05/05/2020,,,MAILED,NO,NO,NO,,ANNEX,012,019,150,DUBL,00202,,,,
TREUTLEN,00568030,HOOKS,GERALD,,,1098,BELL AVE, ,SOPERTON,GA,30457-3510,,PO BOX 51,,SOPERTON,GA,30457-0005,A,,,05/05/2020,,,MAILED,NO,NO,NO,CH,SOPE,012,019,150,DUBL,00210,,,,
TREUTLEN,08352498,BAKER,RICKEY,LEN,,388,MOUNT OLIVE WAY, ,SOPERTON,GA,30457-4022,388,MOUNT OLIVE WAY,,SOPERTON,GA,30457-4022,A,,,04/17/2020,,,MAILED,NO,NO,NO,,SOPE,012,019,150,DUBL,00203,,,,
TREUTLEN,11516379,MCLENDON,SHARON,VERONICA,,1030,CANADY AVE, ,SOPERTON,GA,30457,1030,CANADY AVE,,SOPERTON,GA,30457,A,,,08/28/2020,09/18/2020,,MAILED,NO,NO,NO,CH,SOPE,012,019,150,DUBL,00213,,00007,34,
TREUTLEN,01013113,RAWLINS,REBECCA,ANNE,,477,GILLIS CEMETERY RD, ,SOPERTON,GA,30457,477,GILLIS CEMETERY RD,,SOPERTON,GA,30457,A,,,04/09/2020,,,MAILED,NO,NO,NO,,ANNEX,012,019,150,DUBL,00201,,,,
TREUTLEN,00568713,MOXLEY,PAMELA,MOORE,,1530,BEAVER RUN, ,TARRYTOWN,GA,30470,1530,BEAVER RUN,,TARRYTOWN,GA,30470,A,,,04/08/2020,,,MAILED,NO,NO,NO,,ANNEX,012,019,150,DUBL,00201,,,,
TREUTLEN,10805960,CALHOUN,JAMES,ROBERT,,2127,WHISPERING PINES DR, ,SOPERTON,GA,30457,2127,WHISPERING PINES DR,,SOPERTON,GA,30457,A,,,04/21/2020,,,MAILED,NO,NO,NO,,ANNEX,012,019,150,DUBL,00202,,,,
TREUTLEN,00569306,SMITH,RUBY,LEE,,1042,HYMAN AVE, ,SOPERTON,GA,30457,1042,HYMAN AVE,,SOPERTON,GA,30457,A,,,02/27/2020,,,MAILED,NO,NO,NO,CH,SOPE,012,019,150,DUBL,00213,,,,
TREUTLEN,00568392,LOVE,ROSA,MAE,,2858,RIVOLI CLAY RD, ,SOPERTON,GA,30457-4357,2858,RIVOLI CLAY RD,,SOPERTON,GA,30457-4357,A,,,04/21/2020,,,MAILED,NO,NO,NO,,SOPE,012,019,150,DUBL,00203,,,,
TREUTLEN,04209437,NIMMONS,CHARLIE,,,170,RIVERVIEW RD, ,SOPERTON,GA,30457-7244,170,RIVERVIEW RD,,SOPERTON,GA,30457-7244,A,,,02/10/2020,,,MAILED,NO,NO,NO,,ANNEX,012,019,150,DUBL,00201,,,,
TREUTLEN,00569356,STEPHENS,G,DARRELL,,5023,W MAIN ST, ,SOPERTON,GA,30457-2751,5023,W MAIN ST,,SOPERTON,GA,30457-2751,A,,,04/17/2020,,,MAILED,NO,NO,NO,CH,SOPE,012,019,150,DUBL,00207,,,,
TREUTLEN,01018482,HARMON,JOHNNIE,LEE,,2019,CEDAR GROVE RD, ,SOPERTON,GA,30457,2019,CEDAR GROVE RD,,SOPERTON,GA,30457,A,,,08/27/2020,09/18/2020,,MAILED,NO,NO,NO,,ANNEX,012,019,150,DUBL,00202,,00005,22,
TREUTLEN,00568399,JORDAN,DEBRA,S,,2706,BARWICK AVE, ,SOPERTON,GA,30457-2718,2706,BARWICK AVE,,SOPERTON,GA,30457-2718,A,,,08/25/2020,,,MAILED,NO,NO,NO,CH,SOPE,012,019,150,DUBL,00217,,,,
TREUTLEN,00568649,MONTGOMERY,JEROME,,,1460,CANADY AVE, ,SOPERTON,GA,30457-2806,1460,CANADY AVE,,SOPERTON,GA,30457-2806,A,,,08/25/2020,,,MAILED,NO,NO,NO,CH,SOPE,012,019,150,DUBL,00207,,,,
TREUTLEN,00570104,MEEKS,JESSICA,DAWN,,2594,GA HIGHWAY 199 SPUR, ,SOPERTON,GA,30457,2594,GA HIGHWAY 199 SPUR,,SOPERTON,GA,30457,A,,,04/17/2020,,,MAILED,NO,NO,NO,,ANNEX,012,019,150,DUBL,00202,,,,
TREUTLEN,00567823,GRINSTEAD,STEVE,M,,7609,GA HIGHWAY 221, ,SOPERTON,GA,30457,7609,GA HIGHWAY 221,,SOPERTON,GA,30457,A,,,04/08/2020,,,MAILED,NO,NO,NO,,ANNEX,012,019,150,DUBL,00201,,,,
TREUTLEN,07911876,THOMAS,LAKENDRA,SIMONE,,4418,ANDERSON POND RD, ,ADRIAN,GA,31002-6228,4418,ANDERSON POND RD,,ADRIAN,GA,31002-6228,A,,,09/15/2020,09/15/2020,,MAILED,NO,NO,NO,,ANNEX,012,019,150,DUBL,00202,,00014,101,
TREUTLEN,12098101,GAINEY,RICHARD,WESLEY,,3847,ORIANNA RD, ,SOPERTON,GA,30457,3847,ORIANNA RD,,SOPERTON,GA,30457,A,,,04/08/2020,,,MAILED,NO,NO,NO,,ANNEX,012,019,150,DUBL,00202,,,,
TREUTLEN,00568544,MCLEOD,ALTEEN,,,2363,GA HIGHWAY 221, ,SOPERTON,GA,30457,2363,GA HIGHWAY 221,,SOPERTON,GA,30457,A,,,04/21/2020,,,MAILED,NO,NO,NO,,SOPE,012,019,150,DUBL,00203,,,,
TREUTLEN,00569619,WARNOCK,JAMES,TILLMAN,III,1651,GA HIGHWAY 29, ,SOPERTON,GA,30457,1651,GA HIGHWAY 29,,SOPERTON,GA,30457,A,,,04/06/2020,,,MAILED,NO,NO,NO,,SOPE,012,019,150,DUBL,00205,,,,
TREUTLEN,00569560,WALDEN,LARRY,K,,2249,COLLEGE ST, ,SOPERTON,GA,30457-3627,2249,COLLEGE ST,,SOPERTON,GA,30457-3627,A,,,02/22/2020,,,MAILED,NO,NO,NO,CH,SOPE,012,019,150,DUBL,00210,,,,
TREUTLEN,00568376,LOVE,ARTHER,LEE,SR,1144,LONESOME PINE RD, ,SOPERTON,GA,30457-3918,1144,LONESOME PINE RD,,SOPERTON,GA,30457-3918,A,,,04/20/2020,,,MAILED,NO,NO,NO,,SOPE,012,019,150,DUBL,00205,,,,
TREUTLEN,00568788,PACE,KENNETH,FRANKLIN,,124,CANARY CIR, ,SOPERTON,GA,30457,124,CANARY CIR,,SOPERTON,GA,30457,A,,,05/18/2020,,,MAILED,NO,NO,NO,CH,SOPE,012,019,150,DUBL,00210,,,,
TREUTLEN,00569166,ROSS,BERTHA,LEE,,330,NEW ST, ,SOPERTON,GA,30457,330,NEW ST,,SOPERTON,GA,30457,A,,,05/18/2020,,,MAILED,NO,NO,NO,CH,SOPE,012,019,150,DUBL,00207,,,,
TREUTLEN,04458146,ENNIS,DEBRA,MCDANIEL,,11813,GA HIGHWAY 46, ,SOPERTON,GA,30457-6403,11813,GA HIGHWAY 46,,SOPERTON,GA,30457-6403,A,,,09/15/2020,09/15/2020,,MAILED,NO,NO,NO,,ANNEX,012,019,150,DUBL,00201,,00011,114,
TREUTLEN,01309811,NILES,CASSANDRA,K,,1384,WOODLAND DR, ,SOPERTON,GA,30457,1384,WOODLAND DR,,SOPERTON,GA,30457,A,,,08/25/2020,,,MAILED,NO,NO,NO,CH,SOPE,012,019,150,DUBL,00212,,,,
TREUTLEN,08711898,MERRION,COURTNEY,ZANKEIRA,,3257,CEDAR GROVE RD, ,SOPERTON,GA,30457-3235,3257,CEDAR GROVE RD,,SOPERTON,GA,30457-3235,A,,,08/25/2020,,,MAILED,NO,NO,NO,,SOPE,012,019,150,DUBL,00203,,,,
TREUTLEN,00567590,DURDEN,JOYCE,,,5281,GA HIGHWAY 221, ,SOPERTON,GA,30457,5281,GA HIGHWAY 221,,SOPERTON,GA,30457,A,,,04/09/2020,,,MAILED,NO,NO,NO,,SOPE,012,019,150,DUBL,00204,,,,
TREUTLEN,00569363,STEPTOE,BERNEESE,BECK,,119,CANARY CIR, ,SOPERTON,GA,30457-1501,119,CANARY CIR,,SOPERTON,GA,30457-1501,A,,,04/21/2020,,,MAILED,NO,NO,NO,CH,SOPE,012,019,150,DUBL,00210,,,,
TREUTLEN,00568292,KNIGHT,ANNIE,LOIS,,1067,JACKSON ST, ,SOPERTON,GA,30457-2939,1067,JACKSON ST,,SOPERTON,GA,30457-2939,A,,,09/15/2020,09/15/2020,,MAILED,NO,YES,NO,CH,SOPE,012,019,150,DUBL,00213,,00015,92,
TREUTLEN,00568377,LOVE,DORIS,N,,1144,LONESOME PINE RD, ,SOPERTON,GA,30457-3918,1144,LONESOME PINE RD,,SOPERTON,GA,30457-3918,A,,,04/20/2020,,,MAILED,NO,NO,NO,,SOPE,012,019,150,DUBL,00205,,,,
TREUTLEN,10762849,SHIVERS,JANE,,,1498,MISSISSIPPI AVE, ,SOPERTON,GA,30457,1498,MISSISSIPPI AVE,,SOPERTON,GA,30457,A,,,04/21/2020,,,MAILED,NO,NO,NO,CH,SOPE,012,019,150,DUBL,00206,,,,
TREUTLEN,05979093,RICHARDSON,JOHN,RAYMOND,,3140,KNOX MILL RD, ,SOPERTON,GA,30457-5145,507,FISH HALL RD,,BRUNSWICK,GA,31523,A,,,09/15/2020,09/15/2020,,MAILED,NO,NO,NO,,ANNEX,012,019,150,DUBL,00204,,00001,94,
TREUTLEN,00570754,RENFROE,TEMEIKA,,,7448,EASTMAN RD,APT B,SOPERTON,GA,30457,7448,EASTMAN RD,APT B/UNIT ,SOPERTON,GA,30457,A,,,08/31/2020,09/18/2020,,MAILED,NO,NO,NO,CH,SOPE,012,019,150,DUBL,00206,,00002,37,
TREUTLEN,12115635,KNIGHT,DAVID,,,1067,JACKSON ST, ,SOPERTON,GA,30457,1067,JACKSON ST,,SOPERTON,GA,30457,A,,,08/31/2020,09/18/2020,,MAILED,NO,NO,NO,CH,SOPE,012,019,150,DUBL,00213,,00008,38,
TREUTLEN,00570826,MOYE,LATARCHA,NEKAYA,,80,FAITH CIR, ,SOPERTON,GA,30457,80,FAITH CIR,,SOPERTON,GA,30457,A,,,08/26/2020,09/18/2020,,MAILED,NO,NO,NO,CH,SOPE,012,019,150,DUBL,00214,,00001,3,
TREUTLEN,08352487,ROBINSON,BEVERLY,,,5523,GA HIGHWAY 46, ,SOPERTON,GA,30457-4336,5523,GA HIGHWAY 46,,SOPERTON,GA,30457-4336,A,,,08/28/2020,09/18/2020,,MAILED,NO,NO,NO,,ANNEX,012,019,150,DUBL,00202,,00009,29,
TREUTLEN,04209446,WADLEY,CATHERINE,WILLIAMS,,479,OAK RIDGE RD, ,SOPERTON,GA,30457,479,OAK RIDGE RD,,SOPERTON,GA,30457,A,,,09/15/2020,09/15/2020,,MAILED,NO,YES,NO,,SOPE,012,019,150,DUBL,00203,,00010,93,
TREUTLEN,00569736,WILLIAMS,ELIZABETH,,,156,SECOND ST, ,SOPERTON,GA,30457,156,SECOND ST,,SOPERTON,GA,30457,A,,,04/21/2020,,,MAILED,NO,NO,NO,CH,SOPE,012,019,150,DUBL,00213,,,,
TREUTLEN,00569550,WADLEY,WESLEY,,,1115,WELLS ST, ,SOPERTON,GA,30457,1115,WELLS ST,,SOPERTON,GA,30457,A,,,04/24/2020,,,MAILED,NO,NO,NO,CH,SOPE,012,019,150,DUBL,00213,,,,
TREUTLEN,00273319,PIERCE,PAGE,PATSY,,1310,COLLEGE ST, ,SOPERTON,GA,30457-3602,1310,COLLEGE ST,,SOPERTON,GA,30457-3602,A,,,02/25/2020,,,MAILED,NO,NO,NO,CH,SOPE,012,019,150,DUBL,00210,,,,
TREUTLEN,00568567,MEEKS,SAMMIE,,,1425,GEORGIA AVE, ,SOPERTON,GA,30457,1425,GEORGIA AVE,,SOPERTON,GA,30457,A,,,05/18/2020,,,MAILED,NO,NO,NO,CH,SOPE,012,019,150,DUBL,00206,,,,
TREUTLEN,00570693,MERRION,SONYA,W,,3257,CEDAR GROVE RD, ,SOPERTON,GA,30457-3235,3257,CEDAR GROVE RD,,SOPERTON,GA,30457-3235,A,,,08/25/2020,,,MAILED,NO,NO,NO,,SOPE,012,019,150,DUBL,00203,,,,
TREUTLEN,08708626,LITTLE,BRODRICK,JAMAL,,61,IVY CIR, ,SOPERTON,GA,30457-2720,61,IVY CIR,,SOPERTON,GA,30457-2720,A,,,09/10/2020,09/15/2020,,MAILED,NO,NO,NO,CH,SOPE,012,019,150,DUBL,00207,,00009,79,
TREUTLEN,04768846,CORRY,BERNICE,BURNETT,,3838,E LOUISIANA AVE, ,SOPERTON,GA,30457,3838,E LOUISIANA AVE,,SOPERTON,GA,30457,A,,,05/05/2020,,,MAILED,NO,NO,NO,CH,SOPE,012,019,150,DUBL,00212,,,,
TREUTLEN,11410795,PHILLIPS,WANDA,,,3596,HOLTON CHAPEL RD, ,SOPERTON,GA,30457,3596,HOLTON CHAPEL RD,,SOPERTON,GA,30457,A,,,04/09/2020,,,MAILED,NO,NO,NO,,ANNEX,012,019,150,DUBL,00201,,,,
TREUTLEN,10977348,MELTON,PATRICIA,GOOCH,,160,CHEROKEE TRL, ,SOPERTON,GA,30457,,PO BOX 587,,SOPERTON,GA,30457,A,,,04/09/2020,,,MAILED,NO,NO,NO,,ANNEX,012,019,150,DUBL,00201,,,,
TREUTLEN,02219713,RHYMES,SHERRY,REBECCA,,14,BERRY ST, ,SOPERTON,GA,30457,14,BERRY ST,,SOPERTON,GA,30457,A,,,04/21/2020,,,MAILED,NO,NO,NO,CH,SOPE,012,019,150,DUBL,00207,,,,
TREUTLEN,00567406,CAULEY,SARAH,,,4439,GA HIGHWAY 199, ,SOPERTON,GA,30457,4439,GA HIGHWAY 199,,SOPERTON,GA,30457,A,,,04/21/2020,,,MAILED,NO,NO,NO,,SOPE,012,019,150,DUBL,00203,,,,
TREUTLEN,00570217,BYRD,RODNEY,,,462,WINDING PINES WAY, ,SOPERTON,GA,30457-4822,462,WINDING PINES WAY,,SOPERTON,GA,30457-4822,A,,,09/15/2020,09/15/2020,,MAILED,NO,NO,NO,,ANNEX,012,019,150,DUBL,00202,,00018,118,
TREUTLEN,00567191,BOWERS,BARBARA,W,,1094,LAKE DR, ,SOPERTON,GA,30457-3532,1094,LAKE DR,,SOPERTON,GA,30457-3532,A,,,04/17/2020,,,MAILED,NO,NO,NO,CH,SOPE,012,019,150,DUBL,00210,,,,
TREUTLEN,01315838,KERR,GLENDA,,,4791,W MAIN ST, ,SOPERTON,GA,30457,4791,W MAIN ST,,SOPERTON,GA,30457,A,,,04/21/2020,,,MAILED,NO,NO,NO,CH,SOPE,012,019,150,DUBL,00207,,,,
TREUTLEN,00569390,STRICKLAND,FELTON,ODELL,,5813,GA HIGHWAY 221,APT B,SOPERTON,GA,30457,5813,GA HWY 221,APT B,SOPERTON,GA,30457-0014,A,,,08/31/2020,09/18/2020,,MAILED,NO,NO,NO,,SOPE,012,019,150,DUBL,00204,,00001,36,
TREUTLEN,00568468,MCCOY,BETTY,,,303,STUMPS WAY, ,SOPERTON,GA,30457,303,STUMPS WAY,,SOPERTON,GA,30457,A,,,04/17/2020,,,MAILED,NO,NO,NO,,ANNEX,012,019,150,DUBL,00201,,,,
TREUTLEN,11024914,CARSWELL,RYAN,ARNEL,,302,NEW ST, ,SOPERTON,GA,30457,624,FELDER ST,,AMERICUS,GA,31709,A,,,09/04/2020,09/18/2020,,MAILED,NO,NO,NO,CH,SOPE,012,019,150,DUBL,00207,,00005,66,
TREUTLEN,12286337,REESE,KATHERINE,REBECCA CHANG-SHUN,,1310,PINELAND CIR, ,SOPERTON,GA,30457,,BERRY COLLEGE,,MOUNT BERRY,GA,30149-1436,A,,,09/07/2020,09/18/2020,,MAILED,NO,NO,NO,,ANNEX,012,019,150,DUBL,00201,,00006,75,
TREUTLEN,00568960,PHILLIPS,MARY,COLEMAN,,1532,OHOOPEE BND, ,SOPERTON,GA,30457,1532,OHOOPEE BND,,SOPERTON,GA,30457,A,,,02/26/2020,,,MAILED,NO,NO,NO,,ANNEX,012,019,150,DUBL,00201,,,,
TREUTLEN,00568813,PALMER,BETTY,RUTH,,5487,GA HIGHWAY 29, ,SOPERTON,GA,30457-5231,5487,GA HIGHWAY 29,,SOPERTON,GA,30457-5231,A,,,04/21/2020,,,MAILED,NO,NO,NO,,SOPE,012,019,150,DUBL,00203,,,,
TREUTLEN,08075592,ASKELAND,JOHN,,,3834,LOTHAIR CHURCH RD, ,SOPERTON,GA,30457-7434,3834,LOTHAIR CHURCH RD,,SOPERTON,GA,30457-7434,A,,,04/17/2020,,,MAILED,NO,NO,NO,,ANNEX,012,019,150,DUBL,00202,,,,
TREUTLEN,04412035,HARRIS,SELENA,GAIL,,120,BREEZEWOOD LN, ,SOPERTON,GA,30457-4002,120,BREEZEWOOD LN,,SOPERTON,GA,30457-4002,A,,,04/17/2020,,,MAILED,NO,NO,NO,,SOPE,012,019,150,DUBL,00203,,,,
TREUTLEN,00567921,HARRIS,HAZEL,MAE,,155,PEBBLEBROOK RD, ,SOPERTON,GA,30457,155,PEBBLEBROOK RD,,SOPERTON,GA,30457,A,,,08/26/2020,09/18/2020,,MAILED,NO,NO,NO,,ANNEX,012,019,150,DUBL,00201,,00001,5,
TREUTLEN,00567763,GILLIS,MARY,ANN,,3405,CEDAR GROVE RD, ,SOPERTON,GA,30457-3243,3405,CEDAR GROVE RD,,SOPERTON,GA,30457-3243,A,,,08/25/2020,,,MAILED,NO,NO,NO,,SOPE,012,019,150,DUBL,00203,,,,
TREUTLEN,00567442,CLONTS,JULIA,P,,222,AMERICAN WAY, ,SOPERTON,GA,30457-5342,222,AMERICAN WAY,,SOPERTON,GA,30457-5342,A,,,04/05/2020,,,MAILED,NO,NO,NO,,ANNEX,012,019,150,DUBL,00202,,,,
TREUTLEN,00567741,GILLIS,IRIS,L,,9592,GA HIGHWAY 46, ,SOPERTON,GA,30457,9592,GA HIGHWAY 46,,SOPERTON,GA,30457,A,,,04/21/2020,,,MAILED,NO,NO,NO,,SOPE,012,019,150,DUBL,00205,,,,
TREUTLEN,00568519,MCLENDON,ELIZABETH,,,4387,FOWLER ST, ,SOPERTON,GA,30457-3009,4387,FOWLER ST,,SOPERTON,GA,30457-3009,A,,,09/15/2020,09/15/2020,,MAILED,NO,NO,NO,CH,SOPE,012,019,150,DUBL,00213,,00016,96,
TREUTLEN,00568652,MOORE,CECIL,,,4639,ANDERSON POND RD, ,ADRIAN,GA,31002,4639,ANDERSON POND RD,,ADRIAN,GA,31002,A,,,04/24/2020,,,MAILED,NO,NO,NO,,ANNEX,012,019,150,DUBL,00202,,,,
TREUTLEN,04164509,DELINSKI,DENNIS,JAMES,,949,PINELAND CIR, ,SOPERTON,GA,30457,949,PINELAND CIR,,SOPERTON,GA,30457,A,,,04/09/2020,,,MAILED,NO,NO,NO,,ANNEX,012,019,150,DUBL,00201,,,,
TREUTLEN,00569745,WILLIAMS,SHERRY,,,380,QUAIL RUN RD, ,MOUNT VERNON,GA,30445-2154,380,QUAIL RUN RD,,MOUNT VERNON,GA,30445-2154,A,,,04/06/2020,,,MAILED,NO,NO,NO,,SOPE,012,019,150,DUBL,00203,,,,
TREUTLEN,00548580,TOMPKINS,ARSULLA,E,,158,NEW ST, ,SOPERTON,GA,30457-2606,158,NEW ST,,SOPERTON,GA,30457-2606,A,,,09/15/2020,09/15/2020,,MAILED,NO,NO,NO,CH,SOPE,012,019,150,DUBL,00208,,00014,102,
TREUTLEN,00567454,COLLINS,LINDA,L,,880,SECOND ST, ,SOPERTON,GA,30457,880,SECOND ST,,SOPERTON,GA,30457,A,,,05/18/2020,,,MAILED,NO,NO,NO,CH,SOPE,012,019,150,DUBL,00208,,,,
TREUTLEN,08075560,MERRION,CHRISTINA,VIANCA CHI CAWN,,3257,CEDAR GROVE RD, ,SOPERTON,GA,30457-3235,3257,CEDAR GROVE RD,,SOPERTON,GA,30457-3235,A,,,09/01/2020,09/18/2020,,MAILED,NO,NO,NO,,SOPE,012,019,150,DUBL,00203,,00005,49,
TREUTLEN,00567955,HENRY,LARRY,WILBURN,,131,WINDMILL WAY, ,SOPERTON,GA,30457,131,WINDMILL WAY,,SOPERTON,GA,30457,A,,,05/18/2020,,,MAILED,NO,NO,NO,,ANNEX,012,019,150,DUBL,00202,,,,
TREUTLEN,08571698,CARTWRIGHT,CHARLES,ALLEN,,3864,ORIANNA RD, ,SOPERTON,GA,30457-5524,3864,ORIANNA RD,,SOPERTON,GA,30457-5524,A,,,09/15/2020,09/15/2020,,MAILED,NO,NO,NO,,ANNEX,012,019,150,DUBL,00202,,00015,107,
TREUTLEN,00569808,WRIGHT,PEARLIE,T,,1608,MISSISSIPPI AVE, ,SOPERTON,GA,30457-2646,1608,MISSISSIPPI AVE,,SOPERTON,GA,30457-2646,A,,,04/17/2020,,,MAILED,NO,NO,NO,CH,SOPE,012,019,150,DUBL,00208,,,,
TREUTLEN,00568933,PHILLIPS,PAUL,WARREN,JR,3596,HOLTON CHAPEL RD, ,SOPERTON,GA,30457,3596,HOLTON CHAPEL RD,,SOPERTON,GA,30457,A,,,04/08/2020,,,MAILED,NO,NO,NO,,ANNEX,012,019,150,DUBL,00201,,,,
TREUTLEN,00568924,PHILLIPS,MAE,FANNIE,,573,HORSESHOE BND, ,SOPERTON,GA,30457,573,HORSESHOE BND,,SOPERTON,GA,30457,A,,,04/24/2020,,,MAILED,NO,NO,NO,,ANNEX,012,019,150,DUBL,00201,,,,
TREUTLEN,10977345,MELTON,HAROLD,L,JR,160,CHEROKEE TRL, ,SOPERTON,GA,30457,160,CHEROKEE TRL,,SOPERTON,GA,30457,A,,,04/09/2020,,,MAILED,NO,NO,NO,,ANNEX,012,019,150,DUBL,00201,,,,
TREUTLEN,00570479,PIERCE,JUDSON,TOMAS,,1031,JENNINGS LN, ,SOPERTON,GA,30457,1031,JENNINGS LN,,SOPERTON,GA,30457,A,,,04/08/2020,,,MAILED,NO,NO,NO,CH,SOPE,012,019,150,DUBL,00208,,,,
TREUTLEN,00569985,LITTLE,KATHY,BEACHAM,,61,IVY CIR, ,SOPERTON,GA,30457-2720,61,IVY CIR,,SOPERTON,GA,30457-2720,A,,,09/10/2020,09/18/2020,,MAILED,NO,NO,NO,CH,SOPE,012,019,150,DUBL,00207,,00006,76,
TREUTLEN,00567346,CALHOUN,MARION,LIDGE,JR,2132,OLD LOUISVILLE RD, ,SOPERTON,GA,30457,2132,OLD LOUISVILLE RD,,SOPERTON,GA,30457,A,,,04/17/2020,,,MAILED,NO,NO,NO,,ANNEX,012,019,150,DUBL,00205,,,,
TREUTLEN,00568235,KEA,LUCILE,REESE,,11180,GA HIGHWAY 29, ,SOPERTON,GA,30457,11180,GA HIGHWAY 29,,SOPERTON,GA,30457,A,,,04/21/2020,,,MAILED,NO,NO,NO,,ANNEX,012,019,150,DUBL,00202,,,,
TREUTLEN,00567374,CARTER,JERRY,DON,,8720,CROOKED RUN RD, ,ADRIAN,GA,31002,8720,CROOKED RUN RD,,ADRIAN,GA,31002,A,,,05/18/2020,,,MAILED,NO,NO,NO,,ANNEX,012,019,150,DUBL,00201,,,,
TREUTLEN,00568122,JACKSON,LARRY,CLAUDE,,1911,WHISPERING PINES DR, ,SOPERTON,GA,30457-4965,1911,WHISPERING PINES DR,,SOPERTON,GA,30457-4965,A,,,04/08/2020,,,MAILED,NO,NO,NO,,ANNEX,012,019,150,DUBL,00202,,,,
TREUTLEN,00568763,NORRIS,SYLVIA,ROGERS,,9269,GA HIGHWAY 15, ,SOPERTON,GA,30457-5505,9269,GA HIGHWAY 15,,SOPERTON,GA,30457-5505,A,,,04/21/2020,,,MAILED,NO,NO,NO,,ANNEX,012,019,150,DUBL,00202,,,,
TREUTLEN,03675942,PALMER,RICHARD,B,,6971,THOMPSON POND RD, ,TARRYTOWN,GA,30470-1909,6971,THOMPSON POND RD,,TARRYTOWN,GA,30470-1909,A,,,04/21/2020,,,MAILED,NO,NO,NO,,ANNEX,012,019,150,DUBL,00205,,,,
TREUTLEN,04913527,HORNE,GERALDINE,HEATH,,3276,LAKE CASSIE RD, ,ADRIAN,GA,31002-6522,3276,LAKE CASSIE RD,,ADRIAN,GA,31002-6522,A,,,09/15/2020,09/15/2020,,MAILED,NO,NO,NO,,ANNEX,012,019,150,DUBL,00201,,00010,110,
TREUTLEN,00568125,JACKSON,PERCIVAL,LEON,,9385,CROOKED RUN RD, ,ADRIAN,GA,31002,9385,CROOKED RUN RD,,ADRIAN,GA,31002,A,,,09/15/2020,09/15/2020,,MAILED,NO,NO,NO,,ANNEX,012,019,150,DUBL,00201,,00009,109,
TREUTLEN,00567533,DAVIS,LAVERNE,W,,5470,N THIRD ST, ,SOPERTON,GA,30457,5470,N THIRD ST,,SOPERTON,GA,30457,A,,,09/02/2020,09/18/2020,,MAILED,NO,NO,NO,CH,SOPE,012,019,150,DUBL,00210,,00003,53,
TREUTLEN,10188291,DANIELS,CHARLIE,JAMES,SR,260,PITUS RD, ,SOPERTON,GA,30457,260,PITUS RD,,SOPERTON,GA,30457,A,,,09/01/2020,09/18/2020,,MAILED,NO,NO,NO,CH,SOPE,012,019,150,DUBL,00214,,00003,48,
TREUTLEN,00569297,SMITH,LIZZIE,MAE,,91,SECOND ST, ,SOPERTON,GA,30457,91,SECOND ST,,SOPERTON,GA,30457,A,,,08/27/2020,09/18/2020,,MAILED,NO,NO,NO,CH,SOPE,012,019,150,DUBL,00213,,00005,18,
TREUTLEN,00569860,HARRIS,RUTHIE,MAE,,26,CENTER DR, ,SOPERTON,GA,30457,26,CENTER DR,,SOPERTON,GA,30457,A,,,09/15/2020,09/15/2020,,MAILED,NO,YES,NO,CH,SOPE,012,019,150,DUBL,00214,,00008,88,
TREUTLEN,00570378,BRASWELL,KATHERINE,D,,180,TOWER RD, ,SOPERTON,GA,30457-5441,180,TOWER RD,,SOPERTON,GA,30457-5441,A,,,04/21/2020,,,MAILED,NO,NO,NO,,ANNEX,012,019,150,DUBL,00202,,,,
TREUTLEN,00570411,TELFAIR,ALTHEA,CONEY,,234,JOHN DEERE LN, ,SOPERTON,GA,30457,234,JOHN DEERE LN,,SOPERTON,GA,30457,A,,,08/27/2020,09/18/2020,,MAILED,NO,NO,NO,,SOPE,012,019,150,DUBL,00203,,00001,19,
TREUTLEN,00567993,JACKSON,JACQUELYN,PIERCE,,2148,MARTIN LUTHER KING JR DR, ,SOPERTON,GA,30457,2148,MARTIN LUTHER KING ,,SOPERTON,GA,30457,A,,,04/08/2020,,,MAILED,NO,NO,NO,CH,SOPE,012,019,150,DUBL,00208,,,,
TREUTLEN,00570798,FOSTER,GORDON,KEITH,,1253,MUSKOGEE RD, ,SOPERTON,GA,30457,1253,MUSKOGEE RD,,SOPERTON,GA,30457,A,,,04/09/2020,,,MAILED,NO,NO,NO,,ANNEX,012,019,150,DUBL,00202,,,,
TREUTLEN,00570225,TANNER,RUBY,DELL BRANTLEY,,1384,CALHOUN ST, ,SOPERTON,GA,30457,1384,CALHOUN ST,,SOPERTON,GA,30457,A,,,04/21/2020,,,MAILED,NO,NO,NO,CH,SOPE,012,019,150,DUBL,00212,,,,
TREUTLEN,00569408,SUMNER,SHIRLEY,JONES,,1026,BELL AVE, ,SOPERTON,GA,30457-3510,1026,BELL AVE,,SOPERTON,GA,30457-3510,A,,,04/08/2020,,,MAILED,NO,NO,NO,CH,SOPE,012,019,150,DUBL,00210,,,,
TREUTLEN,00569436,MOORE,JANICE,TAPLEY,,3626,E LOUISIANA AVE, ,SOPERTON,GA,30457,3626,E LOUISIANA AVE,,SOPERTON,GA,30457,A,,,02/25/2020,,,MAILED,NO,NO,NO,CH,SOPE,012,019,150,DUBL,00212,,,,
TREUTLEN,02227334,PRICE,RICKY,L,,153,BELK ST, ,SOPERTON,GA,30457-2109,153,BELK ST,,SOPERTON,GA,30457-2109,A,,,04/09/2020,,,MAILED,NO,NO,NO,CH,SOPE,012,019,150,DUBL,00208,,,,
TREUTLEN,00567906,HARMON,RUBY,TENIA,,2079,CEDAR GROVE RD, ,SOPERTON,GA,30457,2079,CEDAR GROVE RD,,SOPERTON,GA,30457,A,,,04/08/2020,,,MAILED,NO,NO,NO,,ANNEX,012,019,150,DUBL,00202,,,,
TREUTLEN,00567136,BEASLEY,JUDY,ANN,,5113,OLD LOUISVILLE RD, ,TARRYTOWN,GA,30457,5113,OLD LOUISVILLE RD,,TARRYTOWN,GA,30457,A,,,04/24/2020,,,MAILED,NO,NO,NO,,ANNEX,012,019,150,DUBL,00201,,,,
TREUTLEN,07715407,HEDGECOCK,CHRIS,NELSON,,6005,KNOX MILL RD, ,SOPERTON,GA,30457,6005,KNOX MILL RD,,SOPERTON,GA,30457,A,,,09/16/2020,09/16/2020,,MAILED,NO,NO,NO,,SOPE,012,019,150,DUBL,00204,,00007,136,
TREUTLEN,00569160,ROGERS,RICKY,,,335,SPIVEY CEMETARY RD, ,SOPERTON,GA,30457-5434,335,SPIVEY CEMETARY RD,,SOPERTON,GA,30457-5434,A,,,04/21/2020,,,MAILED,NO,NO,NO,,ANNEX,012,019,150,DUBL,00202,,,,
TREUTLEN,00569355,STAPLETON,STEVEN,LAMAR,,122,FAITH CHURCH RD, ,SOPERTON,GA,30457,1623,GA HIGHWAY 441 N,,DUBLIN,GA,31021,A,,,09/03/2020,09/18/2020,,MAILED,NO,NO,NO,,ANNEX,012,019,150,DUBL,00202,,00012,59,
TREUTLEN,06235161,BELLAMY,LESSIE,MAE,,450,BALLPARK RD, ,SOPERTON,GA,30457,450,BALLPARK RD,,SOPERTON,GA,30457,A,,,08/27/2020,09/18/2020,,MAILED,NO,NO,NO,,ANNEX,012,019,150,DUBL,00202,,00008,26,
TREUTLEN,00568467,MCCLOUD,SHARON,DENISE,,4292,FOWLER ST, ,SOPERTON,GA,30457-3102,4292,FOWLER ST,,SOPERTON,GA,30457,A,,,09/15/2020,09/15/2020,,MAILED,NO,NO,NO,CH,SOPE,012,019,150,DUBL,00213,,00020,128,
TREUTLEN,11639779,WILLIAMS,HUNTER,PAGE,,896,KNOX MILL RD, ,SOPERTON,GA,30457,896,KNOX MILL RD,,SOPERTON,GA,30457,A,,,08/25/2020,,,MAILED,NO,NO,NO,,ANNEX,012,019,150,DUBL,00202,,,,
TREUTLEN,00620658,LEVERETT,LINDA,S,,19,CEDAR LN, ,SOPERTON,GA,30457-4712,19,CEDAR LN,,SOPERTON,GA,30457-4712,A,,,04/08/2020,,,MAILED,NO,NO,NO,,ANNEX,012,019,150,DUBL,00202,,,,
TREUTLEN,08519439,GRIFFITHS,JOYCE,LYNN,,3581,MOUNT VERNON RD, ,SOPERTON,GA,30457,3581,MOUNT VERNON RD,,SOPERTON,GA,30457,A,,,04/09/2020,,,MAILED,NO,NO,NO,CH,SOPE,012,019,150,DUBL,00213,,,,
TREUTLEN,01318896,HORTON,DONAVON,LAMAR,,5690,KNOX MILL RD, ,SOPERTON,GA,30457,5690,KNOX MILL RD,,SOPERTON,GA,30457,A,,,09/15/2020,09/15/2020,,MAILED,NO,NO,NO,,SOPE,012,019,150,DUBL,00204,,00005,111,
TREUTLEN,03362368,BRANTLEY,JAMES,,SR,194,BRIARWOOD DR, ,SOPERTON,GA,30457-4132,194,BRIARWOOD DR,,SOPERTON,GA,30457-4132,A,,,03/02/2020,,,MAILED,NO,NO,NO,,SOPE,012,019,150,DUBL,00203,,,,
TREUTLEN,04403632,BELLAMY,VERNON,JEROME,,2027,ALABAMA AVE, ,SOPERTON,GA,30457-1303,2027,ALABAMA AVE,,SOPERTON,GA,30457-1303,A,,,04/21/2020,,,MAILED,NO,NO,NO,CH,SOPE,012,019,150,DUBL,00208,,,,
TREUTLEN,01019780,MOORE,TINA,LOUISE,,4418,ANDERSON POND RD, ,ADRIAN,GA,31002-6228,4418,ANDERSON POND RD,,ADRIAN,GA,31002-6228,A,,,09/15/2020,09/15/2020,,MAILED,NO,NO,NO,,ANNEX,012,019,150,DUBL,00202,,00019,123,
TREUTLEN,01597496,MINCEY,LULA,MAE,,1137,CROOKED RUN RD, ,SOPERTON,GA,30457,1137,CROOKED RUN RD,,SOPERTON,GA,30457,A,,,09/15/2020,09/15/2020,,MAILED,NO,YES,NO,,SOPE,012,019,150,DUBL,00204,,00004,91,
TREUTLEN,00569666,WHEELER,MYRA,KAY,,519,DEER RUN, ,SOPERTON,GA,30457,519,DEER RUN,,SOPERTON,GA,30457,A,,,05/15/2020,,,MAILED,NO,NO,NO,,ANNEX,012,019,150,DUBL,00201,,,,
TREUTLEN,11799058,MCLEOD,JACOB,BRANDON,,2073,GA HIGHWAY 221, ,SOPERTON,GA,30457,,2383 W HOUSTON ST,,FAYETTEVILLE,AR,72703,A,,,08/29/2020,09/18/2020,,MAILED,NO,NO,NO,,SOPE,012,019,150,DUBL,00203,,00004,35,
TREUTLEN,00568966,PIERCE,ELVIS,PERRY,,1063,JENNINGS LN, ,SOPERTON,GA,30457-2147,1063,JENNINGS LN,,SOPERTON,GA,30457-2147,A,,,08/25/2020,,,MAILED,NO,NO,NO,CH,SOPE,012,019,150,DUBL,00208,,,,
TREUTLEN,00568385,LOVE,JIMMIE,L,,2858,RIVOLI CLAY RD, ,SOPERTON,GA,30457-4357,2858,RIVOLI CLAY RD,,SOPERTON,GA,30457-4357,A,,,09/01/2020,,,MAILED,NO,NO,NO,,SOPE,012,019,150,DUBL,00203,,,,
TREUTLEN,00568587,MILLER,EDDIE,LEE,,1551,FOREST AVE, ,SOPERTON,GA,30457,1551,FOREST AVE,,SOPERTON,GA,30457,A,,,08/26/2020,09/18/2020,,MAILED,NO,NO,NO,CH,SOPE,012,019,150,DUBL,00208,,00003,9,
TREUTLEN,06766134,ATKINSON,AMY,SUNDERLAND,,1752,GEORGIA AVE, ,SOPERTON,GA,30457,1752,GEORGIA AVE,,SOPERTON,GA,30457,A,,,09/03/2020,09/18/2020,,MAILED,NO,NO,NO,CH,SOPE,012,019,150,DUBL,00207,,00003,61,
TREUTLEN,06679842,PHILLIPS,LOIS,JEAN,,19346,GA HIGHWAY 46, ,SOPERTON,GA,30457-6510,19346,GA HIGHWAY 46,,SOPERTON,GA,30457-6510,A,,,04/21/2020,,,MAILED,NO,NO,NO,,ANNEX,012,019,150,DUBL,00201,,,,
TREUTLEN,04413198,ALFORD,JOSHUA,BRAGG,,3481,GA HIGHWAY 199, ,SOPERTON,GA,30457,3481,GA HIGHWAY 199,,SOPERTON,GA,30457,A,,,09/15/2020,09/15/2020,,MAILED,NO,NO,NO,,SOPE,012,019,150,DUBL,00203,,00012,113,
TREUTLEN,10921382,HARLEY,JAMES,ROBERT,,1015,BELL AVE, ,SOPERTON,GA,30457,1015,BELL AVE,,SOPERTON,GA,30457,A,,,04/21/2020,,,MAILED,NO,NO,NO,CH,SOPE,012,019,150,DUBL,00212,,,,
TREUTLEN,11360584,CURRY,MARTEL,LASHON,,1559,MISSISSIPPI AVE, ,SOPERTON,GA,30457,1559,MISSISSIPPI AVE,,SOPERTON,GA,30457,A,,,05/18/2020,,,MAILED,NO,NO,NO,CH,SOPE,012,019,150,DUBL,00207,,,,
TREUTLEN,07966025,YOUNG,GAYLE,L,,1406,GEORGIA AVE, ,SOPERTON,GA,30457,1406,GEORGIA AVE,,SOPERTON,GA,30457,A,,,09/15/2020,09/15/2020,,MAILED,NO,NO,NO,CH,SOPE,012,019,150,DUBL,00208,,00015,104,
TREUTLEN,10763779,GILLIS,HARRY,PATTON,,2249,COLLEGE ST, ,SOPERTON,GA,30457,,PO BOX 408,,SOPERTON,GA,30457,A,,,02/28/2020,,,MAILED,NO,NO,NO,CH,SOPE,012,019,150,DUBL,00210,,,,
TREUTLEN,07302885,RENFROE,PAMELA,MARIE,,647,SWEET ONION RD, ,TARRYTOWN,GA,30470,647,SWEET ONION RD,,TARRYTOWN,GA,30470,A,,,09/15/2020,09/15/2020,,MAILED,NO,YES,NO,,SOPE,012,019,150,DUBL,00205,,00003,84,
TREUTLEN,12173590,GREEN,CYNTHIA,R,,1611,OUTLAW GROVE RD, ,SOPERTON,GA,30457,1611,OUTLAW GROVE RD,,SOPERTON,GA,30457,A,,,09/06/2020,09/18/2020,,MAILED,NO,NO,NO,,ANNEX,012,019,150,DUBL,00201,,00004,73,
TREUTLEN,05069508,HERRIN,DWELINE,HUTCHESON,,4906,W LOUISIANA AVE, ,SOPERTON,GA,30457,4906,W LOUISIANA AVE,,SOPERTON,GA,30457,A,,,04/08/2020,,,MAILED,NO,NO,NO,CH,SOPE,012,019,150,DUBL,00208,,,,
TREUTLEN,00567541,DAWSON,EUGENE,,JR,2375,LONESOME PINE RD, ,SOPERTON,GA,30457-4136,2375,LONESOME PINE RD,,SOPERTON,GA,30457-4136,A,,,04/21/2020,,,MAILED,NO,NO,NO,,SOPE,012,019,150,DUBL,00203,,,,
TREUTLEN,04399734,MINCEY,DAISY,STONE,,1283,MARTIN LUTHER KING JR DR, ,SOPERTON,GA,30457,1283,MARTIN LUTHER KING ,,SOPERTON,GA,30457,A,,,04/17/2020,,,MAILED,NO,NO,NO,CH,SOPE,012,019,150,DUBL,00213,,,,
TREUTLEN,03870325,RICKS,PATRINA,DENISE,,3165,E MAIN ST, ,SOPERTON,GA,30457,3165,E MAIN ST,,SOPERTON,GA,30457,A,,,08/28/2020,09/18/2020,,MAILED,NO,NO,NO,CH,SOPE,012,019,150,DUBL,00212,,00001,31,
TREUTLEN,00567977,HESTER,EUGENE,,,1239,ENNIS CIR, ,SOPERTON,GA,30457-3448,1239,ENNIS CIR,,SOPERTON,GA,30457-3448,A,,,04/08/2020,,,MAILED,NO,NO,NO,CH,SOPE,012,019,150,DUBL,00210,,,,
TREUTLEN,04164511,DELINSKI,JANET,MARIE,,949,PINELAND CIR, ,SOPERTON,GA,30457-6259,949,PINELAND CIR,,SOPERTON,GA,30457-6259,A,,,04/09/2020,,,MAILED,NO,NO,NO,,ANNEX,012,019,150,DUBL,00201,,,,
TREUTLEN,10660878,JOYNER,BRENDA,JOYCE,,142,WOMMACK AVE, ,SOPERTON,GA,30457,142,WOMMACK AVE,,SOPERTON,GA,30457,A,,,04/21/2020,,,MAILED,NO,NO,NO,CH,SOPE,012,019,150,DUBL,00208,,,,
TREUTLEN,00567500,CROWE,CAROL,HARRINGTON,,1653,MUSKOGEE RD, ,SOPERTON,GA,30457-5623,1653,MUSKOGEE RD,,SOPERTON,GA,30457-5623,A,,,04/21/2020,,,MAILED,NO,NO,NO,,ANNEX,012,019,150,DUBL,00201,,,,
TREUTLEN,05347433,JOHNSON,MARILYN,PAGE,,468,LONESOME PINE RD, ,TARRYTOWN,GA,30470,468,LONESOME PINE RD,,TARRYTOWN,GA,30470,A,,,04/21/2020,,,MAILED,NO,NO,NO,,SOPE,012,019,150,DUBL,00205,,,,
TREUTLEN,08044799,PACE,GREGORY,LEONARDO,,1214,OUTLAW AVE, ,SOPERTON,GA,30457,1214,OUTLAW AVE,,SOPERTON,GA,30457,A,,,09/15/2020,09/15/2020,,MAILED,NO,NO,NO,CH,SOPE,012,019,150,DUBL,00206,,00003,95,
TREUTLEN,11321913,MCDANIEL,TIFFANY,SAMANTHA,,1400,CALHOUN ST, ,SOPERTON,GA,30457,1400,CALHOUN ST,,SOPERTON,GA,30457,A,,,09/12/2020,09/15/2020,,MAILED,NO,NO,NO,CH,SOPE,012,019,150,DUBL,00212,,00005,80,
TREUTLEN,00567091,BARNES,MATTIE,LOU,,2014,CEDAR GROVE RD, ,SOPERTON,GA,30457-4114,1397,CEDAR GROVE RD,,SOPERTON,GA,30457,A,,,09/15/2020,09/15/2020,,MAILED,NO,YES,NO,,SOPE,012,019,150,DUBL,00203,,00008,85,
TREUTLEN,00568792,PADGETT,LOUISE,,,832,RED BLUFF CHURCH RD, ,SOPERTON,GA,30457,842,RED BLUFF CHURCH RD,,SOPERTON,GA,30457,A,,,09/02/2020,,,MAILED,NO,NO,NO,,ANNEX,012,019,150,DUBL,00202,,,,
TREUTLEN,10226279,MILLER,TADARIUS,ZAEVION,,8042,METTER RD, ,SOPERTON,GA,30457,8042,METTER RD,,SOPERTON,GA,30457,A,,,08/27/2020,09/18/2020,,MAILED,NO,NO,NO,CH,SOPE,012,019,150,DUBL,00208,,00004,20,
TREUTLEN,00569105,RICKS,FREDA,ODOM,,1158,EDWIN ST, ,SOPERTON,GA,30457-3526,1158,EDWIN ST,,SOPERTON,GA,30457-3526,A,,,05/05/2020,,,MAILED,NO,NO,NO,CH,SOPE,012,019,150,DUBL,00212,,,,
TREUTLEN,05917292,FERRARE,DEBORAH,ANNE,,3497,E MAIN ST, ,SOPERTON,GA,30457-3557,3497,E MAIN ST,,SOPERTON,GA,30457-3557,A,,,04/17/2020,,,MAILED,NO,NO,NO,CH,SOPE,012,019,150,DUBL,00212,,,,
TREUTLEN,06380239,CROSBY,DONNY,S,,6960,THOMPSON POND RD, ,TARRYTOWN,GA,30470-1922,6960,THOMPSON POND RD,,TARRYTOWN,GA,30470-1922,A,,,04/08/2020,,,MAILED,NO,NO,NO,,ANNEX,012,019,150,DUBL,00205,,,,
TREUTLEN,00569181,SALTER,JANICE,,,457,SISTERS LN, ,ADRIAN,GA,31002-6409,457,SISTERS LN,,ADRIAN,GA,31002-6409,A,,,04/08/2020,,,MAILED,NO,NO,NO,,ANNEX,012,019,150,DUBL,00201,,,,
TREUTLEN,05820701,MCGEE,DIXEY,LYN,,3256,HOLTON CHAPEL RD, ,SOPERTON,GA,30457,3256,HOLTON CHAPEL RD,,SOPERTON,GA,30457,A,,,09/02/2020,09/18/2020,,MAILED,NO,NO,NO,,ANNEX,012,019,150,DUBL,00201,,00003,54,
TREUTLEN,00567608,EDGE,DORIS,,,1457,OAK VALLEY RD, ,SOPERTON,GA,30457,1457,OAK VALLEY RD,,SOPERTON,GA,30457,A,,,08/28/2020,,,MAILED,NO,NO,NO,,SOPE,012,019,150,DUBL,00205,,,,
TREUTLEN,00529328,FANN,MARILYN,COOK,,109,MAPLE ST, ,SOPERTON,GA,30457-2733,109,MAPLE ST,,SOPERTON,GA,30457-2733,A,,,08/27/2020,09/18/2020,,MAILED,NO,NO,NO,CH,SOPE,012,019,150,DUBL,00207,,00002,23,
TREUTLEN,00567523,CURRY,LINDA,,,1559,MISSISSIPPI AVE, ,SOPERTON,GA,30457-2645,1559,MISSISSIPPI AVE,,SOPERTON,GA,30457-2645,A,,,05/05/2020,,,MAILED,NO,NO,NO,CH,SOPE,012,019,150,DUBL,00207,,,,
TREUTLEN,04356842,WILDS,BELINDA,J,,474,NEW ST, ,SOPERTON,GA,30457,474,NEW ST,,SOPERTON,GA,30457,A,,,09/15/2020,09/15/2020,,MAILED,NO,NO,NO,CH,SOPE,012,019,150,DUBL,00214,,00009,120,
TREUTLEN,00567855,HALL,LAVERNE,MARTHA,,95,KNOX MILL RD, ,SOPERTON,GA,30457,95,KNOX MILL RD,,SOPERTON,GA,30457,A,,,09/15/2020,09/15/2020,,MAILED,NO,NO,NO,,ANNEX,012,019,150,DUBL,00202,,00016,108,
TREUTLEN,00570021,JONES,ANNIE,MAE,,1027,JACKSON ST, ,SOPERTON,GA,30457,1027,JACKSON ST,,SOPERTON,GA,30457,A,,,08/28/2020,,,MAILED,NO,NO,NO,CH,SOPE,012,019,150,DUBL,00213,,,,
TREUTLEN,06013141,MCCLOUD,ANDREW,DELOIS,,1119,JENNINGS LN, ,SOPERTON,GA,30457,1119,JENNINGS LN,,SOPERTON,GA,30457,A,,,08/25/2020,,,MAILED,NO,NO,NO,CH,SOPE,012,019,150,DUBL,00208,,,,
TREUTLEN,00568557,MEEKS,RUBY,NELL,,5982,KNOX MILL RD, ,SOPERTON,GA,30457-5125,5982,KNOX MILL RD,,SOPERTON,GA,30457-5125,A,,,04/09/2020,,,MAILED,NO,NO,NO,,SOPE,012,019,150,DUBL,00204,,,,
TREUTLEN,08660653,LEWIS,BETTY,MOXLEY,,1345,OLD DAIRY RD, ,SOPERTON,GA,30457,1345,OLD DAIRY RD,,SOPERTON,GA,30457,A,,,03/09/2020,,,MAILED,NO,NO,NO,,SOPE,012,019,150,DUBL,00204,,,,
TREUTLEN,05970704,GRINER,RUSSELL,L,,84,BALLPARK RD, ,SOPERTON,GA,30457,84,BALLPARK RD,,SOPERTON,GA,30457,A,,,04/08/2020,,,MAILED,NO,NO,NO,,ANNEX,012,019,150,DUBL,00202,,,,
TREUTLEN,00569159,GRAHAM,REBA,T,,2594,OLD LOUISVILLE RD, ,SOPERTON,GA,30457,2594,OLD LOUISVILLE RD,,SOPERTON,GA,30457,A,,,04/24/2020,,,MAILED,NO,NO,NO,,ANNEX,012,019,150,DUBL,00205,,,,
TREUTLEN,11900563,BRADLEY,VITA,ANN,,1098,PINE HILL RD, ,SOPERTON,GA,30457,1098,PINE HILL RD,,SOPERTON,GA,30457,A,,,04/21/2020,,,MAILED,NO,NO,NO,,ANNEX,012,019,150,DUBL,00201,,,,
TREUTLEN,00567501,CROWE,ERNEST,WESLEY,,1653,MUSKOGEE RD, ,SOPERTON,GA,30457-5623,1653,MUSKOGEE RD,,SOPERTON,GA,30457-5623,A,,,04/21/2020,,,MAILED,NO,NO,NO,,ANNEX,012,019,150,DUBL,00201,,,,
TREUTLEN,08500022,MCLENDON,CHELSEA,JANETTA,,4387,FOWLER ST, ,SOPERTON,GA,30457-3009,4387,FOWLER ST,,SOPERTON,GA,30457-3009,A,,,09/15/2020,09/15/2020,,MAILED,NO,NO,NO,CH,SOPE,012,019,150,DUBL,00213,,00017,97,
TREUTLEN,04968364,GILLIS,DARRELL,LEE,,1049,ARCH ST,A3,SOPERTON,GA,30457,1049,ARCH ST,A3,SOPERTON,GA,30457,A,,,08/25/2020,,,MAILED,NO,NO,NO,CH,SOPE,012,019,150,DUBL,00210,,,,
TREUTLEN,00570782,LITTLE,WILBUR,THEADDIUES,,124,BERRY ST, ,SOPERTON,GA,30457-2726,124,BERRY ST,,SOPERTON,GA,30457-2726,A,,,08/25/2020,,,MAILED,NO,NO,NO,CH,SOPE,012,019,150,DUBL,00207,,,,
TREUTLEN,03656137,BELL,LOLITA,GENOLA,,1091,MEADOWOOD LN, ,SOPERTON,GA,30457-2151,1091,MEADOWOOD LN,,SOPERTON,GA,30457-2151,A,,,09/01/2020,09/18/2020,,MAILED,NO,NO,NO,CH,SOPE,012,019,150,DUBL,00208,,00009,46,
TREUTLEN,01249997,ROLAND,ROBERT,RANDALL,,3674,E LOUISIANA AVE, ,SOPERTON,GA,30457,3674,E LOUISIANA AVE,,SOPERTON,GA,30457,A,,,04/21/2020,,,MAILED,NO,NO,NO,CH,SOPE,012,019,150,DUBL,00212,,,,
TREUTLEN,10921392,HARLEY,MARY,ALICE,,1015,BELL AVE, ,SOPERTON,GA,30457,1015,BELL AVE,,SOPERTON,GA,30457,A,,,04/21/2020,,,MAILED,NO,NO,NO,CH,SOPE,012,019,150,DUBL,00212,,,,
TREUTLEN,01510054,STRINGER,CHARLES,FREDRICK,,11266,GA HIGHWAY 29, ,SOPERTON,GA,30457,11266,GA HIGHWAY 29,,SOPERTON,GA,30457,A,,,05/05/2020,,,MAILED,NO,NO,NO,,ANNEX,012,019,150,DUBL,00202,,,,
TREUTLEN,08519435,GRIFFITHS,DENNIS,V,,3581,MOUNT VERNON RD, ,SOPERTON,GA,30457,3581,MOUNT VERNON RD,,SOPERTON,GA,30457,A,,,04/08/2020,,,MAILED,NO,NO,NO,CH,SOPE,012,019,150,DUBL,00213,,,,
TREUTLEN,02238062,FIELDS,DENISE,LYNN,,9144,CROOKED RUN RD, ,ADRIAN,GA,31002,9144,CROOKED RUN RD,,ADRIAN,GA,31002,A,,,04/08/2020,,,MAILED,NO,NO,NO,,ANNEX,012,019,150,DUBL,00201,,,,
TREUTLEN,00568989,POPE,EVELYN,S,,1331,TEXAS AVE, ,SOPERTON,GA,30457,1331,TEXAS AVE,,SOPERTON,GA,30457,A,,,02/03/2020,,,MAILED,NO,NO,NO,CH,SOPE,012,019,150,DUBL,00212,,,,
TREUTLEN,00568469,MCCOY,FRANKLIN,,,303,STUMPS WAY, ,SOPERTON,GA,30457-6533,303,STUMPS WAY,,SOPERTON,GA,30457-6533,A,,,04/21/2020,,,MAILED,NO,NO,NO,,ANNEX,012,019,150,DUBL,00201,,,,
TREUTLEN,05772785,HERNDON,DOROTHY,NELL,,13480,GA HIGHWAY 46, ,SOPERTON,GA,30457-6411,13480,GA HIGHWAY 46,,SOPERTON,GA,30457-6411,A,,,04/21/2020,,,MAILED,NO,NO,NO,,ANNEX,012,019,150,DUBL,00201,,,,
TREUTLEN,00569616,WARNOCK,INEZ,BROWN,,3196,E RAILROAD AVE, ,SOPERTON,GA,30457-3636,3196,E RAILROAD AVE,,SOPERTON,GA,30457-3636,A,,,04/21/2020,,,MAILED,NO,NO,NO,CH,SOPE,012,019,150,DUBL,00212,,,,
TREUTLEN,00568360,LITTLE,WALLACE,ALAN,,61,IVY CIR, ,SOPERTON,GA,30457,61,IVY CIR,,SOPERTON,GA,30457,A,,,09/10/2020,09/18/2020,,MAILED,NO,NO,NO,CH,SOPE,012,019,150,DUBL,00207,,00007,77,
TREUTLEN,01788233,JOINER,JAMES,EDWARD,,3136,E RAILROAD AVE, ,SOPERTON,GA,30457-3636,3136,E RAILROAD AVE,,SOPERTON,GA,30457-3636,A,,,04/21/2020,,,MAILED,NO,NO,NO,CH,SOPE,012,019,150,DUBL,00212,,,,
TREUTLEN,00568965,PIERCE,DIANNE,W,,1063,JENNINGS LN, ,SOPERTON,GA,30457,1063,JENNINGS LN,,SOPERTON,GA,30457,A,,,08/25/2020,,,MAILED,NO,NO,NO,CH,SOPE,012,019,150,DUBL,00208,,,,
TREUTLEN,00567536,DAVIS,SHANE,,,2293,RED BLUFF CHURCH RD, ,SOPERTON,GA,30457-5028,2293,RED BLUFF CHURCH RD,,SOPERTON,GA,30457-5028,A,,,05/05/2020,,,MAILED,NO,NO,NO,,ANNEX,012,019,150,DUBL,00202,,,,
TREUTLEN,02226336,BERRY,CATHY,ANN,,3751,GA HIGHWAY 199, ,SOPERTON,GA,30457,3751,GA HIGHWAY 199,,SOPERTON,GA,30457,A,,,09/15/2020,09/15/2020,,MAILED,NO,NO,NO,,SOPE,012,019,150,DUBL,00203,,00011,100,
TREUTLEN,04458142,MOYE,TABITHA,ELAINE,,1034,PINE FOREST DR,APT B,SOPERTON,GA,30457,1034,PINE FOREST DR,APT B,SOPERTON,GA,30457,A,,,09/05/2020,09/18/2020,,MAILED,NO,NO,NO,CH,SOPE,012,019,150,DUBL,00213,,00013,71,
TREUTLEN,00567822,GRINSTEAD,REBA,MYRL,,7609,GA HIGHWAY 221, ,SOPERTON,GA,30457,7609,GA HIGHWAY 221,,SOPERTON,GA,30457,A,,,04/09/2020,,,MAILED,NO,NO,NO,,ANNEX,012,019,150,DUBL,00201,,,,
TREUTLEN,00568590,MILLER,FLOSSIE,BELL,,1770,MILLER POND RD, ,SOPERTON,GA,30457-7450,1770,MILLER POND RD,,SOPERTON,GA,30457-7450,A,,,04/08/2020,,,MAILED,NO,NO,NO,,SOPE,012,019,150,DUBL,00203,,,,
TREUTLEN,00569534,WADLEY,EVON,,,101,WESTEND DR, ,SOPERTON,GA,30457,101,WESTEND DR,,SOPERTON,GA,30457,A,,,03/13/2020,,,MAILED,NO,NO,NO,CH,SOPE,012,019,150,DUBL,00213,,,,
TREUTLEN,04845986,TOLER,LOUISE,,,30,WOMMACK AVE, ,SOPERTON,GA,30457-2301,30,WOMMACK AVE,,SOPERTON,GA,30457-2301,A,,,04/06/2020,,,MAILED,NO,NO,NO,CH,SOPE,012,019,150,DUBL,00208,,,,
TREUTLEN,07118410,PURIFOY,NICHOLAS,CRAIG,,1590,BELL AVE, ,SOPERTON,GA,30457-3520,,PO BOX 104,,SOPERTON,GA,30457-0010,A,,,04/23/2020,09/16/2020,,ELECTRONIC,NO,NO,NO,CH,SOPE,012,019,150,DUBL,00212,,00001,134,
TREUTLEN,00569665,WHEELER,ALVIN,,,519,DEER RUN, ,SOPERTON,GA,30457-7041,519,DEER RUN,,SOPERTON,GA,30457-7041,A,,,04/21/2020,,,MAILED,NO,NO,NO,,ANNEX,012,019,150,DUBL,00201,,,,
TREUTLEN,12598584,TISDALE,FANNIE,BELL,,4637,FOWLER ST, ,SOPERTON,GA,30457,4637,FOWLER ST,,SOPERTON,GA,30457,A,,,08/26/2020,,,MAILED,NO,NO,NO,CH,SOPE,012,019,150,DUBL,00213,,,,
TREUTLEN,06128347,TRIMBLE,MAXINE,DENISE,,5225,N THIRD ST, ,SOPERTON,GA,30457,5225,N THIRD ST,,SOPERTON,GA,30457,A,,,08/28/2020,09/18/2020,,MAILED,NO,NO,NO,CH,SOPE,012,019,150,DUBL,00208,,00006,33,
TREUTLEN,01644250,HORNE,LOTTIE,BROWN,,1013,CHERRYWOOD TRL, ,SOPERTON,GA,30457-5376,1013,CHERRYWOOD TRL,,SOPERTON,GA,30457-5376,A,,,08/26/2020,09/18/2020,,MAILED,NO,NO,NO,,ANNEX,012,019,150,DUBL,00202,,00004,15,
TREUTLEN,00568287,KING,HERMAN,,,2575,BARWICK AVE, ,SOPERTON,GA,30457-2715,2575,BARWICK AVE,,SOPERTON,GA,30457-2715,A,,,03/03/2020,,,MAILED,NO,NO,NO,CH,SOPE,012,019,150,DUBL,00207,,,,
TREUTLEN,11799081,MCLEOD,KALEB,D,,2073,GA HIGHWAY 221, ,SOPERTON,GA,30457,,"HILLSIDE APT. 2625, BELMONT ",,NASHVILLE,TN,37212,A,,,09/13/2020,09/15/2020,,MAILED,NO,NO,NO,,SOPE,012,019,150,DUBL,00203,,00007,82,
TREUTLEN,00570026,KIRKLAND,DIANNE,MARTIN,,7448,EASTMAN RD,APT A,SOPERTON,GA,30457,7448,EASTMAN RD,APT A,SOPERTON,GA,30457,A,,,08/26/2020,09/18/2020,,MAILED,NO,NO,NO,CH,SOPE,012,019,150,DUBL,00206,,00001,6,
TREUTLEN,00569855,BAKER,SWANSON,V,,1049,ARCH ST,B3,SOPERTON,GA,30457-2450,1049,ARCH ST,B3,SOPERTON,GA,30457-2450,A,,,08/25/2020,,,MAILED,NO,NO,NO,CH,SOPE,012,019,150,DUBL,00210,,,,
TREUTLEN,05926218,MANNING,OLEN,L,,336,TIMBER RIDGE LN, ,SOPERTON,GA,30457-4442,336,TIMBER RIDGE LN,,SOPERTON,GA,30457-4442,A,,,04/21/2020,,,MAILED,NO,NO,NO,,ANNEX,012,019,150,DUBL,00202,,,,
TREUTLEN,00567661,FLANDERS,RUTHIE,MAE,,1072,MEADOWOOD LN, ,SOPERTON,GA,30457-2150,1072,MEADOWOOD LN,,SOPERTON,GA,30457-2150,A,,,05/18/2020,,,MAILED,NO,NO,NO,CH,SOPE,012,019,150,DUBL,00208,,,,
TREUTLEN,00570810,RICKS,JAMES,KENNETH,,3260,E RAILROAD AVE, ,SOPERTON,GA,30457,3260,E RAILROAD AVE,,SOPERTON,GA,30457,A,,,09/04/2020,09/18/2020,,MAILED,NO,NO,NO,CH,SOPE,012,019,150,DUBL,00212,,00003,67,
TREUTLEN,04008725,RHYMES,VELTON,,,14,BERRY ST, ,SOPERTON,GA,30457-2725,14,BERRY ST,,SOPERTON,GA,30457-2725,A,,,04/21/2020,,,MAILED,NO,NO,NO,CH,SOPE,012,019,150,DUBL,00207,,,,
TREUTLEN,01312524,GRIFFIN,ROY,LEE,,60,PITUS RD, ,SOPERTON,GA,30457-2945,60,PITUS RD,,SOPERTON,GA,30457-2945,A,,,02/26/2020,,,MAILED,NO,NO,NO,CH,SOPE,012,019,150,DUBL,00214,,,,
TREUTLEN,00567873,HARDEN,CAROLYN,W,,1089,HYMAN AVE, ,SOPERTON,GA,30457-2935,,PO BOX 425,,SOPERTON,GA,30457-0042,A,,,04/09/2020,,,MAILED,NO,NO,NO,CH,SOPE,012,019,150,DUBL,00213,,,,
TREUTLEN,01318698,MCKINNEY,ALFRED,,,1019,UNDERWOOD LN,UNIT 110,SOPERTON,GA,30457-2623,1019,UNDERWOOD LN,UNIT 110,SOPERTON,GA,30457-2623,A,,,08/25/2020,,,MAILED,NO,NO,NO,CH,SOPE,012,019,150,DUBL,00208,,,,
TREUTLEN,01485076,ARRINGTON,UTAH,H,,9089,GA HIGHWAY 46, ,SOPERTON,GA,30457-6203,9089,GA HIGHWAY 46,,SOPERTON,GA,30457-6203,A,,,04/08/2020,,,MAILED,NO,NO,NO,,SOPE,012,019,150,DUBL,00205,,,,
TREUTLEN,00569263,HESTER,EDWINA,SIMONS,,374,SURREY LN, ,TARRYTOWN,GA,30470-1718,374,SURREY LN,,TARRYTOWN,GA,30470-1718,A,,,04/08/2020,,,MAILED,NO,NO,NO,,ANNEX,012,019,150,DUBL,00201,,,,
TREUTLEN,00569095,GILLIS,VIVIAN,B,,3260,E RAILROAD AVE, ,SOPERTON,GA,30457,3260,E RAILROAD AVE,,SOPERTON,GA,30457,A,,,04/21/2020,,,MAILED,NO,NO,NO,CH,SOPE,012,019,150,DUBL,00212,,,,
TREUTLEN,00569092,RICHARDSON,LAMAR,,,2039,TROUPS TOMB RD, ,SOPERTON,GA,30457,2039,TROUPS TOMB RD,,SOPERTON,GA,30457,A,,,05/28/2020,,,MAILED,NO,NO,NO,,ANNEX,012,019,150,DUBL,00202,,,,
TREUTLEN,00568464,MCCLENDON,SHARON,VERONICA,,1030,CANADY AVE, ,SOPERTON,GA,30457-2920,1030,CANADY AVE,,SOPERTON,GA,30457-2920,A,,,02/25/2020,,,MAILED,NO,NO,NO,CH,SOPE,012,019,150,DUBL,00213,,,,
TREUTLEN,00567951,HEATH,TOMMY,LEE,,2240,LAKE CASSIE RD, ,ADRIAN,GA,31002-6502,2240,LAKE CASSIE RD,,ADRIAN,GA,31002-6502,A,,,04/21/2020,,,MAILED,NO,NO,NO,,ANNEX,012,019,150,DUBL,00201,,,,
TREUTLEN,00567244,BRANTLEY,LOIS,FOSKEY,,4124,GA HIGHWAY 298, ,SOPERTON,GA,30457,4124,GA HIGHWAY 298,,SOPERTON,GA,30457,A,,,04/21/2020,,,MAILED,NO,NO,NO,,ANNEX,012,019,150,DUBL,00201,,,,
TREUTLEN,00569536,WADLEY,JONATHAN,BERESFORD,SR,1579,TOBACCO TRL, ,SOPERTON,GA,30457-7063,1579,TOBACCO TRL,,SOPERTON,GA,30457-7063,A,,,08/25/2020,,,MAILED,NO,NO,NO,,ANNEX,012,019,150,DUBL,00201,,,,
TREUTLEN,07540061,BEASLEY,EVIE,JEAN,,609,CHERRYWOOD TRL, ,SOPERTON,GA,30457-5327,609,CHERRYWOOD TRL,,SOPERTON,GA,30457-5327,A,,,09/01/2020,,,MAILED,NO,NO,NO,,ANNEX,012,019,150,DUBL,00202,,,,
TREUTLEN,00570327,FIELDS,ALLEN,D,SR,9144,CROOKED RUN RD, ,ADRIAN,GA,31002,9144,CROOKED RUN RD,,ADRIAN,GA,31002,A,,,04/07/2020,,,MAILED,NO,NO,NO,,ANNEX,012,019,150,DUBL,00201,,,,
TREUTLEN,00568463,MCCLENDON,SARAH,NELL,,1030,CANADY AVE, ,SOPERTON,GA,30457-2920,1030,CANADY AVE,,SOPERTON,GA,30457-2920,A,,,02/25/2020,,,MAILED,NO,NO,NO,CH,SOPE,012,019,150,DUBL,00213,,,,
TREUTLEN,04404964,PADGETT,DOROTHY,H,,1036,MANNING ST, ,SOPERTON,GA,30457,1036,MANNING ST,,SOPERTON,GA,30457,A,,,04/21/2020,,,MAILED,NO,NO,NO,CH,SOPE,012,019,150,DUBL,00206,,,,
TREUTLEN,00567407,CAULEY,WAYNE,,,4439,GA HIGHWAY 199, ,SOPERTON,GA,30457-4213,4439,GA HIGHWAY 199,,SOPERTON,GA,30457-4213,A,,,04/21/2020,,,MAILED,NO,NO,NO,,SOPE,012,019,150,DUBL,00203,,,,
TREUTLEN,00568161,JOHNSON,LAURA,MAE,,250,SECOND ST, ,SOPERTON,GA,30457,250,SECOND ST,,SOPERTON,GA,30457,A,,,05/18/2020,,,MAILED,NO,NO,NO,CH,SOPE,012,019,150,DUBL,00213,,,,
TREUTLEN,04862306,HARRELL,HERSCHEL,HOYT,,1114,SECOND ST, ,SOPERTON,GA,30457,1114,SECOND ST,,SOPERTON,GA,30457,A,,,08/13/2020,,,MAILED,NO,NO,NO,CH,SOPE,012,019,150,DUBL,00217,,,,
TREUTLEN,00567531,DAVIS,DANNIE,ARLENE,,2293,RED BLUFF CHURCH RD, ,SOPERTON,GA,30457-5028,2293,RED BLUFF CHURCH RD,,SOPERTON,GA,30457-5028,A,,,05/05/2020,,,MAILED,NO,NO,NO,,ANNEX,012,019,150,DUBL,00202,,,,
TREUTLEN,08306122,BORN,JAMES,FREDERICK,,5590,N THIRD ST, ,SOPERTON,GA,30457,,PO BOX 12,,SOPERTON,GA,30457-0012,A,,,09/04/2020,09/18/2020,,MAILED,NO,NO,NO,CH,SOPE,012,019,150,DUBL,00212,,00004,68,
TREUTLEN,11165738,RANDALL,ANTHONY,JEROME,,4475,W MAIN ST, ,SOPERTON,GA,30457,4475,W MAIN ST,,SOPERTON,GA,30457,A,,,08/25/2020,,,MAILED,NO,NO,NO,CH,SOPE,012,019,150,DUBL,00208,,,,
TREUTLEN,00567464,CONEY,LOUISE,,,234,JOHN DEERE LN, ,SOPERTON,GA,30457-7420,234,JOHN DEERE LN,,SOPERTON,GA,30457-7420,A,,,08/27/2020,09/18/2020,,MAILED,NO,NO,NO,,SOPE,012,019,150,DUBL,00203,,00002,21,
TREUTLEN,00568693,PICKETT,JIMMIE,YVONNE M,,227,KNOX MILL RD, ,SOPERTON,GA,30457-5104,227,KNOX MILL RD,,SOPERTON,GA,30457-5104,A,,,04/08/2020,,,MAILED,NO,NO,NO,,ANNEX,012,019,150,DUBL,00202,,,,
TREUTLEN,00570567,PHILLIPS,JOHNNIE,M,,1301,DEER RUN, ,SOPERTON,GA,30457,1301,DEER RUN,,SOPERTON,GA,30457,A,,,03/03/2020,,,MAILED,NO,NO,NO,,ANNEX,012,019,150,DUBL,00201,,,,
TREUTLEN,02254737,WILKES,CHARLES,RONALD,,1273,WOODLAND DR, ,SOPERTON,GA,30457,1273,WOODLAND DR,,SOPERTON,GA,30457,A,,,04/24/2020,,,MAILED,NO,NO,NO,CH,SOPE,012,019,150,DUBL,00212,,,,
TREUTLEN,00567098,BARRICK,KENNETH,,,1584,MUSKOGEE RD, ,SOPERTON,GA,30457,1584,MUSKOGEE RD,,SOPERTON,GA,30457,A,,,05/20/2020,,,MAILED,NO,NO,NO,,ANNEX,012,019,150,DUBL,00201,,,,
TREUTLEN,00567376,CARTER,JESSIE,Z,,3152,CEDAR GROVE RD, ,SOPERTON,GA,30457,,PO BOX 768,,SOPERTON,GA,30457,A,,,09/15/2020,09/15/2020,,MAILED,NO,NO,NO,,SOPE,012,019,150,DUBL,00203,,00013,127,
TREUTLEN,08095637,BYRD,LOIS,LYNETTE,,120,CANARY CIR, ,SOPERTON,GA,30457,120,CANARY CIR,,SOPERTON,GA,30457,A,,,09/15/2020,09/15/2020,,MAILED,NO,NO,NO,CH,SOPE,012,019,150,DUBL,00210,,00004,115,
TREUTLEN,00568111,JACKSON,ALMA,GRAHAM,,1911,WHISPERING PINES DR, ,SOPERTON,GA,30457,1911,WHISPERING PINES DR,,SOPERTON,GA,30457,A,,,04/08/2020,,,MAILED,NO,NO,NO,,ANNEX,012,019,150,DUBL,00202,,,,
TREUTLEN,00568563,MEEKS,NELL,ARRINGTON,,79,CARTER ST, ,SOPERTON,GA,30457,79,CARTER ST,,SOPERTON,GA,30457,A,,,04/21/2020,,,MAILED,NO,NO,NO,CH,SOPE,012,019,150,DUBL,00208,,,,
TREUTLEN,11895128,BAROSELA,ARTHUR,,,898,ROSEMONT CHURCH RD, ,SOPERTON,GA,30457,898,ROSEMONT CHURCH RD,,SOPERTON,GA,30457,A,,,04/08/2020,,,MAILED,NO,NO,NO,,ANNEX,012,019,150,DUBL,00202,,,,
TREUTLEN,00569481,TOLER,VIRGINIA,HOPKINS,,1669,GEORGIA AVE, ,SOPERTON,GA,30457,1669,GEORGIA AVE,,SOPERTON,GA,30457,A,,,04/21/2020,,,MAILED,NO,NO,NO,CH,SOPE,012,019,150,DUBL,00208,,,,
TREUTLEN,00569654,WEBB,SULA,,,2081,MUSKOGEE RD, ,SOPERTON,GA,30457,2081,MUSKOGEE RD,,SOPERTON,GA,30457,A,,,09/03/2020,,,MAILED,NO,NO,NO,,ANNEX,012,019,150,DUBL,00201,,,,
TREUTLEN,10212367,SANCHEZ,ANTHONY,ANDERSON,,2618,GA HIGHWAY 86, ,ADRIAN,GA,31002,2618,GA HIGHWAY 86,,ADRIAN,GA,31002,A,,,08/25/2020,,,MAILED,NO,NO,NO,,ANNEX,012,019,150,DUBL,00202,,,,
TREUTLEN,01645072,HORNE,JERRY,T,,1013,CHERRYWOOD TRL, ,SOPERTON,GA,30457-5376,1013,CHERRYWOOD TRL,,SOPERTON,GA,30457-5376,A,,,08/26/2020,09/18/2020,,MAILED,NO,NO,NO,,ANNEX,012,019,150,DUBL,00202,,00003,14,
TREUTLEN,07851233,SCOTT,FRED,ARON,JR,2685,RED BLUFF CHURCH RD, ,SOPERTON,GA,30457,,PO BOX 114,,AILEY,GA,30410-0011,A,,,04/17/2020,,,MAILED,NO,NO,NO,,ANNEX,012,019,150,DUBL,00202,,,,
TREUTLEN,00567917,HARRIS,CHRISTINE,,,1051,WELLS ST, ,SOPERTON,GA,30457-2815,1051,WELLS ST,,SOPERTON,GA,30457-2815,A,,,04/08/2020,,,MAILED,NO,NO,NO,CH,SOPE,012,019,150,DUBL,00213,,,,
TREUTLEN,00568599,MILLER,MILDRED,,,1770,MILLER POND RD, ,SOPERTON,GA,30457-7450,1770,MILLER POND RD,,SOPERTON,GA,30457-7450,A,,,04/08/2020,,,MAILED,NO,NO,NO,,SOPE,012,019,150,DUBL,00203,,,,
TREUTLEN,00568739,NEWSOME,MARY,NELL,,1487,BELL AVE, ,SOPERTON,GA,30457-3519,1487,BELL AVE,,SOPERTON,GA,30457-3519,A,,,03/05/2020,,,MAILED,NO,NO,NO,CH,SOPE,012,019,150,DUBL,00212,,,,
TREUTLEN,00569182,SALTER,KAY,HALL,,707,SISTERS LN, ,ADRIAN,GA,31002,707,SISTERS LN,,ADRIAN,GA,31002,A,,,04/21/2020,,,MAILED,NO,NO,NO,,ANNEX,012,019,150,DUBL,00201,,,,
TREUTLEN,00569278,SMITH,CHARLES,B,,158,BERRY ST, ,SOPERTON,GA,30457-2726,158,BERRY ST,,SOPERTON,GA,30457-2726,A,,,04/24/2020,,,MAILED,NO,NO,NO,CH,SOPE,012,019,150,DUBL,00207,,,,
TREUTLEN,04069452,JOYNER,WILBUR,GENE,,142,WOMMACK AVE, ,SOPERTON,GA,30457,142,WOMMACK AVE,,SOPERTON,GA,30457,A,,,04/21/2020,,,MAILED,NO,NO,NO,CH,SOPE,012,019,150,DUBL,00208,,,,
TREUTLEN,05657758,BRANTLEY,EARL,DERVIN,,3996,GA HIGHWAY 298, ,SOPERTON,GA,30457-6430,3996,GA HIGHWAY 298,,SOPERTON,GA,30457-6430,A,,,05/20/2020,,,MAILED,NO,NO,NO,,ANNEX,012,019,150,DUBL,00201,,,,
TREUTLEN,06380539,THIGPEN,JEFFERY,ALLEN,,1488,TWIN PONDS RD, ,SOPERTON,GA,30457,1488,TWIN PONDS RD,,SOPERTON,GA,30457,A,,,09/03/2020,09/18/2020,,MAILED,NO,NO,NO,,SOPE,012,019,150,DUBL,00204,,00002,60,
TREUTLEN,00567854,HALL,MALCOLM,DANNY,,507,STERLING MILL RD, ,SOPERTON,GA,30457-5359,507,STERLING MILL RD,,SOPERTON,GA,30457-5359,A,,,09/03/2020,09/18/2020,,MAILED,NO,NO,NO,,ANNEX,012,019,150,DUBL,00202,,00011,58,
TREUTLEN,01145636,MARTIN,KAREN,P,,1020,CROOKED RUN RD, ,SOPERTON,GA,30457,,PO BOX 166,,SOPERTON,GA,30457,A,,,04/21/2020,,,MAILED,NO,NO,NO,,SOPE,012,019,150,DUBL,00204,,,,
TREUTLEN,00569244,SHURLING,MARY,ELIZABETH,,3166,MOUNT VERNON RD, ,SOPERTON,GA,30457,3166,MOUNT VERNON RD,,SOPERTON,GA,30457,A,,,04/21/2020,,,MAILED,NO,NO,NO,CH,SOPE,012,019,150,DUBL,00210,,,,
TREUTLEN,06104068,TANNER,PEARLIE,CLYDE,,2132,OAK VALLEY RD, ,SOPERTON,GA,30457,2132,OAK VALLEY RD,,SOPERTON,GA,30457,A,,,04/21/2020,,,MAILED,NO,NO,NO,,SOPE,012,019,150,DUBL,00205,,,,
TREUTLEN,11913007,SHIVERS,BRITTNEY,BURNICE,,1206,MARTIN LUTHER KING JR DR, ,SOPERTON,GA,30457,1206,MARTIN LUTHER KING ,,SOPERTON,GA,30457,A,,,09/05/2020,09/18/2020,,MAILED,NO,NO,NO,CH,SOPE,012,019,150,DUBL,00213,,00014,72,
TREUTLEN,00547431,BELL,ANNIE,RUTH,,2655,TOBACCO TRL, ,SOPERTON,GA,30457-7031,2655,TOBACCO TRL,,SOPERTON,GA,30457-7031,A,,,09/15/2020,09/15/2020,,MAILED,NO,NO,NO,,ANNEX,012,019,150,DUBL,00201,,00007,105,
TREUTLEN,00569687,WHITE,SHIRLEY,ANN,,2360,OAK VALLEY RD, ,SOPERTON,GA,30457-6317,2360,OAK VALLEY RD,,SOPERTON,GA,30457-6317,A,,,04/17/2020,,,MAILED,NO,NO,NO,,SOPE,012,019,150,DUBL,00205,,,,
TREUTLEN,08894892,MURPHY,LONNIE,CHARLES,,274,BOOMERANG LN, ,SOPERTON,GA,30457-3204,274,BOOMERANG LN,,SOPERTON,GA,30457-3204,A,,,08/28/2020,09/18/2020,,MAILED,NO,NO,NO,,SOPE,012,019,150,DUBL,00203,,00003,27,
TREUTLEN,00569710,WILCHER,AGNES,,,2846,GA HIGHWAY 86, ,ADRIAN,GA,31002-6208,2846,GA HIGHWAY 86,,ADRIAN,GA,31002-6208,A,,,04/28/2020,,,MAILED,NO,NO,NO,,ANNEX,012,019,150,DUBL,00202,,,,
TREUTLEN,05598471,POWELL,EVELYN,A,,3781,CEDAR GROVE RD, ,SOPERTON,GA,30457,,PO BOX 673,,SOPERTON,GA,30457-0067,A,,,05/21/2020,,,MAILED,NO,NO,NO,CH,SOPE,012,019,150,DUBL,00213,,,,
TREUTLEN,00567979,HESTER,GILBERT,,,4966,W LOUISIANA AVE, ,SOPERTON,GA,30457,4966,W LOUISIANA AVE,,SOPERTON,GA,30457,A,,,04/21/2020,,,MAILED,NO,NO,NO,CH,SOPE,012,019,150,DUBL,00208,,,,
TREUTLEN,00568337,LEE,JOHN,WILLIAM,,1042,PINEVIEW DR, ,SOPERTON,GA,30457,1042,PINEVIEW DR,,SOPERTON,GA,30457,A,,,04/06/2020,,,MAILED,NO,NO,NO,CH,SOPE,012,019,150,DUBL,00212,,,,
TREUTLEN,00569094,RICKS,ANNETTE,SNEAD,,1671,BREEZEWOOD LN, ,SOPERTON,GA,30457,1671,BREEZEWOOD LN,,SOPERTON,GA,30457,A,,,03/17/2020,,,MAILED,NO,NO,NO,,SOPE,012,019,150,DUBL,00203,,,,
TREUTLEN,00567106,BARWICK,FREDWIN,MURRAY,,257,CARTER ST, ,SOPERTON,GA,30457-2705,257,CARTER ST,,SOPERTON,GA,30457-2705,A,,,04/21/2020,,,MAILED,NO,NO,NO,CH,SOPE,012,019,150,DUBL,00207,,,,
TREUTLEN,00569266,SINGLETARY,SYLVAN,WIGGINS,,7233,GA HIGHWAY 29, ,SOPERTON,GA,30457-5303,7233,GA HIGHWAY 29,,SOPERTON,GA,30457-5303,A,,,08/24/2020,,,MAILED,NO,NO,NO,,ANNEX,012,019,150,DUBL,00204,,,,
TREUTLEN,00568285,KING,BETTY,,,2575,BARWICK AVE, ,SOPERTON,GA,30457-2715,2575,BARWICK AVE,,SOPERTON,GA,30457-2715,A,,,08/25/2020,,,MAILED,NO,NO,NO,CH,SOPE,012,019,150,DUBL,00207,,,,
TREUTLEN,00567375,CARTER,JUDY,CAROL,,8720,CROOKED RUN RD, ,ADRIAN,GA,31002,8720,CROOKED RUN RD,,ADRIAN,GA,31002,A,,,05/18/2020,,,MAILED,NO,NO,NO,,ANNEX,012,019,150,DUBL,00201,,,,
TREUTLEN,00567739,GILLIS,HUGH,,JR,176,GA HIGHWAY 227, ,SOPERTON,GA,30457-6228,176,GA HIGHWAY 227,,SOPERTON,GA,30457-6228,A,,,04/08/2020,,,MAILED,NO,NO,NO,,ANNEX,012,019,150,DUBL,00201,,,,
TREUTLEN,00570722,WALKER,KATHY,M,,39,BERRY ST, ,SOPERTON,GA,30457-2724,39,BERRY ST,,SOPERTON,GA,30457-2724,A,,,04/21/2020,,,MAILED,NO,NO,NO,CH,SOPE,012,019,150,DUBL,00207,,,,
TREUTLEN,02718939,JACKSON,ANGELA,GAIL,,330,DIXIE LNDG, ,ADRIAN,GA,31002-6704,330,DIXIE LNDG,,ADRIAN,GA,31002-6704,A,,,04/09/2020,,,MAILED,NO,NO,NO,,ANNEX,012,019,150,DUBL,00201,,,,
TREUTLEN,00567140,BEASLEY,OTHA,LEE,,640,BEASLEY HILL PL, ,TARRYTOWN,GA,30470,640,BEASLEY HILL PL,,TARRYTOWN,GA,30470,A,,,04/24/2020,,,MAILED,NO,NO,NO,,ANNEX,012,019,150,DUBL,00201,,,,
TREUTLEN,07306339,KEENE,JERRY,,,862,PINE HILL RD, ,SOPERTON,GA,30457,862,PINE HILL RD,,SOPERTON,GA,30457,A,,,09/15/2020,09/15/2020,,MAILED,NO,NO,NO,,ANNEX,012,019,150,DUBL,00201,,00012,119,
TREUTLEN,00250776,SAMMONS,DEBORAH,BROGDON,,442,FOX RUN RD, ,ADRIAN,GA,31002-6608,442,FOX RUN RD,,ADRIAN,GA,31002-6608,A,,,04/17/2020,,,MAILED,NO,NO,NO,,ANNEX,012,019,150,DUBL,00201,,,,
TREUTLEN,00570441,BROWN,CHARLIE,E,,1596,OUTLAW AVE, ,SOPERTON,GA,30457,1596,OUTLAW AVE,,SOPERTON,GA,30457,A,,,04/21/2020,,,MAILED,NO,NO,NO,CH,SOPE,012,019,150,DUBL,00206,,,,
TREUTLEN,00567340,CALHOUN,CHARLENE,BLOUNT,,2132,OLD LOUISVILLE RD, ,SOPERTON,GA,30457,2132,OLD LOUISVILLE RD,,SOPERTON,GA,30457,A,,,04/17/2020,,,MAILED,NO,NO,NO,,ANNEX,012,019,150,DUBL,00205,,,,
TREUTLEN,10586161,PHILLIPS,JODY,THORPE,,2233,MUSKOGEE RD, ,SOPERTON,GA,30457,2233,MUSKOGEE RD,,SOPERTON,GA,30457,A,,,04/21/2020,,,MAILED,NO,NO,NO,,ANNEX,012,019,150,DUBL,00201,,,,
TREUTLEN,00569441,TELFAIR,DORENE,NOBLES,,3860,CEDAR GROVE RD, ,SOPERTON,GA,30457,3860,CEDAR GROVE RD,,SOPERTON,GA,30457,A,,,04/17/2020,,,MAILED,NO,NO,NO,CH,SOPE,012,019,150,DUBL,00213,,,,
TREUTLEN,07911818,HARRIS,CLADDELL,,,229,NEW ST, ,SOPERTON,GA,30457-2609,229,NEW ST,,SOPERTON,GA,30457-2609,A,,,08/26/2020,09/18/2020,,MAILED,NO,NO,NO,CH,SOPE,012,019,150,DUBL,00207,,00001,4,
TREUTLEN,00569103,RICKS,EDDIE,DALE,,2802,GA HIGHWAY 46, ,SOPERTON,GA,30457-4420,2802,GA HIGHWAY 46,,SOPERTON,GA,30457-4420,A,,,05/05/2020,,,MAILED,NO,NO,NO,,ANNEX,012,019,150,DUBL,00202,,,,
TREUTLEN,08841093,SHIVERS,PENNY,DENISE,,1113,MARTIN LUTHER KING JR DR, ,SOPERTON,GA,30457,1113,MARTIN LUTHER KING ,,SOPERTON,GA,30457,A,,,08/26/2020,09/18/2020,,MAILED,NO,NO,NO,CH,SOPE,012,019,150,DUBL,00213,,00003,12,
TREUTLEN,00547476,GRINER,MAXINE,SELPH,,84,BALLPARK RD, ,SOPERTON,GA,30457,84,BALLPARK RD,,SOPERTON,GA,30457,A,,,04/08/2020,,,MAILED,NO,NO,NO,,ANNEX,012,019,150,DUBL,00202,,,,
TREUTLEN,05666500,TAPLEY,CARROLL,RANDY,,3626,E LOUISIANA AVE, ,SOPERTON,GA,30457,3626,E LOUISIANA AVE,,SOPERTON,GA,30457,A,,,04/07/2020,,,MAILED,NO,NO,NO,CH,SOPE,012,019,150,DUBL,00212,,,,
TREUTLEN,05803977,MCCRANIE,WANDA,ANN,,6015,OLD LOUISVILLE RD, ,TARRYTOWN,GA,30470,6015,OLD LOUISVILLE RD,,TARRYTOWN,GA,30470,A,,,05/27/2020,,,MAILED,NO,NO,NO,,ANNEX,012,019,150,DUBL,00201,,,,
TREUTLEN,01694417,GREEN,LINDA,GAIL,,494,LAKE CASSIE RD, ,ADRIAN,GA,31002,,PO BOX 1726,,MIDDLE ,KY,40965,A,,,09/08/2020,,,MAILED,NO,NO,NO,,ANNEX,012,019,150,DUBL,00201,,,,
TREUTLEN,00568538,MCLENDON,MICHAEL,,,4387,FOWLER ST, ,SOPERTON,GA,30457-3009,4387,FOWLER ST,,SOPERTON,GA,30457-3009,A,,,09/15/2020,09/15/2020,,MAILED,NO,NO,NO,CH,SOPE,012,019,150,DUBL,00213,,00018,98,
TREUTLEN,00569210,SCOTT,JOHNNY,ROY,,980,BEASLEY HILL PL, ,TARRYTOWN,GA,30470-1748,980,BEASLEY HILL PL,,TARRYTOWN,GA,30470-1748,A,,,04/21/2020,,,MAILED,NO,NO,NO,,ANNEX,012,019,150,DUBL,00201,,,,
TREUTLEN,00567728,GILLIS,ARZULA,B,,7281,EASTMAN RD, ,SOPERTON,GA,30457,7281,EASTMAN RD,,SOPERTON,GA,30457,A,,,08/25/2020,,,MAILED,NO,NO,NO,CH,SOPE,012,019,150,DUBL,00207,,,,
TREUTLEN,00567853,HALL,LYNDA,,,547,SISTERS LN, ,ADRIAN,GA,31002-6411,547,SISTERS LN,,ADRIAN,GA,31002-6411,A,,,04/07/2020,,,MAILED,NO,NO,NO,,ANNEX,012,019,150,DUBL,00201,,,,
TREUTLEN,00569411,SUMNER,MARIE,,,3895,E MAIN ST, ,SOPERTON,GA,30457,,PO BOX 123,,SOPERTON,GA,30457-0012,A,,,04/24/2020,,,MAILED,NO,NO,NO,CH,SOPE,012,019,150,DUBL,00210,,,,
TREUTLEN,00567567,DORSEY,HARRELL,,,103,CANARY CIR, ,SOPERTON,GA,30457-3408,103,CANARY CIR,,SOPERTON,GA,30457-3408,A,,,04/28/2020,,,MAILED,NO,NO,NO,CH,SOPE,012,019,150,DUBL,00210,,,,
TREUTLEN,00569039,PROCTOR,EMORY,,,11872,GA HIGHWAY 221, ,SOPERTON,GA,30457,11872,GA HIGHWAY 221,,SOPERTON,GA,30457,A,,,08/03/2020,,,MAILED,NO,NO,NO,,ANNEX,012,019,150,DUBL,00201,,,,
TREUTLEN,01581397,COWART,CARL,MONROE,,6301,OLD LOUISVILLE RD, ,TARRYTOWN,GA,30470,6301,OLD LOUISVILLE RD,,TARRYTOWN,GA,30470,A,,,04/08/2020,,,MAILED,NO,NO,NO,,ANNEX,012,019,150,DUBL,00201,,,,
TREUTLEN,12445697,MITCHELL,KASABIAN,NARIQUE,,4292,FOWLER ST, ,SOPERTON,GA,30457,4292,FOWLER ST,,SOPERTON,GA,30457,A,,,09/15/2020,09/15/2020,,MAILED,NO,NO,NO,CH,SOPE,012,019,150,DUBL,00213,,00019,125,
TREUTLEN,08075565,HAYNES,MARTIN,DANIEL,,1325,MISSISSIPPI AVE, ,SOPERTON,GA,30457,491,SANCTUARY PARK DR,,SUMMERVILLE,SC,29486,A,,,09/15/2020,09/15/2020,,MAILED,NO,YES,NO,CH,SOPE,012,019,150,DUBL,00207,,00010,86,
TREUTLEN,02219719,RHYMES,ERIC,VAUGHAN,,14,BERRY ST, ,SOPERTON,GA,30457,14,BERRY ST,,SOPERTON,GA,30457,A,,,04/17/2020,,,MAILED,NO,NO,NO,CH,SOPE,012,019,150,DUBL,00207,,,,
TREUTLEN,00570108,GILLIS,TONYA,JEAN,,1208,BELL AVE, ,SOPERTON,GA,30457,1208,BELL AVE,,SOPERTON,GA,30457,A,,,08/31/2020,09/18/2020,,MAILED,NO,NO,NO,CH,SOPE,012,019,150,DUBL,00210,,00001,41,
TREUTLEN,10727304,BLACKSHEAR,JAMES,ANTHONY,,1643,GEORGIA AVE, ,SOPERTON,GA,30457,1643,GEORGIA AVE,,SOPERTON,GA,30457,A,,,08/25/2020,,,MAILED,NO,NO,NO,CH,SOPE,012,019,150,DUBL,00208,,,,
TREUTLEN,06396385,BONE,DONNA,CHERE,,1237,EDWIN ST, ,SOPERTON,GA,30457-3529,1237,EDWIN ST,,SOPERTON,GA,30457-3529,A,,,04/21/2020,,,MAILED,NO,NO,NO,CH,SOPE,012,019,150,DUBL,00210,,,,
TREUTLEN,00568254,KELLEY,JONATHAN,,,509,LOOP RD, ,TARRYTOWN,GA,30470-1845,509,LOOP RD,,TARRYTOWN,GA,30470-1845,A,,,04/21/2020,,,MAILED,NO,NO,NO,,ANNEX,012,019,150,DUBL,00205,,,,
TREUTLEN,02238014,THOMAS,TERESA,D,,7880,GA HIGHWAY 221, ,SOPERTON,GA,30457,7880,GA HIGHWAY 221,,SOPERTON,GA,30457,A,,,04/08/2020,,,MAILED,NO,NO,NO,,ANNEX,012,019,150,DUBL,00201,,,,
TREUTLEN,05969610,PEEBLES,THELMA,JEAN,,13964,GA HIGHWAY 221, ,SOPERTON,GA,30457,13964,GA HIGHWAY 221,,SOPERTON,GA,30457,A,,,02/28/2020,,,MAILED,NO,NO,NO,,ANNEX,012,019,150,DUBL,00201,,,,
TREUTLEN,04404850,BAKER,JOHNNY,LEE,SR,106,IVY CIR, ,SOPERTON,GA,30457-2722,106,IVY CIR,,SOPERTON,GA,30457-2722,A,,,04/21/2020,,,MAILED,NO,NO,NO,CH,SOPE,012,019,150,DUBL,00207,,,,
TREUTLEN,00567337,CALHOUN,ANN,DOUGLAS,,1837,COLLEGE ST, ,SOPERTON,GA,30457-3615,,PO BOX 515,,SOPERTON,GA,30457-0051,A,,,05/20/2020,,,MAILED,NO,NO,NO,CH,SOPE,012,019,150,DUBL,00210,,,,
TREUTLEN,00569274,SMITH,CAROL,C,,163,ALPHA RD, ,SOPERTON,GA,30457-2951,163,ALPHA RD,,SOPERTON,GA,30457-2951,A,,,09/03/2020,09/18/2020,,MAILED,NO,NO,NO,CH,SOPE,012,019,150,DUBL,00214,,00004,55,
TREUTLEN,00568995,POWELL,LILLIE,ODOM,,3918,ROSEMONT CHURCH RD, ,SOPERTON,GA,30457-4650,3918,ROSEMONT CHURCH RD,,SOPERTON,GA,30457-4650,A,,,09/04/2020,,,MAILED,NO,NO,NO,,ANNEX,012,019,150,DUBL,00202,,,,
TREUTLEN,00569953,CONE,JANIS,PHILLIPS,,169,MULBERRY DR, ,SOPERTON,GA,30457-5040,169,MULBERRY DR,,SOPERTON,GA,30457-5040,A,,,04/08/2020,,,MAILED,NO,NO,NO,,ANNEX,012,019,150,DUBL,00202,,,,
TREUTLEN,00567698,FOWLER,ROYCE,WAYNE,,4694,W LOUISIANA AVE, ,SOPERTON,GA,30457,4694,W LOUISIANA AVE,,SOPERTON,GA,30457,A,,,03/03/2020,,,MAILED,NO,NO,NO,CH,SOPE,012,019,150,DUBL,00208,,,,
TREUTLEN,05638004,FOSKEY,JAMES,MITCHELL,,78,QUAIL RIDGE DR, ,ADRIAN,GA,31002,78,QUAIL RIDGE DR,,ADRIAN,GA,31002,A,,,09/15/2020,09/15/2020,,MAILED,NO,NO,NO,,ANNEX,012,019,150,DUBL,00202,,00021,132,
TREUTLEN,00568051,HORNE,TERRY,LYNN,,2701,RIVOLI CLAY RD, ,SOPERTON,GA,30457-4356,2701,RIVOLI CLAY RD,,SOPERTON,GA,30457-4356,A,,,04/17/2020,,,MAILED,NO,NO,NO,,SOPE,012,019,150,DUBL,00203,,,,
TREUTLEN,00569663,WESLEY,SANDRA,F,,1929,CEDAR GROVE RD, ,SOPERTON,GA,30457-4113,1929,CEDAR GROVE RD,,SOPERTON,GA,30457-4113,A,,,05/18/2020,,,MAILED,NO,NO,NO,,ANNEX,012,019,150,DUBL,00202,,,,
TREUTLEN,08219643,JACKSON,SHERRY,D,,637,SWEET ONION RD, ,TARRYTOWN,GA,30470-1629,637,SWEET ONION RD,,TARRYTOWN,GA,30470-1629,A,,,08/28/2020,09/18/2020,,MAILED,NO,NO,NO,,SOPE,012,019,150,DUBL,00205,,00001,28,
TREUTLEN,02215579,BEASLEY,MICHELLE,RENNEE,,397,BEASLEY HILL PL, ,TARRYTOWN,GA,30470,397,BEASLEY HILL PL,,TARRYTOWN,GA,30470,A,,,04/08/2020,,,MAILED,NO,NO,NO,,ANNEX,012,019,150,DUBL,00201,,,,
TREUTLEN,00568119,JACKSON,GLENN,,,2148,MARTIN LUTHER KING JR DR, ,SOPERTON,GA,30457,2148,MARTIN LUTHER KING ,,SOPERTON,GA,30457,A,,,04/08/2020,,,MAILED,NO,NO,NO,CH,SOPE,012,019,150,DUBL,00208,,,,
TREUTLEN,00568580,MILLER,ELEX,,,1391,FOREST AVE, ,SOPERTON,GA,30457-2141,1391,FOREST AVE,,SOPERTON,GA,30457-2141,A,,,04/08/2020,,,MAILED,NO,NO,NO,CH,SOPE,012,019,150,DUBL,00208,,,,
TREUTLEN,00567585,DUKES,FAYE,ODOM,,5137,GA HIGHWAY 29, ,SOPERTON,GA,30457-5227,,PO BOX 665,,SOPERTON,GA,30457-0066,A,,,04/21/2020,,,MAILED,NO,NO,NO,,SOPE,012,019,150,DUBL,00203,,,,
TREUTLEN,00568556,MEEKS,JAMES,B,JR,5982,KNOX MILL RD, ,SOPERTON,GA,30457-5125,5982,KNOX MILL RD,,SOPERTON,GA,30457-5125,A,,,04/09/2020,,,MAILED,NO,NO,NO,,SOPE,012,019,150,DUBL,00204,,,,
TREUTLEN,00568761,NORRIS,PEGGY,ANN,,1255,ENNIS CIR, ,SOPERTON,GA,30457,1255,ENNIS CIR,,SOPERTON,GA,30457,A,,,04/08/2020,,,MAILED,NO,NO,NO,CH,SOPE,012,019,150,DUBL,00210,,,,
TREUTLEN,01309970,PURSER,THELMA,WRELLA,,4376,HOLTON CHAPEL RD, ,SOPERTON,GA,30457,4376,HOLTON CHAPEL RD,,SOPERTON,GA,30457,A,,,04/09/2020,,,MAILED,NO,NO,NO,,ANNEX,012,019,150,DUBL,00201,,,,
TREUTLEN,00568147,JOHNSON,DENISE,A,,2508,BARWICK AVE, ,SOPERTON,GA,30457-2714,2508,BARWICK AVE,,SOPERTON,GA,30457-2714,A,,,03/10/2020,,,MAILED,NO,NO,NO,CH,SOPE,012,019,150,DUBL,00214,,,,
TREUTLEN,06469802,TANNER,JAMES,ALBERT,,2132,OAK VALLEY RD, ,SOPERTON,GA,30457,2132,OAK VALLEY RD,,SOPERTON,GA,30457,A,,,04/21/2020,,,MAILED,NO,NO,NO,,SOPE,012,019,150,DUBL,00205,,,,
TREUTLEN,08316498,YAUN,MARIAN,LUELLA,,15412,GA HIGHWAY 86, ,SOPERTON,GA,30457-6620,15412,GA HIGHWAY 86,,SOPERTON,GA,30457-6620,A,,,04/21/2020,,,MAILED,NO,NO,NO,,ANNEX,012,019,150,DUBL,00201,,,,
TREUTLEN,00568971,POLLETTE,JAN,,,5401,GA HIGHWAY 199, ,SOPERTON,GA,30457-4217,5401,GA HIGHWAY 199,,SOPERTON,GA,30457-4217,A,,,04/21/2020,,,MAILED,NO,NO,NO,,ANNEX,012,019,150,DUBL,00202,,,,
TREUTLEN,00568872,PHILLIPS,BOBBY,RAY,,3737,HOLTON CHAPEL RD, ,SOPERTON,GA,30457,3737,HOLTON CHAPEL RD,,SOPERTON,GA,30457,A,,,04/17/2020,,,MAILED,NO,NO,NO,,ANNEX,012,019,150,DUBL,00201,,,,
TREUTLEN,00567750,GILLIS,JUDY,,,176,GA HIGHWAY 227, ,SOPERTON,GA,30457-6228,176,GA HIGHWAY 227,,SOPERTON,GA,30457-6228,A,,,04/08/2020,,,MAILED,NO,NO,NO,,ANNEX,012,019,150,DUBL,00201,,,,
TREUTLEN,00567745,GILLIS,JIM,L,III,1061,GA HIGHWAY 227, ,SOPERTON,GA,30457-6231,,PO BOX 456,,SOPERTON,GA,30457-0045,A,,,06/01/2020,,,MAILED,NO,NO,NO,,ANNEX,012,019,150,DUBL,00201,,,,
TREUTLEN,00568786,PACE,DONNA,HOLCOMB,,124,CANARY CIR, ,SOPERTON,GA,30457,124,CANARY CIR,,SOPERTON,GA,30457,A,,,05/18/2020,,,MAILED,NO,NO,NO,CH,SOPE,012,019,150,DUBL,00210,,,,
TREUTLEN,04184747,RATLIEF,BARBARA,WATKINS,,686,LAKE CASSIE RD, ,ADRIAN,GA,31002,686,LAKE CASSIE RD,,ADRIAN,GA,31002,A,,,04/08/2020,,,MAILED,NO,NO,NO,,ANNEX,012,019,150,DUBL,00201,,,,
TREUTLEN,00568248,KEENE,JIMMIE,MCNEESE,,3051,TWIN PONDS RD, ,SOPERTON,GA,30457-5753,3051,TWIN PONDS RD,,SOPERTON,GA,30457-5753,A,,,04/09/2020,,,MAILED,NO,NO,NO,,ANNEX,012,019,150,DUBL,00201,,,,
TREUTLEN,12713396,ROBERTS,DANIELLE,,,2064,ROSEMONT CHURCH RD, ,SOPERTON,GA,30457,,220 CEDAR ST,,LEXINGTON,KY,40508,A,,,09/12/2020,09/15/2020,,MAILED,NO,NO,NO,,ANNEX,012,019,150,DUBL,00202,,00013,81,
TREUTLEN,00568255,REYNOLDS,JOSEPHINE,,,509,LOOP RD, ,TARRYTOWN,GA,30470-1845,509,LOOP RD,,TARRYTOWN,GA,30470-1845,A,,,04/21/2020,,,MAILED,NO,NO,NO,,ANNEX,012,019,150,DUBL,00205,,,,
TREUTLEN,04209898,SNEAD,TAMMY,SHERELL,,1298,HOLLAND PL,APT B,SOPERTON,GA,30457,1298,HOLLAND PL,APT B,SOPERTON,GA,30457,A,,,04/06/2020,,,MAILED,NO,NO,NO,CH,SOPE,012,019,150,DUBL,00213,,,,
TREUTLEN,08211932,RIVERS,CHRISTOPHER,LEE,,2612,SECRET FOREST RD, ,TARRYTOWN,GA,30470,2612,SECRET FOREST RD,,TARRYTOWN,GA,30470,A,,,04/27/2020,09/16/2020,,ELECTRONIC,NO,NO,NO,,ANNEX,012,019,150,DUBL,00205,,00002,135,
TREUTLEN,00567158,BELL,EDWARD,,,2655,TOBACCO TRL, ,SOPERTON,GA,30457,2655,TOBACCO TRL,,SOPERTON,GA,30457,A,,,09/15/2020,09/15/2020,,MAILED,NO,NO,NO,,ANNEX,012,019,150,DUBL,00201,,00008,106,
TREUTLEN,00570078,SCOTT,DOROTHY,JUNE,,980,BEASLEY HILL PL, ,TARRYTOWN,GA,30470-1748,980,BEASLEY HILL PL,,TARRYTOWN,GA,30470-1748,A,,,04/21/2020,,,MAILED,NO,NO,NO,,ANNEX,012,019,150,DUBL,00201,,,,
TREUTLEN,00570656,WOOLF,MAXANNE,C,,13259,GA HIGHWAY 86, ,SOPERTON,GA,30457-6611,109,N WOODGREEN WAY,,GREENVILLE,SC,29615,A,,,04/17/2020,,,MAILED,NO,NO,NO,,ANNEX,012,019,150,DUBL,00201,,,,
TREUTLEN,00567785,GOSS,ALBERTA,N,,176,WINDY HILL RD, ,SOPERTON,GA,30457,176,WINDY HILL RD,,SOPERTON,GA,30457,A,,,04/17/2020,,,MAILED,NO,NO,NO,,SOPE,012,019,150,DUBL,00203,,,,
TREUTLEN,00567274,BRITT,ELEANOR,,,4017,GA HIGHWAY 199, ,SOPERTON,GA,30457-4205,4017,GA HIGHWAY 199,,SOPERTON,GA,30457-4205,A,,,04/08/2020,,,MAILED,NO,NO,NO,,SOPE,012,019,150,DUBL,00203,,,,
TREUTLEN,04098111,SMITH,DOSHIA,LOVE,,2593,BRIARCLIFF RD, ,SOPERTON,GA,30457,2593,BRIARCLIFF RD,,SOPERTON,GA,30457,A,,,04/21/2020,,,MAILED,NO,NO,NO,,ANNEX,012,019,150,DUBL,00202,,,,
TREUTLEN,10805893,CAULEY,ELLEN,COLEMAN,,6757,KNOX MILL RD, ,SOPERTON,GA,30457,6757,KNOX MILL RD,,SOPERTON,GA,30457,A,,,04/21/2020,,,MAILED,NO,NO,NO,,SOPE,012,019,150,DUBL,00204,,,,
TREUTLEN,00569467,TILLMAN,LAYTON,,,1527,MISSISSIPPI AVE, ,SOPERTON,GA,30457,1527,MISSISSIPPI AVE,,SOPERTON,GA,30457,A,,,09/15/2020,09/15/2020,,MAILED,NO,NO,NO,CH,SOPE,012,019,150,DUBL,00207,,00013,122,
TREUTLEN,00568019,HOOKS,BECKY,P,,1098,BELL AVE, ,SOPERTON,GA,30457-3510,,PO BOX 51,,SOPERTON,GA,30457-0005,A,,,05/05/2020,,,MAILED,NO,NO,NO,CH,SOPE,012,019,150,DUBL,00210,,,,
TREUTLEN,10956398,MILLER,ROZIER,LEON,JR,1097,SUMNER LN, ,SOPERTON,GA,30457,1097,SUMNER LN,,SOPERTON,GA,30457,A,,,09/02/2020,09/18/2020,,MAILED,NO,NO,NO,CH,SOPE,012,019,150,DUBL,00208,,00010,50,
TREUTLEN,05171945,HARDY,JAMES,ROBERT,,5045,LOTHAIR CHURCH RD, ,SOPERTON,GA,30457,5045,LOTHAIR CHURCH RD,,SOPERTON,GA,30457,A,,,08/26/2020,09/18/2020,,MAILED,NO,NO,NO,,ANNEX,012,019,150,DUBL,00202,,00001,2,
TREUTLEN,03570307,WESLEY,MARTAVIUS,SAVALES,,3622,MOUNT VERNON RD, ,SOPERTON,GA,30457-3028,3622,MOUNT VERNON RD,,SOPERTON,GA,30457-3028,A,,,08/25/2020,,,MAILED,NO,NO,NO,CH,SOPE,012,019,150,DUBL,00215,,,,
TREUTLEN,11895154,MCSHERRY,LYNNE,MARIE,,898,ROSEMONT CHURCH RD, ,SOPERTON,GA,30457,898,ROSEMONT CHURCH RD,,SOPERTON,GA,30457,A,,,04/08/2020,,,MAILED,NO,NO,NO,,ANNEX,012,019,150,DUBL,00202,,,,
TREUTLEN,00569951,CONE,BOBBY,W,,169,MULBERRY DR, ,SOPERTON,GA,30457-5040,169,MULBERRY DR,,SOPERTON,GA,30457-5040,A,,,04/08/2020,,,MAILED,NO,NO,NO,,ANNEX,012,019,150,DUBL,00202,,,,
TREUTLEN,00568407,JOHNSON,ROSIE,LEE,,2436,BARWICK AVE, ,SOPERTON,GA,30457-2712,,PO BOX 631,,SOPERTON,GA,30457,A,,,04/08/2020,,,MAILED,NO,NO,NO,CH,SOPE,012,019,150,DUBL,00214,,,,
TREUTLEN,00568208,COUCH,CAROLYN,LUCILLE,,1357,FOREST AVE, ,SOPERTON,GA,30457,1357,FOREST AVE,,SOPERTON,GA,30457,A,,,08/26/2020,09/18/2020,,MAILED,NO,NO,NO,CH,SOPE,012,019,150,DUBL,00208,,00002,8,
TREUTLEN,08627266,PHILLIPS,BARBARA,V,,3737,HOLTON CHAPEL RD, ,SOPERTON,GA,30457,3737,HOLTON CHAPEL RD,,SOPERTON,GA,30457,A,,,04/17/2020,,,MAILED,NO,NO,NO,,ANNEX,012,019,150,DUBL,00201,,,,
TREUTLEN,10737496,THIGPEN,JUDY,ANN,,1111,WILLIAMS ST, ,SOPERTON,GA,30457,,P.O. BOX 703,,SOPERTON,GA,30457,A,,,05/18/2020,,,MAILED,NO,NO,NO,CH,SOPE,012,019,150,DUBL,00206,,,,
TREUTLEN,00567779,GIVENS,RUBY,L,,274,BOOMERANG LN, ,SOPERTON,GA,30457-3204,274,BOOMERANG LN,,SOPERTON,GA,30457-3204,A,,,04/21/2020,,,MAILED,NO,NO,NO,,SOPE,012,019,150,DUBL,00203,,,,
TREUTLEN,00568078,HUSSEY,BOBBIE,,,3395,ANDERSON POND RD, ,ADRIAN,GA,31002-6827,3395,ANDERSON POND RD,,ADRIAN,GA,31002-6827,A,,,04/21/2020,,,MAILED,NO,NO,NO,,ANNEX,012,019,150,DUBL,00202,,,,
TREUTLEN,00568315,LANFORD,JOHNNY,W,,640,BEASLEY HILL PL, ,TARRYTOWN,GA,30470-1742,640,BEASLEY HILL PL,,TARRYTOWN,GA,30470-1742,A,,,04/24/2020,,,MAILED,NO,NO,NO,,ANNEX,012,019,150,DUBL,00201,,,,
TREUTLEN,00568386,LOVE,JOHN,HENRY,JR,449,GA HIGHWAY 221, ,MOUNT VERNON,GA,30445,449,GA HIGHWAY 221,,MOUNT VERNON,GA,30445,A,,,06/03/2020,,,MAILED,NO,NO,NO,,SOPE,012,019,150,DUBL,00203,,,,
TREUTLEN,05833920,JOHNSON,RAYMOND,,,468,LONESOME PINE RD, ,TARRYTOWN,GA,30470,468,LONESOME PINE RD,,TARRYTOWN,GA,30470,A,,,04/21/2020,,,MAILED,NO,NO,NO,,SOPE,012,019,150,DUBL,00205,,,,
TREUTLEN,00568186,JOINER,OCIE,FRANKLIN,,5846,GA HIGHWAY 29, ,SOPERTON,GA,30457,,PO BOX 444,,SOPERTON,GA,30457-0044,A,,,05/28/2020,,,MAILED,NO,NO,NO,,SOPE,012,019,150,DUBL,00204,,,,
TREUTLEN,01310005,HORTON,JOANN,YAWN,,5690,KNOX MILL RD, ,SOPERTON,GA,30457-5131,5690,KNOX MILL RD,,SOPERTON,GA,30457-5131,A,,,09/15/2020,09/15/2020,,MAILED,NO,NO,NO,,SOPE,012,019,150,DUBL,00204,,00006,112,
TREUTLEN,11927560,LEE,MAKAYLA,LASHET,,108,PARKWAY DR, ,SOPERTON,GA,30457,108,PARKWAY DR,,SOPERTON,GA,30457,A,,,09/05/2020,09/18/2020,,MAILED,NO,NO,NO,CH,SOPE,012,019,150,DUBL,00214,,00007,70,
TREUTLEN,00569138,CARTER,MARY,E,,1066,HYMAN AVE, ,SOPERTON,GA,30457-2934,1066,HYMAN AVE,,SOPERTON,GA,30457-2934,A,,,05/18/2020,,,MAILED,NO,NO,NO,CH,SOPE,012,019,150,DUBL,00213,,,,
TREUTLEN,00568620,MILLS,MAE,LOIS,,1156,JIM RICKS DR, ,SOPERTON,GA,30457,1156,JIM RICKS DR,,SOPERTON,GA,30457,A,,,08/27/2020,09/18/2020,,MAILED,NO,NO,NO,CH,SOPE,012,019,150,DUBL,00213,,00004,17,
TREUTLEN,00570855,KNIGHT,MICHAEL,,,105,JACKSON ST, ,SOPERTON,GA,30457-1542,1067,JACKSON ST,,SOPERTON,GA,30457-1542,A,,,08/31/2020,09/18/2020,,MAILED,NO,NO,NO,CH,SOPE,012,019,150,DUBL,00213,,00009,39,
TREUTLEN,00570517,SANCHEZ,ANDREW,H,,2618,GA HIGHWAY 86, ,ADRIAN,GA,31002-6204,2618,GA HIGHWAY 86,,ADRIAN,GA,31002-6204,A,,,08/25/2020,,,MAILED,NO,NO,NO,,ANNEX,012,019,150,DUBL,00202,,,,
TREUTLEN,03471682,HARRIS,WILLIE,,JR,120,BREEZEWOOD LN, ,SOPERTON,GA,30457-4002,120,BREEZEWOOD LN,,SOPERTON,GA,30457-4002,A,,,04/17/2020,,,MAILED,NO,NO,NO,,SOPE,012,019,150,DUBL,00203,,,,
TREUTLEN,08826592,HOWELL,LYNIS,VERNAND,,420,BREEZEWOOD LN, ,SOPERTON,GA,30457,,P.O. BOX 186,,SOPERTON,GA,30457,A,,,09/03/2020,09/18/2020,,MAILED,NO,NO,NO,,SOPE,012,019,150,DUBL,00203,,00006,56,
TREUTLEN,00567589,DURDEN,JIM,F,,5281,GA HIGHWAY 221, ,SOPERTON,GA,30457,5281,GA HIGHWAY 221,,SOPERTON,GA,30457,A,,,04/09/2020,,,MAILED,NO,NO,NO,,SOPE,012,019,150,DUBL,00204,,,,
TREUTLEN,00568740,NOBLE,ANNIE,JEAN,,3182,CEDAR GROVE RD, ,SOPERTON,GA,30457-3232,3182,CEDAR GROVE RD,,SOPERTON,GA,30457-3232,A,,,09/15/2020,09/15/2020,,MAILED,NO,YES,NO,,SOPE,012,019,150,DUBL,00203,,00009,87,
TREUTLEN,00567166,NICHOLSON,SALLY,T,,4340,HOLTON CHAPEL RD, ,SOPERTON,GA,30457,4340,HOLTON CHAPEL RD,,SOPERTON,GA,30457,A,,,04/21/2020,,,MAILED,NO,NO,NO,,ANNEX,012,019,150,DUBL,00201,,,,
TREUTLEN,06225070,SUMNER,DOROTHY,P,,1139,ENNIS CIR, ,SOPERTON,GA,30457,1139,ENNIS CIR,,SOPERTON,GA,30457,A,,,04/21/2020,,,MAILED,NO,NO,NO,CH,SOPE,012,019,150,DUBL,00210,,,,
TREUTLEN,05835489,RICKS,RODRIGUES,BRANDEL,,1305,FOURTH ST,A,SOPERTON,GA,30457,1305,FOURTH ST,A,SOPERTON,GA,30457,A,,,09/15/2020,09/15/2020,,MAILED,NO,NO,NO,CH,SOPE,012,019,150,DUBL,00210,,00006,121,
TREUTLEN,00529037,LOVE,SHERRY,M,,11714,GA HIGHWAY 221, ,SOPERTON,GA,30457,11714,GA HIGHWAY 221,,SOPERTON,GA,30457,A,,,04/21/2020,,,MAILED,NO,NO,NO,,ANNEX,012,019,150,DUBL,00201,,,,
TREUTLEN,02267205,PALMER,JUDY,RAE,,6971,THOMPSON POND RD, ,TARRYTOWN,GA,30470-1909,6971,THOMPSON POND RD,,TARRYTOWN,GA,30470-1909,A,,,04/21/2020,,,MAILED,NO,NO,NO,,ANNEX,012,019,150,DUBL,00205,,,,
TREUTLEN,00570169,PRICE,JANICE,A,,153,BELK ST, ,SOPERTON,GA,30457-2109,153,BELK ST,,SOPERTON,GA,30457-2109,A,,,04/08/2020,,,MAILED,NO,NO,NO,CH,SOPE,012,019,150,DUBL,00208,,,,
TREUTLEN,12460997,DAVIS,PHYLLIS,MACALI,,878,PINE HILL RD, ,SOPERTON,GA,30457,878,PINE HILL RD,,SOPERTON,GA,30457,A,,,04/06/2020,,,MAILED,NO,NO,NO,,ANNEX,012,019,150,DUBL,00201,,,,
TREUTLEN,06654523,GREEN,WILLIE,LEE,,1344,FOREST AVE, ,SOPERTON,GA,30457,1344,FOREST AVE,,SOPERTON,GA,30457,A,,,04/21/2020,,,MAILED,NO,NO,NO,CH,SOPE,012,019,150,DUBL,00208,,,,
TREUTLEN,00569975,TUCKER,ROBERT,BRIAN,,3455,E MAIN ST, ,SOPERTON,GA,30457,,1992 CHEYANNE DR ,,SMYRNA,GA,30080,A,,,08/31/2020,09/18/2020,,MAILED,NO,NO,NO,CH,SOPE,012,019,150,DUBL,00212,,00002,42,
TREUTLEN,00567378,CARTER,MARTIN,E,,1502,WILDLIFE RD, ,SOPERTON,GA,30457-6063,1502,WILDLIFE RD,,SOPERTON,GA,30457-6063,A,,,08/27/2020,09/18/2020,,MAILED,NO,NO,NO,,ANNEX,012,019,150,DUBL,00201,,00002,16,
TREUTLEN,10470695,SOLOMON,QUINTAVIUS,,,1119,JENNINGS LN, ,SOPERTON,GA,30457,1119,JENNINGS LN,,SOPERTON,GA,30457,A,,,08/25/2020,,,MAILED,NO,NO,NO,CH,SOPE,012,019,150,DUBL,00208,,,,
TREUTLEN,00569328,SNYDER,RONALD,JESSE,,5779,N THIRD ST, ,SOPERTON,GA,30457,,PO BOX 253,,ETOWAH,NC,28729,A,,,04/21/2020,09/18/2020,,MAILED,NO,NO,NO,CH,SOPE,012,019,150,DUBL,00209,,00001,1,
TREUTLEN,05438058,CUMMINGS,GEORGE,W,JR,507,HIDDEN ACRES LN, ,SOPERTON,GA,30457-5947,507,HIDDEN ACRES LN,,SOPERTON,GA,30457-5947,A,,,04/08/2020,,,MAILED,NO,NO,NO,,ANNEX,012,019,150,DUBL,00201,,,,
TREUTLEN,00570827,STEPHENS,CONSTANCE,I,,1083,WOODLAND DR, ,SOPERTON,GA,30457-3454,1083,WOODLAND DR,,SOPERTON,GA,30457-3454,A,,,04/08/2020,,,MAILED,NO,NO,NO,CH,SOPE,012,019,150,DUBL,00212,,,,
TREUTLEN,00569362,STEPHENS,WILLIAM,PHILLIP,,1083,WOODLAND DR, ,SOPERTON,GA,30457-3454,1083,WOODLAND DR,,SOPERTON,GA,30457-3454,A,,,04/08/2020,,,MAILED,NO,NO,NO,CH,SOPE,012,019,150,DUBL,00212,,,,
TREUTLEN,03690904,PHILLIPS,ELZIE,N,,1240,HOLLAND PL, ,SOPERTON,GA,30457,1240,HOLLAND PL,,SOPERTON,GA,30457,A,,,03/03/2020,,,MAILED,NO,NO,NO,CH,SOPE,012,019,150,DUBL,00213,,,,
TREUTLEN,00568716,MOYE,ALMA,,,1584,MISSISSIPPI AVE, ,SOPERTON,GA,30457-2644,1584,MISSISSIPPI AVE,,SOPERTON,GA,30457-2644,A,,,09/15/2020,09/15/2020,,MAILED,NO,NO,NO,CH,SOPE,012,019,150,DUBL,00208,,00018,131,
TREUTLEN,01391639,SMITH,NANCY,MAYS,,4753,GA HIGHWAY 86, ,SOPERTON,GA,30457-5927,4753,GA HIGHWAY 86,,SOPERTON,GA,30457-5927,A,,,04/17/2020,,,MAILED,NO,NO,NO,,ANNEX,012,019,150,DUBL,00201,,,,
TREUTLEN,00567946,HEATH,BARBARA,K,,2240,LAKE CASSIE RD, ,ADRIAN,GA,31002-6502,2240,LAKE CASSIE RD,,ADRIAN,GA,31002-6502,A,,,04/21/2020,,,MAILED,NO,NO,NO,,ANNEX,012,019,150,DUBL,00201,,,,
TREUTLEN,12522690,VALENTINE,CHRISTION,JAY KYLE,,1097,SUMNER LN, ,SOPERTON,GA,30457,1097,SUMNER LN,,SOPERTON,GA,30457-2127,A,,,09/02/2020,09/18/2020,,MAILED,NO,NO,NO,CH,SOPE,012,019,150,DUBL,00208,,00012,52,
TREUTLEN,00569643,WEBB,CHARLES,Q,,2081,MUSKOGEE RD, ,SOPERTON,GA,30457-5625,2081,MUSKOGEE RD,,SOPERTON,GA,30457-5625,A,,,09/03/2020,,,MAILED,NO,NO,NO,,ANNEX,012,019,150,DUBL,00201,,,,
TREUTLEN,00570400,GILLIS,LEON,,,7281,EASTMAN RD, ,SOPERTON,GA,30457-2801,7281,EASTMAN RD,,SOPERTON,GA,30457-2801,A,,,08/25/2020,,,MAILED,NO,NO,NO,CH,SOPE,012,019,150,DUBL,00207,,,,
TREUTLEN,00569100,RICKS,CORINE,,,78,WESTEND DR, ,SOPERTON,GA,30457,78,WESTEND DR,,SOPERTON,GA,30457,A,,,08/28/2020,09/18/2020,,MAILED,NO,NO,NO,CH,SOPE,012,019,150,DUBL,00213,,00006,32,
TREUTLEN,00749089,PRICE,SANDRA,J,,7930,CROOKED RUN RD, ,ADRIAN,GA,31002,7930,CROOKED RUN RD,,ADRIAN,GA,31002,A,,,05/18/2020,,,MAILED,NO,NO,NO,,ANNEX,012,019,150,DUBL,00201,,,,
TREUTLEN,10198908,THOMAS,CARNESIA,TIANDRA,,1089,HYMAN AVE, ,SOPERTON,GA,30457,1089,HYMAN AVE,,SOPERTON,GA,30457,A,,,09/04/2020,09/18/2020,,MAILED,NO,NO,NO,CH,SOPE,012,019,150,DUBL,00213,,00012,65,
TREUTLEN,03556079,MOYE,IRMA,GENE,,2040,TEXAS AVE, ,SOPERTON,GA,30457,2040,TEXAS AVE,,SOPERTON,GA,30457,A,,,08/25/2020,,,MAILED,NO,NO,NO,CH,SOPE,012,019,150,DUBL,00217,,,,
TREUTLEN,00568201,JONES,RODERICK,HAL,,607,SECOND ST, ,SOPERTON,GA,30457,607,SECOND ST,,SOPERTON,GA,30457,A,,,04/09/2020,,,MAILED,NO,NO,NO,CH,SOPE,012,019,150,DUBL,00217,,,,
TREUTLEN,05069563,HERRIN,PEARY,E,,4906,W LOUISIANA AVE, ,SOPERTON,GA,30457,4906,W LOUISIANA AVE,,SOPERTON,GA,30457,A,,,04/08/2020,,,MAILED,NO,NO,NO,CH,SOPE,012,019,150,DUBL,00208,,,,
TREUTLEN,00570727,RENFROE,CAROLYN,,,83,BALLPARK RD, ,SOPERTON,GA,30457,83,BALLPARK RD,,SOPERTON,GA,30457,A,,,04/08/2020,,,MAILED,NO,NO,NO,CH,SOPE,012,019,150,DUBL,00213,,,,
TREUTLEN,04095870,RATLIEF,RONALD,DEAN,,686,LAKE CASSIE RD, ,ADRIAN,GA,31002,686,LAKE CASSIE RD,,ADRIAN,GA,31002,A,,,04/08/2020,,,MAILED,NO,NO,NO,,ANNEX,012,019,150,DUBL,00201,,,,
TREUTLEN,01018677,GRAHAM,BEULAH,THIGPEN,,327,QUAIL RIDGE DR, ,ADRIAN,GA,31002,327,QUAIL RIDGE DR,,ADRIAN,GA,31002,A,,,04/21/2020,,,MAILED,NO,NO,NO,,ANNEX,012,019,150,DUBL,00202,,,,
TREUTLEN,08075694,FULMER,JANICE,MARIE,,114,RIVERVIEW RD, ,SOPERTON,GA,30457-7244,114,RIVERVIEW RD,,SOPERTON,GA,30457-7244,A,,,05/22/2020,,,MAILED,NO,NO,NO,,ANNEX,012,019,150,DUBL,00201,,,,
TREUTLEN,00567336,BYRD,MORRIS,,,120,CANARY CIR, ,SOPERTON,GA,30457-3409,120,CANARY CIR,,SOPERTON,GA,30457-3409,A,,,09/15/2020,09/15/2020,,MAILED,NO,NO,NO,CH,SOPE,012,019,150,DUBL,00210,,00005,116,
TREUTLEN,00569073,RENFROE,MAXINE,,,663,SWEET ONION RD, ,TARRYTOWN,GA,30470-1629,663,SWEET ONION RD,,TARRYTOWN,GA,30470-1629,A,,,09/15/2020,09/15/2020,,MAILED,NO,YES,NO,,SOPE,012,019,150,DUBL,00205,,00002,83,
TREUTLEN,00567193,BOWERS,GENE,T,,1094,LAKE DR, ,SOPERTON,GA,30457-3532,,PO BOX  734,,SOPERTON,GA,30457-0003,A,,,04/21/2020,,,MAILED,NO,NO,NO,CH,SOPE,012,019,150,DUBL,00210,,,,
TREUTLEN,02216516,KIGHT,WOODROW,R,JR,2695,OLD LOUISVILLE RD, ,SOPERTON,GA,30457-6455,2695,OLD LOUISVILLE RD,,SOPERTON,GA,30457-6455,A,,,05/05/2020,,,MAILED,NO,NO,NO,,SOPE,012,019,150,DUBL,00205,,,,
TREUTLEN,04762720,HUTCHESON,RAYFORD,MERCER,,1930,OAK VALLEY RD, ,SOPERTON,GA,30457-6310,1930,OAK VALLEY RD,,SOPERTON,GA,30457-6310,A,,,04/21/2020,,,MAILED,NO,NO,NO,,SOPE,012,019,150,DUBL,00205,,,,
TREUTLEN,00567752,GILLIS,KAREN,,,1088,EDWIN ST, ,SOPERTON,GA,30457-3524,1088,EDWIN ST,,SOPERTON,GA,30457-3524,A,,,04/24/2020,,,MAILED,NO,NO,NO,CH,SOPE,012,019,150,DUBL,00212,,,,
TREUTLEN,08321339,THOMAS,WOODROW,DAVID,,7880,GA HIGHWAY 221, ,SOPERTON,GA,30457,7880,GA HIGHWAY 221,,SOPERTON,GA,30457,A,,,04/08/2020,,,MAILED,NO,NO,NO,,ANNEX,012,019,150,DUBL,00201,,,,
TREUTLEN,08698856,MILLS,ANNIE,WARREN,,1363,FLORIDA AVE, ,SOPERTON,GA,30457,1363,FLORIDA AVE,,SOPERTON,GA,30457,A,,,05/05/2020,,,MAILED,NO,NO,NO,CH,SOPE,012,019,150,DUBL,00210,,,,
TREUTLEN,00567751,GILLIS,JUSTINE,,,1061,GA HIGHWAY 227, ,SOPERTON,GA,30457-6231,,PO BOX 456,,SOPERTON,GA,30457-0045,A,,,06/01/2020,,,MAILED,NO,NO,NO,,ANNEX,012,019,150,DUBL,00201,,,,
TREUTLEN,00055294,LANN,CLYDE,DAVID,,1470,PECAN PT, ,SOPERTON,GA,30457,1470,PECAN PT,,SOPERTON,GA,30457,A,,,04/09/2020,,,MAILED,NO,NO,NO,,ANNEX,012,019,150,DUBL,00202,,,,
TREUTLEN,00567687,FOWLER,BARBRE,H,,4694,W LOUISIANA AVE, ,SOPERTON,GA,30457,4694,W LOUISIANA AVE,,SOPERTON,GA,30457,A,,,03/03/2020,,,MAILED,NO,NO,NO,CH,SOPE,012,019,150,DUBL,00208,,,,
TREUTLEN,00568975,POOLE,JERRY,,,7585,EASTMAN RD, ,SOPERTON,GA,30457-2601,7585,EASTMAN RD,,SOPERTON,GA,30457-2601,A,,,04/21/2020,,,MAILED,NO,NO,NO,CH,SOPE,012,019,150,DUBL,00207,,,,
TREUTLEN,00569361,STEPHENS,PHYLLIS,,,5023,W MAIN ST, ,SOPERTON,GA,30457-2751,5023,W MAIN ST,,SOPERTON,GA,30457-2751,A,,,04/17/2020,,,MAILED,NO,NO,NO,CH,SOPE,012,019,150,DUBL,00207,,,,
TREUTLEN,00570518,SANCHEZ,ROBIN,K,,2618,GA HIGHWAY 86, ,ADRIAN,GA,31002-6204,2618,GA HIGHWAY 86,,ADRIAN,GA,31002-6204,A,,,09/01/2020,09/18/2020,,MAILED,NO,NO,NO,,ANNEX,012,019,150,DUBL,00202,,00010,45,
TREUTLEN,00547420,HAINES,DAISY,BARTON,,2348,GILLIS SPRINGS RD, ,SOPERTON,GA,30457,2348,GILLIS SPRINGS RD,,SOPERTON,GA,30457,A,,,05/05/2020,,,MAILED,NO,NO,NO,,ANNEX,012,019,150,DUBL,00201,,,,
TREUTLEN,00570100,HODGES,KATHY,TISHA,,1121,SYCAMORE DR,APT C,SOPERTON,GA,30457,1121,SYCAMORE DR,APT C,SOPERTON,GA,30457,A,,,08/26/2020,09/18/2020,,MAILED,NO,NO,NO,CH,SOPE,012,019,150,DUBL,00208,,00001,7,
TREUTLEN,00569317,SMITH,WEDRELL,,,4753,GA HIGHWAY 86, ,SOPERTON,GA,30457-5927,4753,GA HIGHWAY 86,,SOPERTON,GA,30457-5927,A,,,04/09/2020,,,MAILED,NO,NO,NO,,ANNEX,012,019,150,DUBL,00201,,,,
TREUTLEN,02237879,HARRELL,EVIE,JO,,507,HIDDEN ACRES LN, ,SOPERTON,GA,30457,507,HIDDEN ACRES LN,,SOPERTON,GA,30457,A,,,04/08/2020,,,MAILED,NO,NO,NO,,ANNEX,012,019,150,DUBL,00201,,,,
TREUTLEN,01696544,PICKETT,ROBERT,EARL,,227,KNOX MILL RD, ,SOPERTON,GA,30457-5104,227,KNOX MILL RD,,SOPERTON,GA,30457-5104,A,,,04/08/2020,,,MAILED,NO,NO,NO,,ANNEX,012,019,150,DUBL,00202,,,,
TREUTLEN,00568140,JOHNSON,CHARLES,V,,195,CARTER ST, ,SOPERTON,GA,30457-2703,195,CARTER ST,,SOPERTON,GA,30457-2703,A,,,05/27/2020,,,MAILED,NO,NO,NO,CH,SOPE,012,019,150,DUBL,00208,,,,
TREUTLEN,00568607,MILLER,TERESA,,,5367,N THIRD ST, ,SOPERTON,GA,30457,5367,N THIRD ST,,SOPERTON,GA,30457,A,,,09/15/2020,09/15/2020,,MAILED,NO,YES,NO,CH,SOPE,012,019,150,DUBL,00208,,00013,90,
TREUTLEN,00569763,WILLIS,JACKIE,,,6591,GA HIGHWAY 15, ,SOPERTON,GA,30457-5211,6591,GA HIGHWAY 15,,SOPERTON,GA,30457-5211,A,,,09/01/2020,,,MAILED,NO,NO,NO,,SOPE,012,019,150,DUBL,00204,,,,
TREUTLEN,11253119,BOSTICK,BONIE,,,493,HORSESHOE BND, ,SOPERTON,GA,30457,493,HORSESHOE BND,,SOPERTON,GA,30457-6947,A,,,08/25/2020,,,MAILED,NO,NO,NO,,ANNEX,012,019,150,DUBL,00201,,,,
TREUTLEN,04694581,BELL,BRANTON,DEON,,1091,MEADOWOOD LN, ,SOPERTON,GA,30457-2151,1091,MEADOWOOD LN,,SOPERTON,GA,30457-2151,A,,,08/31/2020,09/18/2020,,MAILED,NO,NO,NO,CH,SOPE,012,019,150,DUBL,00208,,00007,40,
