County,Voter Registration #,Last Name,First Name,Middle Name,Suffix,Street #,Street Name,Apt/Unit,City,State,Zip Code,Mailing Street #,Mailing Street Name,Mailing Apt/Unit,Mailing City,Mailing State,Mailing Zip Code,Application Status,Ballot Status,Status Reason,Application Date,Ballot Issued Date,Ballot Return Date,Ballot Style,Ballot Assisted,Challenged/Provisional,ID Required,Municipal Precinct,County Precinct,CNG,SEN,HOUSE	,JUD,Combo #,Vote Center ID,Ballot ID,Post #,Party
WEBSTER,03439224,DENT,LETICIA,HOUSTON,,236,PONDERS MILL RD, ,RICHLAND,GA,31825-3704,236,PONDERS MILL RD,,RICHLAND,GA,31825-3704,A,,,09/01/2020,09/18/2020,,MAILED,NO,NO,NO,,P1,002,012,151,SWST,00002,,00010,42,
WEBSTER,10655179,BROWN,KRISTEN,ELIZABETH,,1669,HOLCOMBE DACUS RD, ,RICHLAND,GA,31825,6032,FAIRING DROP,,LITHONIA,GA,30038,A,,,09/08/2020,,,MAILED,NO,NO,NO,,P1,002,012,151,SWST,00002,,,,
WEBSTER,05548720,BELL,TERRY,BERNARD,,1250,CHURCHILL RD, ,PRESTON,GA,31824,1250,CHURCHILL RD,,PRESTON,GA,31824,A,,,09/01/2020,09/18/2020,,MAILED,NO,NO,NO,,P1,002,012,151,SWST,00001,,00001,1,
WEBSTER,08174126,JOHNSON,MELISSA,NIKOLE,,410,WASHINGTON ST, ,PRESTON,GA,31824,410,WASHINGTON ST,,PRESTON,GA,31824,A,,,09/01/2020,09/18/2020,,MAILED,NO,NO,NO,,P1,002,012,151,SWST,00001,,00003,4,
WEBSTER,07713532,JACOBS,CAROLE,SIMMONS,,1801,KENNEDY POND RD, ,PRESTON,GA,31824-4905,1801,KENNEDY POND RD,,PRESTON,GA,31824-4905,A,,,08/06/2020,,,MAILED,NO,NO,NO,,P1,002,012,151,SWST,00002,,,,
WEBSTER,08029494,CLINKSCALES,KAYKECIA,JONES,,93,DEER RUN DR, ,RICHLAND,GA,31825,93,DEER RUN DR,,RICHLAND,GA,31825-4904,A,,,09/01/2020,09/18/2020,,MAILED,NO,NO,NO,,P1,002,012,151,SWST,00002,,00020,57,
WEBSTER,00268777,BURKS,EVA,MAE,,205,WASHINGTON ST, ,PRESTON,GA,31824-3811,,PO BOX 156,,PRESTON,GA,31824-0015,A,,,05/28/2019,,,MAILED,NO,NO,NO,,P1,002,012,151,SWST,00004,,,,
WEBSTER,01208038,TYLER,TERRY,JAY,,3893,SPANNS MILL RD, ,PRESTON,GA,31824,3893,SPANNS MILL RD,,PRESTON,GA,31824-7838,A,,,08/06/2020,,,MAILED,NO,NO,NO,,P1,002,012,151,SWST,00004,,,,
WEBSTER,00268882,HALL,MARY,BROWN,,257,BEN WILLIAMS RD, ,PRESTON,GA,31824-6618,,PO BOX 221,,PRESTON,GA,31824-0022,A,,,08/06/2020,,,MAILED,NO,NO,NO,,P1,002,012,151,SWST,00003,,,,
WEBSTER,00269537,GRANTHAM,ARCHIE,L,,335,GEORGE REES ST, ,PRESTON,GA,31824-5107,335,GEORGE REES ST,,PRESTON,GA,31824-5107,A,,,08/06/2020,,,MAILED,NO,NO,NO,,P1,002,012,151,SWST,00004,,,,
WEBSTER,00269020,MCGLAUN,MARY,SIBYL,,510,SEMINOLE RD, ,RICHLAND,GA,31825-3410,,PO BOX 297,,RICHLAND,GA,31825-0029,A,,,08/06/2020,,,MAILED,NO,NO,NO,,P1,002,012,151,SWST,00002,,,,
WEBSTER,00252377,BEARDEN,JAMES,R,,1222,CATTLE FARM RD, ,PRESTON,GA,31824,1222,CATTLE FARM RD.,,PRESTON,GA,31824,A,,,08/06/2020,,,MAILED,NO,NO,NO,,P1,002,012,151,SWST,00001,,,,
WEBSTER,00269500,WALKER,JUDY,BLACK,,117,DACUS TRI, ,PRESTON,GA,31824,,PO BOX 52,,PRESTON,GA,31824-0005,A,,,08/06/2020,,,MAILED,NO,NO,NO,,P1,002,012,151,SWST,00004,,,,
WEBSTER,00269349,BLANKENSHIP,JOANNE,WILLIAMS,,6947,WASHINGTON ST, ,PRESTON,GA,31824,,PO BOX 5,,PRESTON,GA,31824,A,,,08/06/2020,,,MAILED,NO,NO,NO,,P1,002,012,151,SWST,00004,,,,
WEBSTER,07713471,JACOBS,JOHNNY,GENE,,1801,KENNEDY POND RD, ,PRESTON,GA,31824-4905,1801,KENNEDY POND RD,,PRESTON,GA,31824-4905,A,,,08/06/2020,,,MAILED,NO,NO,NO,,P1,002,012,151,SWST,00002,,,,
WEBSTER,00269252,HARRY,MARY,NELL,,340,HARRYS CIR, ,PRESTON,GA,31824,340,HARRYS CIR,,PRESTON,GA,31824-7506,A,,,08/06/2020,,,MAILED,NO,NO,NO,,P1,002,012,151,SWST,00003,,,,
WEBSTER,00269148,WALKER,WALTER,H,SR,6950,WASHINGTON ST, ,PRESTON,GA,31824-4034,6950,WASHINGTON ST,,PRESTON,GA,31824-4034,A,,,08/06/2020,,,MAILED,NO,NO,NO,,P1,002,012,151,SWST,00004,,,,
WEBSTER,00269337,ADDY,NANCY,W,,82,ADDYS DAIRY RD, ,PRESTON,GA,31824-5501,82,ADDYS DAIRY RD,,PRESTON,GA,31824-5501,A,,,08/06/2020,,,MAILED,NO,NO,NO,,P1,002,012,151,SWST,00004,,,,
WEBSTER,04141456,LEWIS,EMORY,FORD,,7083,SEMINOLE RD, ,RICHLAND,GA,31825,7083,SEMINOLE RD,,RICHLAND,GA,31825-2649,A,,,08/06/2020,,,MAILED,NO,NO,NO,,P1,002,012,151,SWST,00001,,,,
WEBSTER,06081856,HUDSON,PATTY,JO,,6670,HAMILTON ST,UNIT 18,PRESTON,GA,31824,6670,HAMILTON ST,UNIT 18,PRESTON,GA,31824,A,,,09/01/2020,,,MAILED,NO,NO,NO,,P1,002,012,151,SWST,00001,,,,
WEBSTER,00268714,YANCIE,ISAAC,,,1488,GOODWIN POND RD, ,WESTON,GA,31832,1488,GOODWIN POND RD,,WESTON,GA,31832,A,,,08/06/2020,,,MAILED,NO,NO,NO,,P1,002,012,151,SWST,00003,,,,
WEBSTER,00268616,NEALY,ELAINE,CORDELAOUS,,6670,HAMILTON ST,APT 9,PRESTON,GA,31824,6670,HAMILTON ST,APT 9,PRESTON,GA,31824-3826,A,,,09/01/2020,09/18/2020,,MAILED,NO,NO,NO,,P1,002,012,151,SWST,00001,,00016,46,
WEBSTER,04500729,DEW,PERRY,,SR,70,SARAH DEW RD, ,PRESTON,GA,31824-2007,70,SARAH DEW RD,,PRESTON,GA,31824-2007,A,,,09/01/2020,09/18/2020,,MAILED,NO,NO,NO,,P1,002,012,151,SWST,00001,,00002,3,
WEBSTER,00261480,GUNNELS,RUBY,P,,606,HWY 153, ,PRESTON,GA,31824-3531,606,HWY 153,,PRESTON,GA,31824-3531,A,,,08/06/2020,,,MAILED,NO,NO,NO,,P1,002,012,151,SWST,00004,,,,
WEBSTER,00816902,COBB,GARY,LYNN,,495,COBB RD, ,RICHLAND,GA,31825-2909,495,COBB RD,,RICHLAND,GA,31825-2909,A,,,08/06/2020,,,MAILED,NO,NO,NO,,P1,002,012,151,SWST,00001,,,,
WEBSTER,08627023,GARVIN,TYRISHA,LA'SHA,,110,LAKE DORIS RD, ,PRESTON,GA,31824-5808,110,LAKE DORIS RD,,PRESTON,GA,31824-5808,A,,,09/01/2020,09/18/2020,,MAILED,NO,NO,NO,,P1,002,012,151,SWST,00003,,00005,27,
WEBSTER,00268758,BONE,HAROLD,L,,299,SEMINOLE RD, ,RICHLAND,GA,31825-3405,299,SEMINOLE RD,,RICHLAND,GA,31825-3405,A,,,08/06/2020,,,MAILED,NO,NO,NO,,P1,002,012,151,SWST,00002,,,,
WEBSTER,01264389,COBB,SAUNDRA,L,,495,COBB RD, ,RICHLAND,GA,31825-2909,495,COBB RD,,RICHLAND,GA,31825-2909,A,,,08/06/2020,,,MAILED,NO,NO,NO,,P1,002,012,151,SWST,00001,,,,
WEBSTER,03661349,STEWART,VICKIE,LAGAYLE,,39,FOX LN, ,RICHLAND,GA,31825,39,FOX LN,,RICHLAND,GA,31825-0022,A,,,09/01/2020,09/18/2020,,MAILED,NO,NO,NO,,P1,002,012,151,SWST,00002,,00004,20,
WEBSTER,00268521,HARRELL,ANNIE,PEARL,,277,CRIMES CIR, ,PRESTON,GA,31824-6740,277,CRIMES CIR,,PRESTON,GA,31824-6740,A,,,08/06/2020,,,MAILED,NO,NO,NO,,P1,002,012,151,SWST,00003,,,,
WEBSTER,00268419,BROWN,CHARLES,,JR,200,BROWN CR, ,RICHLAND,GA,31825-4712,200,BROWN CR,,RICHLAND,GA,31825-4712,A,,,09/01/2020,,,MAILED,NO,NO,NO,,P1,002,012,151,SWST,00003,,,,
WEBSTER,10666297,HARMON,JAMES,EDWARD,,2282,TV TOWER ROAD, ,PARROTT,GA,39877,2282,TV TOWER RD,,PARROTT,GA,39877-3644,A,,,08/06/2020,,,MAILED,NO,NO,NO,,P1,002,012,151,SWST,00004,,,,
WEBSTER,00624516,CRIMES,RACHAEL,COLBERT,,398,POPLAR SPRINGS RD, ,PRESTON,GA,31824-6828,398,POPLAR SPRINGS RD,,PRESTON,GA,31824-6828,A,,,05/23/2019,,,MAILED,NO,NO,NO,,P1,002,012,151,SWST,00003,,,,
WEBSTER,00268619,NEALY,HATTIE,LUE,,6670,HAMILTON ST, ,PRESTON,GA,31824,6670,HAMILTON STREET,13,PRESTON,GA,31824,A,,,03/13/2020,,,MAILED,NO,NO,NO,,P1,002,012,151,SWST,00001,,,,
WEBSTER,10729945,BLODGETT,XAVIER,ALEXANDER,,498,KIRKSEY RD, ,PARROTT,GA,39877,,P.O. BOX 64,,PARROTT,GA,39877,A,,,09/01/2020,09/18/2020,,MAILED,NO,NO,NO,,P1,002,012,151,SWST,00004,,00001,6,
WEBSTER,00268498,GAY,ALBERT,,JR,970,MAIN ST, ,WESTON,GA,31832,970,MAIN ST,,WESTON,GA,31832-2617,A,,,09/01/2020,09/18/2020,,MAILED,NO,NO,NO,,P1,002,012,151,SWST,00003,,00013,37,
WEBSTER,00269004,LOCKETT,CLAUDE,,JR,4231,HWY 41, ,PRESTON,GA,31824-3416,,PO BOX 175,,PRESTON,GA,31824-0017,A,,,08/06/2020,,,MAILED,NO,NO,NO,,P1,002,012,151,SWST,00001,,,,
WEBSTER,00269216,COLBERT,LEOLA,MAE,,333,BEN WILLIAMS RD, ,PRESTON,GA,31824-6620,333,BEN WILLIAMS RD,,PRESTON,GA,31824-6620,A,,,08/06/2020,,,MAILED,NO,NO,NO,,P1,002,012,151,SWST,00003,,,,
WEBSTER,00268455,CRIMES,BESSIE,PEARL,,396,POPLAR SPRINGS RD, ,PRESTON,GA,31824-6828,396,POPLAR SPRINGS RD,,PRESTON,GA,31824-6828,A,,,09/01/2020,,,MAILED,NO,NO,NO,,P1,002,012,151,SWST,00003,,,,
WEBSTER,00268960,JONES,RUBY,JOWERS,,5168,HWY 41, ,PRESTON,GA,31824-3434,,PO BOX 244,,PRESTON,GA,31824-0024,A,,,08/06/2020,,,MAILED,NO,NO,NO,,P1,002,012,151,SWST,00001,,,,
WEBSTER,00269101,FOSTER,LOVIE,RUTH,,219,MILLARD KENNEDY RD, ,PRESTON,GA,31824-5006,219,MILLARD KENNEDY RD,,PRESTON,GA,31824-5006,A,,,09/01/2020,09/18/2020,,MAILED,NO,NO,NO,,P1,002,012,151,SWST,00003,,00009,31,
WEBSTER,00269211,BLANKENSHIP,PAUL,DAVID,,455,BLANKENSHIP RD, ,PRESTON,GA,31824-7809,455,BLANKENSHIP RD,,PRESTON,GA,31824-7809,A,,,09/01/2020,,,MAILED,NO,NO,NO,,P1,002,012,151,SWST,00004,,,,
WEBSTER,00269087,SCOTT,DAVID,A,,5775,W CENTERPOINT RD, ,RICHLAND,GA,31825-4117,5775,W CENTERPOINT ,,RICHLAND,GA,31825-4117,A,,,08/06/2020,,,MAILED,NO,NO,NO,,P1,002,012,151,SWST,00002,,,,
WEBSTER,10201360,DURHAM,KEITH,RUSSEL,,140,KIMBROUGH RD, ,RICHLAND,GA,31825,140,KIMBROUGH RD,,RICHLAND,GA,31825,A,,,09/01/2020,09/18/2020,,MAILED,NO,NO,NO,,P1,002,012,151,SWST,00003,,00019,58,
WEBSTER,00269347,BLANKENSHIP,AARON,SIMS,SR,6947,WASHINGTON ST, ,PRESTON,GA,31824-4035,,PO BOX 5,,PRESTON,GA,31824,A,,,08/06/2020,,,MAILED,NO,NO,NO,,P1,002,012,151,SWST,00004,,,,
WEBSTER,00268697,WILLIAMS,GEORGE,P,,17778,HWY 41, ,WESTON,GA,31832,,PO BOX 6,,WESTON,GA,31832,A,,,06/04/2019,,,MAILED,NO,NO,NO,,P1,002,012,151,SWST,00003,,,,
WEBSTER,00021097,REYNOLDS,BETTY,ANDERSON,,8059,E CENTERPOINT RD, ,PARROTT,GA,39877,8059,E. CENTERPOINT ,,PARROTT,GA,39877,A,,,08/06/2020,,,MAILED,NO,NO,NO,,P1,002,012,151,SWST,00004,,,,
WEBSTER,00268641,RIGGINS,MATTIE,J,,385,E CENTERPOINT RD, ,PRESTON,GA,31824,385,E CENTERPOINT ,,PRESTON,GA,31824-6648,A,,,09/10/2020,,,MAILED,NO,NO,NO,,P1,002,012,151,SWST,00003,,,,
WEBSTER,00268671,THORNTON,MARY,A,,468,THORNTON RD, ,RICHLAND,GA,31825-2338,468,THORNTON RD,,RICHLAND,GA,31825-2338,A,,,09/01/2020,09/18/2020,,MAILED,NO,NO,NO,,P1,002,012,151,SWST,00001,,00019,62,
WEBSTER,04471446,HORNE,WILLIE,B,,241,DEERFIELD DR, ,RICHLAND,GA,31825-3847,241,DEERFIELD DR,,RICHLAND,GA,31825-3847,A,,,09/01/2020,,,MAILED,NO,NO,NO,,P1,002,012,151,SWST,00002,,,,
WEBSTER,00262404,CHANCELLOR,SHIRLEY,DALE,,1763,HARRY RD, ,PRESTON,GA,31824-1940,1763,HARRY RD,,PRESTON,GA,31824-1940,A,,,08/06/2020,,,MAILED,NO,NO,NO,,P1,002,012,151,SWST,00001,,,,
WEBSTER,08174106,DURHAM,CHIQUTE,DENISE,,140,KIMBROUGH RD, ,RICHLAND,GA,31825-4720,,PO BOX 121,,WESTON,GA,31832-0012,A,,,09/08/2020,09/18/2020,,MAILED,NO,NO,NO,,P1,002,012,151,SWST,00003,,00022,69,
WEBSTER,07466098,GORDON,WILLIAM,DAVID,,693,HWY 153, ,PRESTON,GA,31824,693,HWY 153,,PRESTON,GA,31824,A,,,09/01/2020,09/18/2020,,MAILED,NO,NO,NO,,P1,002,012,151,SWST,00001,,00008,11,
WEBSTER,00269023,MCGLAUN,SANDRA,,,155,ENTERPRISE CHURCH RD, ,RICHLAND,GA,31825-3427,155,ENTERPRISE CHURCH RD,,RICHLAND,GA,31825-3427,A,,,08/06/2020,,,MAILED,NO,NO,NO,,P1,002,012,151,SWST,00002,,,,
WEBSTER,06382255,CULMER,SAMUEL,EUGENE,,4562,WILSON POND RD, ,PRESTON,GA,31824,,PO BOX 121,,PRESTON,GA,31824-0012,A,,,08/06/2020,,,MAILED,NO,NO,NO,,P1,002,012,151,SWST,00001,,,,
WEBSTER,02438739,LOCKETT,DEXTER,L,,196,CRIMES CIR, ,PRESTON,GA,31824,196,CRIMES CIRCLE,,PRESTON,GA,31824,A,,,09/01/2020,09/18/2020,,MAILED,NO,NO,NO,,P1,002,012,151,SWST,00003,,00014,38,
WEBSTER,08163255,SMITH,JENNIFER,L,,1698,HWY 520, ,WESTON,GA,31832,1698,HWY 520,,WESTON,GA,31832,A,,,09/05/2020,09/18/2020,,MAILED,NO,NO,NO,,P1,002,012,151,SWST,00003,,00023,72,
WEBSTER,10413337,SHEFTALL,THADIUS,,,1168,CHURCHILL RD, ,PRESTON,GA,31824,1168,CHURCHILL RD,,PRESTON,GA,31824-2033,A,,,09/01/2020,09/18/2020,,MAILED,NO,NO,NO,,P1,002,012,151,SWST,00001,,00004,5,
WEBSTER,00268961,JONES,WYNONA,JEAN,,180,GREENFIELD CR, ,WESTON,GA,31832-2602,180,GREENFIELD CR,,WESTON,GA,31832-2602,A,,,08/06/2020,,,MAILED,NO,NO,NO,,P1,002,012,151,SWST,00002,,,,
WEBSTER,12481941,COCKRILL,CYNTHIA,G,,11181,HWY 41, ,PRESTON,GA,31824,11181,HWY 41,,PRESTON,GA,31824,A,,,08/06/2020,,,MAILED,NO,NO,NO,,P1,002,012,151,SWST,00002,,,,
WEBSTER,00268525,HAWKINS,WILLIE,GILBERT,,220,BROWN CR, ,RICHLAND,GA,31825,220,BROWN CIRCLE,,RICHLAND,GA,31825,A,,,09/01/2020,,,MAILED,NO,NO,NO,,P1,002,012,151,SWST,00003,,,,
WEBSTER,00268643,NEALY,TONYA,RIGGINS,,829,HOLCOMBE DACUS RD, ,RICHLAND,GA,31825-4617,,PO BOX 68,,PRESTON,GA,31824-0006,A,,,09/10/2020,09/18/2020,,MAILED,NO,NO,NO,,P1,002,012,151,SWST,00002,,00025,74,
WEBSTER,00268436,CAMP,GRACE,MATHIS,,675,MAIN ST, ,WESTON,GA,31832-2612,,PO BOX 23,,WESTON,GA,31832-0002,A,,,08/06/2020,,,MAILED,NO,NO,NO,,P1,002,012,151,SWST,00003,,,,
WEBSTER,00268620,DAVID,SYLVIA,NEALY,,1669,HOLCOMBE DACUS RD, ,RICHLAND,GA,31825-4633,1669,HOLCOMBE DACUS RD,,RICHLAND,GA,31825-4633,A,,,09/01/2020,09/18/2020,,MAILED,NO,NO,NO,,P1,002,012,151,SWST,00002,,00005,21,
WEBSTER,00268801,COBB,RENA,T,,3789,SEMINOLE RD, ,RICHLAND,GA,31825,3789,SEMINOLE RD,,RICHLAND,GA,31825-2911,A,,,08/06/2020,,,MAILED,NO,NO,NO,,P1,002,012,151,SWST,00001,,,,
WEBSTER,07820613,WILLIAMS,KEVIN,,,18,BETHLEHEM CHURCH RD, ,RICHLAND,GA,31825,18,BETHLEHEM CHURCH RD,,RICHLAND,GA,31825,A,,,09/01/2020,09/18/2020,,MAILED,NO,NO,NO,,P1,002,012,151,SWST,00002,,00024,68,
WEBSTER,10727670,HUDSON,MARY,JACQUELINE,,5289,BEN WILLIAMS RD, ,PARROTT,GA,39877,5289,BEN WILLIAMS RD,,PARROTT,GA,39877,A,,,08/06/2020,,,MAILED,NO,NO,NO,,P1,002,012,151,SWST,00003,,,,
WEBSTER,00268884,HAMLIN,RICHARD,KENNETH,,11,BELL ST, ,PRESTON,GA,31824-3907,,PO BOX 142,,PRESTON,GA,31824-0014,A,,,08/06/2020,,,MAILED,NO,NO,NO,,P1,002,012,151,SWST,00004,,,,
WEBSTER,00268746,BINN,JOHN,LUTHER,JR,45,LOWE MILES RD, ,PRESTON,GA,31824-3408,45,LOWE MILES RD,,PRESTON,GA,31824-3408,A,,,09/01/2020,09/18/2020,,MAILED,NO,NO,NO,,P1,002,012,151,SWST,00001,,00011,14,
WEBSTER,00269488,STOREY,JANICE,REVELL,,130,STOREY CR, ,PRESTON,GA,31824,130,STOREY CIRCLE,,PRESTON,GA,31824-0018,A,,,08/06/2020,,,MAILED,NO,NO,NO,,P1,002,012,151,SWST,00004,,,,
WEBSTER,05031587,CULPEPPER,LAQUITA,DENISE,,44,FOX LN, ,RICHLAND,GA,31825,44,FOX LANE,,RICHLAND,GA,31825,A,,,09/01/2020,09/18/2020,,MAILED,NO,NO,NO,,P1,002,012,151,SWST,00002,,00007,32,
WEBSTER,00268986,KING,GEORGIA,LEE,,357,BANKSTON GOOD HOPE RD, ,PRESTON,GA,31824-2533,357,BANKSTON GOOD HOPE ,,PRESTON,GA,31824-2533,A,,,09/08/2020,,,MAILED,NO,NO,NO,,P1,002,012,151,SWST,00001,,,,
WEBSTER,00269147,WALKER,LONITA,WALLS,,6950,WASHINGTON ST, ,PRESTON,GA,31824,6950,WASHINGTON STREET,,PRESTON,GA,31824,A,,,09/01/2020,09/18/2020,,MAILED,NO,NO,NO,,P1,002,012,151,SWST,00004,,00002,10,
WEBSTER,00261264,ASKEW,SAMUEL,A,,93,DEER RUN DR, ,RICHLAND,GA,31825-4904,,PO BOX 45,,RICHLAND,GA,31825-0004,A,,,09/01/2020,09/18/2020,,MAILED,NO,NO,NO,,P1,002,012,151,SWST,00002,,00019,56,
WEBSTER,03495318,SANDERS,MARY,SUE,,10,BELL ST, ,PRESTON,GA,31824,10,BELL STREET,,PRESTON,GA,31824,A,,,06/04/2019,,,MAILED,NO,NO,NO,,P1,002,012,151,SWST,00004,,,,
WEBSTER,02102763,SMALL,JESSE,L,JR,368,EMMA IRVING LN, ,RICHLAND,GA,31825-2553,,PO BOX 391,,RICHLAND,GA,31825-0039,A,,,08/06/2020,,,MAILED,NO,NO,NO,,P1,002,012,151,SWST,00001,,,,
WEBSTER,00268712,WRIGHT,SHIRLINE,WASHINGTON,,1406,POPLAR SPRINGS RD, ,PRESTON,GA,31824-6735,1406,POPLAR SPRINGS RD,,PRESTON,GA,31824-6735,A,,,09/01/2020,09/18/2020,,MAILED,NO,NO,NO,,P1,002,012,151,SWST,00003,,00003,23,
WEBSTER,10666298,HARMON,LISA,KATHRYN,,2282,TV TOWER ROAD, ,PARROTT,GA,39877,2282,TV TOWER RD,,PARROTT,GA,39877-3644,A,,,08/06/2020,,,MAILED,NO,NO,NO,,P1,002,012,151,SWST,00004,,,,
WEBSTER,00268918,HOLBROOK,WYNELLE,,,349,PONDERS MILL RD, ,RICHLAND,GA,31825,349,PONDERS MILL RD,,RICHLAND,GA,31825,A,,,08/06/2020,,,MAILED,NO,NO,NO,,P1,002,012,151,SWST,00002,,,,
WEBSTER,00268989,KINNETT,HAZEL,PUGH,,6860,WASHINGTON ST, ,PRESTON,GA,31824-4032,6860,WASHINGTON ST,,PRESTON,GA,31824-4032,A,,,08/06/2020,,,MAILED,NO,NO,NO,,P1,002,012,151,SWST,00004,,,,
WEBSTER,00268904,ANGRY,MARY,HAWKINS,,6216,CASS ST, ,PRESTON,GA,31824-3929,,PO BOX 291,,PRESTON,GA,31824-0029,A,,,08/06/2020,,,MAILED,NO,NO,NO,,P1,002,012,151,SWST,00004,,,,
WEBSTER,00268939,IRVING,MATILDA,GOLDEN,,5,FLANNIGAN MILL RD, ,RICHLAND,GA,31825-2523,5,FLANNIGAN MILL RD,,RICHLAND,GA,31825-2523,A,,,08/06/2020,,,MAILED,NO,NO,NO,,P1,002,012,151,SWST,00001,,,,
WEBSTER,08311409,RIVERS,NATHANIEL,BERNARD,,5564,KENNEDY POND RD, ,RICHLAND,GA,31825,5564,KENNEDY POND RD,,RICHLAND,GA,31825-4934,A,,,08/06/2020,,,MAILED,NO,NO,NO,,P1,002,012,151,SWST,00002,,,,
WEBSTER,11953822,BELLAMY,DERRICK,,II,71,SARAH DEW RD, ,PRESTON,GA,31824,71,SARAH DEW RD,,PRESTON,GA,31824,A,,,09/01/2020,09/18/2020,,MAILED,NO,NO,NO,,P1,002,012,151,SWST,00001,,00013,24,
WEBSTER,03529297,WILLIAMS,SALLIE,MAE,,6670,HAMILTON ST,APT 19,PRESTON,GA,31824,6670,HAMILTON ST,APT 19,PRESTON,GA,31824,A,,,08/06/2020,,,MAILED,NO,NO,NO,,P1,002,012,151,SWST,00001,,,,
WEBSTER,00269016,MCCLUSTER,DELTHA,JEAN,,4470,HWY 41, ,PRESTON,GA,31824-3420,,PO BOX 222,,PRESTON,GA,31824-0022,A,,,08/06/2020,,,MAILED,NO,NO,NO,,P1,002,012,151,SWST,00001,,,,
WEBSTER,00268689,WILBURN,ELZIE,LAMAR,,4490,BEN WILLIAMS RD, ,PARROTT,GA,39877-3020,4490,BEN WILLIAMS RD,,PARROTT,GA,39877-3020,A,,,09/01/2020,09/18/2020,,MAILED,NO,NO,NO,,P1,002,012,151,SWST,00003,,00020,63,
WEBSTER,00269383,GORMAN,WAYNE,DONALD,,21,WALKER ST, ,PRESTON,GA,31824-3909,21,WALKER ST,,PRESTON,GA,31824-3909,A,,,08/06/2020,,,MAILED,NO,NO,NO,,P1,002,012,151,SWST,00004,,,,
WEBSTER,08651268,NEALY,JEREMY,PAUL,,829,HOLCOMBE DACUS RD, ,RICHLAND,GA,31825-4617,,PO BOX 68,,PRESTON,GA,31824-0006,A,,,09/10/2020,09/18/2020,,MAILED,NO,NO,NO,,P1,002,012,151,SWST,00002,,00026,75,
WEBSTER,12759378,MARCHBANKS,ANN MARIE,,,5173,SEMINOLE RD, ,RICHLAND,GA,31825,5173,SEMINOLE RD,,RICHLAND,GA,31825,A,,,09/01/2020,09/18/2020,,MAILED,NO,NO,NO,,P1,002,012,151,SWST,00001,,00007,9,
WEBSTER,00268865,FOSTER,ERIE,,JR,219,MILLARD KENNEDY RD, ,PRESTON,GA,31824-5006,219,MILLARD KENNEDY RD,,PRESTON,GA,31824-5006,A,,,09/01/2020,09/18/2020,,MAILED,NO,NO,NO,,P1,002,012,151,SWST,00003,,00008,30,
WEBSTER,00269358,BUSH,ROSE,MARIE,,1291,CEMETERY RD, ,PRESTON,GA,31824-4131,1291,CEMETERY RD,,PRESTON,GA,31824-4131,A,,,08/06/2020,,,MAILED,NO,NO,NO,,P1,002,012,151,SWST,00004,,,,
WEBSTER,03301502,ROYAL,ALICIA,ANN JONES,,173,INGRAM RD, ,PRESTON,GA,31824-3753,173,INGRAM RD,,PRESTON,GA,31824-3753,A,,,09/01/2020,09/18/2020,,MAILED,NO,NO,NO,,P1,002,012,151,SWST,00001,,00018,60,
WEBSTER,00269277,WILBURN,CLARA,KING,,4490,BEN WILLIAMS RD, ,PARROTT,GA,39877,4490,BEN WILLIAMS RD,,PARROTT,GA,39877-3020,A,,,09/01/2020,09/18/2020,,MAILED,NO,NO,NO,,P1,002,012,151,SWST,00003,,00021,66,
WEBSTER,04804467,HAWKINS,SHAWN,DEMETRICE,,200,BROWN CR, ,RICHLAND,GA,31825-4712,200,BROWN CR,,RICHLAND,GA,31825-4712,A,,,09/01/2020,,,MAILED,NO,NO,NO,,P1,002,012,151,SWST,00003,,,,
WEBSTER,00269604,SHAVER,PEGGY,R,,166,GREENFIELD CR, ,WESTON,GA,31832,,PO BOX 55,,WESTON,GA,31832-0005,A,,,08/06/2020,,,MAILED,NO,NO,NO,,P1,002,012,151,SWST,00002,,,,
WEBSTER,00252378,BEARDEN,JANICE,JONES,,1222,CATTLE FARM RD, ,PRESTON,GA,31824,1222,CATTLE FARM ROAD,,PRESTON,GA,31824,A,,,08/06/2020,,,MAILED,NO,NO,NO,,P1,002,012,151,SWST,00001,,,,
WEBSTER,00268999,LANEY,DOROTHY,JORDAN,,9160,HWY 41, ,PRESTON,GA,31824,9160,HWY 41,,PRESTON,GA,31824,A,,,09/01/2020,09/18/2020,,MAILED,NO,NO,NO,,P1,002,012,151,SWST,00003,,00010,33,
WEBSTER,07713344,THOMAS,JESSICA,SHONTAI,,5093,HWY 41, ,PRESTON,GA,31824,5093,HWY 41,,PRESTON,GA,31824-9797,A,,,09/01/2020,09/18/2020,,MAILED,NO,NO,NO,,P1,002,012,151,SWST,00001,,00021,67,
WEBSTER,00269438,PAGE,ANN,BARBAREE,,4689,HWY 280, ,PRESTON,GA,31824-5337,4689,HWY 280,,PRESTON,GA,31824-5337,A,,,08/06/2020,,,MAILED,NO,NO,NO,,P1,002,012,151,SWST,00004,,,,
WEBSTER,00269356,BUSH,JERRY,WAYNE,,1291,CEMETERY RD, ,PRESTON,GA,31824-4131,1291,CEMETERY RD,,PRESTON,GA,31824-4131,A,,,08/06/2020,,,MAILED,NO,NO,NO,,P1,002,012,151,SWST,00004,,,,
WEBSTER,06122540,JORDAN,ANNIE,M,,379,HWY 153, ,PRESTON,GA,31824-3526,,PO BOX 71,,PRESTON,GA,31824-0007,A,,,08/06/2020,,,MAILED,NO,NO,NO,,P1,002,012,151,SWST,00001,,,,
WEBSTER,00269375,FORREST,WILLIAM,G,,74,FORREST RD, ,PRESTON,GA,31824-3000,74,FORREST RD,,PRESTON,GA,31824-3000,A,,,08/06/2020,,,MAILED,NO,NO,NO,,P1,002,012,151,SWST,00004,,,,
WEBSTER,00269572,TURNER,OLIVIA,YVONNE,,1406,POPLAR SPRINGS RD, ,PRESTON,GA,31824,1406,POPLAR SPRINGS RD,,PRESTON,GA,31824,A,,,09/06/2020,09/18/2020,,MAILED,NO,NO,NO,,P1,002,012,151,SWST,00003,,00024,73,
WEBSTER,03511797,CLADD,VIOLA,,,115,GARRETT RD, ,WESTON,GA,31832-2203,115,GARRETT RD,,WESTON,GA,31832-2203,A,,,08/06/2020,,,MAILED,NO,NO,NO,,P1,002,012,151,SWST,00002,,,,
WEBSTER,02951697,THOMAS,DENISE,,,196,CRIMES CIR, ,PRESTON,GA,31824,196,CRIMES CIR,,PRESTON,GA,31824-6708,A,,,09/01/2020,09/18/2020,,MAILED,NO,NO,NO,,P1,002,012,151,SWST,00003,,00015,40,
WEBSTER,00263863,PEPPERS,KAREN,LEE,,469,WILSON POND RD, ,PRESTON,GA,31824,469,WILSON POND RD,,PRESTON,GA,31824-3320,A,,,08/06/2020,,,MAILED,NO,NO,NO,,P1,002,012,151,SWST,00002,,,,
WEBSTER,00269529,SHANNON,GLENN,ALLAN,,3250,HWY 153, ,PRESTON,GA,31824-2832,3250,HWY 153,,PRESTON,GA,31824-2832,A,,,08/06/2020,,,MAILED,NO,NO,NO,,P1,002,012,151,SWST,00004,,,,
WEBSTER,03315803,MCKINNEY,BETTY,JEAN,,134,INGRAM RD, ,PRESTON,GA,31824-3752,134,INGRAM RD,,PRESTON,GA,31824-3752,A,,,08/06/2020,,,MAILED,NO,NO,NO,,P1,002,012,151,SWST,00001,,,,
WEBSTER,00269021,MCGLAUN,MICHAEL,A,,155,ENTERPRISE CHURCH RD, ,RICHLAND,GA,31825-3427,155,ENTERPRISE CHURCH RD,,RICHLAND,GA,31825-3427,A,,,08/06/2020,,,MAILED,NO,NO,NO,,P1,002,012,151,SWST,00002,,,,
WEBSTER,00262584,HOUSTON,MARY,DELL,,103,DEER RUN DR, ,RICHLAND,GA,31825-4907,103,DEER RUN DR,,RICHLAND,GA,31825-4907,A,,,08/06/2020,,,MAILED,NO,NO,NO,,P1,002,012,151,SWST,00002,,,,
WEBSTER,04576373,HAWKINS,BOBBY,,,1574,LAKE DORIS RD, ,PRESTON,GA,31824-5836,1574,LAKE DORIS RD,,PRESTON,GA,31824-5836,A,,,08/06/2020,,,MAILED,NO,NO,NO,,P1,002,012,151,SWST,00003,,,,
WEBSTER,12302278,AGERTON,TERRY,WAYNE,,6388,SEMINOLE RD, ,RICHLAND,GA,31825,6388,SEMINOLE RD,,RICHLAND,GA,31825,A,,,09/08/2020,09/18/2020,,MAILED,NO,NO,NO,,P1,002,012,151,SWST,00001,,00023,71,
WEBSTER,03657289,SHROPSHIRE,MICHAEL,FLOYD,,1591,BEN WILLIAMS RD, ,PRESTON,GA,31824-7311,1591,BEN WILLIAMS RD,,PRESTON,GA,31824-7311,A,,,08/06/2020,,,MAILED,NO,NO,NO,,P1,002,012,151,SWST,00003,,,,
WEBSTER,00268454,CRIMES,AUTHUR,JAMES,JR,398,POPLAR SPRINGS RD, ,PRESTON,GA,31824-6828,398,POPLAR SPRINGS RD,,PRESTON,GA,31824-6828,A,,,09/01/2020,,,MAILED,NO,NO,NO,,P1,002,012,151,SWST,00003,,,,
WEBSTER,00268828,DAVIS,CHARLES,EDWARD,,4335,HWY 41, ,PRESTON,GA,31824-3418,4335,HWY 41,,PRESTON,GA,31824-3418,A,,,09/01/2020,09/18/2020,,MAILED,NO,NO,NO,,P1,002,012,151,SWST,00001,,00009,12,
WEBSTER,06868825,BURTON,IRENE,STRICKLAND,,3450,WILSON POND RD, ,PRESTON,GA,31824,3450,WILSON POND 6R6D,,PRESTON,GA,31824,A,,,05/28/2019,,,MAILED,NO,NO,NO,,P1,002,012,151,SWST,00001,,,,
WEBSTER,10566630,BANKS,CHRISTOPHER,,,219,MILLARD KENNEDY RD, ,PRESTON,GA,31824,219,MILLARD KENEDY POND ,,PRESTON,GA,31824,A,,,09/01/2020,09/18/2020,,MAILED,NO,NO,NO,,P1,002,012,151,SWST,00003,,00016,49,
WEBSTER,10974533,BANKS,AMBER,JA'NA,,255,MILLARD KENNEDY RD, ,PRESTON,GA,31824,255,MILLARD KENNEDY ,,PRESTON,GA,31824,A,,,08/06/2020,,,MAILED,NO,NO,NO,,P1,002,012,151,SWST,00003,,,,
WEBSTER,00268775,BROWN,TELETIA,JORDEN,,111,JORDAN RD, ,PRESTON,GA,31824,111,JORDAN RD,,PRESTON,GA,31824,A,,,09/01/2020,09/18/2020,,MAILED,NO,NO,NO,,P1,002,012,151,SWST,00003,,00001,15,
WEBSTER,00268506,GORDON,ARTELIA,PAULINE WILLIAMS,,2394,HWY 520, ,WESTON,GA,31832-2236,2394,HWY 520,,WESTON,GA,31832-2236,A,,,06/12/2019,,,MAILED,NO,NO,NO,,P1,002,012,151,SWST,00003,,,,
WEBSTER,00268883,HAMLIN,DEBRA,WILSON,,11,BELL ST, ,PRESTON,GA,31824-3907,,PO BOX 142,,PRESTON,GA,31824-0014,A,,,08/06/2020,,,MAILED,NO,NO,NO,,P1,002,012,151,SWST,00004,,,,
WEBSTER,00268827,DAVIS,BERNICE,ROBINSON,,4335,HWY 41, ,PRESTON,GA,31824-3418,4335,HWY 41,,PRESTON,GA,31824-3418,A,,,09/01/2020,09/18/2020,,MAILED,NO,NO,NO,,P1,002,012,151,SWST,00001,,00010,13,
WEBSTER,01298453,KENNEDY,JUDITH,A,,2496,HWY 520, ,WESTON,GA,31832,2496,HWY 520,,WESTON,GA,31832,A,,,08/06/2020,,,MAILED,NO,NO,NO,,P1,002,012,151,SWST,00002,,,,
WEBSTER,00268389,ALSTON,ELLEN,WISEMAN,,12885,HWY 41, ,PRESTON,GA,31824-6437,12885,HWY 41,,PRESTON,GA,31824-6437,A,,,08/06/2020,,,MAILED,NO,NO,NO,,P1,002,012,151,SWST,00002,,,,
WEBSTER,04648796,JONES,SHARON,RIZER,,6226,SEMINOLE RD, ,RICHLAND,GA,31825-2632,6226,SEMINOLE RD,,RICHLAND,GA,31825-2632,A,,,08/06/2020,,,MAILED,NO,NO,NO,,P1,002,012,151,SWST,00001,,,,
WEBSTER,06095466,THORNTON,BONNECE,F,,2871,FLANNIGAN MILL RD, ,RICHLAND,GA,31825-2327,2871,FLANNIGAN MILL RD,,RICHLAND,GA,31825-2327,A,,,09/08/2020,09/18/2020,,MAILED,NO,NO,NO,,P1,002,012,151,SWST,00001,,00022,70,
WEBSTER,00269374,FORREST,FAYE,WOMACK,,74,FORREST RD, ,PRESTON,GA,31824-3000,74,FORREST RD,,PRESTON,GA,31824-3000,A,,,08/06/2020,,,MAILED,NO,NO,NO,,P1,002,012,151,SWST,00004,,,,
WEBSTER,00623953,FRYER,CHERYL,YVONNE,,2800,KIRKSEY RD, ,PARROTT,GA,39877-4302,2800,KIRKSEY RD,,PARROTT,GA,39877-4302,A,,,08/06/2020,,,MAILED,NO,NO,NO,,P1,002,012,151,SWST,00004,,,,
WEBSTER,00269446,PUGH,PHYLLIS,KAY,,5927,HAMILTON ST, ,PRESTON,GA,31824-5321,5927,HAMILTON ST,,PRESTON,GA,31824-5321,A,,,08/06/2020,,,MAILED,NO,NO,NO,,P1,002,012,151,SWST,00004,,,,
WEBSTER,08299156,STEVENS,ERNEST,JUNE,JR,212,IDA LOWERY RD, ,PRESTON,GA,31824,212,IDA LOWERY RD,,PRESTON,GA,31824-6704,A,,,09/01/2020,09/18/2020,,MAILED,NO,NO,NO,,P1,002,012,151,SWST,00003,,00007,29,
WEBSTER,04468452,MORUA,MELISSA,ANN,,2957,W CENTERPOINT RD, ,RICHLAND,GA,31825,2957,W CENTERPOINT ,,RICHLAND,GA,31825-4323,A,,,09/01/2020,09/18/2020,,MAILED,NO,NO,NO,,P1,002,012,151,SWST,00002,,00014,47,
WEBSTER,04076045,DENT,CARLOS,MIGUEL,,236,PONDERS MILL RD, ,RICHLAND,GA,31825-3704,236,PONDERS MILL RD,,RICHLAND,GA,31825-3704,A,,,09/01/2020,09/18/2020,,MAILED,NO,NO,NO,,P1,002,012,151,SWST,00002,,00009,41,
WEBSTER,00269503,WALKER,THOMAS,C,,6809,CASS ST, ,PRESTON,GA,31824-4021,,PO BOX 32,,PRESTON,GA,31824-0003,A,,,08/06/2020,,,MAILED,NO,NO,NO,,P1,002,012,151,SWST,00004,,,,
WEBSTER,07797319,WEST,ANNIE,RUTH,,92,DEERFIELD DR, ,RICHLAND,GA,31825,92,DEERFIELD DR,,RICHLAND,GA,31825-3801,A,,,08/06/2020,,,MAILED,NO,NO,NO,,P1,002,012,151,SWST,00002,,,,
WEBSTER,00269605,SHAVER,DONALD,W,,166,GREENFIELD CR, ,WESTON,GA,31832-2602,,PO BOX 55,,WESTON,GA,31832-0005,A,,,08/06/2020,,,MAILED,NO,NO,NO,,P1,002,012,151,SWST,00002,,,,
WEBSTER,00254555,ALRIDGE,JOE,H,JR,255,MILLARD KENNEDY RD, ,PRESTON,GA,31824-5006,255,MILLARD KENNEDY RD,,PRESTON,GA,31824-5006,A,,,09/01/2020,09/18/2020,,MAILED,NO,NO,NO,,P1,002,012,151,SWST,00003,,00018,54,
WEBSTER,00269404,ISSAC,CHARLIE,C,,84,LOWE MILES RD, ,PRESTON,GA,31824-3409,84,LOWE MILES RD,,PRESTON,GA,31824-3409,A,,,09/01/2020,09/18/2020,,MAILED,NO,NO,NO,,P1,002,012,151,SWST,00001,,00017,51,
WEBSTER,05529271,WILLIAMS,WILLIE,JAMES,,17798,HWY 41, ,WESTON,GA,31832,,PO BOX 33,,WESTON,GA,31832-0003,A,,,08/06/2020,,,MAILED,NO,NO,NO,,P1,002,012,151,SWST,00003,,,,
WEBSTER,00269114,STEVENS,GLORISTEEN,MINION,,5082,HWY 41, ,PRESTON,GA,31824-3432,5082,HWY 41,,PRESTON,GA,31824-3432,A,,,08/06/2020,,,MAILED,NO,NO,NO,,P1,002,012,151,SWST,00001,,,,
WEBSTER,00269459,ROGERS,ROBERT,L,JR,259,DACUS ST, ,PRESTON,GA,31824-5211,259,DACUS ST,,PRESTON,GA,31824-5211,A,,,08/06/2020,,,MAILED,NO,NO,NO,,P1,002,012,151,SWST,00004,,,,
WEBSTER,12381212,STRICKLAND,PATRICE,MACHEN,,421,PINE VALLEY RD, ,RICHLAND,GA,31825,421,PINE VALLEY RD,,RICHLAND,GA,31825-3209,A,,,09/01/2020,09/18/2020,,MAILED,NO,NO,NO,,P1,002,012,151,SWST,00002,,00022,61,
WEBSTER,00269382,GORMAN,PEGGY,A,,21,WALKER ST, ,PRESTON,GA,31824,21,WALKER ST,,PRESTON,GA,31824-3909,A,,,08/06/2020,,,MAILED,NO,NO,NO,,P1,002,012,151,SWST,00004,,,,
WEBSTER,03962161,COOPER,CHERYL,L,,218,MILLARD KENNEDY RD, ,PRESTON,GA,31824-5005,,PO BOX 286,,PRESTON,GA,31824-0028,A,,,08/06/2020,,,MAILED,NO,NO,NO,,P1,002,012,151,SWST,00002,,,,
WEBSTER,07286567,RIZZITELLO,BENJAMIN,MORIZZO,,922,BEN WILLIAMS RD, ,PRESTON,GA,31824-6633,,PO BOX 53,,PRESTON,GA,31824-0005,A,,,05/28/2019,,,MAILED,NO,NO,NO,,P1,002,012,151,SWST,00002,,,,
WEBSTER,00263433,TULLIS,BARBARA,JEAN LEWIS,,36,QUAIL RIDGE DR, ,RICHLAND,GA,31825-4900,36,QUAIL RIDGE DR,,RICHLAND,GA,31825-4900,A,,,09/01/2020,09/18/2020,,MAILED,NO,NO,NO,,P1,002,012,151,SWST,00002,,00011,43,
WEBSTER,05588225,DAVID,DOMINIQUE,,,1669,HOLCOMBE DACUS RD, ,RICHLAND,GA,31825,1669,HOLCOMBE DACUS RD,,RICHLAND,GA,31825-4633,A,,,09/01/2020,09/18/2020,,MAILED,NO,NO,NO,,P1,002,012,151,SWST,00002,,00006,22,
WEBSTER,00269467,SHANNON,PATRICIA,M,,88,OAK LN, ,PRESTON,GA,31824,88,OAK LANE,,PRESTON,GA,31824,A,,,08/06/2020,,,MAILED,NO,NO,NO,,P1,002,012,151,SWST,00001,,,,
WEBSTER,11240590,ANDREWS,ALEXIS,ALEXIANDIA,,5993,CASS ST, ,PRESTON,GA,31824,5993,CASS STREET,,PRESTON,GA,31824,A,,,09/01/2020,09/18/2020,,MAILED,NO,NO,NO,,P1,002,012,151,SWST,00001,,00014,26,
WEBSTER,00268956,JONES,GEORGE,WYATT,JR,180,GREENFIELD CR, ,WESTON,GA,31832-2602,180,GREENFIELD CR,,WESTON,GA,31832-2602,A,,,08/06/2020,,,MAILED,NO,NO,NO,,P1,002,012,151,SWST,00002,,,,
WEBSTER,00268692,WILLIAMS,DAPHANE,RENEE,,18,BETHLEHEM CHURCH RD, ,RICHLAND,GA,31825,,PO BOX 225,,PRESTON,GA,31824-0022,A,,,09/01/2020,09/18/2020,,MAILED,NO,NO,NO,,P1,002,012,151,SWST,00002,,00023,65,
WEBSTER,00261746,POLLARD,RONALD,D,,5496,KENNEDY POND RD, ,RICHLAND,GA,31825-4930,5496,KENNEDY POND RD,,RICHLAND,GA,31825-4930,A,,,09/01/2020,09/18/2020,,MAILED,NO,NO,NO,,P1,002,012,151,SWST,00002,,00021,59,
WEBSTER,00268637,RIGGINS,EDDIE,JOE,III,491,MCDANIEL RD, ,PRESTON,GA,31824,491,MCDANIEL RD,,PRESTON,GA,31824,A,,,08/06/2020,,,MAILED,NO,NO,NO,,P1,002,012,151,SWST,00003,,,,
WEBSTER,05473610,WASHINGTON,MARDELL,MAURICE,,1406,POPLAR SPRINGS RD, ,PRESTON,GA,31824-6735,1406,POPLAR SPRINGS RD,,PRESTON,GA,31824-6735,A,,,09/01/2020,09/18/2020,,MAILED,NO,NO,NO,,P1,002,012,151,SWST,00003,,00006,28,
WEBSTER,00268391,ALSTON,GORDON,BAKER,SR,12885,HWY 41, ,PRESTON,GA,31824-6437,12885,HWY 41,,PRESTON,GA,31824-6437,A,,,08/06/2020,,,MAILED,NO,NO,NO,,P1,002,012,151,SWST,00002,,,,
WEBSTER,12299647,KING,MAVERICK,,,355,BANKSTON GOOD HOPE RD, ,PRESTON,GA,31824,355,BANKSTON GOODHOPE RD,,PRESTON,GA,31824,A,,,09/01/2020,09/18/2020,,MAILED,NO,NO,NO,,P1,002,012,151,SWST,00001,,00015,36,
WEBSTER,04621171,MARCHBANKS,JOY,ELIZABETH,,5173,SEMINOLE RD, ,RICHLAND,GA,31825-2939,5173,SEMINOLE RD,,RICHLAND,GA,31825-2939,A,,,09/01/2020,09/18/2020,,MAILED,NO,NO,NO,,P1,002,012,151,SWST,00001,,00006,8,
WEBSTER,10736228,ANDREWS,DENNIS,,,39,DACUS ST, ,PRESTON,GA,31824,39,DACUS STREET,,PRESTON,GA,31824,A,,,08/06/2020,,,MAILED,NO,NO,NO,,P1,002,012,151,SWST,00004,,,,
WEBSTER,00269496,WALKER,EVELYN,,,5194,HWY 41, ,PRESTON,GA,31824-3434,,PO BOX 71,,PRESTON,GA,31824-0007,A,,,08/06/2020,,,MAILED,NO,NO,NO,,P1,002,012,151,SWST,00001,,,,
WEBSTER,00268422,BROWN,EGERTHA,W,,134,BROWN CR, ,RICHLAND,GA,31825-4710,134,BROWN CR,,RICHLAND,GA,31825-4710,A,,,05/22/2019,,,MAILED,NO,NO,NO,,P1,002,012,151,SWST,00003,,,,
WEBSTER,00268748,BINN,PATRICIA,ANN,,4247,HWY 41, ,PRESTON,GA,31824,4247,HWY 41,,PRESTON,GA,31824,A,,,08/06/2020,,,MAILED,NO,NO,NO,,P1,002,012,151,SWST,00001,,,,
WEBSTER,01227564,BROWN,JOHNNY,MACK,,7717,HWY 520, ,WESTON,GA,31832,7717,GA HIGHWAY 520,,PARROTT,GA,39877-3308,A,,,08/06/2020,,,MAILED,NO,NO,NO,,P1,002,012,151,SWST,00003,,,,
WEBSTER,03248438,GREENE,ANNIE,J,,206,TWIN TOWERS RD, ,PRESTON,GA,31824,,PO BOX 373,,PRESTON,GA,31824-0037,A,,,08/06/2020,,,MAILED,NO,NO,NO,,P1,002,012,151,SWST,00001,,,,
WEBSTER,00269089,SCOTT,PEGGY,J,,5775,W CENTERPOINT RD, ,RICHLAND,GA,31825-4117,5775,W CENTERPOINT ,,RICHLAND,GA,31825-4117,A,,,08/06/2020,,,MAILED,NO,NO,NO,,P1,002,012,151,SWST,00002,,,,
WEBSTER,04392974,WILLIS,JERALDINE,C,,495,SARAH DEW RD, ,PRESTON,GA,31824-2016,495,SARAH DEW RD,,PRESTON,GA,31824-2016,A,,,08/06/2020,,,MAILED,NO,NO,NO,,P1,002,012,151,SWST,00001,,,,
WEBSTER,04492741,ANDREWS,TOMMY,LEE,,5993,CASS ST, ,PRESTON,GA,31824,5993,CASS STREET,,PRESTON,GA,31824,A,,,09/01/2020,09/18/2020,,MAILED,NO,NO,NO,,P1,002,012,151,SWST,00001,,00012,18,
WEBSTER,00261409,COUNTRYMAN,FRANKIE,LEE,,107,TIFFANY DR, ,RICHLAND,GA,31825-4916,,PO BOX 125,,RICHLAND,GA,31825-0012,A,,,09/01/2020,09/18/2020,,MAILED,NO,NO,NO,,P1,002,012,151,SWST,00002,,00001,2,
WEBSTER,00268499,GAY,THELMA,GARRETT,,997,MAIN ST, ,WESTON,GA,31832-2618,997,MAIN ST,,WESTON,GA,31832-2618,A,,,05/24/2019,,,MAILED,NO,NO,NO,,P1,002,012,151,SWST,00003,,,,
WEBSTER,07537232,THOMAS,LEROY,,JR,338,MACEDONIA CHURCH RD, ,PRESTON,GA,31824,338,MACEDONIA CHURCH RD,,PRESTON,GA,31824,A,,,05/22/2019,,,MAILED,NO,NO,NO,,P1,002,012,151,SWST,00003,,,,
WEBSTER,00268927,HOLLOMAN,MARY,E,,115,HOLLOMAN RD, ,PRESTON,GA,31824-5803,115,HOLLOMAN RD,,PRESTON,GA,31824-5803,A,,,06/05/2019,,,MAILED,NO,NO,NO,,P1,002,012,151,SWST,00003,,,,
WEBSTER,10047014,BELL,RICHARD,HERMAN,JR,845,FAUST RD, ,PRESTON,GA,31824,845,FAUST RD,,PRESTON,GA,31824-8618,A,,,08/06/2020,,,MAILED,NO,NO,NO,,P1,002,012,151,SWST,00004,,,,
WEBSTER,00269152,WALTON,GRACIE MAE,HOLLIS,,56,LOWE MILES RD, ,PRESTON,GA,31824-3409,56,LOWE MILES RD,,PRESTON,GA,31824-3409,A,,,08/06/2020,,,MAILED,NO,NO,NO,,P1,002,012,151,SWST,00001,,,,
WEBSTER,00268557,JORDAN,BERYL,MAXINE,,18,BETHLEHEM CHURCH RD, ,RICHLAND,GA,31825,18,BETHLEHEM CHURCH RD,,RICHLAND,GA,31825-3817,A,,,09/01/2020,09/18/2020,,MAILED,NO,NO,NO,,P1,002,012,151,SWST,00002,,00017,52,
WEBSTER,00269249,HARRY,CHARLEY,GEORGE,,194,HARRYS CIR, ,PRESTON,GA,31824-7502,194,HARRYS CIR,,PRESTON,GA,31824-7502,A,,,08/06/2020,,,MAILED,NO,NO,NO,,P1,002,012,151,SWST,00003,,,,
WEBSTER,10987125,POLHANS,PAMELA,,,6670,HAMILTON ST,20,PRESTON,GA,31824,6670,HAMILTON STREET,20,PRESTON,GA,31824,A,,,08/06/2020,,,MAILED,NO,NO,NO,,P1,002,012,151,SWST,00001,,,,
WEBSTER,03732670,JACKSON,RAY,CHARLES,,140,KIMBROUGH RD, ,RICHLAND,GA,31825-4720,140,KIMBROUGH RD,,RICHLAND,GA,31825-4720,A,,,08/06/2020,,,MAILED,NO,NO,NO,,P1,002,012,151,SWST,00003,,,,
WEBSTER,00261800,RIVERS,WILLIE,EARL,,30,PECAN DR, ,RICHLAND,GA,31825,,PO BOX 231,,RICHLAND,GA,31825-0023,A,,,08/06/2020,,,MAILED,NO,NO,NO,,P1,002,012,151,SWST,00002,,,,
WEBSTER,00268432,BURKS,RAYMON,LEWIS,,4019,HWY 41, ,PRESTON,GA,31824-2643,4019,HWY 41,,PRESTON,GA,31824-2643,A,,,05/23/2019,,,MAILED,NO,NO,NO,,P1,002,012,151,SWST,00001,,,,
WEBSTER,04349647,COLBERT,EDWARD,,JR,4015,HWY 41, ,PRESTON,GA,31824-2643,4015,HWY 41,,PRESTON,GA,31824-2643,A,,,08/06/2020,,,MAILED,NO,NO,NO,,P1,002,012,151,SWST,00001,,,,
WEBSTER,00269124,TAYLOR,BERNICE,,,120,LAKE DORIS RD, ,PRESTON,GA,31824-5808,120,LAKE DORIS RD,,PRESTON,GA,31824-5808,A,,,08/06/2020,,,MAILED,NO,NO,NO,,P1,002,012,151,SWST,00003,,,,
WEBSTER,00268868,GARVIN,FRANKIE,LEE,JR,110,LAKE DORIS RD, ,PRESTON,GA,31824-5808,110,LAKE DORIS RD,,PRESTON,GA,31824-5808,A,,,09/01/2020,09/18/2020,,MAILED,NO,NO,NO,,P1,002,012,151,SWST,00003,,00004,25,
WEBSTER,11740779,BROWN,ANNIE,HAWKINS,,200,BROWN CR, ,RICHLAND,GA,31825,200,BROWN CIR,,RICHLAND,GA,31825-4712,A,,,09/01/2020,,,MAILED,NO,NO,NO,,P1,002,012,151,SWST,00003,,,,
WEBSTER,00268386,BELL,JOHNNIE,M,,229,IDA LOWERY RD, ,PRESTON,GA,31824-6705,229,IDA LOWERY RD,,PRESTON,GA,31824-6705,A,,,09/01/2020,09/18/2020,,MAILED,NO,NO,NO,,P1,002,012,151,SWST,00003,,00002,17,
WEBSTER,00268998,LANEY,CALVIN,,,9160,HWY 41, ,PRESTON,GA,31824-5920,9160,HWY 41,,PRESTON,GA,31824-5920,A,,,09/01/2020,09/18/2020,,MAILED,NO,NO,NO,,P1,002,012,151,SWST,00003,,00011,34,
WEBSTER,08310635,HALL,MARY,HELEN,,364,ELLINGTON RD, ,PARROTT,GA,39877-3006,364,ELLINGTON RD,,PARROTT,GA,39877-3006,A,,,09/01/2020,,,MAILED,NO,NO,NO,,P1,002,012,151,SWST,00003,,,,
WEBSTER,01295580,ALMON,DAVE,A,,806,PEAR ORCHARD RD, ,PARROTT,GA,39877-3739,806,PEAR ORCHARD RD,,PARROTT,GA,39877-3739,A,,,06/12/2019,,,MAILED,NO,NO,NO,,P1,002,012,151,SWST,00004,,,,
WEBSTER,00263943,WALTON,PEARLINE,,,4015,HWY 41, ,PRESTON,GA,31824,4015,HWY 41,,PRESTON,GA,31824,A,,,09/01/2020,09/18/2020,,MAILED,NO,NO,NO,,P1,002,012,151,SWST,00001,,00020,64,
WEBSTER,07810727,WILSON,DEONTE,JAMEL,,147,WILDWOOD DR, ,RICHLAND,GA,31825,147,WILDWOOD DR,,RICHLAND,GA,31825-4924,A,,,09/01/2020,09/18/2020,,MAILED,NO,NO,NO,,P1,002,012,151,SWST,00002,,00016,50,
WEBSTER,00269491,STOREY,RAYMOND,S,,130,STOREY CR, ,PRESTON,GA,31824,130,STOREY CIRCLE,,PRESTON,GA,31824,A,,,08/06/2020,,,MAILED,NO,NO,NO,,P1,002,012,151,SWST,00004,,,,
WEBSTER,00269123,SURLES,RUSSELL,G,,3616,W CENTERPOINT RD, ,RICHLAND,GA,31825-4336,3616,W CENTERPOINT ,,RICHLAND,GA,31825-4336,A,,,08/06/2020,,,MAILED,NO,NO,NO,,P1,002,012,151,SWST,00002,,,,
WEBSTER,00269393,HOLBROOK,C,DIANE,,151,STEVENS ST, ,PRESTON,GA,31824-3903,,PO BOX 76,,PRESTON,GA,31824-0007,A,,,08/06/2020,,,MAILED,NO,NO,NO,,P1,002,012,151,SWST,00004,,,,
WEBSTER,07286602,RIZZITELLO,ROSEMARIE,PAGELS,,922,BEN WILLIAMS RD, ,PRESTON,GA,31824-6633,,PO BOX 53,,PRESTON,GA,31824-0005,A,,,05/28/2019,,,MAILED,NO,NO,NO,,P1,002,012,151,SWST,00002,,,,
WEBSTER,00269273,KENNEDY,BRENDA,L,,8543,MACEDONIA CHURCH RD, ,PARROTT,GA,39877-3337,8543,MACEDONIA CHURCH RD,,PARROTT,GA,39877-3337,A,,,08/06/2020,,,MAILED,NO,NO,NO,,P1,002,012,151,SWST,00004,,,,
WEBSTER,00269464,SHANNON,DEBORAH,MANN,,3250,HWY 153, ,PRESTON,GA,31824-2832,3250,HWY 153,,PRESTON,GA,31824-2832,A,,,08/06/2020,,,MAILED,NO,NO,NO,,P1,002,012,151,SWST,00004,,,,
WEBSTER,00269049,MOSES,GLADYS,SIMS,,464,BEN WILLIAMS RD, ,PRESTON,GA,31824-6621,464,BEN WILLIAMS RD,,PRESTON,GA,31824-6621,A,,,08/06/2020,,,MAILED,NO,NO,NO,,P1,002,012,151,SWST,00003,,,,
WEBSTER,00269050,MOSES,JIMMY,L,,5827,HWY 41, ,PRESTON,GA,31824-3449,5827,HWY 41,,PRESTON,GA,31824-3449,A,,,08/06/2020,,,MAILED,NO,NO,NO,,P1,002,012,151,SWST,00001,,,,
WEBSTER,00261798,RIVERS,NATHANIEL,,,5564,KENNEDY POND RD, ,RICHLAND,GA,31825,,5564 KENNEDY POND RD,,RICHLAND,GA,31825-0021,A,,,08/06/2020,,,MAILED,NO,NO,NO,,P1,002,012,151,SWST,00002,,,,
WEBSTER,11701430,VICK,DAVID,WESLEY,,1610,HARRY RD, ,PRESTON,GA,31824,555,HARRY RD,,PRESTON,GA,31824,A,,,09/01/2020,09/18/2020,,MAILED,NO,NO,NO,,P1,002,012,151,SWST,00001,,00005,7,
WEBSTER,00269207,BLANKENSHIP,HUGH,M,,1348,J L BLACK RD, ,PRESTON,GA,31824,1348,J L BLACK RD,,PRESTON,GA,31824,A,,,08/06/2020,,,MAILED,NO,NO,NO,,P1,002,012,151,SWST,00004,,,,
WEBSTER,00268837,DOWNER,JOHN,ROBERT,,1207,SEMINOLE RD, ,RICHLAND,GA,31825-3334,1207,SEMINOLE RD,,RICHLAND,GA,31825-3334,A,,,08/06/2020,,,MAILED,NO,NO,NO,,P1,002,012,151,SWST,00001,,,,
WEBSTER,00269499,WALKER,GERALDINE,SMITH,,6809,CASS ST, ,PRESTON,GA,31824,,PO BOX 32,,PRESTON,GA,31824-0003,A,,,08/06/2020,,,MAILED,NO,NO,NO,,P1,002,012,151,SWST,00004,,,,
WEBSTER,00268759,BONE,NANCY,C,,299,SEMINOLE RD, ,RICHLAND,GA,31825,299,SEMINOLE RD,,RICHLAND,GA,31825,A,,,08/06/2020,,,MAILED,NO,NO,NO,,P1,002,012,151,SWST,00002,,,,
WEBSTER,00261740,PICKETT,LAVERNE,W,,60,PECAN DR, ,RICHLAND,GA,31825,60,PECAN DR,,RICHLAND,GA,31825-4909,A,,,08/06/2020,,,MAILED,NO,NO,NO,,P1,002,012,151,SWST,00002,,,,
WEBSTER,00269271,JONES,JERRY,ELLYN,SR,3565,MACEDONIA CHURCH RD, ,PRESTON,GA,31824,3565,MACEDONIA CHURCH RD,,PRESTON,GA,31824-6944,A,,,08/06/2020,,,MAILED,NO,NO,NO,,P1,002,012,151,SWST,00004,,,,
WEBSTER,04419474,HOUSTON,CASEY,RENAE,,103,DEER RUN DR, ,RICHLAND,GA,31825,103,DEER RUN DR,,RICHLAND,GA,31825-4907,A,,,09/01/2020,,,MAILED,NO,NO,NO,,P1,002,012,151,SWST,00002,,,,
WEBSTER,00264159,RIVERS,MARY,JEAN,,5564,KENNEDY POND RD, ,RICHLAND,GA,31825,5564,KENNEDY POND RD,,RICHLAND,GA,31825-4934,A,,,09/01/2020,09/18/2020,,MAILED,NO,NO,NO,,P1,002,012,151,SWST,00002,,00008,39,
WEBSTER,00269398,HOLBROOK,S,JACK,,151,STEVENS ST, ,PRESTON,GA,31824-3903,,PO BOX 76,,PRESTON,GA,31824-0007,A,,,08/06/2020,,,MAILED,NO,NO,NO,,P1,002,012,151,SWST,00004,,,,
WEBSTER,00268783,CAMPBELL,RUBY,LEE,,6670,HAMILTON ST,UNIT 11,PRESTON,GA,31824-3828,6670,HAMILTON ST,UNIT 11,PRESTON,GA,31824-3828,A,,,03/13/2020,,,MAILED,NO,NO,NO,,P1,002,012,151,SWST,00001,,,,
WEBSTER,05276509,CRIMES,TOMMY,FLOYD,,229,IDA LOWERY RD, ,PRESTON,GA,31824-6705,229,IDA LOWERY RD,,PRESTON,GA,31824-6705,A,,,09/01/2020,,,MAILED,NO,NO,NO,,P1,002,012,151,SWST,00003,,,,
WEBSTER,00263266,ASKEW,CHIWAN,LACITA,,93,DEER RUN DR, ,RICHLAND,GA,31825-4904,93,DEER RUN DR,,RICHLAND,GA,31825-4904,A,,,09/01/2020,09/18/2020,,MAILED,NO,NO,NO,,P1,002,012,151,SWST,00002,,00018,55,
WEBSTER,00268734,BANKSTON,JAMES,HAROLD,SR,1636,BANKSTON GOOD HOPE RD, ,PRESTON,GA,31824-2438,1636,BANKSTON GOOD HOPE ,,PRESTON,GA,31824-2438,A,,,05/24/2019,,,MAILED,NO,NO,NO,,P1,002,012,151,SWST,00001,,,,
WEBSTER,00646144,GARRETT,WILFRED,,,71,GARRETT RD, ,WESTON,GA,31832-2201,71,GARRETT RD,,WESTON,GA,31832-2201,A,,,09/01/2020,,,MAILED,NO,NO,NO,,P1,002,012,151,SWST,00002,,,,
WEBSTER,06607648,RIGGINS,VICTORY,CHARLES,,491,MCDANIEL RD, ,PRESTON,GA,31824-6720,491,MCDANIEL RD,,PRESTON,GA,31824-6720,A,,,08/06/2020,,,MAILED,NO,NO,NO,,P1,002,012,151,SWST,00003,,,,
WEBSTER,03315809,JONES,MARY,LEE,,3565,MACEDONIA CHURCH RD, ,PRESTON,GA,31824,3565,MACEDONIA CHURCH RD,,PRESTON,GA,31824-6944,A,,,08/06/2020,,,MAILED,NO,NO,NO,,P1,002,012,151,SWST,00004,,,,
WEBSTER,00269497,WALKER,GEORGE,REES,,117,DACUS TRI, ,PRESTON,GA,31824,,PO BOX 52,,PRESTON,GA,31824-0005,A,,,08/06/2020,,,MAILED,NO,NO,NO,,P1,002,012,151,SWST,00004,,,,
WEBSTER,00269005,LOCKETT,EFFIE,JOWERS,,4231,HWY 41, ,PRESTON,GA,31824-3416,,PO BOX 175,,PRESTON,GA,31824-0017,A,,,08/06/2020,,,MAILED,NO,NO,NO,,P1,002,012,151,SWST,00001,,,,
WEBSTER,00269390,HEATH,MINNIE,LOU,,6467,CASS ST, ,PRESTON,GA,31824-3937,6467,CASS ST,,PRESTON,GA,31824-3937,A,,,08/06/2020,,,MAILED,NO,NO,NO,,P1,002,012,151,SWST,00004,,,,
WEBSTER,00268737,BANKSTON,VIVIAN,P,,1636,BANKSTON GOOD HOPE RD, ,PRESTON,GA,31824-2438,1636,BANKSTON GOOD HOPE ,,PRESTON,GA,31824-2438,A,,,05/24/2019,,,MAILED,NO,NO,NO,,P1,002,012,151,SWST,00001,,,,
WEBSTER,00268874,GRANTHAM,KAREN,U,,335,GEORGE REES ST, ,PRESTON,GA,31824-5107,335,GEORGE REES ST,,PRESTON,GA,31824-5107,A,,,08/06/2020,,,MAILED,NO,NO,NO,,P1,002,012,151,SWST,00004,,,,
WEBSTER,00261605,JOSEY,MARY,JO,,194,TIFFANY DR, ,RICHLAND,GA,31825,,PO BOX 315,,RICHLAND,GA,31825-0031,A,,,09/01/2020,09/18/2020,,MAILED,NO,NO,NO,,P1,002,012,151,SWST,00002,,00013,45,
WEBSTER,00268458,CRIMES,CHARLES,MELVIN,,130,CRIMES CIR, ,PRESTON,GA,31824-6708,,PO BOX 136,,PRESTON,GA,31824-0013,A,,,09/08/2020,,,MAILED,NO,NO,NO,,P1,002,012,151,SWST,00003,,,,
WEBSTER,05220423,HOLBROOK,WILLIAM,DARRELL,JR,349,PONDERS MILL RD, ,RICHLAND,GA,31825,349,PONDERS MILL RD,,RICHLAND,GA,31825-3707,A,,,09/01/2020,09/18/2020,,MAILED,NO,NO,NO,,P1,002,012,151,SWST,00002,,00015,48,
WEBSTER,00268429,BURKS,MITTIE,LEE,,710,NICHOLSON RD, ,RICHLAND,GA,31825-4204,710,NICHOLSON RD,,RICHLAND,GA,31825-4204,A,,,09/01/2020,09/18/2020,,MAILED,NO,NO,NO,,P1,002,012,151,SWST,00002,,00002,16,
WEBSTER,00268870,GIDDINGS,RUSSELL,B,,161,CASTLEBERRY POND RD, ,RICHLAND,GA,31825,,PO BOX 236,,RICHLAND,GA,31825-0023,A,,,08/06/2020,,,MAILED,NO,NO,NO,,P1,002,012,151,SWST,00002,,,,
WEBSTER,12407555,JACKSON,JOHN,,,9162,HWY 41, ,PRESTON,GA,31824,9162,HWY 41,,PRESTON,GA,31824,A,,,09/01/2020,09/18/2020,,MAILED,NO,NO,NO,,P1,002,012,151,SWST,00003,,00012,35,
WEBSTER,00269440,PAYNE,DOROTHY,STEVENS,,5946,HAMILTON ST, ,PRESTON,GA,31824,,PO BOX 173,,PRESTON,GA,31824-0017,A,,,08/06/2020,,,MAILED,NO,NO,NO,,P1,002,012,151,SWST,00004,,,,
WEBSTER,00261681,MOORE,MATTIE,JOSEY,,2219,PONDERS MILL RD, ,RICHLAND,GA,31825,2219,PONDERS MILL RD,,RICHLAND,GA,31825,A,,,09/01/2020,09/18/2020,,MAILED,NO,NO,NO,,P1,002,012,151,SWST,00002,,00003,19,
WEBSTER,04500726,ALRIDGE,PAMELA,DENISE,,255,MILLARD KENNEDY RD, ,PRESTON,GA,31824-5006,255,MILLARD KENNEDY RD,,PRESTON,GA,31824-5006,A,,,09/01/2020,09/18/2020,,MAILED,NO,NO,NO,,P1,002,012,151,SWST,00003,,00017,53,
WEBSTER,04995266,TULLIS,WILLIE,ALVIN,,36,QUAIL RIDGE DR, ,RICHLAND,GA,31825-4900,36,QUAIL RIDGE DR,,RICHLAND,GA,31825-4900,A,,,09/01/2020,09/18/2020,,MAILED,NO,NO,NO,,P1,002,012,151,SWST,00002,,00012,44,
WEBSTER,07774860,ANDREWS,DARLENE,BROWN,,9,WATER TANK RD, ,PRESTON,GA,31824-3500,9,WATER TANK RD,,PRESTON,GA,31824-3500,A,,,08/06/2020,,,MAILED,NO,NO,NO,,P1,002,012,151,SWST,00001,,,,
WEBSTER,06868838,COCKRILL,WAYNE,CURTIS,,11181,HWY 41, ,PRESTON,GA,31824-6403,11181,HWY 41,,PRESTON,GA,31824-6403,A,,,08/06/2020,,,MAILED,NO,NO,NO,,P1,002,012,151,SWST,00002,,,,
WEBSTER,10219772,CULMER,SHIRLEY,DANIELS,,4562,WILSON POND RD, ,PRESTON,GA,31824,,PO BOX 121,,PRESTON,GA,31824-0121,A,,,08/06/2020,,,MAILED,NO,NO,NO,,P1,002,012,151,SWST,00001,,,,
WEBSTER,00268836,DOWNER,JANIE,S,,1207,SEMINOLE RD, ,RICHLAND,GA,31825-3334,1207,SEMINOLE RD,,RICHLAND,GA,31825-3334,A,,,08/06/2020,,,MAILED,NO,NO,NO,,P1,002,012,151,SWST,00001,,,,
