County,Voter Registration #,Last Name,First Name,Middle Name,Suffix,Street #,Street Name,Apt/Unit,City,State,Zip Code,Mailing Street #,Mailing Street Name,Mailing Apt/Unit,Mailing City,Mailing State,Mailing Zip Code,Application Status,Ballot Status,Status Reason,Application Date,Ballot Issued Date,Ballot Return Date,Ballot Style,Ballot Assisted,Challenged/Provisional,ID Required,Municipal Precinct,County Precinct,CNG,SEN,HOUSE	,JUD,Combo #,Vote Center ID,Ballot ID,Post #,Party
WHEELER,02490836,JACKSON,IRENE,MERCEDES,,77,N FIFTH ST, ,GLENWOOD,GA,30428,,12015 HARBOUR TWP ,,FAYETTEVILLE,GA,30215,A,,,09/14/2020,,,MAILED,NO,NO,NO,2,2,012,019,149,OCON,00028,,,,
WHEELER,00056800,FOWLER,WENDELL,J,,116,SHADYDALE RD, ,LUMBER CITY,GA,31549,116,SHADYDALE RD,,LUMBER CITY,GA,31549,A,,,04/06/2020,09/18/2020,,MAILED,NO,NO,NO,,1,012,019,149,OCON,00015,,00010,118,
WHEELER,01625681,EDGE,JIMMY,ELVIN,,150,MT OLIVET CHURCH RD, ,HELENA,GA,31037,150,MT OLIVET CHURCH RD,,HELENA,GA,31037-4826,A,,,04/08/2020,09/18/2020,,MAILED,NO,NO,NO,,1,012,019,149,OCON,00017,,00039,133,
WHEELER,11088389,BROWNING,PATRICIA,COSTON,,223,HORSE LN, ,GLENWOOD,GA,30428,223,HORSE LN,,GLENWOOD,GA,30428,A,,,05/22/2020,,,MAILED,NO,NO,NO,,1,012,019,149,OCON,00015,,,,
WHEELER,12022970,CREIGHTON,DANIEL,TALLENT,,472,HIGHWAY 46 HWY, ,GLENWOOD,GA,30428,,PO BOX 9,,SOPERTON,GA,30457-0009,A,,,04/08/2020,09/18/2020,,MAILED,NO,NO,NO,,2,012,019,149,OCON,00012,,00018,140,
WHEELER,05230591,DOUGHERTY,LISA,M,,149,E HIGHWAY 126 HWY, ,ALAMO,GA,30411,,PO BOX 513,,PUTNEY,GA,31782,A,,,08/10/2020,09/18/2020,,MAILED,NO,NO,NO,,1,012,019,149,OCON,00003,,00010,194,
WHEELER,01643078,GETER,GLORIA,,,37,BLUEBIRD LN, ,ALAMO,GA,30411,411,37 BLUEBIRD LN,,ALAMO,GA,30411-0955,A,,,04/06/2020,09/18/2020,,MAILED,NO,NO,NO,1,1,012,019,149,OCON,00023,,00011,207,
WHEELER,06234244,CLARK,CRAIG,ROBERT,,605,LANDSBURG RD, ,GLENWOOD,GA,30428,,P O BOX 685,,ALAMO,GA,30411,A,,,08/31/2020,09/15/2020,,MAILED,NO,NO,NO,,2,012,019,149,OCON,00012,,00001,4,
WHEELER,10741975,BROWN,JUANITA,ALMA,,116,N FIFTH ST,APT 19,GLENWOOD,GA,30428,116,N FIFTH ST,APT 19,GLENWOOD,GA,30428,A,,,04/14/2020,09/18/2020,,MAILED,NO,NO,NO,2,2,012,019,149,OCON,00027,,00008,158,
WHEELER,01644819,TOOTLE,RANDALL,LAMAR,,25,W SECOND AVE, ,GLENWOOD,GA,30428,,P.O.BOX 706,,GLENWOOD,GA,30428,A,,,04/13/2020,09/18/2020,,MAILED,NO,NO,NO,2,2,012,019,149,OCON,00028,,00001,24,
WHEELER,04293671,POWELL,SYLVIA,WYLENE,,443,BEND RD, ,GLENWOOD,GA,30428,443,BEND RD,,GLENWOOD,GA,30428,A,,,04/09/2020,09/18/2020,,MAILED,NO,NO,NO,,2,012,019,149,OCON,00012,,00008,58,
WHEELER,01643525,WILLIAMS,JAMES,ALEXANDER,,39,E MAIN ST, ,ALAMO,GA,30411,,PO BOX 171,,ALAMO,GA,30411-0017,A,,,04/23/2020,09/18/2020,,MAILED,NO,NO,NO,1,1,012,019,149,OCON,00023,,00006,11,
WHEELER,01643691,SEABOLT,LESTER,SOLOMON,JR,1306,LITTLE ROCK RD, ,HELENA,GA,31037,1306,LITTLE ROCK RD,,HELENA,GA,31037,A,,,04/13/2020,09/18/2020,,MAILED,NO,NO,NO,,1,012,019,149,OCON,00017,,00014,48,
WHEELER,10508181,CARTER,STERLING,DEVION,,134,OCHWALKEE RD, ,GLENWOOD,GA,30428,1914,3RD ST.,APT 2,WASHINGTON,DC,20001,A,,,09/11/2020,09/18/2020,,MAILED,NO,NO,NO,,2,012,019,149,OCON,00012,,00036,298,
WHEELER,10658633,MINCEY,BRENDA,DENISE,,3532,S HIGHWAY 19 HWY, ,LUMBER CITY,GA,31549,3532,S HIGHWAY 19 HWY,,LUMBER CITY,GA,31549,A,,,09/08/2020,09/18/2020,,MAILED,NO,NO,NO,,1,012,019,149,OCON,00015,,00020,278,
WHEELER,01644157,YAWN,WESLEY,RAY,SR,60,S FIRST ST, ,GLENWOOD,GA,30428,60,S FIRST ST,,GLENWOOD,GA,30428,A,,,04/13/2020,09/18/2020,,MAILED,NO,NO,NO,2,2,012,019,149,OCON,00027,,00001,7,
WHEELER,00570835,HAMILTON,SHARON,DENICE,,100,N FIFTH ST,APT 17,GLENWOOD,GA,30428,100,N FIFTH ST,APT 17,GLENWOOD,GA,30428,A,,,08/21/2020,09/18/2020,,MAILED,NO,NO,NO,2,2,012,019,149,OCON,00027,,00012,216,
WHEELER,01643792,CARVER,MARGARET,WILLIAMS,,23,N FIFTH ST, ,GLENWOOD,GA,30428,23,N FIFTH ST,,GLENWOOD,GA,30428,A,,,04/27/2020,09/18/2020,,MAILED,NO,NO,NO,2,2,012,019,149,OCON,00028,,00009,149,
WHEELER,01643474,ANDERSON,CATHERINE,CYNTHIA,,100,N FIFTH ST,APT. 14,GLENWOOD,GA,30428,,PO BOX 563,,GLENWOOD,GA,30428,A,,,09/15/2020,09/18/2020,,MAILED,NO,NO,NO,2,2,012,019,149,OCON,00027,,00018,303,
WHEELER,03316600,BONNER,CARROL,ELAINE,,91,BONNER LN, ,GLENWOOD,GA,30428,91,BONNER LN,,GLENWOOD,GA,30428,A,,,09/08/2020,09/18/2020,,MAILED,NO,NO,NO,,2,012,019,149,OCON,00012,,00034,280,
WHEELER,01644381,DIXON,DONNY,EUGENE,,1158,S HIGHWAY 19 HWY, ,GLENWOOD,GA,30428,1158,S HIGHWAY 19,,GLENWOOD,GA,30428-4520,A,,,04/21/2020,09/18/2020,,MAILED,NO,NO,NO,,2,012,019,149,OCON,00014,,00018,135,
WHEELER,01644473,STINSON,SHERRY,ANN,,2388,S HIGHWAY 19 HWY, ,LUMBER CITY,GA,31549,2388,S HIGHWAY 19 HWY,,LUMBER CITY,GA,31549,A,,,04/13/2020,09/18/2020,,MAILED,NO,NO,NO,,1,012,019,149,OCON,00015,,00002,32,
WHEELER,01014891,STEVENSON,AMANDA,KAY,,441,BEULAH CHURCH RD, ,GLENWOOD,GA,30428,441,BEULAH CHURCH RD,,GLENWOOD,GA,30428,A,,,04/16/2020,09/18/2020,,MAILED,NO,NO,NO,,2,012,019,149,OCON,00012,,00006,34,
WHEELER,01644056,ROBERSON,JOE,LOUIS,,215,N HIGHWAY 19 HWY, ,GLENWOOD,GA,30428,215,N HIGHWAY 19 HWY,,GLENWOOD,GA,30428,A,,,04/06/2020,,,MAILED,NO,NO,NO,,2,012,019,149,OCON,00006,,,,
WHEELER,01643478,TURNER,INEZ,HARVEY,,43,E SECOND AVE, ,ALAMO,GA,30411,,PO BOX 142,,ALAMO,GA,30411-0014,A,,,04/23/2020,,,MAILED,NO,NO,NO,1,1,012,019,149,OCON,00023,,,,
WHEELER,01643600,EVANS,CARRIS,WALTER,,411,ERICK RD, ,ALAMO,GA,30411,411,ERICK RD,,ALAMO,GA,30411,A,,,04/13/2020,09/18/2020,,MAILED,NO,NO,NO,,1,012,019,149,OCON,00017,,00037,130,
WHEELER,00777634,PERDUE,JAMES,,,21,W THIRD AVE, ,ALAMO,GA,30411,,PO BOX 97,,ALAMO,GA,30411-0009,A,,,05/13/2020,,,MAILED,NO,NO,NO,1,1,012,019,149,OCON,00024,,,,
WHEELER,01644549,SINGLETON,BOBBY,LEE,,1186,W HOPE CHURCH RD, ,ALAMO,GA,30411,1186,W HOPE CHURCH RD,,ALAMO,GA,30411,A,,,04/13/2020,,,MAILED,NO,NO,NO,,1,012,019,149,OCON,00018,,,,
WHEELER,05985662,PAUL,JAMES,EDWARD,,13,SLATON ST, ,ALAMO,GA,30411,,PO BOX 788,,ALAMO,GA,30411,A,,,05/14/2020,09/18/2020,,MAILED,NO,NO,NO,1,1,012,019,149,OCON,00023,,00007,67,
WHEELER,03284599,BURKHALTER,LORA,MARLENE,,39,BEAR CREEK LN, ,ALAMO,GA,30411,39,BEAR CREEK LN,,ALAMO,GA,30411,A,,,04/21/2020,09/18/2020,,MAILED,NO,NO,NO,,2,012,019,149,OCON,00014,,00022,151,
WHEELER,01643699,SELPH,LETHA,,,29,JOHN EZEKIAL SELPH RD, ,HELENA,GA,31037-4837,29,JOHN EZEKIAL SELPH RD,,HELENA,GA,31037-4837,A,,,08/25/2020,09/18/2020,,MAILED,NO,NO,NO,,1,012,019,149,OCON,00017,,00056,233,
WHEELER,01625725,FORREST,LINDA,FAYE,,299,MAJOR RD, ,ALAMO,GA,30411,299,MAJOR RD,,ALAMO,GA,30411,A,,,04/16/2020,09/18/2020,,MAILED,NO,NO,NO,,2,012,019,149,OCON,00014,,00012,123,
WHEELER,01645323,GUNDY,PATRICIA,ANN,,58,E SECOND AVE, ,ALAMO,GA,30411,,PO BOX 280,,ALAMO,GA,30411,A,,,05/18/2020,09/18/2020,,MAILED,NO,NO,NO,1,1,012,019,149,OCON,00023,,00012,208,
WHEELER,10209833,CONAWAY,EDDIE,,SR,3553,S HIGHWAY 19 HWY,LOT 4,LUMBER CITY,GA,31549,3553,S HIGHWAY 19 HWY,LOT 4,LUMBER CITY,GA,31549,A,,,08/21/2020,09/18/2020,,MAILED,NO,NO,NO,,1,012,019,149,OCON,00015,,00016,217,
WHEELER,00654588,NEWTON,HENRY,GEORGE,,51,S SECOND ST, ,GLENWOOD,GA,30428,,PO BOX 157,,GLENWOOD,GA,30428-0015,A,,,04/13/2020,09/18/2020,,MAILED,NO,NO,NO,2,2,012,019,149,OCON,00027,,00005,79,
WHEELER,04341376,POOLE,JAYNE,H,,46,TOBACCO LN, ,GLENWOOD,GA,30428,46,TOBACCO LN,,GLENWOOD,GA,30428,A,,,04/21/2020,09/18/2020,,MAILED,NO,NO,NO,,2,012,019,149,OCON,00012,,00010,61,
WHEELER,01642944,BURKE,WILLIAM,W,,25,N JEFFERSON ST, ,ALAMO,GA,30411,,PO BOX 163,,ALAMO,GA,30411-0016,A,,,04/23/2020,09/18/2020,,MAILED,NO,NO,NO,1,1,012,019,149,OCON,00026,,00010,152,
WHEELER,01644574,WHITE,CHRISTINE,N,,795,SPRINGHILL RD, ,ALAMO,GA,30411,795,SPRINGHILL RD,,ALAMO,GA,30411,A,,,04/13/2020,09/18/2020,,MAILED,NO,NO,NO,,1,012,019,149,OCON,00018,,00001,12,
WHEELER,01644639,WESTBROOK,JOAN,A,,217,CROSSROAD VFD RD, ,GLENWOOD,GA,30428,217,CROSSROAD VFD RD,,GLENWOOD,GA,30428,A,,,04/06/2020,,,MAILED,NO,NO,NO,,2,012,019,149,OCON,00012,,,,
WHEELER,12466562,GRIMES,ANNA,KATE,,1200,LITTLE ROCK RD, ,HELENA,GA,31037,1200,LITTLE ROCK RD,,MC RAE HELENA,GA,31037-4625,A,,,09/02/2020,09/18/2020,,MAILED,NO,NO,NO,,1,012,019,149,OCON,00017,,00059,256,
WHEELER,01643168,HARVEY,RODERICK,,,150,E HIGHWAY 30 HWY, ,ALAMO,GA,30411,,PO BOX 558,,ALAMO,GA,30411,A,,,08/28/2020,09/18/2020,,MAILED,NO,NO,NO,,1,012,019,149,OCON,00003,,00021,257,
WHEELER,04891071,EDWARDS,MICHELLE,,,570,W HOPE CHURCH RD, ,ALAMO,GA,30411,570,W HOPE CHURCH RD,,ALAMO,GA,30411,A,,,09/02/2020,09/18/2020,,MAILED,NO,NO,NO,,1,012,019,149,OCON,00018,,00022,238,
WHEELER,01643541,WRIGHT,ALBERT,CURTIS,,742,SNOWHILL BAPTIST , ,ALAMO,GA,30411,742,SNOWHILL BAPTIST ,,ALAMO,GA,30411,A,,,08/21/2020,,,MAILED,NO,NO,NO,,2,012,019,149,OCON,00019,,,,
WHEELER,01643598,EVANS,BARBARA,CHERRY,,411,ERICK RD, ,ALAMO,GA,30411,411,ERICK RD,,ALAMO,GA,30411,A,,,04/13/2020,09/18/2020,,MAILED,NO,NO,NO,,1,012,019,149,OCON,00017,,00038,131,
WHEELER,08683260,COLEMAN,LAMAR,JAMES,,29,TRAVIS C CIR, ,GLENWOOD,GA,30428,,PO BOX 202,,GLENWOOD,GA,30428,A,,,04/23/2020,09/18/2020,,MAILED,NO,NO,NO,,2,012,019,149,OCON,00006,,00007,145,
WHEELER,12023226,SOTO,SHARON,ADAMS,,502,N HIGHWAY 19 HWY, ,GLENWOOD,GA,30428,502,N HIGHWAY 19,,GLENWOOD,GA,30428-4308,A,,,08/21/2020,09/18/2020,,MAILED,NO,NO,NO,,2,012,019,149,OCON,00012,,00026,212,
WHEELER,01643999,MONTFORD,KENNETH,AVERY,,413,OCHWALKEE RD, ,GLENWOOD,GA,30428,413,OCHWALKEE RD,,GLENWOOD,GA,30428,A,,,05/18/2020,09/18/2020,,MAILED,NO,NO,NO,,2,012,019,149,OCON,00006,,00005,83,
WHEELER,01625004,LIVINGSTON,MARTHA,JANE,,3416,S HIGHWAY 19 HWY, ,LUMBER CITY,GA,31549,,PO BOX 63,,LUMBER CITY,GA,31549-0006,A,,,04/29/2020,,,MAILED,NO,NO,NO,,1,012,019,149,OCON,00015,,,,
WHEELER,01643140,HARTLEY,ELIZABETH,B,,211,SNOWHILL BAPTIST , ,ALAMO,GA,30411,211,SNOWHILL BAPTIST ,,ALAMO,GA,30411,A,,,05/11/2020,09/18/2020,,MAILED,NO,NO,NO,,1,012,019,149,OCON,00017,,00050,192,
WHEELER,10167956,GILDER,ROBERT,DEWAYNE,,88,HILL FARM RD, ,ALAMO,GA,30411,88,HILL FARM RD,,ALAMO,GA,30411,A,,,04/16/2020,09/18/2020,,MAILED,NO,NO,NO,,1,012,019,149,OCON,00017,,00033,114,
WHEELER,07576802,CADWELL,BRYAN,BOBBY,,199,HORSESHOE RD, ,GLENWOOD,GA,30428,184,HORSESHOE RD,,GLENWOOD,GA,30428,A,,,08/07/2020,09/18/2020,,MAILED,NO,NO,NO,,2,012,019,149,OCON,00012,,00024,190,
WHEELER,06636554,TOMPKINS,ROMENIA,B.,,896,W HOPE CHURCH RD, ,ALAMO,GA,30411,896,W HOPE CHURCH RD,,ALAMO,GA,30411,A,,,03/14/2020,09/18/2020,,MAILED,NO,NO,NO,,1,012,019,149,OCON,00018,,00026,271,
WHEELER,01643683,RIDDLE,JIMMY,CLEON,,295,ERICK RD, ,ALAMO,GA,30411,295,ERICK RD,,ALAMO,GA,30411,A,,,09/15/2020,,,MAILED,NO,NO,NO,,1,012,019,149,OCON,00017,,,,
WHEELER,06637839,VARNADOE,LESLIE,BROOKE,,463,SAND PIT RD, ,ALAMO,GA,30411,463,SAND PIT RD,,ALAMO,GA,30411,A,,,09/02/2020,09/18/2020,,MAILED,NO,NO,NO,,1,012,019,149,OCON,00022,,00006,267,
WHEELER,01644122,WHITE,ALINE,,,35,W SEVENTH AVE, ,GLENWOOD,GA,30428,,PO BOX 144,,GLENWOOD,GA,30428-0014,A,,,04/08/2020,09/18/2020,,MAILED,NO,NO,NO,2,2,012,019,149,OCON,00027,,00003,14,
WHEELER,01643898,GRANT,BARBARA,,,32,LEDBETTER LN, ,GLENWOOD,GA,30428,32,LEDBETTER LN,,GLENWOOD,GA,30428,A,,,04/13/2020,,,MAILED,NO,NO,NO,,2,012,019,149,OCON,00014,,,,
WHEELER,04641773,TIPTON,GERALD,KEITH,,30,S SECOND ST, ,GLENWOOD,GA,30428,,PO BOX 156,,GLENWOOD,GA,30428,A,,,04/06/2020,,,MAILED,NO,NO,NO,2,2,012,019,149,OCON,00028,,,,
WHEELER,04344070,HARVEY,MARY,LOUISE,,150,E HIGHWAY 30 HWY, ,ALAMO,GA,30411,,PO BOX 558,,ALAMO,GA,30411-0055,A,,,08/24/2020,09/18/2020,,MAILED,NO,NO,NO,,1,012,019,149,OCON,00003,,00007,174,
WHEELER,01642986,CLARK,RAYMOND,MIKE,,73,HILL FARM RD, ,ALAMO,GA,30411,73,HILL FARM RD,,ALAMO,GA,30411,A,,,04/13/2020,09/18/2020,,MAILED,NO,NO,NO,,1,012,019,149,OCON,00017,,00042,146,
WHEELER,04241044,BRAZELL,WILLIAM,BILL,,140,N HIGHWAY 19 HWY, ,GLENWOOD,GA,30428,140,N HIGHWAY 19 HWY,,GLENWOOD,GA,30428,A,,,08/25/2020,09/18/2020,,MAILED,NO,NO,NO,,2,012,019,149,OCON,00006,,00011,230,
WHEELER,06068797,CARSWELL,GABRIELLE,NADINE,,26,CHERRY DR, ,ALAMO,GA,30411,26,CHERRY DR,,ALAMO,GA,30411,A,,,09/15/2020,09/18/2020,,MAILED,NO,NO,NO,1,1,012,019,149,OCON,00023,,00018,307,
WHEELER,01644934,MACKEY,ELBERT,RICHARD,,34,SOLOMON LN, ,ALAMO,GA,30411,,PO BOX 176,,ALAMO,GA,30411,A,,,09/02/2020,09/18/2020,,MAILED,NO,NO,NO,,1,012,019,149,OCON,00003,,00009,177,
WHEELER,01644362,CLARK,THELMA,I,,1448,SPRINGHILL RD, ,ALAMO,GA,30411,1448,SPRINGHILL RD,,ALAMO,GA,30411,A,,,08/21/2020,09/18/2020,,MAILED,NO,NO,NO,,1,012,019,149,OCON,00018,,00013,203,
WHEELER,01645121,ASPINWALL,OLIVER,H,JR,543,SPRINGHILL RD, ,ALAMO,GA,30411,543,SPRINGHILL RD,,ALAMO,GA,30411-3639,A,,,04/03/2020,09/18/2020,,MAILED,NO,NO,NO,,1,012,019,149,OCON,00018,,00004,165,
WHEELER,01643966,LEE,JEWELL,,,169,N FIRST ST, ,GLENWOOD,GA,30428,169,N FIRST ST,,GLENWOOD,GA,30428,A,,,08/20/2020,09/18/2020,,MAILED,NO,NO,NO,2,2,012,019,149,OCON,00027,,00014,239,
WHEELER,07366124,WARREN,C,W,,187,S UNION CHURCH RD, ,ALAMO,GA,30411,187,S UNION CHURCH RD,,ALAMO,GA,30411,A,,,04/06/2020,,,MAILED,NO,NO,NO,,1,012,019,149,OCON,00017,,,,
WHEELER,03288455,PURSER,ABBY,S,,9,S COMMERCE ST, ,ALAMO,GA,30411,,PO BOX 444,,ALAMO,GA,30411,A,,,05/18/2020,,,MAILED,NO,NO,NO,1,1,012,019,149,OCON,00023,,,,
WHEELER,01643447,THOMAS,CHARLOTTE,B,,259,MAJOR RD, ,ALAMO,GA,30411,259,MAJOR RD,,ALAMO,GA,30411,A,,,09/11/2020,09/18/2020,,MAILED,NO,NO,NO,,2,012,019,149,OCON,00014,,00031,299,
WHEELER,01643737,ADAMS,WALLACE,,JR,73,E HOPE CHURCH RD, ,GLENWOOD,GA,30428,73,E HOPE CHURCH RD,,GLENWOOD,GA,30428,A,,,09/03/2020,09/18/2020,,MAILED,NO,NO,NO,,2,012,019,149,OCON,00014,,00028,272,
WHEELER,07557581,JONES,RONNIE,JOE,,98,SHADYDALE RD, ,LUMBER CITY,GA,31549,98,SHADYDALE RD,,LUMBER CITY,GA,31549,A,,,05/27/2020,09/18/2020,,MAILED,NO,NO,NO,,1,012,019,149,OCON,00015,,00007,91,
WHEELER,11088495,FARRELL,JIMMIE,JOAN,,116,N FIFTH ST,APT 19,GLENWOOD,GA,30428,116,N FIFTH ST,APT 19,GLENWOOD,GA,30428,A,,,04/30/2020,09/18/2020,,MAILED,NO,NO,NO,2,2,012,019,149,OCON,00027,,00006,127,
WHEELER,01643188,HOPKINS,DOROTHY,HOLLOWAY,,26,BLUEBIRD LN, ,ALAMO,GA,30411,,PO BOX 172,,ALAMO,GA,30411-0017,A,,,08/28/2020,09/18/2020,,MAILED,NO,NO,NO,1,1,012,019,149,OCON,00023,,00013,247,
WHEELER,01644492,ADAMS,CARL,,,229,FARMERS RD, ,ALAMO,GA,30411,229,FARMERS RD,,ALAMO,GA,30411,A,,,04/09/2020,,,MAILED,NO,NO,NO,,1,012,019,149,OCON,00018,,,,
WHEELER,01643308,MCNEAL,JENNIFER,FULFORD,,541,E HIGHWAY 30 HWY, ,ALAMO,GA,30411,541,E HIGHWAY 30 HWY,,ALAMO,GA,30411,A,,,04/06/2020,09/18/2020,,MAILED,NO,NO,NO,,1,012,019,149,OCON,00003,,00001,85,
WHEELER,01643776,BRYANT,JOE,DANIEL,JR,12,HORNE SUBDIVSION, ,GLENWOOD,GA,30428,,PO BOX 728,,GLENWOOD,GA,30428,A,,,08/28/2020,09/18/2020,,MAILED,NO,NO,NO,2,2,012,019,149,OCON,00027,,00015,262,
WHEELER,01628452,MCRAE,CORNELIUS,JAMES,,55,MAGNOLIA ST, ,HELENA,GA,31037,55,MAGNOLIA ST,,HELENA,GA,31037,A,,,08/21/2020,09/18/2020,,MAILED,NO,NO,NO,,1,012,019,149,OCON,00017,,00052,211,
WHEELER,01645327,TROUP,DORIS,J,,689,S HIGHWAY 19 HWY, ,GLENWOOD,GA,30428,689,S HIGHWAY 19 HWY,,GLENWOOD,GA,30428,A,,,04/13/2020,,,MAILED,NO,NO,NO,,2,012,019,149,OCON,00014,,,,
WHEELER,10011053,LOCURTO,ADRIANA,,,33,POPLAR LN, ,GLENWOOD,GA,30428,33,POPLAR LN,,GLENWOOD,GA,30428,A,,,04/08/2020,,,MAILED,NO,NO,NO,,2,012,019,149,OCON,00012,,,,
WHEELER,01643065,FULFORD,JOHN,SAMUEL,,319,E HIGHWAY 30 HWY, ,ALAMO,GA,30411,319,E HIGHWAY 30,,ALAMO,GA,30411-4458,A,,,09/15/2020,09/18/2020,,MAILED,NO,NO,NO,,1,012,019,149,OCON,00003,,00023,308,
WHEELER,08720442,ASHLEY,ANDREW,JACK,,140,MT OLIVET CHURCH RD, ,HELENA,GA,31037,140,MT OLIVET CHURCH RD,,HELENA,GA,31037,A,,,05/07/2020,09/18/2020,,MAILED,NO,NO,NO,,1,012,019,149,OCON,00017,,00045,168,
WHEELER,01645787,HORNE,RUBY,NELL,,1440,SPRINGHILL RD, ,ALAMO,GA,30411,1440,SPRINGHILL RD,,ALAMO,GA,30411-3652,A,,,08/28/2020,09/18/2020,,MAILED,NO,NO,NO,,1,012,019,149,OCON,00018,,00023,245,
WHEELER,11856460,PHILLIPS,WANDA,ANN,,38,N UNION CHURCH RD, ,ALAMO,GA,30411,38,N UNION CHURCH RD,,ALAMO,GA,30411,A,,,05/11/2020,09/18/2020,,MAILED,NO,NO,NO,,1,012,019,149,OCON,00017,,00019,64,
WHEELER,07428524,FOUNTAIN,EARL,,,183,S UNION CHURCH RD, ,ALAMO,GA,30411,183,S UNION CHURCH RD,,ALAMO,GA,30411,A,,,04/06/2020,09/18/2020,,MAILED,NO,NO,NO,,1,012,019,149,OCON,00017,,00036,121,
WHEELER,00567208,OWENS,JEANETTE,GILLIS,,137,BAY SPRINGS CHURCH RD, ,ALAMO,GA,30411-4657,137,BAY SPRINGS CHURCH RD,,ALAMO,GA,30411-4657,A,,,04/09/2020,09/18/2020,,MAILED,NO,NO,NO,,1,012,019,149,OCON,00017,,00022,71,
WHEELER,08246658,CHATMAN,INEZER,,,94,OLD GLENWOOD RD, ,ALAMO,GA,30411,94,OLD GLENWOOD RD,,ALAMO,GA,30411,A,,,04/23/2020,,,MAILED,NO,NO,NO,,1,012,019,149,OCON,00003,,,,
WHEELER,03732750,BONNER,AZZIE,LEE,,332,DRY BRANCH RD, ,GLENWOOD,GA,30428,332,DRY BRANCH RD,,GLENWOOD,GA,30428,A,,,08/27/2020,09/18/2020,,MAILED,NO,NO,NO,,2,012,019,149,OCON,00012,,00032,258,
WHEELER,01644955,WILSON,MARIAN,J,,39,CYPRESS LN, ,ALAMO,GA,30411,,PO BOX 394,,ALAMO,GA,30411-0039,A,,,05/19/2020,09/18/2020,,MAILED,NO,NO,NO,1,1,012,019,149,OCON,00023,,00005,10,
WHEELER,01644308,AVERY,AGNES,FAYE SMITH,,1130,N HIGHWAY 19 HWY, ,GLENWOOD,GA,30428,1130,N HIGHWAY 19,,GLENWOOD,GA,30428-4320,A,,,04/08/2020,09/18/2020,,MAILED,NO,NO,NO,,2,012,019,149,OCON,00012,,00030,231,
WHEELER,01643662,MORRISON,WILLA JEAN,SEABOLT,,110,S UNION CHURCH RD, ,ALAMO,GA,30411,110,S UNION CHURCH RD,,ALAMO,GA,30411,A,,,04/06/2020,09/18/2020,,MAILED,NO,NO,NO,,1,012,019,149,OCON,00017,,00026,80,
WHEELER,01643249,LAWRENCE,BARBARA,YOUNG,,34,N PINE ST, ,ALAMO,GA,30411,,PO BOX 356,,ALAMO,GA,30411-0035,A,,,04/30/2020,09/18/2020,,MAILED,NO,NO,NO,1,1,012,019,149,OCON,00026,,00006,90,
WHEELER,03878300,LEWIS,GWUNA,Y,,106,E RAILROAD ST, ,ALAMO,GA,30411,,PO BOX 718,,ALAMO,GA,30411-0071,A,,,08/31/2020,09/15/2020,,MAILED,NO,NO,NO,1,1,012,019,149,OCON,00023,,00003,3,
WHEELER,01645697,GRAHAM,LOWELL,,,286,E HIGHWAY 30 HWY, ,ALAMO,GA,30411,286,E HIGHWAY 30 HWY,,ALAMO,GA,30411,A,,,05/28/2020,09/18/2020,,MAILED,NO,NO,NO,,1,012,019,149,OCON,00003,,00003,110,
WHEELER,01643338,PADGETT,WILLIAM,DONALD,,58,S STUCKEY CHURCH RD, ,GLENWOOD,GA,30428,58,S STUCKEY CHURCH RD,,GLENWOOD,GA,30428,A,,,04/21/2020,09/18/2020,,MAILED,NO,NO,NO,,2,012,019,149,OCON,00014,,00008,69,
WHEELER,10658516,WYNNE,DEBORAH,SELPH,,37,JOHN EZEKIAL SELPH RD, ,HELENA,GA,31037,37,JOHN EZEKIAL SELPH RD,,HELENA,GA,31037,A,,,04/08/2020,09/18/2020,,MAILED,NO,NO,NO,,1,012,019,149,OCON,00017,,00055,227,
WHEELER,12537559,FADELY,JAN,ELLIS,,314,LOTTS CREEK RD, ,GLENWOOD,GA,30428,314,LOTTS CREEK RD,,GLENWOOD,GA,30428,A,,,03/12/2020,09/18/2020,,MAILED,NO,NO,NO,,2,012,019,149,OCON,00014,,00014,128,
WHEELER,01643717,HARRELSON,AUDRA,MARIE,,72,MT OLIVET CHURCH RD, ,HELENA,GA,31037,72,MT OLIVET CHURCH RD,,HELENA,GA,31037,A,,,04/13/2020,,,MAILED,NO,NO,NO,,1,012,019,149,OCON,00017,,,,
WHEELER,01645321,NOBLES,FREDDIE,LEE,,115,E MAIN ST, ,ALAMO,GA,30411,,PO BOX 373,,ALAMO,GA,30411-0037,A,,,04/16/2020,09/18/2020,,MAILED,NO,NO,NO,1,1,012,019,149,OCON,00023,,00008,78,
WHEELER,01643477,TURNER,EFFIE,W,,1109,N HIGHWAY 19 HWY, ,GLENWOOD,GA,30428,1109,N HIGHWAY 19 HWY,,GLENWOOD,GA,30428,A,,,04/22/2020,09/18/2020,,MAILED,NO,NO,NO,,2,012,019,149,OCON,00012,,00002,21,
WHEELER,01643238,KENNIE,ALBERT,CHARLES,,1562,E HIGHWAY 126 HWY, ,GLENWOOD,GA,30428,1562,E HIGHWAY 126 HWY,,GLENWOOD,GA,30428,A,,,04/08/2020,,,MAILED,NO,NO,NO,,2,012,019,149,OCON,00014,,,,
WHEELER,06114018,MCDONALD,MATTHEW,STEVEN,,118,BLUE JAY RD, ,HELENA,GA,31037,4920,ABSTON STREET,,EL PASO,TX,79906-7990,A,,,09/16/2020,09/16/2020,,ELECTRONIC,NO,NO,NO,,1,012,019,149,OCON,00017,,00001,310,
WHEELER,01643303,MCGEE,MARY ANN,F.,,752,SPRINGHILL RD, ,ALAMO,GA,30411,752,SPRINGHILL RD,,ALAMO,GA,30411,A,,,09/02/2020,09/18/2020,,MAILED,NO,NO,NO,,1,012,019,149,OCON,00018,,00025,266,
WHEELER,01644115,VANN,THOMAS,E,,24,VANN LN, ,ALAMO,GA,30411,,PO BOX 461,,GLENWOOD,GA,30428,A,,,04/13/2020,09/18/2020,,MAILED,NO,NO,NO,,2,012,019,149,OCON,00014,,00002,16,
WHEELER,01643940,JOINER,GERDNA,MONROE,JR,128,E SECOND AVE, ,GLENWOOD,GA,30428,,PO BOX 338,,GLENWOOD,GA,30428-0033,A,,,04/09/2020,09/18/2020,,MAILED,NO,NO,NO,2,2,012,019,149,OCON,00028,,00005,94,
WHEELER,12594164,FADELY,AVIS,HANSEN,,314,LOTTS CREEK RD, ,GLENWOOD,GA,30428,314,LOTTS CREEK RD,,GLENWOOD,GA,30428,A,,,04/02/2020,09/18/2020,,MAILED,NO,NO,NO,,2,012,019,149,OCON,00014,,00015,129,
WHEELER,01643832,CONNER,SUE,M,,437,SNOWHILL CHURCH RD, ,GLENWOOD,GA,30428,437,SNOWHILL CHURCH RD,,GLENWOOD,GA,30428,A,,,04/27/2020,09/18/2020,,MAILED,NO,NO,NO,,2,012,019,149,OCON,00006,,00006,142,
WHEELER,10911943,MINCEY,JAMAR,ISAIAH,,3532,S HIGHWAY 19 HWY, ,LUMBER CITY,GA,31549,3532,S HIGHWAY 19,,LUMBER CITY,GA,31549-5528,A,,,09/15/2020,09/18/2020,,MAILED,NO,NO,NO,,1,012,019,149,OCON,00015,,00022,305,
WHEELER,01644494,ADAMS,BETTY,W.,,229,FARMERS RD, ,ALAMO,GA,30411,229,FARMERS RD,,ALAMO,GA,30411,A,,,04/09/2020,,,MAILED,NO,NO,NO,,1,012,019,149,OCON,00018,,,,
WHEELER,01645752,FERGUSON,CAROLYN,HALL,,54,PLEASANT HILL LN, ,ALAMO,GA,30411,54,PLEASANT HILL LN,,ALAMO,GA,30411,A,,,04/08/2020,09/18/2020,,MAILED,NO,NO,NO,,1,012,019,149,OCON,00018,,00018,234,
WHEELER,01645704,JOHNSON,CURTIS,,,39,LILLIE B JOHNSON ST, ,ALAMO,GA,30411,39,LILLIE B JOHNSON ST,,ALAMO,GA,30411,A,,,04/06/2020,09/18/2020,,MAILED,NO,NO,NO,1,1,012,019,149,OCON,00023,,00010,193,
WHEELER,07733122,BENNETT,JEFFREY,SCOTT,,1484,N HIGHWAY 19 HWY, ,GLENWOOD,GA,30428,1484,N HIGHWAY 19 HWY,,GLENWOOD,GA,30428,A,,,04/03/2020,09/18/2020,,MAILED,NO,NO,NO,,2,012,019,149,OCON,00012,,00021,161,
WHEELER,01643219,JOHNEKINS,MARIAN,LUCILLIE,,100,HARVEY LN, ,ALAMO,GA,30411,100,HARVEY LN,,ALAMO,GA,30411,A,,,08/21/2020,09/18/2020,,MAILED,NO,NO,NO,,1,012,019,149,OCON,00003,,00016,206,
WHEELER,12497881,LEWIS,JEREMIAH,TERRELL,,106,E RAILROAD ST, ,ALAMO,GA,30411,,PO BOX 718,,ALAMO,GA,30411,A,,,08/31/2020,09/15/2020,,MAILED,NO,NO,NO,1,1,012,019,149,OCON,00023,,00002,2,
WHEELER,03281296,ROBERSON,ERNEST,,SR,30,SHARPTON DR,APT 33,ALAMO,GA,30411,,PO BOX 835,,ALAMO,GA,30411-0835,A,,,04/23/2020,09/18/2020,,MAILED,NO,NO,NO,1,1,012,019,149,OCON,00024,,00001,52,
WHEELER,01645233,LIVINGSTON,NANCY,JEAN,,54,AG LN, ,ALAMO,GA,30411,54,AG LN,,ALAMO,GA,30411,A,,,05/12/2020,09/18/2020,,MAILED,NO,NO,NO,,2,012,019,149,OCON,00014,,00027,270,
WHEELER,12668859,FADELY,RICHARD,DARRELL,,314,LOTTS CREEK RD, ,GLENWOOD,GA,30428,,PO BOX 213,,ALDEN,MI,49612,A,,,09/15/2020,09/18/2020,,MAILED,NO,NO,NO,,2,012,019,149,OCON,00014,,00032,301,
WHEELER,10167951,GILDER,PAMELA,TOWNSEND,,88,HILL FARM RD, ,ALAMO,GA,30411,88,HILL FARM RD,,ALAMO,GA,30411,A,,,04/16/2020,09/18/2020,,MAILED,NO,NO,NO,,1,012,019,149,OCON,00017,,00034,115,
WHEELER,01644382,DIXON,MARTHA,RICHARDSON,,1158,S HIGHWAY 19 HWY, ,GLENWOOD,GA,30428,1158,S HIGHWAY 19 HWY,,GLENWOOD,GA,30428,A,,,04/13/2020,09/18/2020,,MAILED,NO,NO,NO,,2,012,019,149,OCON,00014,,00017,134,
WHEELER,01644462,SPENCER,CHARLOTTE,A,,355,OPOSSUM RD, ,LUMBER CITY,GA,31549,355,OPOSSUM RD,,LUMBER CITY,GA,31549,A,,,08/21/2020,09/18/2020,,MAILED,NO,NO,NO,,1,012,019,149,OCON,00015,,00017,218,
WHEELER,01644562,TILLMAN,WONDA,FAYE,,1436,SPRINGHILL RD, ,ALAMO,GA,30411,1436,SPRINGHILL RD,,ALAMO,GA,30411,A,,,04/18/2020,,,MAILED,NO,NO,NO,,1,012,019,149,OCON,00018,,,,
WHEELER,06980630,ROBERSON,FROSELINE,RIVERS,,215,N HIGHWAY 19 HWY, ,GLENWOOD,GA,30428,215,N HIGHWAY 19 HWY,,GLENWOOD,GA,30428,A,,,04/06/2020,,,MAILED,NO,NO,NO,,2,012,019,149,OCON,00006,,,,
WHEELER,10765183,HINSON,MYRNA,B,,1279,W HIGHWAY 30 HWY, ,ALAMO,GA,30411,1279,W HIGHWAY 30 HWY,,ALAMO,GA,30411,A,,,04/08/2020,09/18/2020,,MAILED,NO,NO,NO,,1,012,019,149,OCON,00017,,00030,104,
WHEELER,01643709,STOVALL,CLINTON,,,282,GRAHAM SCHOOL RD, ,ALAMO,GA,30411,282,GRAHAM SCHOOL RD,,ALAMO,GA,30411,A,,,09/01/2020,09/18/2020,,MAILED,NO,NO,NO,,1,012,019,149,OCON,00018,,00009,179,
WHEELER,11507185,ANDERSON,KAMERON,AVERY,,217,S HIGHWAY 19 HWY, ,GLENWOOD,GA,30428,217,S HIGHWAY 19 HWY,,GLENWOOD,GA,30428,A,,,09/15/2020,09/18/2020,,MAILED,NO,NO,NO,,2,012,019,149,OCON,00014,,00034,304,
WHEELER,00056799,FOWLER,BARBARA,EISSING,,116,SHADYDALE RD, ,LUMBER CITY,GA,31549,116,SHADYDALE RD,,LUMBER CITY,GA,31549,A,,,04/06/2020,09/18/2020,,MAILED,NO,NO,NO,,1,012,019,149,OCON,00015,,00011,120,
WHEELER,08013512,GUNBY,MORGAN,ENNIS,,191,STILL RD, ,GLENWOOD,GA,30428,191,STILL RD,,GLENWOOD,GA,30428,A,,,09/04/2020,09/18/2020,,MAILED,NO,NO,NO,,2,012,019,149,OCON,00014,,00030,292,
WHEELER,01644537,HORNE,WILLIAM,HENRY,,1440,SPRINGHILL RD, ,ALAMO,GA,30411,1440,SPRINGHILL RD,,ALAMO,GA,30411,A,,,08/28/2020,09/18/2020,,MAILED,NO,NO,NO,,1,012,019,149,OCON,00018,,00024,246,
WHEELER,01644980,COX,CLARA,,,48,W PEARL ST, ,ALAMO,GA,30411,,P.O. BOX 498,,ALAMO,GA,30411,A,,,02/26/2020,09/18/2020,,MAILED,NO,NO,NO,1,1,012,019,149,OCON,00026,,00009,141,
WHEELER,08831644,THORNTON,OZZIE,DENNIS,,299,MAJOR RD, ,ALAMO,GA,30411,299,MAJOR RD,,ALAMO,GA,30411,A,,,04/16/2020,09/18/2020,,MAILED,NO,NO,NO,,2,012,019,149,OCON,00014,,00003,26,
WHEELER,01643288,DAWKINS,GRACE,HELEN (J),,134,OCHWALKEE RD, ,GLENWOOD,GA,30428,,PO BOX 125,,ALAMO,GA,30411,A,,,04/27/2020,,,MAILED,NO,NO,NO,,2,012,019,149,OCON,00012,,,,
WHEELER,03708390,GRIMES,BILLY,JOE,,298,E HIGHWAY 30 HWY, ,ALAMO,GA,30411,298,E HIGHWAY 30 HWY,,ALAMO,GA,30411,A,,,04/09/2020,,,MAILED,NO,NO,NO,,1,012,019,149,OCON,00003,,,,
WHEELER,08246709,ASHLEY,JACKIE,MAE,,140,MT OLIVET CHURCH RD, ,HELENA,GA,31037,140,MT OLIVET CHURCH RD,,HELENA,GA,31037,A,,,05/07/2020,09/18/2020,,MAILED,NO,NO,NO,,1,012,019,149,OCON,00017,,00044,167,
WHEELER,01643172,HARVEY,WILLIE,HENRY,,106,HARVEY LN, ,ALAMO,GA,30411,106,HARVEY LN,,ALAMO,GA,30411,A,,,08/28/2020,09/18/2020,,MAILED,NO,NO,NO,,1,012,019,149,OCON,00003,,00017,250,
WHEELER,01644591,WOOTEN,MELVIN,CHARLES,,66,BIRD LN, ,ALAMO,GA,30411,66,BIRD LN,,ALAMO,GA,30411,A,,,04/23/2020,09/18/2020,,MAILED,NO,NO,NO,,1,012,019,149,OCON,00018,,00015,213,
WHEELER,01166552,JOHNSON,MAXIE,JO,,2422,S HIGHWAY 19 HWY, ,LUMBER CITY,GA,31549,2422,S HIGHWAY 19 HWY,,LUMBER CITY,GA,31549,A,,,05/18/2020,09/18/2020,,MAILED,NO,NO,NO,,1,012,019,149,OCON,00015,,00014,191,
WHEELER,01643694,SELPH,CECIL,,,975,HIGHWAY 31 HWY, ,HELENA,GA,31037,975,HIGHWAY 31 HWY,,HELENA,GA,31037,A,,,03/03/2020,09/18/2020,,MAILED,NO,NO,NO,,1,012,019,149,OCON,00017,,00011,44,
WHEELER,06852525,JAFAR,NANCY,S,,41,N BROAD ST, ,ALAMO,GA,30411,41,N BROAD ST,,ALAMO,GA,30411,A,,,09/12/2020,,,MAILED,NO,NO,NO,1,1,012,019,149,OCON,00026,,,,
WHEELER,01644879,STEVENSON,ANNETTE,JOHNEKINS,,70,HARVEY LN, ,ALAMO,GA,30411,70,HARVEY LN,,ALAMO,GA,30411,A,,,08/21/2020,09/18/2020,,MAILED,NO,NO,NO,,1,012,019,149,OCON,00003,,00015,205,
WHEELER,01644506,BASS,JOHN,B,,344,SAND PIT RD, ,ALAMO,GA,30411,344,SAND PIT RD,,ALAMO,GA,30411,A,,,04/13/2020,09/18/2020,,MAILED,NO,NO,NO,,1,012,019,149,OCON,00022,,00004,162,
WHEELER,01643226,JOHNSON,LINDA,ANN,,21,TAR RD, ,GLENWOOD,GA,30428,21,TAR RD,,GLENWOOD,GA,30428,A,,,02/24/2020,09/18/2020,,MAILED,NO,NO,NO,,2,012,019,149,OCON,00012,,00012,95,
WHEELER,01644248,HORNE,COLEN,LEE,SR,14,HORSESHOE RD, ,GLENWOOD,GA,30428,14,HORSESHOE RD,,GLENWOOD,GA,30428,A,,,04/06/2020,09/18/2020,,MAILED,NO,NO,NO,,2,012,019,149,OCON,00012,,00014,102,
WHEELER,01643108,HALL,AVERY,JEAN,,144,E RAILROAD ST, ,ALAMO,GA,30411,144,E RAILROAD ST,,ALAMO,GA,30411,A,,,08/28/2020,09/18/2020,,MAILED,NO,NO,NO,,1,012,019,149,OCON,00003,,00020,254,
WHEELER,01643062,FULFORD,DOROTHY,BEMBRY,,825,SPRINGHILL RD, ,ALAMO,GA,30411,825,SPRINGHILL RD,,ALAMO,GA,30411,A,,,04/08/2020,,,MAILED,NO,NO,NO,,1,012,019,149,OCON,00018,,,,
WHEELER,01645495,JACKSON,LEE,ANNER,,55,S JEFFERSON ST,UNIT 15,ALAMO,GA,30411,55,S JEFFERSON ST,UNIT 15,ALAMO,GA,30411,A,,,04/06/2020,,,MAILED,NO,NO,NO,1,1,012,019,149,OCON,00024,,,,
WHEELER,01643707,STOVALL,MARTHA,JANE,,282,GRAHAM SCHOOL RD, ,ALAMO,GA,30411-4322,282,GRAHAM SCHOOL RD,,ALAMO,GA,30411-4322,A,,,08/31/2020,09/18/2020,,MAILED,NO,NO,NO,,1,012,019,149,OCON,00018,,00008,175,
WHEELER,00649835,NOBLES,SHIRLEY,A,,1270,LITTLE ROCK RD, ,HELENA,GA,31037,1270,LITTLE ROCK RD,,HELENA,GA,31037,A,,,04/08/2020,09/18/2020,,MAILED,NO,NO,NO,,1,012,019,149,OCON,00017,,00024,76,
WHEELER,01644372,DAVIS,DEBRA,GRAY,,981,BELLS FERRY RD, ,LUMBER CITY,GA,31549,981,BELLS FERRY RD,,LUMBER CITY,GA,31549,A,,,09/02/2020,09/18/2020,,MAILED,NO,NO,NO,,1,012,019,149,OCON,00015,,00019,265,
WHEELER,04374749,JONES,SHAYLA,NICOLE,,12,HORNE SUBDIVISION RD, ,GLENWOOD,GA,30428,,PO BOX 212,,GLENWOOD,GA,30428,A,,,08/28/2020,09/18/2020,,MAILED,NO,NO,NO,,2,012,019,149,OCON,00006,,00017,263,
WHEELER,10566108,CLARK,DONALD,HOLLAND,,713,W HIGHWAY 126 HWY, ,ALAMO,GA,30411,713,W HIGHWAY 126 HWY,,ALAMO,GA,30411,A,,,04/21/2020,09/18/2020,,MAILED,NO,NO,NO,,1,012,019,149,OCON,00017,,00043,148,
WHEELER,01643402,PARKER,MARGARET,L,,262,PIGEON RD, ,ALAMO,GA,30411,262,PIGEON RD,,ALAMO,GA,30411,A,,,04/21/2020,09/18/2020,,MAILED,NO,NO,NO,,1,012,019,149,OCON,00018,,00002,68,
WHEELER,04893278,CAREY,ANDREW,LEON,,69,S FIRST ST,APT #J1,GLENWOOD,GA,30428,69,S FIRST ST,APT #J1,GLENWOOD,GA,30428,A,,,08/12/2020,09/18/2020,,MAILED,NO,NO,NO,2,2,012,019,149,OCON,00027,,00010,200,
WHEELER,06738534,RYALS,FRANK,ELISHA,,656,CATTLE RD, ,ALAMO,GA,30411,656,CATTLE RD,,ALAMO,GA,30411,A,,,05/04/2020,09/18/2020,,MAILED,NO,NO,NO,,1,012,019,149,OCON,00022,,00001,51,
WHEELER,01624221,WILLIAMS,JUANITA,WILCOX,,116,N FIFTH ST,APT 16D,GLENWOOD,GA,30428,116,N FIFTH ST,APT 16D,GLENWOOD,GA,30428,A,,,09/02/2020,09/18/2020,,MAILED,NO,NO,NO,2,2,012,019,149,OCON,00027,,00009,182,
WHEELER,01644142,WOMMACK,JAMES,EDWARD,,430,SNOWHILL CHURCH RD, ,GLENWOOD,GA,30428,,PO BOX 650,,GLENWOOD,GA,30428-0065,A,,,04/09/2020,09/18/2020,,MAILED,NO,NO,NO,,2,012,019,149,OCON,00006,,00018,268,
WHEELER,12387592,PHILLIPS,DOLLIE,EVELYN KILLINGSWOR,,1723,S HIGHWAY 19 HWY, ,GLENWOOD,GA,30428,1723,S HIGHWAY 19,,GLENWOOD,GA,30428-4533,A,,,04/06/2020,09/18/2020,,MAILED,NO,NO,NO,,1,012,019,149,OCON,00015,,00005,66,
WHEELER,01645406,TURNER,DAVID,FRANKLIN,,1109,N HIGHWAY 19 HWY, ,GLENWOOD,GA,30428,1109,N HIGHWAY 19 HWY,,GLENWOOD,GA,30428,A,,,04/22/2020,09/18/2020,,MAILED,NO,NO,NO,,2,012,019,149,OCON,00012,,00003,22,
WHEELER,01644533,HALL,OTIS,CALVIN,,57,PLEASANT HILL LN, ,ALAMO,GA,30411,57,PLEASANT HILL LN,,ALAMO,GA,30411,A,,,05/06/2020,09/18/2020,,MAILED,NO,NO,NO,,1,012,019,149,OCON,00018,,00020,236,
WHEELER,01643352,PICKLE,JOHN,T,,1328,W HIGHWAY 30 HWY, ,ALAMO,GA,30411,,P.O.BOX 323,,ALAMO,GA,30411,A,,,05/18/2020,09/18/2020,,MAILED,NO,NO,NO,,1,012,019,149,OCON,00017,,00018,63,
WHEELER,01536973,JARRELL,JOHN,W,SR,885,E HIGHWAY 126 HWY, ,GLENWOOD,GA,30428,885,E HIGHWAY 126 HWY,,GLENWOOD,GA,30428,A,,,04/06/2020,09/18/2020,,MAILED,NO,NO,NO,,2,012,019,149,OCON,00014,,00010,98,
WHEELER,01643529,WILSON,CATHERINE,,,9,S STEWARD ST, ,ALAMO,GA,30411,,PO BOX 527,,ALAMO,GA,30411-0052,A,,,04/27/2020,,,MAILED,NO,NO,NO,1,1,012,019,149,OCON,00023,,,,
WHEELER,01645473,MACKEY,VELMA,,,55,S JEFFERSON ST,UNIT 4,ALAMO,GA,30411,55,S JEFFERSON ST,UNIT 4,ALAMO,GA,30411,A,,,08/25/2020,09/18/2020,,MAILED,NO,NO,NO,1,1,012,019,149,OCON,00024,,00003,228,
WHEELER,01643674,PURVIS,FRANCES,,,8,PURVIS CIR, ,ALAMO,GA,30411,8,PURVIS CIR,,ALAMO,GA,30411,A,,,04/08/2020,09/18/2020,,MAILED,NO,NO,NO,,1,012,019,149,OCON,00017,,00016,56,
WHEELER,01643123,HALL,WENDELL,,,22,MAPLE DR, ,ALAMO,GA,30411,,PO BOX 204,,ALAMO,GA,30411-0020,A,,,09/09/2020,09/18/2020,,MAILED,NO,NO,NO,1,1,012,019,149,OCON,00023,,00016,295,
WHEELER,01643007,COLLINS,LINDA,FAYE,,116,N FIFTH ST,APT 8,GLENWOOD,GA,30428,116,N FIFTH ST,APT 8,GLENWOOD,GA,30428,A,,,04/06/2020,09/18/2020,,MAILED,NO,NO,NO,2,2,012,019,149,OCON,00027,,00013,229,
WHEELER,03672578,TOOTLE,MARY,ANN,,25,W SECOND AVE, ,GLENWOOD,GA,30428,,P.O. BOX 706,,GLENWOOD,GA,30428,A,,,04/13/2020,09/18/2020,,MAILED,NO,NO,NO,2,2,012,019,149,OCON,00028,,00002,25,
WHEELER,01644734,DAVENPORT,BARBARA,LAFAVOR,,134,MT OLIVET CHURCH RD, ,HELENA,GA,31037,134,MT OLIVET CHURCH RD,,HELENA,GA,31037,A,,,04/08/2020,09/18/2020,,MAILED,NO,NO,NO,,1,012,019,149,OCON,00017,,00041,138,
WHEELER,06105297,HORNE,DAVID,RANDAL,,40,HORNE LN, ,HELENA,GA,31037,40,HORNE LN,,HELENA,GA,31037,A,,,04/15/2020,09/18/2020,,MAILED,NO,NO,NO,,1,012,019,149,OCON,00017,,00029,101,
WHEELER,06219115,CONNER,MADGELENE,H,,49,COMMUNITY CHURCH RD, ,HELENA,GA,31037,49,COMMUNITY CHURCH RD,,HELENA,GA,31037,A,,,04/10/2020,09/18/2020,,MAILED,NO,NO,NO,,1,012,019,149,OCON,00017,,00053,222,
WHEELER,08700282,CLARKSON,IRMA,,,205,ROUNDTREE LANE, ,GLENWOOD,GA,30428,,PO BOX 506,,GLENWOOD,GA,30428,A,,,05/06/2020,,,MAILED,NO,NO,NO,2,2,012,019,149,OCON,00027,,,,
WHEELER,01645031,HALL,CHARLENE,REGINA,,59,BIRD LN, ,ALAMO,GA,30411,59,BIRD LN,,ALAMO,GA,30411,A,,,09/08/2020,09/18/2020,,MAILED,NO,NO,NO,,1,012,019,149,OCON,00018,,00031,286,
WHEELER,01643416,SEABOLT,WENDELL,,,28,W SECOND AVE, ,ALAMO,GA,30411,,PO BOX 114,,ALAMO,GA,30411-0011,A,,,04/08/2020,09/18/2020,,MAILED,NO,NO,NO,1,1,012,019,149,OCON,00026,,00002,47,
WHEELER,12023414,HINTON,BRIANNA,NICALE,,12,HORNE SUBDIVISION RD, ,GLENWOOD,GA,30428,,PO BOX 212,,GLENWOO,GA,30428,A,,,08/28/2020,09/18/2020,,MAILED,NO,NO,NO,,2,012,019,149,OCON,00006,,00016,261,
WHEELER,03474062,GRAHAM,ANN,EDENFIELD,,286,E HIGHWAY 30 HWY, ,ALAMO,GA,30411,286,E HIGHWAY 30 HWY,,ALAMO,GA,30411,A,,,05/28/2020,09/18/2020,,MAILED,NO,NO,NO,,1,012,019,149,OCON,00003,,00004,112,
WHEELER,01644441,POPE,ELOISE,HUGHES,,62,CLARKS BLUFF RD, ,GLENWOOD,GA,30428,62,CLARKS BLUFF RD,,GLENWOOD,GA,30428,A,,,04/06/2020,09/18/2020,,MAILED,NO,NO,NO,,2,012,019,149,OCON,00014,,00007,59,
WHEELER,01643484,VANHORN,JANIS,C,,1099,STUCKEY CHURCH RD, ,GLENWOOD,GA,30428,1099,STUCKEY CHURCH RD,,GLENWOOD,GA,30428,A,,,05/07/2020,09/18/2020,,MAILED,NO,NO,NO,,2,012,019,149,OCON,00019,,00002,18,
WHEELER,01536975,JARRELL,LINDA,ANN,,885,E HIGHWAY 126 HWY, ,GLENWOOD,GA,30428,885,E HIGHWAY 126 HWY,,GLENWOOD,GA,30428,A,,,04/06/2020,09/18/2020,,MAILED,NO,NO,NO,,2,012,019,149,OCON,00014,,00009,97,
WHEELER,01643163,HARVEY,LINDA,M,,92,HARVEY LN, ,ALAMO,GA,30411,92,HARVEY LN,,ALAMO,GA,30411,A,,,08/28/2020,09/18/2020,,MAILED,NO,NO,NO,,1,012,019,149,OCON,00003,,00018,251,
WHEELER,01644886,WARREN,DIANE,,,1052,W HOPE CHURCH RD, ,ALAMO,GA,30411,1052,W HOPE CHURCH RD,,ALAMO,GA,30411,A,,,04/08/2020,,,MAILED,NO,NO,NO,,1,012,019,149,OCON,00018,,,,
WHEELER,04641775,TIPTON,JUDY,M,,30,S SECOND ST, ,GLENWOOD,GA,30428,,PO BOX 156,,GLENWOOD,GA,30428,A,,,04/06/2020,,,MAILED,NO,NO,NO,2,2,012,019,149,OCON,00028,,,,
WHEELER,05353339,GRAHAM,LINDA,R,,11,N JEFFERSON ST, ,ALAMO,GA,30411,,PO BOX 614,,ALAMO,GA,30411-0061,A,,,05/06/2020,09/18/2020,,MAILED,NO,NO,NO,1,1,012,019,149,OCON,00026,,00008,111,
WHEELER,01644170,BARLOW,BOB,JIM,,56,DAISY LN, ,ALAMO,GA,30411,56,DAISY LN,,ALAMO,GA,30411,A,,,05/15/2020,09/18/2020,,MAILED,NO,NO,NO,,1,012,019,149,OCON,00018,,00003,163,
WHEELER,01624186,TRIBBLE,SHARON,MARIE,,1292,SNOWHILL CHURCH RD, ,ALAMO,GA,30411,1292,SNOWHILL CHURCH RD,,ALAMO,GA,30411,A,,,09/08/2020,09/18/2020,,MAILED,NO,NO,NO,,2,012,019,149,OCON,00019,,00004,281,
WHEELER,03878349,CARTER,BERNICE,WARREN,,70,OLD LONG BRIDGE RD, ,HELENA,GA,31037,70,OLD LONG BRIDGE RD,,HELENA,GA,31037,A,,,04/08/2020,09/18/2020,,MAILED,NO,NO,NO,,1,012,019,149,OCON,00017,,00057,241,
WHEELER,12261434,SHARPE,BRYAN,ANTHONY,,993,W HIGHWAY 30 HWY, ,ALAMO,GA,30411,993,W HIGHWAY 30,,ALAMO,GA,30411,A,,,09/02/2020,09/18/2020,,MAILED,NO,NO,NO,,1,012,019,149,OCON,00017,,00048,180,
WHEELER,01643693,SELPH,BRENDA,GAYLE HARDY,,975,HIGHWAY 31 HWY, ,HELENA,GA,31037,975,HIGHWAY 31 HWY,,HELENA,GA,31037,A,,,03/03/2020,09/18/2020,,MAILED,NO,NO,NO,,1,012,019,149,OCON,00017,,00012,45,
WHEELER,01645141,ENNIS,BOB,H,SR,517,S HIGHWAY 19 HWY, ,GLENWOOD,GA,30428,517,S HIGHWAY 19 HWY,,GLENWOOD,GA,30428,A,,,04/13/2020,09/18/2020,,MAILED,NO,NO,NO,,2,012,019,149,OCON,00014,,00016,132,
WHEELER,01644460,SMITH,CATHERINE,S,,250,BO WEEVIL RD, ,GLENWOOD,GA,30428,250,BO WEEVIL RD,,GLENWOOD,GA,30428,A,,,05/12/2020,09/18/2020,,MAILED,NO,NO,NO,,1,012,019,149,OCON,00015,,00004,39,
WHEELER,03555875,HORTON,WILLIAM,JEFFREY,,1019,OLD GLENWOOD RD, ,GLENWOOD,GA,30428,1019,OLD GLENWOOD RD,,GLENWOOD,GA,30428-4641,A,,,08/07/2020,09/18/2020,,MAILED,NO,NO,NO,,2,012,019,149,OCON,00006,,00009,188,
WHEELER,01644710,MITCHELL,BRENDA,CAROL,,6,PURVIS CIR, ,ALAMO,GA,30411,6,PURVIS CIR,,ALAMO,GA,30411,A,,,08/07/2020,09/18/2020,,MAILED,NO,NO,NO,,1,012,019,149,OCON,00017,,00049,187,
WHEELER,00777636,PERDUE,WYNELL,PICKLE,,21,W THIRD AVE, ,ALAMO,GA,30411,,PO BOX 97,,ALAMO,GA,30411-0009,A,,,04/10/2020,,,MAILED,NO,NO,NO,1,1,012,019,149,OCON,00024,,,,
WHEELER,01644499,ADAMS,OLIN,CRAIG,,568,SPRINGHILL CHURCH RD, ,ALAMO,GA,30411,568,SPRINGHILL CHURCH RD,,ALAMO,GA,30411,A,,,04/13/2020,09/18/2020,,MAILED,NO,NO,NO,,1,012,019,149,OCON,00018,,00006,172,
WHEELER,06095199,CARTER,ANTHONY,,,55,S JEFFERSON ST,APT 1,ALAMO,GA,30411,55,S JEFFERSON ST,APT 1,ALAMO,GA,30411,A,,,09/01/2020,09/18/2020,,MAILED,NO,NO,NO,1,1,012,019,149,OCON,00024,,00002,181,
WHEELER,01645356,FAIRCLOTH,DIANE,BLISS,,55,S JEFFERSON ST,APT 21,ALAMO,GA,30411,55,S JEFFERSON ST,APT 21,ALAMO,GA,30411,A,,,08/18/2020,09/18/2020,,MAILED,NO,NO,NO,1,1,012,019,149,OCON,00024,,00005,243,
WHEELER,01644102,TOWERY,BETTY,CONRAD,,436,OCHWALKEE RD, ,GLENWOOD,GA,30428,436,OCHWALKEE RD,,GLENWOOD,GA,30428,A,,,04/06/2020,09/18/2020,,MAILED,NO,NO,NO,,2,012,019,149,OCON,00012,,00004,23,
WHEELER,03392475,USHER,GARY,WADE,,31,S SECOND ST, ,GLENWOOD,GA,30428,,PO BOX 632,,GLENWOOD,GA,30428-0063,A,,,04/09/2020,09/18/2020,,MAILED,NO,NO,NO,2,2,012,019,149,OCON,00027,,00004,19,
WHEELER,01644005,MONTFORD,WILMA,LEE,,413,OCHWALKEE RD, ,GLENWOOD,GA,30428,413,OCHWALKEE RD,,GLENWOOD,GA,30428,A,,,05/18/2020,09/18/2020,,MAILED,NO,NO,NO,,2,012,019,149,OCON,00006,,00004,82,
WHEELER,01643701,SPIRES,JANE,BEASLEY,,9,GOPHER LN, ,HELENA,GA,31037,9,GOPHER LN,,HELENA,GA,31037,A,,,04/06/2020,09/18/2020,,MAILED,NO,NO,NO,,1,012,019,149,OCON,00017,,00008,36,
WHEELER,01643423,STEVENSON,GEORGE,PRESTON,,70,HARVEY LN, ,ALAMO,GA,30411,70,HARVEY LN,,ALAMO,GA,30411,A,,,08/21/2020,09/18/2020,,MAILED,NO,NO,NO,,1,012,019,149,OCON,00003,,00014,204,
WHEELER,03554886,FORE,LILLIAN,INEZ,,282,SANDRIDGE RD, ,GLENWOOD,GA,30428,282,SANDRIDGE RD,,GLENWOOD,GA,30428,A,,,04/07/2020,09/18/2020,,MAILED,NO,NO,NO,,2,012,019,149,OCON,00014,,00013,124,
WHEELER,10156127,CURTIS,ROGER,L.,,1127,S HIGHWAY 19 HWY, ,GLENWOOD,GA,30428,1127,S HIGHWAY 19 HWY,,GLENWOOD,GA,30428,A,,,04/06/2020,09/18/2020,,MAILED,NO,NO,NO,,2,012,019,149,OCON,00014,,00019,139,
WHEELER,01645022,FEDRICK,JERLEAN,,,78,OAK RIDGE RD, ,SCOTLAND,GA,31083,,PO BOX 248,,SCOTLAND,GA,31083-0024,A,,,04/13/2020,,,MAILED,NO,NO,NO,3,1,012,019,149,OCON,00029,,,,
WHEELER,01645469,WARREN,W,C,,1052,W HOPE CHURCH RD, ,ALAMO,GA,30411,1052,W HOPE CHURCH RD,,ALAMO,GA,30411,A,,,04/08/2020,,,MAILED,NO,NO,NO,,1,012,019,149,OCON,00018,,,,
WHEELER,03670038,STOKES,WILLADENE,RICKS,,56,DAISY LN, ,ALAMO,GA,30411,56,DAISY LN,,ALAMO,GA,30411,A,,,05/15/2020,,,MAILED,NO,NO,NO,,1,012,019,149,OCON,00018,,,,
WHEELER,01644174,SMITH,ANNETTE,B,,555,S HIGHWAY 19 HWY, ,GLENWOOD,GA,30428,555,S HIGHWAY 19 HWY,,GLENWOOD,GA,30428,A,,,04/06/2020,09/18/2020,,MAILED,NO,NO,NO,,2,012,019,149,OCON,00014,,00005,41,
WHEELER,01643147,HARTLEY,VERNON,WESLEY,JR,211,SNOWHILL BAPTIST , ,ALAMO,GA,30411,211,SNOWHILL BAPTIST ,,ALAMO,GA,30411,A,,,05/11/2020,09/18/2020,,MAILED,NO,NO,NO,,1,012,019,149,OCON,00017,,00031,105,
WHEELER,01644896,COLLINS,WINIFRED,V,,34,SOLOMON LN, ,ALAMO,GA,30411,,PO BOX 176,,ALAMO,GA,30411-0017,A,,,09/02/2020,09/18/2020,,MAILED,NO,NO,NO,,1,012,019,149,OCON,00003,,00008,176,
WHEELER,01645390,MCRAE,RICHARD,CURTISS,,98,BOBCAT SPUR, ,GLENWOOD,GA,30428,98,BOBCAT SPUR,,GLENWOOD,GA,30428,A,,,04/30/2020,09/18/2020,,MAILED,NO,NO,NO,,2,012,019,149,OCON,00012,,00011,84,
WHEELER,01628749,ZANDERS,IRA,LEE,,63,OLD LONG BRIDGE RD, ,HELENA,GA,31037,,PO BOX 363,,MC RAE,GA,31055,A,,,04/13/2020,09/18/2020,,MAILED,NO,NO,NO,,1,012,019,149,OCON,00017,,00001,6,
WHEELER,10911966,WRIGHT,LAKAITLIN,ANGELIQUE,,44,W STUBBS ST, ,ALAMO,GA,30411,404,EMERSON DR.,MILLENNIUM HALL ,TOWSON,MD,21252,A,,,08/07/2020,09/18/2020,,MAILED,NO,NO,NO,1,1,012,019,149,OCON,00026,,00012,199,
WHEELER,01644712,MORRIS,DOLLY IDA MAE,,,126,MT OLIVET CHURCH RD, ,HELENA,GA,31037,126,MT OLIVET CHURCH RD,,HELENA,GA,31037,A,,,04/06/2020,09/18/2020,,MAILED,NO,NO,NO,,1,012,019,149,OCON,00017,,00027,81,
WHEELER,01645154,OSWALT,MARGARET,JACQUELINE,,101,CLARKS BLUFF RD, ,GLENWOOD,GA,30428,101,CLARKS BLUFF RD,,GLENWOOD,GA,30428,A,,,09/15/2020,09/18/2020,,MAILED,NO,NO,NO,,2,012,019,149,OCON,00014,,00033,302,
WHEELER,01645061,GILLIS,JEWELL,M,,385,LANDSBURG RD, ,GLENWOOD,GA,30428,385,LANDSBURG RD,,GLENWOOD,GA,30428,A,,,04/08/2020,09/18/2020,,MAILED,NO,NO,NO,,2,012,019,149,OCON,00012,,00016,113,
WHEELER,01643191,HOPKINS,LARRY,SOLOMON,,26,BLUEBIRD LN, ,ALAMO,GA,30411,,PO BOX 172,,ALAMO,GA,30411-0017,A,,,08/28/2020,09/18/2020,,MAILED,NO,NO,NO,1,1,012,019,149,OCON,00023,,00014,248,
WHEELER,01643828,CONNELL,BETTY,SUE,,876,S HIGHWAY 19 HWY, ,GLENWOOD,GA,30428,,PO BOX 293,,GLENWOOD,GA,30428-0029,A,,,04/09/2020,09/18/2020,,MAILED,NO,NO,NO,,2,012,019,149,OCON,00014,,00021,144,
WHEELER,03906809,WOODARD,WILLIE,OTIS,,8,SLATON ST, ,ALAMO,GA,30411,,PO BOX 703,,ALAMO,GA,30411,A,,,03/11/2020,,,MAILED,NO,NO,NO,1,1,012,019,149,OCON,00023,,,,
WHEELER,01643869,FIELDS,JAMES,LEON,,44,W FIRST AVE, ,GLENWOOD,GA,30428,,PO BOX 422,,GLENWOOD,GA,30428,A,,,04/21/2020,09/18/2020,,MAILED,NO,NO,NO,2,2,012,019,149,OCON,00028,,00007,125,
WHEELER,08107374,FLOYD,MARTHA,JOAN,,63,S BROAD ST, ,ALAMO,GA,30411,63,S BROAD ST,,ALAMO,GA,30411,A,,,04/23/2020,,,MAILED,NO,NO,NO,1,1,012,019,149,OCON,00026,,,,
WHEELER,01049842,HORNE,JEAN,TOWNS,,65,COMMUNITY CHURCH RD, ,HELENA,GA,31037,65,COMMUNITY CHURCH RD,,HELENA,GA,31037,A,,,04/08/2020,09/18/2020,,MAILED,NO,NO,NO,,1,012,019,149,OCON,00017,,00028,100,
WHEELER,05596444,SELPH,MORRIS,,,661,HIGHWAY 31, ,HELENA,GA,31037,661,HIGHWAY 31,,HELENA,GA,31037,A,,,04/09/2020,09/18/2020,,MAILED,NO,NO,NO,,1,012,019,149,OCON,00017,,00009,42,
WHEELER,00053756,STUCKEY,SHARON,KAYE,,901,LITTLE ROCK RD, ,ALAMO,GA,30411,901,LITTLE ROCK RD,,ALAMO,GA,30411,A,,,04/13/2020,09/18/2020,,MAILED,NO,NO,NO,,1,012,019,149,OCON,00017,,00006,31,
WHEELER,07555940,REEVES,WILTON,,,564,CATTLE RD, ,ALAMO,GA,30411,564,CATTLE RD,,ALAMO,GA,30411,A,,,04/08/2020,09/18/2020,,MAILED,NO,NO,NO,,1,012,019,149,OCON,00022,,00002,53,
WHEELER,11002004,WRIGHT,KENTAVIOUS,JARVONE,,21,ROUNDTREE LN,TRAILER B,GLENWOOD,GA,30428,,PO BOX 162,,GLENWOOD,GA,30428,A,,,05/06/2020,,,MAILED,NO,NO,NO,2,2,012,019,149,OCON,00028,,,,
WHEELER,01643129,HARDY,DOROTHY,VIRGINIA,,778,E HIGHWAY 30 HWY, ,ALAMO,GA,30411,778,E HIGHWAY 30 HWY,,ALAMO,GA,30411,A,,,03/31/2020,09/18/2020,,MAILED,NO,NO,NO,,1,012,019,149,OCON,00015,,00009,107,
WHEELER,01644601,SPIRES,WILMER,F,,9,GOPHER LN, ,HELENA,GA,31037,9,GOPHER LN,,HELENA,GA,31037,A,,,04/06/2020,09/18/2020,,MAILED,NO,NO,NO,,1,012,019,149,OCON,00017,,00007,35,
WHEELER,11873397,BROWN,MICHAEL,RAY,,69,S FIRST ST, ,GLENWOOD,GA,30428,,PO BOX 2752,,VIDALIA,GA,30475,A,,,04/22/2020,09/18/2020,,MAILED,NO,NO,NO,2,2,012,019,149,OCON,00027,,00007,157,
WHEELER,01643373,PRICE,FAYE,LYNETTE SAMMONS,,82,W LUCILLE AVE, ,ALAMO,GA,30411,,PO BOX 165,,ALAMO,GA,30411-0165,A,,,05/19/2020,09/18/2020,,MAILED,NO,NO,NO,1,1,012,019,149,OCON,00026,,00004,57,
WHEELER,08093323,SMITH,ASHER,RAE DAKOTA,,39,TRAVIS C CIR,15,GLENWOOD,GA,30428,,PO BOX 276,,GLENWOOD,GA,30428,A,,,04/09/2020,09/18/2020,,MAILED,NO,NO,NO,,2,012,019,149,OCON,00006,,00002,40,
WHEELER,02148737,WOODARD,CHARLES,,,32,W LUCILLE AVE, ,ALAMO,GA,30411,32,W LUCILLE AVE,,ALAMO,GA,30411,A,,,04/13/2020,,,MAILED,NO,NO,NO,1,1,012,019,149,OCON,00026,,,,
WHEELER,01644561,TILLMAN,BENNIE,L.,SR,1414,SPRINGHILL RD, ,ALAMO,GA,30411,1414,SPRINGHILL RD,,ALAMO,GA,30411,A,,,09/01/2020,,,MAILED,NO,NO,NO,,1,012,019,149,OCON,00018,,,,
WHEELER,01645352,PURVIS,MICHAEL,TOMMY,,10,PURVIS CIR, ,ALAMO,GA,30411,10,PURVIS CIR,,ALAMO,GA,30411,A,,,09/08/2020,09/18/2020,,MAILED,NO,NO,NO,,1,012,019,149,OCON,00017,,00062,284,
WHEELER,06218000,PALMER,PEGGIE,JANE,,34,CURRIE LOOP, ,GLENWOOD,GA,30428,34,CURRIE LOOP,,GLENWOOD,GA,30428,A,,,09/02/2020,09/18/2020,,MAILED,NO,NO,NO,,2,012,019,149,OCON,00012,,00033,264,
WHEELER,01644832,BRYANT,JO,ANN,,12,HORNE SUBDIVISION RD, ,GLENWOOD,GA,30428,,PO BOX 212,,GLENWOOD,GA,30428,A,,,08/28/2020,09/18/2020,,MAILED,NO,NO,NO,,2,012,019,149,OCON,00006,,00015,260,
WHEELER,06744824,SWEAT,GARY,P,,152,BLUE JAY RD, ,HELENA,GA,31037,152,BLUE JAY RD,,HELENA,GA,31037,A,,,04/13/2020,09/18/2020,,MAILED,NO,NO,NO,,1,012,019,149,OCON,00017,,00005,30,
WHEELER,11869866,WORKS,DAVID,ERNEST,,31,CAT SQUIRREL LN, ,GLENWOOD,GA,30428,,P O BOX 265,,GLENWOOD,GA,30428,A,,,05/20/2020,09/18/2020,,MAILED,NO,NO,NO,,2,012,019,149,OCON,00014,,00001,9,
WHEELER,01644432,O'QUINN,WILLARD,NEWMAN,,2152,E HIGHWAY 126 HWY, ,GLENWOOD,GA,30428,2152,E HIGHWAY 126 HWY,,GLENWOOD,GA,30428,A,,,04/06/2020,09/18/2020,,MAILED,NO,NO,NO,,1,012,019,149,OCON,00015,,00006,72,
WHEELER,01717836,ANDERSON,CHARLES,KURT,,228,STILL RD, ,GLENWOOD,GA,30428,228,STILL RD,,GLENWOOD,GA,30428,A,,,04/06/2020,09/18/2020,,MAILED,NO,NO,NO,,2,012,019,149,OCON,00014,,00026,170,
WHEELER,00048773,BROWN,SHARON,RENEE,,118,BLUE JAY RD, ,HELENA,GA,31037,118,BLUE JAY RD,,HELENA,GA,31037,A,,,08/21/2020,09/18/2020,,MAILED,NO,NO,NO,,1,012,019,149,OCON,00017,,00051,202,
WHEELER,12315760,BREWER,DANISE,GAIL,,1226,BELLS FERRY RD, ,LUMBER CITY,GA,31549,1226,BELLS FERRY RD,,LUMBER CITY,GA,31549-5620,A,,,05/04/2020,09/18/2020,,MAILED,NO,NO,NO,,1,012,019,149,OCON,00015,,00013,159,
WHEELER,11945798,SCARBOROUGH,JOHN,EVERETTE,,27,N PINE ST, ,ALAMO,GA,30411,328,HWY 31,,ALAMO,GA,30411,A,,,08/28/2020,09/18/2020,,MAILED,NO,NO,NO,1,1,012,019,149,OCON,00026,,00013,259,
WHEELER,01626439,SHOEMAKE,SHIRLEY,L,,116,N FIFTH ST, ,GLENWOOD,GA,30428,,PO BOX 1085,,HELENA,GA,31037,A,,,04/17/2020,,,MAILED,NO,NO,NO,2,2,012,019,149,OCON,00027,,,,
WHEELER,03688218,MCRAE,WILLIE,MICHAEL,,1222,W HOPE CHURCH RD, ,ALAMO,GA,30411,,10463 YELM TERRA AVE,,YELM,WA,98597,A,,,03/13/2020,,,MAILED,NO,NO,NO,,1,012,019,149,OCON,00018,,,,
WHEELER,00123489,AVERY,LARRY,CURRIE,,348,CROSSROAD VFD RD, ,GLENWOOD,GA,30428,348,CROSSROAD VFD RD,,GLENWOOD,GA,30428,A,,,06/02/2020,09/18/2020,,MAILED,NO,NO,NO,,2,012,019,149,OCON,00012,,00022,164,
WHEELER,01643942,JOINER,LINDA,SUE,,128,E SECOND AVE, ,GLENWOOD,GA,30428,,PO BOX 338,,GLENWOOD,GA,30428-0033,A,,,04/09/2020,09/18/2020,,MAILED,NO,NO,NO,2,2,012,019,149,OCON,00028,,00004,93,
WHEELER,01644038,POPE,RUBY,ELAINE,,78,W FIFTH AVE, ,GLENWOOD,GA,30428,,P.O.BOX 313,,GLENWOOD,GA,30428,A,,,04/13/2020,,,MAILED,NO,NO,NO,2,2,012,019,149,OCON,00028,,,,
WHEELER,08093615,FULFORD,CHASON,WADE,,495,OLD GLENWOOD RD, ,ALAMO,GA,30411,125,JENNINGS MILL PWKY,APT 4204,ATHENS,GA,30606,A,,,08/07/2020,09/18/2020,,MAILED,NO,NO,NO,,1,012,019,149,OCON,00003,,00013,197,
WHEELER,01643655,MASSEY,CAROLYN,RENEE,,35,N LITTLE OCMULGEE CIR, ,HELENA,GA,31037,35,N LITTLE OCMULGEE CIR,,HELENA,GA,31037,A,,,09/11/2020,,,MAILED,NO,NO,NO,,1,012,019,149,OCON,00017,,,,
WHEELER,11614141,HOPKINS,ALEXANDRA,MARIE,,26,BLUEBIRD LN, ,ALAMO,GA,30411,26,BLUEBIRD LN,,ALAMO,GA,30411,A,,,08/28/2020,09/18/2020,,MAILED,NO,NO,NO,1,1,012,019,149,OCON,00023,,00015,249,
WHEELER,04868283,ORAVEC,WILLIAM,JOSEPH,,1513,N HIGHWAY 19 HWY, ,GLENWOOD,GA,30428,1513,N HIGHWAY 19 HWY,,GLENWOOD,GA,30428,A,,,08/25/2020,09/18/2020,,MAILED,NO,NO,NO,,2,012,019,149,OCON,00012,,00028,225,
WHEELER,01007191,GRAHAM,PHILIP,L,,11,N JEFFERSON ST, ,ALAMO,GA,30411,,PO BOX 614,,ALAMO,GA,30411-0061,A,,,05/11/2020,09/18/2020,,MAILED,NO,NO,NO,1,1,012,019,149,OCON,00026,,00007,109,
WHEELER,01643851,CULVER,ROBERTA,WILCOX,,223,SNOWHILL CHURCH RD, ,GLENWOOD,GA,30428,223,SNOWHILL CHURCH RD,,GLENWOOD,GA,30428,A,,,08/21/2020,09/18/2020,,MAILED,NO,NO,NO,,2,012,019,149,OCON,00006,,00013,240,
WHEELER,00550601,THORNTON,FERMAN,D,,19,W LUCILLE AVE, ,ALAMO,GA,30411,,PO BOX 502,,ALAMO,GA,30411,A,,,05/14/2020,09/18/2020,,MAILED,NO,NO,NO,1,1,012,019,149,OCON,00026,,00001,27,
WHEELER,01644936,OUTLAW,GWENDOLYN,,,15,CYPRESS LN, ,ALAMO,GA,30411,,PO BOX 491,,ALAMO,GA,30411-0049,A,,,04/21/2020,,,MAILED,NO,NO,NO,1,1,012,019,149,OCON,00023,,,,
WHEELER,08315287,FULFORD,RACHEAL,LEE,,495,OLD GLENWOOD RD, ,ALAMO,GA,30411,125,JENNINGS MILL PWKY,APT 4204,ATHENS,GA,30606,A,,,08/07/2020,09/18/2020,,MAILED,NO,NO,NO,,1,012,019,149,OCON,00003,,00012,196,
WHEELER,01643899,GRANT,HORACE,WILLIE,SR,32,LEDBETTER LN, ,GLENWOOD,GA,30428,32,LEDBETTER LN,,GLENWOOD,GA,30428,A,,,04/13/2020,09/18/2020,,MAILED,NO,NO,NO,,2,012,019,149,OCON,00014,,00011,108,
WHEELER,12217982,WATSON,JOSEPH,T,,1508,W HIGHWAY 30 HWY, ,HELENA,GA,31037,1508,W HIGHWAY 30,,HELENA,GA,31037-4608,A,,,05/18/2020,09/18/2020,,MAILED,NO,NO,NO,,1,012,019,149,OCON,00017,,00003,15,
WHEELER,01643040,MACKEY,DOROTHY,,,28,HOLE SPUR,B,ALAMO,GA,30411,,PO BOX 607,,ALAMO,GA,30411,A,,,05/18/2020,09/18/2020,,MAILED,NO,NO,NO,,1,012,019,149,OCON,00004,,00001,88,
WHEELER,01642948,JOINER,SARAH,ELAINE,,784,LITTLE ROCK RD, ,ALAMO,GA,30411,,PO BOX 465,,ALAMO,GA,30411-0465,A,,,04/21/2020,09/18/2020,,MAILED,NO,NO,NO,,1,012,019,149,OCON,00017,,00060,269,
WHEELER,03600767,KATES,KATIE,M,,55,S JEFFERSON ST, ,ALAMO,GA,30411,55,S JEFFERSON ST,,ALAMO,GA,30411,A,,,04/09/2020,,,MAILED,NO,NO,NO,1,1,012,019,149,OCON,00024,,,,
WHEELER,03284549,OWENS,WILLIAM,PARKS,III,137,BAY SPRINGS CHURCH RD, ,ALAMO,GA,30411-4657,137,BAY SPRINGS CHURCH RD,,ALAMO,GA,30411-4657,A,,,04/09/2020,09/18/2020,,MAILED,NO,NO,NO,,1,012,019,149,OCON,00017,,00021,70,
WHEELER,10946492,FOSKEY,SANDRA,COURSON,,840,LANDSBURG RD, ,GLENWOOD,GA,30428,840,LANDSBURG RD,,GLENWOOD,GA,30428,A,,,04/13/2020,09/18/2020,,MAILED,NO,NO,NO,,2,012,019,149,OCON,00012,,00017,122,
WHEELER,01643874,FIELDS,BETH,H,,44,W FIRST AVE, ,GLENWOOD,GA,30428,,PO BOX 422,,GLENWOOD,GA,30428,A,,,04/15/2020,09/18/2020,,MAILED,NO,NO,NO,2,2,012,019,149,OCON,00028,,00008,126,
WHEELER,01645520,WRIGHT,MARY,JACQUELYN,,742,SNOWHILL BAPTIST , ,ALAMO,GA,30411,742,SNOWHILL BAPTIST ,,ALAMO,GA,30411,A,,,08/21/2020,09/18/2020,,MAILED,NO,NO,NO,,2,012,019,149,OCON,00019,,00003,209,
WHEELER,01103341,NOBLES,JIMMIE,E,,1348,LITTLE ROCK RD, ,HELENA,GA,31037,1348,LITTLE ROCK RD,,HELENA,GA,31037,A,,,05/18/2020,09/18/2020,,MAILED,NO,NO,NO,,1,012,019,149,OCON,00017,,00025,77,
WHEELER,01644471,STINSON,JOHNNY,,,2388,S HIGHWAY 19, ,LUMBER CITY,GA,31549-5504,2388,S HIGHWAY 19,,LUMBER CITY,GA,31549-5504,A,,,04/13/2020,09/18/2020,,MAILED,NO,NO,NO,,1,012,019,149,OCON,00015,,00003,33,
WHEELER,01644521,CLARK,SHIRLEY,T,,45,BIRD LN, ,ALAMO,GA,30411,45,BIRD LN,,ALAMO,GA,30411,A,,,04/20/2020,09/18/2020,,MAILED,NO,NO,NO,,1,012,019,149,OCON,00018,,00029,276,
WHEELER,06069050,KEENE,TOMMY,,,390,BEULAH CHURCH RD, ,GLENWOOD,GA,30428,390,BEULAH CHURCH RD,,GLENWOOD,GA,30428,A,,,05/04/2020,09/18/2020,,MAILED,NO,NO,NO,,2,012,019,149,OCON,00012,,00025,198,
WHEELER,05343924,FULFORD,JOANN,SCOTT,,319,E HIGHWAY 30 HWY, ,ALAMO,GA,30411,319,E HIGHWAY 30 HWY,,ALAMO,GA,30411,A,,,09/15/2020,09/18/2020,,MAILED,NO,NO,NO,,1,012,019,149,OCON,00003,,00024,309,
WHEELER,01644258,HUMPHREY,JENNIFER,BROOKS,,420,OCHWALKEE RD, ,GLENWOOD,GA,30428,420,OCHWALKEE RD,,GLENWOOD,GA,30428,A,,,04/21/2020,09/18/2020,,MAILED,NO,NO,NO,,2,012,019,149,OCON,00012,,00013,99,
WHEELER,12511012,ALLEN,GARY,WARREN,,5,PURVIS CIR,UNIT B,ALAMO,GA,30411,5,PURVIS CIR,UNIT B,ALAMO,GA,30411-3930,A,,,04/13/2020,09/18/2020,,MAILED,NO,NO,NO,,1,012,019,149,OCON,00017,,00047,171,
WHEELER,01643580,CONNER,SIDNEY,DUANE,,49,COMMUNITY CHURCH RD, ,HELENA,GA,31037,49,COMMUNITY CHURCH RD,,HELENA,GA,31037,A,,,08/10/2020,09/18/2020,,MAILED,NO,NO,NO,,1,012,019,149,OCON,00017,,00054,223,
WHEELER,03680659,CARTER,SIDNEY,,SR,70,OLD LONG BRIDGE RD, ,HELENA,GA,31037,70,OLD LONG BRIDGE RD,,HELENA,GA,31037,A,,,04/08/2020,09/18/2020,,MAILED,NO,NO,NO,,1,012,019,149,OCON,00017,,00058,244,
WHEELER,01643307,MCNEAL,DAVID,TERRELL,,541,E HIGHWAY 30 HWY, ,ALAMO,GA,30411,541,E HIGHWAY 30 HWY,,ALAMO,GA,30411,A,,,04/06/2020,09/18/2020,,MAILED,NO,NO,NO,,1,012,019,149,OCON,00003,,00002,86,
WHEELER,01628730,ZANDERS,MARY,ALICE,,63,OLD LONG BRIDGE RD, ,HELENA,GA,31037,,PO BOX 363,,MCRAE,GA,31055,A,,,04/13/2020,09/18/2020,,MAILED,NO,NO,NO,,1,012,019,149,OCON,00017,,00002,8,
WHEELER,01644081,SIMMONS,MARY,KATHERINE,,134,N SECOND ST, ,GLENWOOD,GA,30428,,PO BOX 507,,GLENWOOD,GA,30428,A,,,05/18/2020,,,MAILED,NO,NO,NO,2,2,012,019,149,OCON,00027,,,,
WHEELER,03387875,PURSER,PHILLIP,MICHAEL,,9,S COMMERCE ST, ,ALAMO,GA,30411,,PO BOX 444,,ALAMO,GA,30411,A,,,05/18/2020,,,MAILED,NO,NO,NO,1,1,012,019,149,OCON,00023,,,,
WHEELER,07840863,WRIGHT,CURTIS,A,,266,N HIGHWAY 19 HWY, ,GLENWOOD,GA,30428,266,N HIGHWAY 19 HWY,,GLENWOOD,GA,30428,A,,,04/06/2020,09/18/2020,,MAILED,NO,NO,NO,,2,012,019,149,OCON,00006,,00014,253,
WHEELER,07008324,SWEAT,SHIRLEY,DEBORAH,,152,BLUE JAY RD, ,HELENA,GA,31037,152,BLUE JAY RD,,HELENA,GA,31037,A,,,04/13/2020,09/18/2020,,MAILED,NO,NO,NO,,1,012,019,149,OCON,00017,,00004,29,
WHEELER,10906751,MACKEY,MARION,JERROLD,,55,S JEFFERSON ST,APT 11,ALAMO,GA,30411,55,S JEFFERSON ST,APT 11,ALAMO,GA,30411,A,,,04/06/2020,09/18/2020,,MAILED,NO,NO,NO,1,1,012,019,149,OCON,00024,,00004,242,
WHEELER,01643279,FOWLER,BERTHA,CAROLYN,,183,S UNION CHURCH RD, ,ALAMO,GA,30411,183,S UNION CHURCH RD,,ALAMO,GA,30411,A,,,04/06/2020,09/18/2020,,MAILED,NO,NO,NO,,1,012,019,149,OCON,00017,,00035,119,
WHEELER,01643111,HALL,DOROTHY,,,30,MAPLE DR, ,ALAMO,GA,30411,,PO BOX 534,,ALAMO,GA,30411-0053,A,,,08/18/2020,,,MAILED,NO,NO,NO,1,1,012,019,149,OCON,00023,,,,
WHEELER,01644937,OUTLAW,CARTEVE,,,15,CYPRESS LN, ,ALAMO,GA,30411,,PO BOX 491,,ALAMO,GA,30411-0049,A,,,04/21/2020,,,MAILED,NO,NO,NO,1,1,012,019,149,OCON,00023,,,,
WHEELER,02300652,MADDOX,RALPH,MICHAEL,,47,TURKEY JOHN LN, ,GLENWOOD,GA,30428,,P O BOX 216,,GLENWOOD,GA,30428,A,,,08/26/2020,,,MAILED,NO,NO,NO,,2,012,019,149,OCON,00012,,,,
WHEELER,01644459,SMITH,JANICE,B,,1441,S HIGHWAY 19 HWY, ,GLENWOOD,GA,30428,,P.O. BOX 832,,GLENWOOD,GA,30428,A,,,04/13/2020,09/18/2020,,MAILED,NO,NO,NO,,2,012,019,149,OCON,00014,,00004,38,
WHEELER,08726487,BURNETTE,ROBIN,,,910,W HOPE CHURCH RD, ,ALAMO,GA,30411,910,W HOPE CHURCH RD,,ALAMO,GA,30411,A,,,09/08/2020,09/18/2020,,MAILED,NO,NO,NO,,1,012,019,149,OCON,00018,,00027,273,
WHEELER,03665953,ORAVEC,MARY,ELIZABETH PHILLIPS,,1513,N HIGHWAY 19 HWY, ,GLENWOOD,GA,30428,1513,N HIGHWAY 19 HWY,,GLENWOOD,GA,30428,A,,,05/04/2020,09/18/2020,,MAILED,NO,NO,NO,,2,012,019,149,OCON,00012,,00029,226,
WHEELER,01643058,FULFORD,BILLY,,,825,SPRINGHILL RD, ,ALAMO,GA,30411,825,SPRINGHILL RD,,ALAMO,GA,30411,A,,,04/08/2020,09/18/2020,,MAILED,NO,NO,NO,,1,012,019,149,OCON,00018,,00017,219,
WHEELER,01167743,JONES,DONNA,NAN,,98,SHADYDALE RD, ,LUMBER CITY,GA,31549,98,SHADYDALE RD,,LUMBER CITY,GA,31549,A,,,05/27/2020,09/18/2020,,MAILED,NO,NO,NO,,1,012,019,149,OCON,00015,,00008,92,
WHEELER,04980429,RIVERS,WILL,O,,116,N FIFTH ST,23,GLENWOOD,GA,30428,116,N FIFTH ST,23,GLENWOOD,GA,30428,A,,,09/10/2020,09/18/2020,,MAILED,NO,NO,NO,2,2,012,019,149,OCON,00027,,00017,297,
WHEELER,01315890,BURNETT,SHERRY,LEWIS,,910,W HOPE CHURCH RD, ,ALAMO,GA,30411,910,W HOPE CHURCH RD,,ALAMO,GA,30411,A,,,09/08/2020,09/18/2020,,MAILED,NO,NO,NO,,1,012,019,149,OCON,00018,,00028,274,
WHEELER,01644520,TILLMAN,LUCY,C.,,1414,SPRINGHILL RD, ,ALAMO,GA,30411,1414,SPRINGHILL RD,,ALAMO,GA,30411,A,,,09/01/2020,09/18/2020,,MAILED,NO,NO,NO,,1,012,019,149,OCON,00018,,00012,185,
WHEELER,04868328,MINCEY,TERRY,LEE,,3532,S HIGHWAY 19 HWY, ,LUMBER CITY,GA,31549,3532,S HIGHWAY 19 HWY,,LUMBER CITY,GA,31549,A,,,09/08/2020,09/18/2020,,MAILED,NO,NO,NO,,1,012,019,149,OCON,00015,,00021,279,
WHEELER,00944484,THOMPSON,BARBARA,JEAN,,695,LITTLE ROCK RD, ,ALAMO,GA,30411,695,LITTLE ROCK RD,,ALAMO,GA,30411,A,,,09/05/2020,09/18/2020,,MAILED,NO,NO,NO,,1,012,019,149,OCON,00004,,00002,290,
WHEELER,01644347,BROWNING,THOMAS,EARL,,35,CAMP RD, ,GLENWOOD,GA,30428,35,CAMP RD,,GLENWOOD,GA,30428,A,,,04/13/2020,09/18/2020,,MAILED,NO,NO,NO,,2,012,019,149,OCON,00014,,00023,154,
WHEELER,01642943,BURKE,LINDA,,,25,N JEFFERSON ST, ,ALAMO,GA,30411,,PO BOX 163,,ALAMO,GA,30411-0016,A,,,04/23/2020,09/18/2020,,MAILED,NO,NO,NO,1,1,012,019,149,OCON,00026,,00011,153,
WHEELER,01642942,WRIGHT,BETTY,JO,,10,WHEELER ST, ,ALAMO,GA,30411,,PO BOX 369,,ALAMO,GA,30411-0036,A,,,04/23/2020,09/18/2020,,MAILED,NO,NO,NO,1,1,012,019,149,OCON,00023,,00004,5,
WHEELER,01644563,TILLMAN,WILLIE,CLYDE,,1436,SPRINGHILL RD, ,ALAMO,GA,30411,1436,SPRINGHILL RD,,ALAMO,GA,30411,A,,,04/13/2020,,,MAILED,NO,NO,NO,,1,012,019,149,OCON,00018,,,,
WHEELER,01644908,HALL,MARY,J,,22,MAPLE DR, ,ALAMO,GA,30411,,PO BOX 204,,ALAMO,GA,30411-0020,A,,,09/09/2020,09/18/2020,,MAILED,NO,NO,NO,1,1,012,019,149,OCON,00023,,00017,296,
WHEELER,04662055,SPIRES,CARROLL,THOMAS,,315,ERICK RD, ,ALAMO,GA,30411,315,ERICK RD,,ALAMO,GA,30411,A,,,09/11/2020,09/18/2020,,MAILED,NO,NO,NO,,1,012,019,149,OCON,00017,,00064,300,
WHEELER,01644602,BENTON,JUDITH,G,,1653,E HIGHWAY 126 HWY, ,GLENWOOD,GA,30428,1653,E HIGHWAY 126 HWY,,GLENWOOD,GA,30428,A,,,04/08/2020,09/18/2020,,MAILED,NO,NO,NO,,2,012,019,149,OCON,00014,,00025,160,
WHEELER,04181856,RYALS,JIMMY,LEE,JR,149,E RAILROAD ST, ,ALAMO,GA,30411,,PO BOX 802,,ALAMO,GA,30411-0080,A,,,05/20/2020,09/18/2020,,MAILED,NO,NO,NO,,1,012,019,149,OCON,00003,,00022,289,
WHEELER,01645517,BROOKS,IMOGENE,R,,27,BEND RD, ,GLENWOOD,GA,30428,27,BEND RD,,GLENWOOD,GA,30428,A,,,04/27/2020,,,MAILED,NO,NO,NO,,2,012,019,149,OCON,00012,,,,
WHEELER,08308512,PERRY,HERMAN,LEVERNE,,9,HOLE SPUR, ,ALAMO,GA,30411,9,HOLE SPUR,,ALAMO,GA,30411,A,,,04/21/2020,,,MAILED,NO,NO,NO,,1,012,019,149,OCON,00004,,,,
WHEELER,01643692,SEABOLT,ZELDA,MCLEOD,,1306,LITTLE ROCK RD, ,HELENA,GA,31037,1306,LITTLE ROCK RD,,HELENA,GA,31037,A,,,04/13/2020,09/18/2020,,MAILED,NO,NO,NO,,1,012,019,149,OCON,00017,,00013,46,
WHEELER,10998601,COX,CAMERON,,,57,PLEASANT HILL LN, ,ALAMO,GA,30411,57,PLEASANT HILL LN,,ALAMO,GA,30411,A,,,08/24/2020,09/18/2020,,MAILED,NO,NO,NO,,1,012,019,149,OCON,00018,,00021,237,
WHEELER,01644360,CLARK,ELIJAH,,,1448,SPRINGHILL RD, ,ALAMO,GA,30411,1448,SPRINGHILL RD,,ALAMO,GA,30411,A,,,08/21/2020,09/18/2020,,MAILED,NO,NO,NO,,1,012,019,149,OCON,00018,,00014,210,
WHEELER,10440597,WATSON,JACKIE,DONNA,,1508,W HIGHWAY 30 HWY, ,HELENA,GA,31037,1508,W HIGHWAY 30,,HELENA,GA,31037-4608,A,,,04/23/2020,,,MAILED,NO,NO,NO,,1,012,019,149,OCON,00017,,,,
WHEELER,01644251,HORNE,BETTY,LOUELLA,,14,HORSESHOE RD, ,GLENWOOD,GA,30428,14,HORSESHOE RD,,GLENWOOD,GA,30428,A,,,04/06/2020,09/18/2020,,MAILED,NO,NO,NO,,2,012,019,149,OCON,00012,,00015,103,
WHEELER,01644550,SINGLETON,LETHA,MAE,,1186,W HOPE CHURCH RD, ,ALAMO,GA,30411,1186,W HOPE CHURCH RD,,ALAMO,GA,30411,A,,,04/13/2020,,,MAILED,NO,NO,NO,,1,012,019,149,OCON,00018,,,,
WHEELER,01644353,TURNER,BARBARA,S,,14,ROUNDTREE LN, ,GLENWOOD,GA,30428,,PO BOX 750,,GLENWOOD,GA,30428,A,,,04/23/2020,,,MAILED,NO,NO,NO,2,2,012,019,149,OCON,00028,,,,
WHEELER,01006976,GIBBS,RANDALL,NMI,SR,64,STUCKEY LN, ,GLENWOOD,GA,30428,64,STUCKEY LN,,GLENWOOD,GA,30428,A,,,05/21/2020,09/18/2020,,MAILED,NO,NO,NO,,1,012,019,149,OCON,00003,,00006,117,
WHEELER,01645122,ASPINWALL,MELLIE,ELIZABETH,,543,SPRINGHILL RD, ,ALAMO,GA,30411,543,SPRINGHILL RD,,ALAMO,GA,30411,A,,,04/03/2020,09/18/2020,,MAILED,NO,NO,NO,,1,012,019,149,OCON,00018,,00005,166,
WHEELER,01643485,VANHORN,STEPHEN,NELSON,,1099,STUCKEY CHURCH RD, ,GLENWOOD,GA,30428,1099,STUCKEY CHURCH RD,,GLENWOOD,GA,30428-4657,A,,,05/09/2020,09/18/2020,,MAILED,NO,NO,NO,,2,012,019,149,OCON,00019,,00001,17,
WHEELER,04978742,REESE,BILLY,RAY,,533,CAT SQUIRREL RD, ,GLENWOOD,GA,30428,533,CAT SQUIRREL RD,,GLENWOOD,GA,30428,A,,,04/09/2020,09/18/2020,,MAILED,NO,NO,NO,,2,012,019,149,OCON,00014,,00006,54,
WHEELER,01624999,LIVINGSTON,DAVID,AKARAGE,,3416,S HIGHWAY 19 HWY, ,LUMBER CITY,GA,31549,,PO BOX 63,,LUMBER CITY,GA,31549-0006,A,,,04/23/2020,,,MAILED,NO,NO,NO,,1,012,019,149,OCON,00015,,,,
WHEELER,06014967,KINCHEN,WILLIAM,R,,13,S COMMERCE ST, ,ALAMO,GA,30411,,PO BOX 411,,ALAMO,GA,30411-0041,A,,,04/21/2020,,,MAILED,NO,NO,NO,1,1,012,019,149,OCON,00023,,,,
WHEELER,01626222,MOYE,PATRICIA,ANN,,55,S JEFFERSON ST,APT 17,ALAMO,GA,30411,55,S JEFFERSON ST,,ALAMO,GA,30411,A,,,09/08/2020,09/18/2020,,MAILED,NO,NO,NO,1,1,012,019,149,OCON,00024,,00006,287,
WHEELER,11457705,REID,CHLOE,,,903,SPRINGHILL CHURCH RD, ,ALAMO,GA,30411,1,UNIVERSITY AVE,,BOURBONNAIS,IL,60914,A,,,09/02/2020,09/18/2020,,MAILED,NO,NO,NO,,1,012,019,149,OCON,00022,,00005,221,
WHEELER,01645137,CONNELL,SUSAN,ANNE,,876,S HIGHWAY 19 HWY, ,GLENWOOD,GA,30428,,PO BOX 293,,GLENWOOD,GA,30428-0029,A,,,04/09/2020,09/18/2020,,MAILED,NO,NO,NO,,2,012,019,149,OCON,00014,,00020,143,
WHEELER,00031784,TROUP,CHRISATTA,GENELL,,538,SNOWHILL CHURCH RD, ,GLENWOOD,GA,30428,538,SNOWHILL CHURCH RD,,GLENWOOD,GA,30428,A,,,09/02/2020,09/18/2020,,MAILED,NO,NO,NO,,2,012,019,149,OCON,00006,,00008,178,
WHEELER,01629298,HARRELSON,LYNNE,BROWN,,492,HIGHWAY 31 HWY, ,HELENA,GA,31037,492,HIGHWAY 31 HWY,,HELENA,GA,31037,A,,,04/13/2020,09/18/2020,,MAILED,NO,NO,NO,,1,012,019,149,OCON,00017,,00032,106,
WHEELER,07561074,TAYLOR,SUSAN,FERGUSON,,49,POPLAR LN, ,GLENWOOD,GA,30428,49,POPLAR LN,,GLENWOOD,GA,30428,A,,,04/27/2020,09/18/2020,,MAILED,NO,NO,NO,,2,012,019,149,OCON,00012,,00005,28,
WHEELER,04241125,POOLE,TOMMIE,LEE,,46,TOBACCO LN, ,GLENWOOD,GA,30428,46,TOBACCO LN,,GLENWOOD,GA,30428,A,,,04/13/2020,09/18/2020,,MAILED,NO,NO,NO,,2,012,019,149,OCON,00012,,00009,60,
WHEELER,01645037,WOOTEN,JOYCE,,,66,BIRD LN, ,ALAMO,GA,30411,66,BIRD LN,,ALAMO,GA,30411,A,,,04/23/2020,09/18/2020,,MAILED,NO,NO,NO,,1,012,019,149,OCON,00018,,00016,214,
WHEELER,01662561,BANKS,WALTER,EDWARD,,37,BEND RD,LOT# ROAD,GLENWOOD,GA,30428,37,BEND RD,LOT# ROAD,GLENWOOD,GA,30428,A,,,09/15/2020,09/18/2020,,MAILED,NO,NO,NO,,2,012,019,149,OCON,00012,,00037,306,
WHEELER,01644180,BROWNING,LIZZIE,,,1634,N HIGHWAY 19 HWY, ,GLENWOOD,GA,30428,1634,N HIGHWAY 19 HWY,,GLENWOOD,GA,30428,A,,,04/29/2020,09/18/2020,,MAILED,NO,NO,NO,,2,012,019,149,OCON,00012,,00020,155,
WHEELER,01643020,DAWKINS,TRAVIS,LEE,SR,134,OCHWALKEE RD, ,GLENWOOD,GA,30428,,P O BOX 775,,GLENWOOD,GA,30428,A,,,05/18/2020,09/18/2020,,MAILED,NO,NO,NO,,2,012,019,149,OCON,00012,,00027,224,
WHEELER,01644559,THOMAS,SHERRON,LYNNE,,1078,S UNION CHURCH RD, ,ALAMO,GA,30411,1078,S UNION CHURCH RD,,ALAMO,GA,30411,A,,,04/13/2020,,,MAILED,NO,NO,NO,,1,012,019,149,OCON,00018,,,,
WHEELER,01644674,DENNIS,WAUWEEZE,HORNE,,59,COMMUNITY CHURCH RD, ,HELENA,GA,31037,59,COMMUNITY CHURCH RD,,HELENA,GA,31037,A,,,04/21/2020,09/18/2020,,MAILED,NO,NO,NO,,1,012,019,149,OCON,00017,,00040,136,
WHEELER,10308957,ANDERSON,GEORGE,RONALD,JR,661,HIGHWAY 31 HWY, ,HELENA,GA,31037,661,HIGHWAY 31 HWY,,HELENA,GA,31037,A,,,04/09/2020,09/18/2020,,MAILED,NO,NO,NO,,1,012,019,149,OCON,00017,,00046,169,
WHEELER,01643380,PURVIS,LARRY,ANDREW,,294,ERICK RD, ,ALAMO,GA,30411,294,ERICK RD,,ALAMO,GA,30411,A,,,04/13/2020,09/18/2020,,MAILED,NO,NO,NO,,1,012,019,149,OCON,00017,,00015,55,
WHEELER,04065481,NUNN,HELEN,H,,28,N PINE ST, ,ALAMO,GA,30411,,PO BOX 333,,ALAMO,GA,30411-0033,A,,,04/29/2020,09/18/2020,,MAILED,NO,NO,NO,1,1,012,019,149,OCON,00026,,00005,74,
WHEELER,01006977,GIBBS,REBA,C,,64,STUCKEY LN, ,GLENWOOD,GA,30428,64,STUCKEY LN,,GLENWOOD,GA,30428,A,,,05/21/2020,09/18/2020,,MAILED,NO,NO,NO,,1,012,019,149,OCON,00003,,00005,116,
WHEELER,01643935,JOHNSON,GAIL,GUIN,,98,E SECOND AVE, ,GLENWOOD,GA,30428,,P.O. BOX 128,,GLENWOOD,GA,30428,A,,,05/20/2020,09/18/2020,,MAILED,NO,NO,NO,2,2,012,019,149,OCON,00028,,00006,96,
WHEELER,01644373,DAVIS,ERNEST,L,,981,BELLS FERRY RD, ,LUMBER CITY,GA,31549,981,BELLS FERRY RD,,LUMBER CITY,GA,31549,A,,,04/09/2020,09/18/2020,,MAILED,NO,NO,NO,,1,012,019,149,OCON,00015,,00012,137,
WHEELER,01645362,MITCHELL,ROBERT,HOWELL,,6,PURVIS CIR, ,ALAMO,GA,30411,6,PURVIS CIR,,ALAMO,GA,30411,A,,,09/08/2020,09/18/2020,,MAILED,NO,NO,NO,,1,012,019,149,OCON,00017,,00061,275,
WHEELER,01644071,SCARBORO-SPEEGLE,CHRISTINE,M,,1000,OLD GLENWOOD RD, ,GLENWOOD,GA,30428,1000,OLD GLENWOOD RD,,GLENWOOD,GA,30428,A,,,04/06/2020,09/18/2020,,MAILED,NO,NO,NO,,2,012,019,149,OCON,00012,,00007,50,
WHEELER,01643251,WOODARD,ALEXZENA,,,51,BIRD LN, ,ALAMO,GA,30411,51,BIRD LN,,ALAMO,GA,30411,A,,,04/17/2020,09/18/2020,,MAILED,NO,NO,NO,,1,012,019,149,OCON,00018,,00010,183,
WHEELER,01644500,ADAMS,JOYCE,HAND,,568,SPRINGHILL CHURCH RD, ,ALAMO,GA,30411,568,SPRINGHILL CHURCH RD,,ALAMO,GA,30411,A,,,04/21/2020,09/18/2020,,MAILED,NO,NO,NO,,1,012,019,149,OCON,00018,,00007,173,
WHEELER,06226862,LAFAVOR,JOHN,KEITH,,73,S SECOND ST, ,GLENWOOD,GA,30428,,P O BOX 659,,GLENWOOD,GA,30428,A,,,09/09/2020,09/18/2020,,MAILED,NO,NO,NO,2,2,012,019,149,OCON,00027,,00016,294,
WHEELER,11642213,SYLVESTRE,TONYA,DALE,,1000,OLD GLENWOOD RD, ,GLENWOOD,GA,30428,,355 CLARKSVILLE ,,CLARKSVILLE,GA,03592,A,,,09/03/2020,09/18/2020,,MAILED,NO,NO,NO,,2,012,019,149,OCON,00012,,00035,293,
WHEELER,07820746,LAWTON,RONALD,,,51,BIRD LN, ,ALAMO,GA,30411,51,BIRD LN,,ALAMO,GA,30411,A,,,04/19/2020,09/18/2020,,MAILED,NO,NO,NO,,1,012,019,149,OCON,00018,,00011,184,
WHEELER,03215489,O'BRIEN,JANICE,ADAMS,,430,SNOWHILL CHURCH RD, ,GLENWOOD,GA,30428,,PO BOX 650,,GLENWOOD,GA,30428-0065,A,,,04/09/2020,09/18/2020,,MAILED,NO,NO,NO,,2,012,019,149,OCON,00006,,00003,73,
WHEELER,01624183,TRIBBLE,FREDDY,ALLEN,,1292,SNOWHILL CHURCH RD, ,ALAMO,GA,30411,1292,SNOWHILL CHURCH RD,,ALAMO,GA,30411,A,,,09/08/2020,09/18/2020,,MAILED,NO,NO,NO,,2,012,019,149,OCON,00019,,00005,282,
WHEELER,01643257,LEWIS,LARRY,,,98,E RAILROAD ST, ,ALAMO,GA,30411,,PO BOX 85,,ALAMO,GA,30411,A,,,05/06/2020,09/18/2020,,MAILED,NO,NO,NO,1,1,012,019,149,OCON,00023,,00009,89,
WHEELER,01642967,CHAPMAN,LOUISE,TAYLOR,,48,E RAILROAD ST, ,ALAMO,GA,30411,,PO BOX 505,,ALAMO,GA,30411-0050,A,,,05/12/2020,,,MAILED,NO,NO,NO,1,1,012,019,149,OCON,00023,,,,
WHEELER,01644518,CLARK,JOSEPH,,,45,BIRD LN, ,ALAMO,GA,30411,45,BIRD LN,,ALAMO,GA,30411,A,,,04/21/2020,09/18/2020,,MAILED,NO,NO,NO,,1,012,019,149,OCON,00018,,00030,277,
WHEELER,11092321,SPENCER,IRA,JOE,,355,OPOSSUM RD, ,LUMBER CITY,GA,31549,355,OPOSSUM RD,,LUMBER CITY,GA,31549,A,,,08/21/2020,09/18/2020,,MAILED,NO,NO,NO,,1,012,019,149,OCON,00015,,00018,220,
WHEELER,01645131,CHEEK,MITCHELL,RUSKIN,,1378,S HIGHWAY 19 HWY, ,GLENWOOD,GA,30428,1378,S HIGHWAY 19 HWY,,GLENWOOD,GA,30428,A,,,09/08/2020,09/18/2020,,MAILED,NO,NO,NO,,2,012,019,149,OCON,00014,,00029,288,
WHEELER,04942030,PICKLE,JOHN,TOBE,,1328,W HIGHWAY 30 HWY, ,HELENA,GA,31037,,PO BOX 609,,HELENA,GA,31037,A,,,05/18/2020,09/18/2020,,MAILED,NO,NO,NO,,1,012,019,149,OCON,00017,,00017,62,
WHEELER,01645104,JENNINGS,JOYCE,NORAL TROUP,,558,SNOWHILL CHURCH RD, ,GLENWOOD,GA,30428,558,SNOWHILL CHURCH RD,,GLENWOOD,GA,30428,A,,,09/08/2020,09/18/2020,,MAILED,NO,NO,NO,,2,012,019,149,OCON,00006,,00019,283,
WHEELER,01644143,CLARK,MILDRED,MARCHMAN,,22,SAND PIT RD, ,ALAMO,GA,30411,22,SAND PIT RD,,ALAMO,GA,30411,A,,,03/05/2020,09/18/2020,,MAILED,NO,NO,NO,,1,012,019,149,OCON,00022,,00003,147,
WHEELER,01644123,WHITE,CARRIS,,,35,W SEVENTH AVE, ,GLENWOOD,GA,30428,,PO BOX 144,,GLENWOOD,GA,30428-0014,A,,,04/08/2020,09/18/2020,,MAILED,NO,NO,NO,2,2,012,019,149,OCON,00027,,00002,13,
WHEELER,03895558,GREEN,STEPHANIE,DIXON,,2,OLD GLENWOOD RD, ,ALAMO,GA,30411,2,OLD GLENWOOD RD,,ALAMO,GA,30411,A,,,08/28/2020,09/18/2020,,MAILED,NO,NO,NO,,1,012,019,149,OCON,00003,,00019,252,
WHEELER,12399001,MOORE,CONCETTA,MARIA FUSCI,,116,N FIFTH ST,APT 6,GLENWOOD,GA,30428,116,N FIFTH ST,APT # 6,GLENWOOD,GA,30428,A,,,08/21/2020,09/18/2020,,MAILED,NO,NO,NO,2,2,012,019,149,OCON,00027,,00011,215,
WHEELER,06015987,PACE,ERNESTINE,HUDSON,,56,S BROAD ST, ,ALAMO,GA,30411,,PO BOX 353,,ALAMO,GA,30411,A,,,04/20/2020,,,MAILED,NO,NO,NO,1,1,012,019,149,OCON,00026,,,,
WHEELER,01643656,MASSEY,JOHN,ANTHONY,,35,N LITTLE OCMULGEE CIR, ,HELENA,GA,31037,35,N LITTLE OCMULGEE CIR,,HELENA,GA,31037,A,,,09/11/2020,,,MAILED,NO,NO,NO,,1,012,019,149,OCON,00017,,,,
WHEELER,07532843,WILLIAMS,SANDRA,D,,17,POPLAR LN, ,GLENWOOD,GA,30428,17,POPLAR LN,,GLENWOOD,GA,30428,A,,,09/02/2020,09/18/2020,,MAILED,NO,NO,NO,,2,012,019,149,OCON,00012,,00023,186,
WHEELER,01643413,SEABOLT,ALMA,WHITE,,28,W SECOND AVE, ,ALAMO,GA,30411,,PO BOX 114,,ALAMO,GA,30411-0011,A,,,04/08/2020,09/18/2020,,MAILED,NO,NO,NO,1,1,012,019,149,OCON,00026,,00003,49,
WHEELER,00521226,MCDANIEL,JOHN,JERRY,,26,S SECOND ST, ,GLENWOOD,GA,30428,,PO BOX 205,,GLENWOOD,GA,30428-0020,A,,,04/08/2020,09/18/2020,,MAILED,NO,NO,NO,2,2,012,019,149,OCON,00028,,00003,87,
WHEELER,01643255,LEWIS,HARRY,D,,106,E RAILROAD ST, ,ALAMO,GA,30411,,PO BOX 718,,ALAMO,GA,30411-0071,A,,,08/31/2020,09/15/2020,,MAILED,NO,NO,NO,1,1,012,019,149,OCON,00023,,00001,1,
WHEELER,01643912,HALL,ETHEL,MAE,,57,PLEASANT HILL LN, ,ALAMO,GA,30411,57,PLEASANT HILL LN,,ALAMO,GA,30411,A,,,05/06/2020,09/18/2020,,MAILED,NO,NO,NO,,1,012,019,149,OCON,00018,,00019,235,
WHEELER,03209983,OBRIEN,JAMES,THOMAS,,108,W SECOND AVE, ,GLENWOOD,GA,30428,,PO BOX 746,,GLENWOOD,GA,30428-0074,A,,,09/05/2020,09/18/2020,,MAILED,NO,NO,NO,2,2,012,019,149,OCON,00028,,00010,291,
WHEELER,04980424,CONAWAY,NAOMI,CLARK,,3553,S HIGHWAY 19 HWY,LOT 4,LUMBER CITY,GA,31549,3553,S HIGHWAY 19 HWY,LOT 4,LUMBER CITY,GA,31549,A,,,08/21/2020,09/18/2020,,MAILED,NO,NO,NO,,1,012,019,149,OCON,00015,,00015,201,
WHEELER,01644863,BRAZELL,ZADENE,,,140,N HIGHWAY 19 HWY, ,GLENWOOD,GA,30428,140,N HIGHWAY 19 HWY,,GLENWOOD,GA,30428,A,,,08/25/2020,09/18/2020,,MAILED,NO,NO,NO,,2,012,019,149,OCON,00006,,00012,232,
WHEELER,01003693,BUTLER,JERRY,AARON,,27,BEND RD, ,GLENWOOD,GA,30428,27,BEND RD,,GLENWOOD,GA,30428,A,,,05/01/2020,09/18/2020,,MAILED,NO,NO,NO,,2,012,019,149,OCON,00012,,00019,150,
WHEELER,10172423,SMITH,MARY,DEAN,,693,SNOWHILL CHURCH RD, ,GLENWOOD,GA,30428,693,SNOWHILL CHURCH RD,,GLENWOOD,GA,30428,A,,,04/08/2020,09/18/2020,,MAILED,NO,NO,NO,,2,012,019,149,OCON,00006,,00001,37,
WHEELER,01643410,RYALS,SHAROLENA,I,,82,W RAILROAD AVE, ,ALAMO,GA,30411,,PO BOX 201,,ALAMO,GA,30411,A,,,09/01/2020,,,MAILED,NO,NO,NO,1,1,012,019,149,OCON,00026,,,,
WHEELER,01643852,CULVER,ROCHELLE,HODGE,,58,N FOURTH ST, ,GLENWOOD,GA,30428,,PO BOX 143,,GLENWOOD,GA,30428-0014,A,,,04/13/2020,,,MAILED,NO,NO,NO,2,2,012,019,149,OCON,00027,,,,
WHEELER,01643681,PURVIS,TOMMY,,,8,PURVIS CIR, ,ALAMO,GA,30411,8,PURVIS CIR,,ALAMO,GA,30411,A,,,09/08/2020,09/18/2020,,MAILED,NO,NO,NO,,1,012,019,149,OCON,00017,,00063,285,
WHEELER,07361364,PHILLIPS,JAMES,MARTIN,II,44,N UNION CHURCH RD, ,ALAMO,GA,30411,44,N UNION CHURCH RD,,ALAMO,GA,30411-4019,A,,,05/11/2020,09/18/2020,,MAILED,NO,NO,NO,,1,012,019,149,OCON,00017,,00020,65,
WHEELER,04660001,MORRIS,JENNIFER,LYNN,,39,TRAVIS C CIR, ,GLENWOOD,GA,30428,,PO BOX 276,,GLENWOOD,GA,30428,A,,,08/07/2020,09/18/2020,,MAILED,NO,NO,NO,,2,012,019,149,OCON,00006,,00010,189,
WHEELER,02577204,BESS,MARLENE,BAKER,,20,AG LN, ,ALAMO,GA,30411,20,AG LN,,ALAMO,GA,30411,A,,,04/09/2020,,,MAILED,NO,NO,NO,,2,012,019,149,OCON,00014,,,,
WHEELER,10715788,STALLWORTH,JORDAN,AALIYAH,,149,E HIGHWAY 126 HWY, ,ALAMO,GA,30411,3611,ALBEMARIE STREET NW,,WASHINGTON,DC,20008,A,,,08/07/2020,09/18/2020,,MAILED,NO,NO,NO,,1,012,019,149,OCON,00003,,00011,195,
WHEELER,01643669,NOBLES,WILLIE,H,,1270,LITTLE ROCK RD, ,HELENA,GA,31037,1270,LITTLE ROCK RD,,HELENA,GA,31037,A,,,04/09/2020,08/18/2020,,MAILED,NO,NO,NO,,1,012,019,149,OCON,00017,,00023,75,
WHEELER,12541566,BROWNING,BARBARA,HALL,,1213,S HIGHWAY 19 HWY, ,GLENWOOD,GA,30428,1213,S HIGHWAY 19,,GLENWOOD,GA,30428,A,,,04/06/2020,09/18/2020,,MAILED,NO,NO,NO,,2,012,019,149,OCON,00014,,00024,156,
WHEELER,03357625,TURNER,JOE,PHILLIP,,72,OPOSSUM RD, ,LUMBER CITY,GA,31549,72,OPOSSUM RD,,LUMBER CITY,GA,31549,A,,,04/13/2020,09/18/2020,,MAILED,NO,NO,NO,,1,012,019,149,OCON,00015,,00001,20,
WHEELER,01645611,BONNER,LEONDRAS,,,332,DRY BRANCH RD, ,GLENWOOD,GA,30428,332,DRY BRANCH RD,,GLENWOOD,GA,30428,A,,,04/06/2020,09/18/2020,,MAILED,NO,NO,NO,,2,012,019,149,OCON,00012,,00031,255,
WHEELER,11957601,SELPH,JEAN,MILLER,,661,HIGHWAY 31 HWY, ,HELENA,GA,31037,661,HIGHWAY 31 HWY,,HELENA,GA,31037,A,,,04/17/2020,09/18/2020,,MAILED,NO,NO,NO,,1,012,019,149,OCON,00017,,00010,43,
WHEELER,11984383,WHITEHEAD,THOMAS,MADISON,,343,DRY BRANCH RD, ,GLENWOOD,GA,30428,343,DRY BRANCH RD,,GLENWOOD,GA,30428,A,,,05/04/2020,,,MAILED,NO,NO,NO,,2,012,019,149,OCON,00012,,,,
WHEELER,01644942,STEVENSON,BARBARA,C,,436,STUCKEY CHURCH RD, ,GLENWOOD,GA,30428,436,STUCKEY CHURCH RD,,GLENWOOD,GA,30428,A,,,04/29/2020,,,MAILED,NO,NO,NO,,2,012,019,149,OCON,00006,,,,
