<?xml version="1.0" encoding="UTF-8"?>
<metadata xml:lang="en"><Esri><CreaDate>20200511</CreaDate><CreaTime>02275700</CreaTime><ArcGISFormat>1.0</ArcGISFormat><SyncOnce>TRUE</SyncOnce><DataProperties><lineage><Process ToolSource="c:\program files (x86)\arcgis\desktop10.6\ArcToolbox\Toolboxes\Data Management Tools.tbx\Dissolve" Date="20200508" Time="124200">Dissolve Political_Divisions_Main "C:\Users\Nick Custodio\Documents\ArcGIS\Default.gdb\Political_Divisions_Dissolve29" 'Plan100 and Plan 120 15.csv.V190PollingPlace' # MULTI_PART DISSOLVE_LINES</Process><Process ToolSource="c:\program files (x86)\arcgis\desktop10.6\ArcToolbox\Toolboxes\Data Management Tools.tbx\CalculateField" Date="20200511" Time="022610">CalculateField "190 Plan" PollingPlaceNumber [Plan100_and_Plan_120_15_csv_V190PollingPlace] VB #</Process></lineage></DataProperties></Esri></metadata>
