"state_fip","question","response","pct","pct_low","pct_upp","total_n"
"04","q1",1,2.55,-0.14,5.23,500
"04","q1",2,90.54,86.95,94.13,500
"04","q1",3,4.9,2.63,7.18,500
"04","q1",4,0.24,-0.09,0.58,500
"04","q1",5,1.77,0.54,3,500
"12","q1",1,6.58,3.55,9.61,500
"12","q1",2,87.52,83.86,91.18,500
"12","q1",3,4.5,2.35,6.65,500
"12","q1",4,0.31,-0.12,0.73,500
"12","q1",5,1.1,0.2,2,500
"26","q1",1,1.92,0.27,3.56,500
"26","q1",2,92.36,89.48,95.25,500
"26","q1",3,2.86,1.49,4.23,500
"26","q1",4,2.07,0.17,3.96,500
"26","q1",5,0.8,-0.04,1.63,500
"37","q1",1,1.37,0.08,2.65,500
"37","q1",2,88.6,84.5,92.7,500
"37","q1",3,6.55,3.33,9.78,500
"37","q1",4,2.3,-0.1,4.7,500
"37","q1",5,1.17,0.22,2.13,500
"39","q1",1,1.45,0.13,2.78,500
"39","q1",2,94.74,92.64,96.84,500
"39","q1",3,3,1.49,4.51,500
"39","q1",4,0.51,-0.08,1.1,500
"39","q1",5,0.3,-0.12,0.71,500
"42","q1",1,2.23,0,4.46,500
"42","q1",2,91.46,88.38,94.53,500
"42","q1",3,3.89,2.12,5.65,500
"42","q1",4,1.4,0.17,2.62,500
"42","q1",5,1.03,0.21,1.85,500
"55","q1",1,0.59,-0.09,1.26,500
"55","q1",2,94.47,92.45,96.49,500
"55","q1",3,4.23,2.51,5.96,500
"55","q1",4,0.36,-0.34,1.06,500
"55","q1",5,0.35,-0.14,0.84,500
"04","q10",1,54.02,48.54,59.49,481
"04","q10",2,34.64,29.34,39.95,481
"04","q10",3,6.91,4.52,9.31,481
"04","q10",4,1.09,0.08,2.1,481
"04","q10",5,3.33,1.01,5.66,481
"12","q10",1,53.64,48.81,58.46,464
"12","q10",2,32.42,27.97,36.88,464
"12","q10",3,7.25,4.54,9.96,464
"12","q10",4,3.6,1.75,5.44,464
"12","q10",5,3.09,1.49,4.7,464
"26","q10",1,56.66,51.41,61.91,479
"26","q10",2,32.48,27.51,37.45,479
"26","q10",3,6.06,3.83,8.28,479
"26","q10",4,1.95,0.48,3.42,479
"26","q10",5,2.86,0.73,4.99,479
"37","q10",1,47.3,42.24,52.37,479
"37","q10",2,39.72,34.76,44.68,479
"37","q10",3,6.03,3.85,8.21,479
"37","q10",4,2.69,0.83,4.56,479
"37","q10",5,4.26,2.3,6.21,479
"39","q10",1,53.42,48.54,58.31,490
"39","q10",2,36.02,31.34,40.71,490
"39","q10",3,5.51,3.43,7.6,490
"39","q10",4,0.8,0.12,1.48,490
"39","q10",5,4.24,2.33,6.15,490
"42","q10",1,51.86,47.03,56.69,481
"42","q10",2,36.21,31.56,40.87,481
"42","q10",3,6.59,4.27,8.91,481
"42","q10",4,3.2,1.58,4.83,481
"42","q10",5,2.13,0.85,3.42,481
"55","q10",1,54.56,49.73,59.39,494
"55","q10",2,36.16,31.52,40.8,494
"55","q10",3,4.94,2.57,7.3,494
"55","q10",4,1.4,0.09,2.7,494
"55","q10",5,2.95,0.82,5.08,494
"04","q11",1,72.03,66.68,77.38,500
"04","q11",2,27.97,22.62,33.32,500
"12","q11",1,73.56,69.15,77.97,500
"12","q11",2,26.44,22.03,30.85,500
"26","q11",1,76.77,72.04,81.5,500
"26","q11",2,23.23,18.5,27.96,500
"37","q11",1,69.26,64.66,73.86,500
"37","q11",2,30.74,26.14,35.34,500
"39","q11",1,63.14,58.48,67.79,500
"39","q11",2,36.86,32.21,41.52,500
"42","q11",1,69.34,64.85,73.83,500
"42","q11",2,30.66,26.17,35.15,500
"55","q11",1,76.55,72.4,80.7,500
"55","q11",2,23.45,19.3,27.6,500
"04","q12",1,18.02,13.56,22.49,373
"04","q12",2,3.7,1.63,5.76,373
"04","q12",3,78.28,73.51,83.05,373
"12","q12",1,28.65,23.94,33.37,374
"12","q12",2,21.2,16.67,25.73,374
"12","q12",3,50.15,44.77,55.53,374
"26","q12",1,41.53,35.89,47.18,390
"26","q12",2,5.95,2.2,9.69,390
"26","q12",3,52.52,46.75,58.3,390
"37","q12",1,48.77,42.66,54.89,346
"37","q12",2,46.92,40.84,53.01,346
"37","q12",3,4.3,2.39,6.21,346
"39","q12",1,33.96,27.7,40.23,318
"39","q12",2,19.62,14.89,24.36,318
"39","q12",3,46.41,40.32,52.5,318
"42","q12",1,48.29,42.58,54.01,347
"42","q12",2,1.98,-0.07,4.04,347
"42","q12",3,49.72,44.01,55.44,347
"55","q12",1,41.87,36.51,47.22,389
"55","q12",2,7.17,4.59,9.74,389
"55","q12",3,50.97,45.57,56.36,389
"04","q2",1,3.36,-4.17,10.89,7
"04","q2",2,96.64,89.11,104.17,7
"12","q2",1,55.45,31.8,79.11,28
"12","q2",2,44.55,20.89,68.2,28
"26","q2",1,13.59,-7.86,35.04,8
"26","q2",2,86.41,64.96,107.86,8
"37","q2",1,41.12,-11.94,94.18,7
"37","q2",2,58.88,5.82,111.94,7
"39","q2",1,27.45,-17.82,72.72,5
"39","q2",2,72.55,27.28,117.82,5
"42","q2",1,44.28,-6.26,94.81,6
"42","q2",2,55.72,5.19,106.26,6
"55","q2",1,41.92,-18.14,101.98,3
"55","q2",2,58.08,-1.98,118.14,3
"04","q4",1,24.91,20.1,29.73,481
"04","q4",2,7.96,4.75,11.17,481
"04","q4",3,65.25,59.96,70.54,481
"04","q4",4,1.88,0.63,3.12,481
"12","q4",1,31.29,26.83,35.74,464
"12","q4",2,22.28,18.21,26.36,464
"12","q4",3,41.63,36.85,46.41,464
"12","q4",4,4.8,2.74,6.86,464
"26","q4",1,44.85,39.52,50.18,479
"26","q4",2,7.08,4.02,10.13,479
"26","q4",3,44.24,39.06,49.42,479
"26","q4",4,3.84,2.05,5.62,479
"37","q4",1,30.22,25.39,35.04,479
"37","q4",2,39.77,34.91,44.63,479
"37","q4",3,24.24,19.82,28.65,479
"37","q4",4,5.78,3.45,8.1,479
"39","q4",1,38.83,34.02,43.65,490
"39","q4",2,18.49,14.64,22.35,490
"39","q4",3,39.27,34.5,44.05,490
"39","q4",4,3.4,1.8,5,490
"42","q4",1,54.79,49.95,59.63,481
"42","q4",2,1.67,0.1,3.23,481
"42","q4",3,38.66,33.92,43.4,481
"42","q4",4,4.88,2.67,7.09,481
"55","q4",1,44.96,40.15,49.77,494
"55","q4",2,10.91,8.22,13.6,494
"55","q4",3,40.14,35.45,44.84,494
"55","q4",4,3.98,2,5.97,494
"04","q4a",1,35.52,28.91,42.13,318
"04","q4a",2,62.27,55.63,68.91,318
"04","q4a",9,2.21,0.48,3.94,318
"12","q4a",1,45.96,38.47,53.45,196
"12","q4a",2,51.98,44.46,59.5,196
"12","q4a",9,2.06,-0.48,4.6,196
"26","q4a",1,66.87,59.73,74,235
"26","q4a",2,31.61,24.5,38.71,235
"26","q4a",9,1.53,0.12,2.93,235
"37","q4a",1,44.59,33.86,55.31,126
"37","q4a",2,51.27,40.67,61.87,126
"37","q4a",9,4.15,-0.38,8.67,126
"39","q4a",1,43.5,35.79,51.21,208
"39","q4a",2,53.68,45.95,61.41,208
"39","q4a",9,2.82,0.64,4.99,208
"42","q4a",1,45.9,38.06,53.74,184
"42","q4a",2,49.29,41.38,57.2,184
"42","q4a",9,4.81,1.57,8.06,184
"55","q4a",1,42.84,35.5,50.17,207
"55","q4a",2,53.52,46.06,60.98,207
"55","q4a",9,3.64,0.63,6.66,207
"04","q5",1,78.64,73.86,83.43,500
"04","q5",2,12.85,8.66,17.04,500
"04","q5",3,4.64,2.56,6.73,500
"04","q5",4,3.87,1.68,6.06,500
"12","q5",1,81.75,77.74,85.76,500
"12","q5",2,11.35,7.83,14.87,500
"12","q5",3,4.1,2.12,6.07,500
"12","q5",4,2.81,1.4,4.21,500
"26","q5",1,84.53,80.79,88.27,500
"26","q5",2,9.64,6.63,12.66,500
"26","q5",3,2.7,1.38,4.03,500
"26","q5",4,3.12,1,5.25,500
"37","q5",1,85.51,82.24,88.79,500
"37","q5",2,8.61,6.08,11.15,500
"37","q5",3,2.78,1.29,4.28,500
"37","q5",4,3.09,1.4,4.79,500
"39","q5",1,85.74,82.56,88.93,500
"39","q5",2,8.15,5.65,10.66,500
"39","q5",3,3.77,1.99,5.54,500
"39","q5",4,2.34,1.13,3.54,500
"42","q5",1,83.4,79.61,87.18,500
"42","q5",2,8.89,6.32,11.47,500
"42","q5",3,3.65,1.62,5.68,500
"42","q5",4,4.06,1.66,6.46,500
"55","q5",1,84.25,80.62,87.88,500
"55","q5",2,8.85,6.13,11.57,500
"55","q5",3,3.11,1.55,4.66,500
"55","q5",4,3.79,1.53,6.05,500
"04","q6a",1,6.24,3.26,9.21,500
"04","q6a",2,5.92,3.68,8.15,500
"04","q6a",3,12.35,8.41,16.29,500
"04","q6a",4,75.5,70.6,80.39,500
"12","q6a",1,6.77,4.55,8.99,500
"12","q6a",2,9.07,5.68,12.47,500
"12","q6a",3,11.84,8.91,14.77,500
"12","q6a",4,72.32,67.91,76.72,500
"26","q6a",1,5.67,3.08,8.25,499
"26","q6a",2,7.98,4.7,11.27,499
"26","q6a",3,8.09,5.33,10.85,499
"26","q6a",4,78.26,73.71,82.8,499
"37","q6a",1,4.36,2.41,6.3,500
"37","q6a",2,5.17,3.24,7.09,500
"37","q6a",3,9.91,7.21,12.62,500
"37","q6a",4,80.56,76.9,84.23,500
"39","q6a",1,4.21,2.37,6.05,500
"39","q6a",2,6.98,4.53,9.44,500
"39","q6a",3,9.48,6.4,12.55,500
"39","q6a",4,79.33,75.32,83.35,500
"42","q6a",1,4.7,2.61,6.78,500
"42","q6a",2,5.33,3.33,7.34,500
"42","q6a",3,7.8,5.16,10.45,500
"42","q6a",4,82.17,78.49,85.84,500
"55","q6a",1,4.13,2.47,5.8,500
"55","q6a",2,3.64,1.61,5.68,500
"55","q6a",3,11.45,8.12,14.79,500
"55","q6a",4,80.77,76.8,84.73,500
"04","q6b",1,3.36,1.77,4.95,500
"04","q6b",2,6.92,4.29,9.55,500
"04","q6b",3,14.96,10.51,19.4,500
"04","q6b",4,74.77,69.81,79.72,500
"12","q6b",1,8.15,4.94,11.36,500
"12","q6b",2,10.89,8.02,13.76,500
"12","q6b",3,13.98,10.82,17.15,500
"12","q6b",4,66.98,62.42,71.54,500
"26","q6b",1,5.34,2.8,7.89,500
"26","q6b",2,10.3,6.78,13.81,500
"26","q6b",3,13.48,10.13,16.82,500
"26","q6b",4,70.88,66.06,75.71,500
"37","q6b",1,5.47,3.16,7.77,500
"37","q6b",2,8.42,5.94,10.9,500
"37","q6b",3,12.14,9.02,15.27,500
"37","q6b",4,73.97,69.73,78.2,500
"39","q6b",1,4.95,2.8,7.1,500
"39","q6b",2,7.92,5.4,10.45,500
"39","q6b",3,14.86,11.06,18.66,500
"39","q6b",4,72.27,67.76,76.78,500
"42","q6b",1,4.91,3.05,6.78,500
"42","q6b",2,7.08,4.81,9.35,500
"42","q6b",3,11.92,8.85,15,500
"42","q6b",4,76.08,72.13,80.03,500
"55","q6b",1,6.03,3.61,8.46,500
"55","q6b",2,4.6,2.5,6.71,500
"55","q6b",3,15.12,11.55,18.69,500
"55","q6b",4,74.25,69.91,78.58,500
"04","q6c",1,7.17,4.79,9.56,499
"04","q6c",2,11.5,8.44,14.56,499
"04","q6c",3,22.34,17.55,27.13,499
"04","q6c",4,58.98,53.65,64.31,499
"12","q6c",1,10.91,8.07,13.75,500
"12","q6c",2,14.88,11.07,18.7,500
"12","q6c",3,16.78,13.49,20.07,500
"12","q6c",4,57.43,52.72,62.14,500
"26","q6c",1,8.06,5.21,10.91,500
"26","q6c",2,14.17,10.19,18.14,500
"26","q6c",3,18.83,14.97,22.69,500
"26","q6c",4,58.94,53.79,64.09,500
"37","q6c",1,6.47,4.14,8.8,500
"37","q6c",2,12.55,9.39,15.71,500
"37","q6c",3,16.51,13.14,19.88,500
"37","q6c",4,64.48,59.85,69.11,500
"39","q6c",1,7.39,4.92,9.86,500
"39","q6c",2,10,7.23,12.77,500
"39","q6c",3,21.56,17.36,25.77,500
"39","q6c",4,61.05,56.27,65.82,500
"42","q6c",1,9.16,6.22,12.1,500
"42","q6c",2,9.56,6.93,12.2,500
"42","q6c",3,16.67,13.15,20.2,500
"42","q6c",4,64.6,60.03,69.18,500
"55","q6c",1,7.15,4.78,9.53,500
"55","q6c",2,12.97,9.61,16.33,500
"55","q6c",3,22.29,18.23,26.35,500
"55","q6c",4,57.59,52.84,62.34,500
"04","q6d",1,13.09,9.28,16.91,500
"04","q6d",2,17.31,13.56,21.07,500
"04","q6d",3,23.42,18.46,28.37,500
"04","q6d",4,46.18,40.77,51.58,500
"12","q6d",1,15.16,11.85,18.46,499
"12","q6d",2,19.34,15.22,23.45,499
"12","q6d",3,18.03,14.59,21.48,499
"12","q6d",4,47.47,42.72,52.22,499
"26","q6d",1,12.5,9.33,15.66,500
"26","q6d",2,18.3,14.11,22.49,500
"26","q6d",3,22.44,18.25,26.62,500
"26","q6d",4,46.77,41.54,52,500
"37","q6d",1,12.57,9.39,15.74,500
"37","q6d",2,16.88,13.29,20.47,500
"37","q6d",3,22.03,18.21,25.85,500
"37","q6d",4,48.53,43.47,53.59,500
"39","q6d",1,11.06,8.15,13.97,500
"39","q6d",2,15.86,12.41,19.3,500
"39","q6d",3,24.13,19.81,28.46,500
"39","q6d",4,48.95,44.09,53.81,500
"42","q6d",1,15.79,12.03,19.55,500
"42","q6d",2,14.45,11.26,17.64,500
"42","q6d",3,21.27,17.36,25.19,500
"42","q6d",4,48.49,43.69,53.29,500
"55","q6d",1,15.2,11.76,18.63,500
"55","q6d",2,17.02,13.42,20.63,500
"55","q6d",3,21.46,17.52,25.39,500
"55","q6d",4,46.32,41.57,51.08,500
"04","q6e",1,11.81,8.3,15.32,500
"04","q6e",2,20.58,16.06,25.11,500
"04","q6e",3,20.23,16.12,24.34,500
"04","q6e",4,47.38,41.93,52.82,500
"12","q6e",1,16.17,12.78,19.55,500
"12","q6e",2,16.12,12.14,20.09,500
"12","q6e",3,22.88,18.98,26.78,500
"12","q6e",4,44.83,40.13,49.53,500
"26","q6e",1,12.49,9.12,15.86,500
"26","q6e",2,19.37,14.96,23.78,500
"26","q6e",3,18.13,14.66,21.61,500
"26","q6e",4,50,44.78,55.22,500
"37","q6e",1,12.87,9.73,16.01,500
"37","q6e",2,15.77,12.33,19.2,500
"37","q6e",3,24.42,20.07,28.76,500
"37","q6e",4,46.95,41.89,52,500
"39","q6e",1,9.94,7.01,12.87,500
"39","q6e",2,16.14,12.63,19.64,500
"39","q6e",3,24.82,20.63,29.01,500
"39","q6e",4,49.11,44.25,53.97,500
"42","q6e",1,14.53,10.97,18.08,500
"42","q6e",2,14.65,11.18,18.12,500
"42","q6e",3,17.52,14.05,21,500
"42","q6e",4,53.3,48.5,58.1,500
"55","q6e",1,15.08,11.59,18.58,500
"55","q6e",2,13.5,10.23,16.76,500
"55","q6e",3,23.61,19.61,27.61,500
"55","q6e",4,47.81,43.04,52.57,500
"04","q6f",1,16.08,12.42,19.74,500
"04","q6f",2,19.69,15.05,24.32,500
"04","q6f",3,16.11,12.51,19.71,500
"04","q6f",4,48.13,42.67,53.58,500
"12","q6f",1,18.45,14.88,22.03,500
"12","q6f",2,18.59,14.87,22.3,500
"12","q6f",3,20.71,16.68,24.74,500
"12","q6f",4,42.26,37.58,46.94,500
"26","q6f",1,17.14,13.26,21.01,500
"26","q6f",2,18.84,14.61,23.06,500
"26","q6f",3,18.06,14.34,21.78,500
"26","q6f",4,45.97,40.75,51.19,500
"37","q6f",1,17.26,13.7,20.81,500
"37","q6f",2,16.45,12.92,19.98,500
"37","q6f",3,20.37,16.67,24.08,500
"37","q6f",4,45.92,40.82,51.02,500
"39","q6f",1,13.4,10.29,16.5,500
"39","q6f",2,16.88,13.36,20.41,500
"39","q6f",3,23.09,18.77,27.4,500
"39","q6f",4,46.64,41.79,51.48,500
"42","q6f",1,17.88,14.21,21.55,500
"42","q6f",2,15.3,11.89,18.72,500
"42","q6f",3,19.42,15.65,23.18,500
"42","q6f",4,47.4,42.6,52.21,500
"55","q6f",1,18.06,14.33,21.79,500
"55","q6f",2,16,12.61,19.4,500
"55","q6f",3,22.06,18.04,26.08,500
"55","q6f",4,43.88,39.14,48.61,500
"04","q6g",1,18.81,14.86,22.77,500
"04","q6g",2,19.59,15.23,23.96,500
"04","q6g",3,19.69,15.45,23.93,500
"04","q6g",4,41.91,36.47,47.35,500
"12","q6g",1,20.93,17.15,24.71,500
"12","q6g",2,18.06,14.41,21.71,500
"12","q6g",3,20.5,16.51,24.49,500
"12","q6g",4,40.5,35.85,45.16,500
"26","q6g",1,20.17,16.24,24.1,500
"26","q6g",2,18.34,14.26,22.43,500
"26","q6g",3,20.02,15.81,24.22,500
"26","q6g",4,41.47,36.28,46.66,500
"37","q6g",1,17.48,13.88,21.07,500
"37","q6g",2,19.99,16.23,23.74,500
"37","q6g",3,20.04,16.24,23.83,500
"37","q6g",4,42.5,37.38,47.62,500
"39","q6g",1,19.45,15.48,23.43,500
"39","q6g",2,16.57,12.96,20.18,500
"39","q6g",3,22,18.12,25.88,500
"39","q6g",4,41.98,37.17,46.79,500
"42","q6g",1,20.5,16.78,24.22,500
"42","q6g",2,16.64,12.8,20.48,500
"42","q6g",3,19.49,15.81,23.17,500
"42","q6g",4,43.36,38.59,48.14,500
"55","q6g",1,22.8,18.9,26.69,499
"55","q6g",2,17.81,14.03,21.6,499
"55","q6g",3,17.84,14.13,21.56,499
"55","q6g",4,41.55,36.84,46.25,499
"04","q6h",1,13.34,9.55,17.13,500
"04","q6h",2,21.03,16.5,25.55,500
"04","q6h",3,17.23,13.47,21,500
"04","q6h",4,48.4,42.95,53.85,500
"12","q6h",1,14.96,11.7,18.23,500
"12","q6h",2,16.4,12.89,19.91,500
"12","q6h",3,23.83,19.58,28.07,500
"12","q6h",4,44.81,40.1,49.52,500
"26","q6h",1,13.77,10.08,17.47,500
"26","q6h",2,16.43,12.45,20.4,500
"26","q6h",3,21.18,16.88,25.49,500
"26","q6h",4,48.61,43.4,53.83,500
"37","q6h",1,12.88,9.71,16.06,500
"37","q6h",2,16.11,12.75,19.48,500
"37","q6h",3,20.85,16.68,25.02,500
"37","q6h",4,50.15,45.11,55.19,500
"39","q6h",1,10.23,7.49,12.97,500
"39","q6h",2,15.48,12.08,18.88,500
"39","q6h",3,25.07,20.76,29.38,500
"39","q6h",4,49.22,44.36,54.08,500
"42","q6h",1,14.26,11.02,17.5,500
"42","q6h",2,14.86,11.65,18.07,500
"42","q6h",3,17,13.11,20.9,500
"42","q6h",4,53.88,49.08,58.67,500
"55","q6h",1,12.96,9.75,16.17,500
"55","q6h",2,15.63,12.26,19.01,500
"55","q6h",3,23.51,19.38,27.64,500
"55","q6h",4,47.9,43.13,52.67,500
"04","q6i",1,17.47,13.27,21.66,500
"04","q6i",2,18.72,14.53,22.91,500
"04","q6i",3,20.3,16.19,24.4,500
"04","q6i",4,43.52,38.07,48.96,500
"12","q6i",1,23.65,19.67,27.64,500
"12","q6i",2,17.45,13.51,21.38,500
"12","q6i",3,20.75,17.05,24.45,500
"12","q6i",4,38.15,33.55,42.75,500
"26","q6i",1,20.12,16.18,24.06,500
"26","q6i",2,20.7,16.18,25.22,500
"26","q6i",3,17.61,14.05,21.17,500
"26","q6i",4,41.57,36.36,46.78,500
"37","q6i",1,17.81,14.17,21.45,500
"37","q6i",2,17.77,14.17,21.38,500
"37","q6i",3,21.7,17.8,25.6,500
"37","q6i",4,42.72,37.6,47.83,500
"39","q6i",1,15.63,12.25,19.01,500
"39","q6i",2,20.66,16.48,24.84,500
"39","q6i",3,21.41,17.51,25.31,500
"39","q6i",4,42.31,37.51,47.1,500
"42","q6i",1,21.41,17.34,25.48,500
"42","q6i",2,15.89,12.56,19.23,500
"42","q6i",3,20.23,16.43,24.03,500
"42","q6i",4,42.47,37.7,47.23,500
"55","q6i",1,21.72,17.78,25.66,500
"55","q6i",2,16.69,13.19,20.19,500
"55","q6i",3,21.51,17.53,25.49,500
"55","q6i",4,40.08,35.41,44.76,500
"04","q7a",1,6.91,3.74,10.08,500
"04","q7a",2,8.06,3.89,12.24,500
"04","q7a",3,4.36,2.54,6.17,500
"04","q7a",4,80.67,75.63,85.72,500
"12","q7a",1,9.8,7.04,12.57,500
"12","q7a",2,6.36,4.13,8.58,500
"12","q7a",3,8.84,5.59,12.1,500
"12","q7a",4,75,70.69,79.3,500
"26","q7a",1,7.46,4.56,10.36,500
"26","q7a",2,6.81,3.73,9.88,500
"26","q7a",3,6.59,4.09,9.09,500
"26","q7a",4,79.14,74.67,83.62,500
"37","q7a",1,11.21,7.44,14.98,500
"37","q7a",2,6.98,4.48,9.48,500
"37","q7a",3,7.97,5.34,10.6,500
"37","q7a",4,73.84,69.19,78.5,500
"39","q7a",1,8.8,5.93,11.66,500
"39","q7a",2,4.34,2.4,6.27,500
"39","q7a",3,11.76,8.33,15.2,500
"39","q7a",4,75.1,70.71,79.49,500
"42","q7a",1,8.4,5.8,11.01,500
"42","q7a",2,4.99,2.99,6.99,500
"42","q7a",3,6.73,4.07,9.39,500
"42","q7a",4,79.87,75.97,83.78,500
"55","q7a",1,4.48,2.4,6.55,500
"55","q7a",2,5.12,2.7,7.54,500
"55","q7a",3,7.35,4.69,10.02,500
"55","q7a",4,83.06,79.2,86.91,500
"04","q7b",1,7.83,4.96,10.71,500
"04","q7b",2,9.09,5.67,12.5,500
"04","q7b",3,15.51,11.58,19.43,500
"04","q7b",4,67.57,62.41,72.73,500
"12","q7b",1,15.71,11.74,19.68,500
"12","q7b",2,10.36,7.61,13.11,500
"12","q7b",3,13.16,10.08,16.23,500
"12","q7b",4,60.77,56.05,65.49,500
"26","q7b",1,9.22,6.21,12.22,500
"26","q7b",2,9.2,5.98,12.41,500
"26","q7b",3,12.03,8.73,15.33,500
"26","q7b",4,69.56,64.73,74.38,500
"37","q7b",1,13.91,10.41,17.41,500
"37","q7b",2,11.02,7.43,14.6,500
"37","q7b",3,15.62,11.82,19.42,500
"37","q7b",4,59.45,54.4,64.5,500
"39","q7b",1,13.95,10.6,17.3,500
"39","q7b",2,10.17,6.98,13.36,500
"39","q7b",3,15.87,12.04,19.69,500
"39","q7b",4,60.01,55.15,64.87,500
"42","q7b",1,14.64,11.37,17.92,500
"42","q7b",2,11.96,8.54,15.38,500
"42","q7b",3,10.44,7.76,13.12,500
"42","q7b",4,62.95,58.32,67.59,500
"55","q7b",1,10.31,7.39,13.23,500
"55","q7b",2,8.89,6.16,11.63,500
"55","q7b",3,16.65,12.83,20.47,500
"55","q7b",4,64.15,59.47,68.82,500
"04","q7c",1,10.09,6.62,13.57,500
"04","q7c",2,11.58,7.65,15.51,500
"04","q7c",3,19.94,15.56,24.31,500
"04","q7c",4,58.39,52.93,63.86,500
"12","q7c",1,17.73,14.13,21.34,500
"12","q7c",2,13.45,10.17,16.73,500
"12","q7c",3,22.48,18.25,26.71,500
"12","q7c",4,46.33,41.62,51.05,500
"26","q7c",1,14.73,11,18.47,500
"26","q7c",2,11.26,7.99,14.53,500
"26","q7c",3,21.46,16.78,26.14,500
"26","q7c",4,52.54,47.3,57.79,500
"37","q7c",1,20.73,16.37,25.1,500
"37","q7c",2,14.62,11.26,17.99,500
"37","q7c",3,19.45,15.68,23.21,500
"37","q7c",4,45.2,40.17,50.22,500
"39","q7c",1,16.48,12.89,20.06,500
"39","q7c",2,11.88,8.55,15.21,500
"39","q7c",3,19.48,15.66,23.3,500
"39","q7c",4,52.17,47.31,57.03,500
"42","q7c",1,17.2,13.75,20.65,500
"42","q7c",2,13.95,10.77,17.13,500
"42","q7c",3,20.63,16.34,24.93,500
"42","q7c",4,48.21,43.42,53.01,500
"55","q7c",1,10.77,7.72,13.83,500
"55","q7c",2,12.72,9.46,15.97,500
"55","q7c",3,23.28,19.16,27.4,500
"55","q7c",4,53.23,48.45,58.01,500
"04","q7d",1,21.13,16.45,25.81,500
"04","q7d",2,9.38,5.9,12.86,500
"04","q7d",3,15.45,11.86,19.04,500
"04","q7d",4,54.04,48.59,59.48,500
"12","q7d",1,27.76,23.21,32.31,500
"12","q7d",2,9.51,6.89,12.13,500
"12","q7d",3,16.62,13.22,20.02,500
"12","q7d",4,46.11,41.39,50.83,500
"26","q7d",1,17.25,13.43,21.07,500
"26","q7d",2,11.11,7.64,14.58,500
"26","q7d",3,13.2,9.64,16.75,500
"26","q7d",4,58.44,53.29,63.59,500
"37","q7d",1,26.88,22.28,31.49,500
"37","q7d",2,13.74,10.41,17.07,500
"37","q7d",3,13.77,10.2,17.35,500
"37","q7d",4,45.6,40.6,50.6,500
"39","q7d",1,21.28,17.22,25.34,500
"39","q7d",2,12.75,9.47,16.03,500
"39","q7d",3,11.14,8.22,14.07,500
"39","q7d",4,54.82,49.98,59.67,500
"42","q7d",1,25.44,21.3,29.58,500
"42","q7d",2,10.62,7.51,13.74,500
"42","q7d",3,12.61,9.49,15.72,500
"42","q7d",4,51.33,46.53,56.14,500
"55","q7d",1,19.41,15.6,23.21,500
"55","q7d",2,8.59,5.92,11.27,500
"55","q7d",3,17.08,13.34,20.83,500
"55","q7d",4,54.91,50.14,59.69,500
"04","q7e",1,15.48,11.63,19.34,500
"04","q7e",2,16.42,11.67,21.17,500
"04","q7e",3,24.52,20.1,28.93,500
"04","q7e",4,43.58,38.23,48.94,500
"12","q7e",1,25.29,21.15,29.43,500
"12","q7e",2,18.26,14.25,22.26,500
"12","q7e",3,21.32,17.65,24.99,500
"12","q7e",4,35.13,30.62,39.63,500
"26","q7e",1,19.86,15.83,23.88,500
"26","q7e",2,14.11,10.4,17.82,500
"26","q7e",3,22.67,18.16,27.18,500
"26","q7e",4,43.36,38.2,48.52,500
"37","q7e",1,27.92,23.25,32.58,500
"37","q7e",2,17.42,13.82,21.02,500
"37","q7e",3,21.24,17.39,25.1,500
"37","q7e",4,33.42,28.55,38.29,500
"39","q7e",1,25.07,20.86,29.28,500
"39","q7e",2,18.11,14.29,21.92,500
"39","q7e",3,22.15,18,26.3,500
"39","q7e",4,34.67,30.12,39.21,500
"42","q7e",1,28.08,23.79,32.38,500
"42","q7e",2,17.85,14.32,21.39,500
"42","q7e",3,21.1,17.06,25.13,500
"42","q7e",4,32.97,28.42,37.51,500
"55","q7e",1,20.1,16.34,23.86,500
"55","q7e",2,19.01,15.05,22.96,500
"55","q7e",3,25.28,21.21,29.36,500
"55","q7e",4,35.61,31.06,40.16,500
"04","q7f",1,20.96,16.4,25.52,500
"04","q7f",2,13.25,9.26,17.24,500
"04","q7f",3,16.73,12.56,20.91,500
"04","q7f",4,49.06,43.63,54.49,500
"12","q7f",1,29.11,24.75,33.47,500
"12","q7f",2,14.76,10.98,18.54,500
"12","q7f",3,14.96,11.79,18.14,500
"12","q7f",4,41.17,36.54,45.79,500
"26","q7f",1,18.04,14.36,21.71,500
"26","q7f",2,11,7.39,14.61,500
"26","q7f",3,12.59,9.44,15.73,500
"26","q7f",4,58.38,53.29,63.46,500
"37","q7f",1,29.32,24.63,34.01,500
"37","q7f",2,12.54,9.45,15.63,500
"37","q7f",3,17.7,13.8,21.61,500
"37","q7f",4,40.44,35.51,45.37,500
"39","q7f",1,22.84,18.75,26.94,500
"39","q7f",2,12.16,8.96,15.36,500
"39","q7f",3,14.6,11.03,18.17,500
"39","q7f",4,50.4,45.54,55.26,500
"42","q7f",1,26.38,22.21,30.55,500
"42","q7f",2,11.54,8.63,14.45,500
"42","q7f",3,16.6,12.84,20.35,500
"42","q7f",4,45.49,40.69,50.28,500
"55","q7f",1,19.55,15.77,23.33,500
"55","q7f",2,13.86,10.55,17.16,500
"55","q7f",3,15.36,11.63,19.08,500
"55","q7f",4,51.24,46.46,56.02,500
"04","q7g",1,23.51,18.79,28.23,500
"04","q7g",2,15.03,11.56,18.5,500
"04","q7g",3,27.27,22.03,32.51,500
"04","q7g",4,34.19,29.22,39.16,500
"12","q7g",1,33.3,28.63,37.98,500
"12","q7g",2,20.63,16.84,24.42,500
"12","q7g",3,19.21,15.7,22.72,500
"12","q7g",4,26.86,22.73,30.99,500
"26","q7g",1,30.13,25.39,34.88,500
"26","q7g",2,16.73,12.71,20.74,500
"26","q7g",3,18.47,14.3,22.63,500
"26","q7g",4,34.67,29.75,39.59,500
"37","q7g",1,35.8,30.94,40.66,500
"37","q7g",2,22.33,18.41,26.26,500
"37","q7g",3,20.25,16.08,24.42,500
"37","q7g",4,21.62,17.38,25.86,500
"39","q7g",1,29.74,25.3,34.18,500
"39","q7g",2,19.09,15.18,23,500
"39","q7g",3,20.86,16.87,24.84,500
"39","q7g",4,30.31,25.91,34.71,500
"42","q7g",1,38.12,33.46,42.78,500
"42","q7g",2,19.79,16.03,23.54,500
"42","q7g",3,14.74,11.58,17.89,500
"42","q7g",4,27.36,22.88,31.84,500
"55","q7g",1,26.47,22.31,30.63,500
"55","q7g",2,22.04,18.16,25.93,500
"55","q7g",3,24.65,20.42,28.87,500
"55","q7g",4,26.84,22.6,31.09,500
"04","q7h",1,21.37,16.87,25.87,500
"04","q7h",2,19.02,14.62,23.42,500
"04","q7h",3,23.69,18.99,28.39,500
"04","q7h",4,35.91,30.79,41.04,500
"12","q7h",1,37.97,33.34,42.61,500
"12","q7h",2,15.24,11.54,18.95,500
"12","q7h",3,19.68,16.09,23.28,500
"12","q7h",4,27.1,22.95,31.25,500
"26","q7h",1,29.96,25.2,34.72,500
"26","q7h",2,16.01,12.08,19.94,500
"26","q7h",3,17.32,13.74,20.91,500
"26","q7h",4,36.7,31.58,41.83,500
"37","q7h",1,36.41,31.54,41.28,500
"37","q7h",2,19.72,15.64,23.79,500
"37","q7h",3,17.48,13.94,21.02,500
"37","q7h",4,26.39,21.86,30.92,500
"39","q7h",1,33.54,28.89,38.18,500
"39","q7h",2,17.44,13.84,21.05,500
"39","q7h",3,18.48,14.88,22.07,500
"39","q7h",4,30.54,26,35.08,500
"42","q7h",1,38.24,33.59,42.89,500
"42","q7h",2,20.34,16.37,24.32,500
"42","q7h",3,17.18,13.64,20.71,500
"42","q7h",4,24.24,20.08,28.39,500
"55","q7h",1,31.01,26.69,35.34,500
"55","q7h",2,20.27,16.36,24.17,500
"55","q7h",3,21.57,17.58,25.56,500
"55","q7h",4,27.15,22.89,31.42,500
"04","q7i",1,22.49,18.04,26.95,500
"04","q7i",2,18.85,14.38,23.32,500
"04","q7i",3,26.82,21.61,32.03,500
"04","q7i",4,31.84,27.13,36.55,500
"12","q7i",1,35.08,30.54,39.63,500
"12","q7i",2,19.16,15.18,23.14,500
"12","q7i",3,19.66,16.01,23.32,500
"12","q7i",4,26.09,22.01,30.17,500
"26","q7i",1,24.89,20.54,29.24,500
"26","q7i",2,17.75,13.37,22.13,500
"26","q7i",3,16.95,13.47,20.44,500
"26","q7i",4,40.41,35.24,45.58,500
"37","q7i",1,34.74,29.91,39.58,500
"37","q7i",2,21.93,17.94,25.92,500
"37","q7i",3,17.04,13.52,20.57,500
"37","q7i",4,26.29,21.61,30.96,500
"39","q7i",1,30.89,26.32,35.46,500
"39","q7i",2,17.95,14.3,21.6,500
"39","q7i",3,17.62,14.11,21.13,500
"39","q7i",4,33.54,28.91,38.16,500
"42","q7i",1,34.9,30.38,39.42,500
"42","q7i",2,18.71,14.82,22.6,500
"42","q7i",3,15.76,12.28,19.25,500
"42","q7i",4,30.62,26.17,35.07,500
"55","q7i",1,25.48,21.39,29.56,500
"55","q7i",2,19.39,15.67,23.1,500
"55","q7i",3,21.26,17.15,25.38,500
"55","q7i",4,33.87,29.39,38.36,500
"04","q8a",1,43.82,38.45,49.19,500
"04","q8a",2,32.82,27.61,38.03,500
"04","q8a",3,10.83,7.76,13.89,500
"04","q8a",4,12.53,8.7,16.37,500
"12","q8a",1,32.24,27.89,36.59,500
"12","q8a",2,33.54,28.93,38.14,500
"12","q8a",3,17.76,14.19,21.32,500
"12","q8a",4,16.46,12.93,20,500
"26","q8a",1,39.02,34.08,43.95,500
"26","q8a",2,31.77,27.06,36.49,500
"26","q8a",3,19.55,14.51,24.58,500
"26","q8a",4,9.66,6.9,12.42,500
"37","q8a",1,21.99,17.82,26.17,499
"37","q8a",2,38.25,33.36,43.13,499
"37","q8a",3,21.41,17.47,25.35,499
"37","q8a",4,18.35,14.15,22.55,499
"39","q8a",1,34.49,29.89,39.1,500
"39","q8a",2,35.39,30.71,40.06,500
"39","q8a",3,13.65,10.33,16.98,500
"39","q8a",4,16.47,12.88,20.05,500
"42","q8a",1,33.49,28.89,38.08,500
"42","q8a",2,31.73,27.31,36.16,500
"42","q8a",3,17.63,14,21.26,500
"42","q8a",4,17.15,13.53,20.77,500
"55","q8a",1,36.25,31.79,40.71,500
"55","q8a",2,38.41,33.67,43.14,500
"55","q8a",3,14.42,11.13,17.72,500
"55","q8a",4,10.92,7.81,14.03,500
"04","q8b",1,67.58,62.2,72.95,500
"04","q8b",2,16.97,12.69,21.24,500
"04","q8b",3,8.9,4.93,12.88,500
"04","q8b",4,6.55,4.14,8.97,500
"12","q8b",1,65.08,60.48,69.69,500
"12","q8b",2,19.16,15.52,22.8,500
"12","q8b",3,7.28,4.85,9.72,500
"12","q8b",4,8.48,5.32,11.63,500
"26","q8b",1,77.56,72.95,82.16,500
"26","q8b",2,11.91,8.46,15.36,500
"26","q8b",3,4.94,2.08,7.8,500
"26","q8b",4,5.59,3.19,7.99,500
"37","q8b",1,68.51,63.92,73.11,500
"37","q8b",2,18.02,14.09,21.95,500
"37","q8b",3,6.82,4.52,9.11,500
"37","q8b",4,6.66,4.41,8.9,500
"39","q8b",1,69.9,65.29,74.5,500
"39","q8b",2,16.84,13.09,20.58,500
"39","q8b",3,6.19,3.32,9.05,500
"39","q8b",4,7.08,4.75,9.41,500
"42","q8b",1,72.66,68.25,77.06,500
"42","q8b",2,13.02,9.82,16.22,500
"42","q8b",3,5.42,3.35,7.48,500
"42","q8b",4,8.91,5.74,12.09,500
"55","q8b",1,75.14,70.84,79.44,500
"55","q8b",2,14.23,10.64,17.83,500
"55","q8b",3,4.53,2.39,6.66,500
"55","q8b",4,6.1,3.86,8.33,500
"04","q8c",1,54.1,48.59,59.62,500
"04","q8c",2,27.21,22.03,32.38,500
"04","q8c",3,10.08,6.23,13.94,500
"04","q8c",4,8.61,5.64,11.58,500
"12","q8c",1,56.54,51.8,61.28,500
"12","q8c",2,25.75,21.41,30.09,500
"12","q8c",3,9.7,7.01,12.4,500
"12","q8c",4,8.01,5.54,10.47,500
"26","q8c",1,56.88,51.62,62.14,500
"26","q8c",2,26.98,22.01,31.95,500
"26","q8c",3,10.01,6.65,13.37,500
"26","q8c",4,6.12,4,8.24,500
"37","q8c",1,64.46,59.73,69.18,500
"37","q8c",2,21.27,17.17,25.37,500
"37","q8c",3,7.16,4.84,9.48,500
"37","q8c",4,7.11,4.74,9.48,500
"39","q8c",1,56.51,51.65,61.37,500
"39","q8c",2,26.17,21.69,30.65,500
"39","q8c",3,7.71,5.16,10.26,500
"39","q8c",4,9.61,6.84,12.37,500
"42","q8c",1,49,44.19,53.81,500
"42","q8c",2,26.55,22.39,30.72,500
"42","q8c",3,11.75,8.5,15.01,500
"42","q8c",4,12.69,9.43,15.95,500
"55","q8c",1,59.19,54.45,63.93,500
"55","q8c",2,27.34,22.96,31.73,500
"55","q8c",3,6.73,4.27,9.19,500
"55","q8c",4,6.74,4.41,9.06,500
"04","q9a",1,39.49,34.37,44.6,500
"04","q9a",2,31.55,26.35,36.74,500
"04","q9a",3,17.51,12.83,22.2,500
"04","q9a",4,11.45,8.1,14.81,500
"12","q9a",1,35.59,31.09,40.09,500
"12","q9a",2,32.58,28.04,37.11,500
"12","q9a",3,16.92,13.39,20.45,500
"12","q9a",4,14.91,11.49,18.34,500
"26","q9a",1,42.65,37.55,47.74,500
"26","q9a",2,31.41,26.39,36.42,500
"26","q9a",3,15.94,11.88,20,500
"26","q9a",4,10.01,7.19,12.82,500
"37","q9a",1,27.21,22.68,31.74,500
"37","q9a",2,30.2,25.82,34.57,500
"37","q9a",3,23.26,18.94,27.58,500
"37","q9a",4,19.34,15.06,23.61,500
"39","q9a",1,37.53,32.87,42.19,500
"39","q9a",2,31.8,27.24,36.36,500
"39","q9a",3,15.72,12.04,19.41,500
"39","q9a",4,14.95,11.53,18.36,500
"42","q9a",1,35.23,30.64,39.82,500
"42","q9a",2,27.22,22.95,31.5,500
"42","q9a",3,19.31,15.46,23.17,500
"42","q9a",4,18.23,14.57,21.89,500
"55","q9a",1,39.31,34.75,43.86,500
"55","q9a",2,32.91,28.31,37.51,500
"55","q9a",3,17.17,13.58,20.76,500
"55","q9a",4,10.61,7.43,13.78,500
"04","q9b",1,61.22,55.75,66.69,500
"04","q9b",2,23.74,18.49,28.98,500
"04","q9b",3,6.85,4.4,9.31,500
"04","q9b",4,8.19,5.44,10.93,500
"12","q9b",1,62.44,57.8,67.09,500
"12","q9b",2,22.39,18.23,26.54,500
"12","q9b",3,7.21,4.86,9.57,500
"12","q9b",4,7.95,5.5,10.41,500
"26","q9b",1,71.21,66.19,76.24,500
"26","q9b",2,17.14,12.82,21.45,500
"26","q9b",3,7.12,3.92,10.33,500
"26","q9b",4,4.53,2.68,6.37,500
"37","q9b",1,59.14,54.22,64.06,500
"37","q9b",2,23.83,19.45,28.21,500
"37","q9b",3,7.5,5.14,9.86,500
"37","q9b",4,9.53,6.8,12.25,500
"39","q9b",1,62.47,57.63,67.31,500
"39","q9b",2,22.02,17.91,26.13,500
"39","q9b",3,6.68,4.44,8.92,500
"39","q9b",4,8.83,5.41,12.24,500
"42","q9b",1,65.95,61.29,70.62,500
"42","q9b",2,20.49,16.37,24.62,500
"42","q9b",3,5.6,3.53,7.66,500
"42","q9b",4,7.96,5.27,10.65,500
"55","q9b",1,69.49,64.94,74.04,500
"55","q9b",2,18.34,14.42,22.26,500
"55","q9b",3,5.44,3.37,7.51,500
"55","q9b",4,6.73,4.12,9.34,500
"04","q9c",1,54.25,48.73,59.76,500
"04","q9c",2,29.92,24.34,35.5,500
"04","q9c",3,7.99,5.39,10.6,500
"04","q9c",4,7.84,5.17,10.52,500
"12","q9c",1,54.04,49.28,58.79,500
"12","q9c",2,29.92,25.44,34.4,500
"12","q9c",3,8.14,5.65,10.64,500
"12","q9c",4,7.9,5.39,10.41,500
"26","q9c",1,56.29,51.09,61.48,500
"26","q9c",2,27.39,22.94,31.85,500
"26","q9c",3,10.33,6.46,14.21,500
"26","q9c",4,5.98,3.69,8.28,500
"37","q9c",1,55.42,50.37,60.46,500
"37","q9c",2,26.77,22.27,31.27,500
"37","q9c",3,8.97,5.64,12.31,500
"37","q9c",4,8.84,6.16,11.52,500
"39","q9c",1,53.62,48.74,58.5,500
"39","q9c",2,26.81,22.53,31.09,500
"39","q9c",3,8.47,5.77,11.17,500
"39","q9c",4,11.11,7.49,14.72,500
"42","q9c",1,51.24,46.43,56.04,500
"42","q9c",2,25.43,21.39,29.48,500
"42","q9c",3,12.84,9.33,16.36,500
"42","q9c",4,10.48,7.59,13.37,500
"55","q9c",1,57.32,52.55,62.09,500
"55","q9c",2,27.09,22.71,31.47,500
"55","q9c",3,10.08,7.22,12.95,500
"55","q9c",4,5.51,3.18,7.83,500
